chunk_id,chunk_text,entity_type,entity_text
chunk_00344,"Trường hợp do thôi việc, bị mất việc làm mà chưa nghỉ hằng năm hoặc chưa nghỉ hết số ngày nghỉ hằng năm thì được người sử dụng lao động thanh toán tiền lương cho những ngày chưa nghỉ.",CONDITION,"Trường hợp do thôi việc, bị mất việc làm mà chưa nghỉ hằng năm hoặc chưa nghỉ hết số ngày nghỉ hằng năm"
chunk_00344,"Trường hợp do thôi việc, bị mất việc làm mà chưa nghỉ hằng năm hoặc chưa nghỉ hết số ngày nghỉ hằng năm thì được người sử dụng lao động thanh toán tiền lương cho những ngày chưa nghỉ.",EVENT,thôi việc
chunk_00344,"Trường hợp do thôi việc, bị mất việc làm mà chưa nghỉ hằng năm hoặc chưa nghỉ hết số ngày nghỉ hằng năm thì được người sử dụng lao động thanh toán tiền lương cho những ngày chưa nghỉ.",EVENT,bị mất việc làm
chunk_00344,"Trường hợp do thôi việc, bị mất việc làm mà chưa nghỉ hằng năm hoặc chưa nghỉ hết số ngày nghỉ hằng năm thì được người sử dụng lao động thanh toán tiền lương cho những ngày chưa nghỉ.",LEGAL_CONCEPT,nghỉ hằng năm
chunk_00344,"Trường hợp do thôi việc, bị mất việc làm mà chưa nghỉ hằng năm hoặc chưa nghỉ hết số ngày nghỉ hằng năm thì được người sử dụng lao động thanh toán tiền lương cho những ngày chưa nghỉ.",LEGAL_CONCEPT,số ngày nghỉ hằng năm
chunk_00344,"Trường hợp do thôi việc, bị mất việc làm mà chưa nghỉ hằng năm hoặc chưa nghỉ hết số ngày nghỉ hằng năm thì được người sử dụng lao động thanh toán tiền lương cho những ngày chưa nghỉ.",LEGAL_CONCEPT,tiền lương
chunk_00344,"Trường hợp do thôi việc, bị mất việc làm mà chưa nghỉ hằng năm hoặc chưa nghỉ hết số ngày nghỉ hằng năm thì được người sử dụng lao động thanh toán tiền lương cho những ngày chưa nghỉ.",LEGAL_CONCEPT,những ngày chưa nghỉ
chunk_00344,"Trường hợp do thôi việc, bị mất việc làm mà chưa nghỉ hằng năm hoặc chưa nghỉ hết số ngày nghỉ hằng năm thì được người sử dụng lao động thanh toán tiền lương cho những ngày chưa nghỉ.",ACTOR,người sử dụng lao động
chunk_00344,"Trường hợp do thôi việc, bị mất việc làm mà chưa nghỉ hằng năm hoặc chưa nghỉ hết số ngày nghỉ hằng năm thì được người sử dụng lao động thanh toán tiền lương cho những ngày chưa nghỉ.",ACTION,thanh toán
chunk_00344,"Trường hợp do thôi việc, bị mất việc làm mà chưa nghỉ hằng năm hoặc chưa nghỉ hết số ngày nghỉ hằng năm thì được người sử dụng lao động thanh toán tiền lương cho những ngày chưa nghỉ.",RIGHT,được người sử dụng lao động thanh toán tiền lương cho những ngày chưa nghỉ
chunk_00098,"Hết hạn hợp đồng lao động, trừ trường hợp quy định tại khoản 4 Điều 177 của Bộ luật này.",LEGAL_CONCEPT,hợp đồng lao động
chunk_00098,"Hết hạn hợp đồng lao động, trừ trường hợp quy định tại khoản 4 Điều 177 của Bộ luật này.",EVENT,Hết hạn hợp đồng lao động
chunk_00098,"Hết hạn hợp đồng lao động, trừ trường hợp quy định tại khoản 4 Điều 177 của Bộ luật này.",CONDITION,trừ trường hợp
chunk_00098,"Hết hạn hợp đồng lao động, trừ trường hợp quy định tại khoản 4 Điều 177 của Bộ luật này.",LEGAL_REF,khoản 4 Điều 177 của Bộ luật này
chunk_00146,"Khi hợp đồng lao động chấm dứt theo quy định tại các khoản 1, 2, 3, 4, 6, 7, 9 và 10 Điều 34 của Bộ luật này thì người sử dụng lao động có trách nhiệm trả trợ cấp thôi việc cho người lao động đã làm việc thường xuyên cho mình từ đủ 12 tháng trở lên, mỗi năm làm việc được trợ cấp một nửa tháng tiền lương, trừ trường hợp đủ điều kiện hưởng lương hưu theo quy định của pháp luật về bảo hiểm xã hội và trường hợp quy định tại điểm e khoản 1 Điều 36 của Bộ luật này.",CONDITION,"Khi hợp đồng lao động chấm dứt theo quy định tại các khoản 1, 2, 3, 4, 6, 7, 9 và 10 Điều 34 của Bộ luật này"
chunk_00146,"Khi hợp đồng lao động chấm dứt theo quy định tại các khoản 1, 2, 3, 4, 6, 7, 9 và 10 Điều 34 của Bộ luật này thì người sử dụng lao động có trách nhiệm trả trợ cấp thôi việc cho người lao động đã làm việc thường xuyên cho mình từ đủ 12 tháng trở lên, mỗi năm làm việc được trợ cấp một nửa tháng tiền lương, trừ trường hợp đủ điều kiện hưởng lương hưu theo quy định của pháp luật về bảo hiểm xã hội và trường hợp quy định tại điểm e khoản 1 Điều 36 của Bộ luật này.",LEGAL_CONCEPT,lương
chunk_00146,"Khi hợp đồng lao động chấm dứt theo quy định tại các khoản 1, 2, 3, 4, 6, 7, 9 và 10 Điều 34 của Bộ luật này thì người sử dụng lao động có trách nhiệm trả trợ cấp thôi việc cho người lao động đã làm việc thường xuyên cho mình từ đủ 12 tháng trở lên, mỗi năm làm việc được trợ cấp một nửa tháng tiền lương, trừ trường hợp đủ điều kiện hưởng lương hưu theo quy định của pháp luật về bảo hiểm xã hội và trường hợp quy định tại điểm e khoản 1 Điều 36 của Bộ luật này.",LEGAL_CONCEPT,trợ cấp một nửa tháng tiền lương
chunk_00146,"Khi hợp đồng lao động chấm dứt theo quy định tại các khoản 1, 2, 3, 4, 6, 7, 9 và 10 Điều 34 của Bộ luật này thì người sử dụng lao động có trách nhiệm trả trợ cấp thôi việc cho người lao động đã làm việc thường xuyên cho mình từ đủ 12 tháng trở lên, mỗi năm làm việc được trợ cấp một nửa tháng tiền lương, trừ trường hợp đủ điều kiện hưởng lương hưu theo quy định của pháp luật về bảo hiểm xã hội và trường hợp quy định tại điểm e khoản 1 Điều 36 của Bộ luật này.",LEGAL_REF,khoản 1 Điều 34 của Bộ luật này
chunk_00146,"Khi hợp đồng lao động chấm dứt theo quy định tại các khoản 1, 2, 3, 4, 6, 7, 9 và 10 Điều 34 của Bộ luật này thì người sử dụng lao động có trách nhiệm trả trợ cấp thôi việc cho người lao động đã làm việc thường xuyên cho mình từ đủ 12 tháng trở lên, mỗi năm làm việc được trợ cấp một nửa tháng tiền lương, trừ trường hợp đủ điều kiện hưởng lương hưu theo quy định của pháp luật về bảo hiểm xã hội và trường hợp quy định tại điểm e khoản 1 Điều 36 của Bộ luật này.",LEGAL_REF,khoản 2 Điều 34 của Bộ luật này
chunk_00146,"Khi hợp đồng lao động chấm dứt theo quy định tại các khoản 1, 2, 3, 4, 6, 7, 9 và 10 Điều 34 của Bộ luật này thì người sử dụng lao động có trách nhiệm trả trợ cấp thôi việc cho người lao động đã làm việc thường xuyên cho mình từ đủ 12 tháng trở lên, mỗi năm làm việc được trợ cấp một nửa tháng tiền lương, trừ trường hợp đủ điều kiện hưởng lương hưu theo quy định của pháp luật về bảo hiểm xã hội và trường hợp quy định tại điểm e khoản 1 Điều 36 của Bộ luật này.",LEGAL_REF,khoản 3 Điều 34 của Bộ luật này
chunk_00146,"Khi hợp đồng lao động chấm dứt theo quy định tại các khoản 1, 2, 3, 4, 6, 7, 9 và 10 Điều 34 của Bộ luật này thì người sử dụng lao động có trách nhiệm trả trợ cấp thôi việc cho người lao động đã làm việc thường xuyên cho mình từ đủ 12 tháng trở lên, mỗi năm làm việc được trợ cấp một nửa tháng tiền lương, trừ trường hợp đủ điều kiện hưởng lương hưu theo quy định của pháp luật về bảo hiểm xã hội và trường hợp quy định tại điểm e khoản 1 Điều 36 của Bộ luật này.",LEGAL_REF,khoản 4 Điều 34 của Bộ luật này
chunk_00146,"Khi hợp đồng lao động chấm dứt theo quy định tại các khoản 1, 2, 3, 4, 6, 7, 9 và 10 Điều 34 của Bộ luật này thì người sử dụng lao động có trách nhiệm trả trợ cấp thôi việc cho người lao động đã làm việc thường xuyên cho mình từ đủ 12 tháng trở lên, mỗi năm làm việc được trợ cấp một nửa tháng tiền lương, trừ trường hợp đủ điều kiện hưởng lương hưu theo quy định của pháp luật về bảo hiểm xã hội và trường hợp quy định tại điểm e khoản 1 Điều 36 của Bộ luật này.",LEGAL_REF,khoản 6 Điều 34 của Bộ luật này
chunk_00146,"Khi hợp đồng lao động chấm dứt theo quy định tại các khoản 1, 2, 3, 4, 6, 7, 9 và 10 Điều 34 của Bộ luật này thì người sử dụng lao động có trách nhiệm trả trợ cấp thôi việc cho người lao động đã làm việc thường xuyên cho mình từ đủ 12 tháng trở lên, mỗi năm làm việc được trợ cấp một nửa tháng tiền lương, trừ trường hợp đủ điều kiện hưởng lương hưu theo quy định của pháp luật về bảo hiểm xã hội và trường hợp quy định tại điểm e khoản 1 Điều 36 của Bộ luật này.",LEGAL_REF,khoản 7 Điều 34 của Bộ luật này
chunk_00146,"Khi hợp đồng lao động chấm dứt theo quy định tại các khoản 1, 2, 3, 4, 6, 7, 9 và 10 Điều 34 của Bộ luật này thì người sử dụng lao động có trách nhiệm trả trợ cấp thôi việc cho người lao động đã làm việc thường xuyên cho mình từ đủ 12 tháng trở lên, mỗi năm làm việc được trợ cấp một nửa tháng tiền lương, trừ trường hợp đủ điều kiện hưởng lương hưu theo quy định của pháp luật về bảo hiểm xã hội và trường hợp quy định tại điểm e khoản 1 Điều 36 của Bộ luật này.",LEGAL_REF,khoản 9 Điều 34 của Bộ luật này
chunk_00146,"Khi hợp đồng lao động chấm dứt theo quy định tại các khoản 1, 2, 3, 4, 6, 7, 9 và 10 Điều 34 của Bộ luật này thì người sử dụng lao động có trách nhiệm trả trợ cấp thôi việc cho người lao động đã làm việc thường xuyên cho mình từ đủ 12 tháng trở lên, mỗi năm làm việc được trợ cấp một nửa tháng tiền lương, trừ trường hợp đủ điều kiện hưởng lương hưu theo quy định của pháp luật về bảo hiểm xã hội và trường hợp quy định tại điểm e khoản 1 Điều 36 của Bộ luật này.",LEGAL_REF,khoản 10 Điều 34 của Bộ luật này
chunk_00146,"Khi hợp đồng lao động chấm dứt theo quy định tại các khoản 1, 2, 3, 4, 6, 7, 9 và 10 Điều 34 của Bộ luật này thì người sử dụng lao động có trách nhiệm trả trợ cấp thôi việc cho người lao động đã làm việc thường xuyên cho mình từ đủ 12 tháng trở lên, mỗi năm làm việc được trợ cấp một nửa tháng tiền lương, trừ trường hợp đủ điều kiện hưởng lương hưu theo quy định của pháp luật về bảo hiểm xã hội và trường hợp quy định tại điểm e khoản 1 Điều 36 của Bộ luật này.",LEGAL_REF,điểm e khoản 1 Điều 36 của Bộ luật này
chunk_00146,"Khi hợp đồng lao động chấm dứt theo quy định tại các khoản 1, 2, 3, 4, 6, 7, 9 và 10 Điều 34 của Bộ luật này thì người sử dụng lao động có trách nhiệm trả trợ cấp thôi việc cho người lao động đã làm việc thường xuyên cho mình từ đủ 12 tháng trở lên, mỗi năm làm việc được trợ cấp một nửa tháng tiền lương, trừ trường hợp đủ điều kiện hưởng lương hưu theo quy định của pháp luật về bảo hiểm xã hội và trường hợp quy định tại điểm e khoản 1 Điều 36 của Bộ luật này.",LEGAL_REF,quy định của pháp luật về bảo hiểm xã hội
chunk_00146,"Khi hợp đồng lao động chấm dứt theo quy định tại các khoản 1, 2, 3, 4, 6, 7, 9 và 10 Điều 34 của Bộ luật này thì người sử dụng lao động có trách nhiệm trả trợ cấp thôi việc cho người lao động đã làm việc thường xuyên cho mình từ đủ 12 tháng trở lên, mỗi năm làm việc được trợ cấp một nửa tháng tiền lương, trừ trường hợp đủ điều kiện hưởng lương hưu theo quy định của pháp luật về bảo hiểm xã hội và trường hợp quy định tại điểm e khoản 1 Điều 36 của Bộ luật này.",EVENT,hợp đồng lao động chấm dứt
chunk_00146,"Khi hợp đồng lao động chấm dứt theo quy định tại các khoản 1, 2, 3, 4, 6, 7, 9 và 10 Điều 34 của Bộ luật này thì người sử dụng lao động có trách nhiệm trả trợ cấp thôi việc cho người lao động đã làm việc thường xuyên cho mình từ đủ 12 tháng trở lên, mỗi năm làm việc được trợ cấp một nửa tháng tiền lương, trừ trường hợp đủ điều kiện hưởng lương hưu theo quy định của pháp luật về bảo hiểm xã hội và trường hợp quy định tại điểm e khoản 1 Điều 36 của Bộ luật này.",ACTOR,người sử dụng lao động
chunk_00146,"Khi hợp đồng lao động chấm dứt theo quy định tại các khoản 1, 2, 3, 4, 6, 7, 9 và 10 Điều 34 của Bộ luật này thì người sử dụng lao động có trách nhiệm trả trợ cấp thôi việc cho người lao động đã làm việc thường xuyên cho mình từ đủ 12 tháng trở lên, mỗi năm làm việc được trợ cấp một nửa tháng tiền lương, trừ trường hợp đủ điều kiện hưởng lương hưu theo quy định của pháp luật về bảo hiểm xã hội và trường hợp quy định tại điểm e khoản 1 Điều 36 của Bộ luật này.",ACTOR,người lao động
chunk_00146,"Khi hợp đồng lao động chấm dứt theo quy định tại các khoản 1, 2, 3, 4, 6, 7, 9 và 10 Điều 34 của Bộ luật này thì người sử dụng lao động có trách nhiệm trả trợ cấp thôi việc cho người lao động đã làm việc thường xuyên cho mình từ đủ 12 tháng trở lên, mỗi năm làm việc được trợ cấp một nửa tháng tiền lương, trừ trường hợp đủ điều kiện hưởng lương hưu theo quy định của pháp luật về bảo hiểm xã hội và trường hợp quy định tại điểm e khoản 1 Điều 36 của Bộ luật này.",OBLIGATION,"người sử dụng lao động có trách nhiệm trả trợ cấp thôi việc cho người lao động đã làm việc thường xuyên cho mình từ đủ 12 tháng trở lên, mỗi năm làm việc được trợ cấp một nửa tháng tiền lương"
chunk_00146,"Khi hợp đồng lao động chấm dứt theo quy định tại các khoản 1, 2, 3, 4, 6, 7, 9 và 10 Điều 34 của Bộ luật này thì người sử dụng lao động có trách nhiệm trả trợ cấp thôi việc cho người lao động đã làm việc thường xuyên cho mình từ đủ 12 tháng trở lên, mỗi năm làm việc được trợ cấp một nửa tháng tiền lương, trừ trường hợp đủ điều kiện hưởng lương hưu theo quy định của pháp luật về bảo hiểm xã hội và trường hợp quy định tại điểm e khoản 1 Điều 36 của Bộ luật này.",CONDITION,trừ trường hợp đủ điều kiện hưởng lương hưu theo quy định của pháp luật về bảo hiểm xã hội và trường hợp quy định tại điểm e khoản 1 Điều 36 của Bộ luật này
chunk_00146,"Khi hợp đồng lao động chấm dứt theo quy định tại các khoản 1, 2, 3, 4, 6, 7, 9 và 10 Điều 34 của Bộ luật này thì người sử dụng lao động có trách nhiệm trả trợ cấp thôi việc cho người lao động đã làm việc thường xuyên cho mình từ đủ 12 tháng trở lên, mỗi năm làm việc được trợ cấp một nửa tháng tiền lương, trừ trường hợp đủ điều kiện hưởng lương hưu theo quy định của pháp luật về bảo hiểm xã hội và trường hợp quy định tại điểm e khoản 1 Điều 36 của Bộ luật này.",LEGAL_CONCEPT,hợp đồng lao động
chunk_00146,"Khi hợp đồng lao động chấm dứt theo quy định tại các khoản 1, 2, 3, 4, 6, 7, 9 và 10 Điều 34 của Bộ luật này thì người sử dụng lao động có trách nhiệm trả trợ cấp thôi việc cho người lao động đã làm việc thường xuyên cho mình từ đủ 12 tháng trở lên, mỗi năm làm việc được trợ cấp một nửa tháng tiền lương, trừ trường hợp đủ điều kiện hưởng lương hưu theo quy định của pháp luật về bảo hiểm xã hội và trường hợp quy định tại điểm e khoản 1 Điều 36 của Bộ luật này.",LEGAL_CONCEPT,trợ cấp thôi việc
chunk_00146,"Khi hợp đồng lao động chấm dứt theo quy định tại các khoản 1, 2, 3, 4, 6, 7, 9 và 10 Điều 34 của Bộ luật này thì người sử dụng lao động có trách nhiệm trả trợ cấp thôi việc cho người lao động đã làm việc thường xuyên cho mình từ đủ 12 tháng trở lên, mỗi năm làm việc được trợ cấp một nửa tháng tiền lương, trừ trường hợp đủ điều kiện hưởng lương hưu theo quy định của pháp luật về bảo hiểm xã hội và trường hợp quy định tại điểm e khoản 1 Điều 36 của Bộ luật này.",LEGAL_CONCEPT,làm việc thường xuyên
chunk_00146,"Khi hợp đồng lao động chấm dứt theo quy định tại các khoản 1, 2, 3, 4, 6, 7, 9 và 10 Điều 34 của Bộ luật này thì người sử dụng lao động có trách nhiệm trả trợ cấp thôi việc cho người lao động đã làm việc thường xuyên cho mình từ đủ 12 tháng trở lên, mỗi năm làm việc được trợ cấp một nửa tháng tiền lương, trừ trường hợp đủ điều kiện hưởng lương hưu theo quy định của pháp luật về bảo hiểm xã hội và trường hợp quy định tại điểm e khoản 1 Điều 36 của Bộ luật này.",LEGAL_CONCEPT,tiền lương
chunk_00146,"Khi hợp đồng lao động chấm dứt theo quy định tại các khoản 1, 2, 3, 4, 6, 7, 9 và 10 Điều 34 của Bộ luật này thì người sử dụng lao động có trách nhiệm trả trợ cấp thôi việc cho người lao động đã làm việc thường xuyên cho mình từ đủ 12 tháng trở lên, mỗi năm làm việc được trợ cấp một nửa tháng tiền lương, trừ trường hợp đủ điều kiện hưởng lương hưu theo quy định của pháp luật về bảo hiểm xã hội và trường hợp quy định tại điểm e khoản 1 Điều 36 của Bộ luật này.",LEGAL_CONCEPT,một nửa tháng tiền lương
chunk_00146,"Khi hợp đồng lao động chấm dứt theo quy định tại các khoản 1, 2, 3, 4, 6, 7, 9 và 10 Điều 34 của Bộ luật này thì người sử dụng lao động có trách nhiệm trả trợ cấp thôi việc cho người lao động đã làm việc thường xuyên cho mình từ đủ 12 tháng trở lên, mỗi năm làm việc được trợ cấp một nửa tháng tiền lương, trừ trường hợp đủ điều kiện hưởng lương hưu theo quy định của pháp luật về bảo hiểm xã hội và trường hợp quy định tại điểm e khoản 1 Điều 36 của Bộ luật này.",LEGAL_CONCEPT,lương hưu
chunk_00146,"Khi hợp đồng lao động chấm dứt theo quy định tại các khoản 1, 2, 3, 4, 6, 7, 9 và 10 Điều 34 của Bộ luật này thì người sử dụng lao động có trách nhiệm trả trợ cấp thôi việc cho người lao động đã làm việc thường xuyên cho mình từ đủ 12 tháng trở lên, mỗi năm làm việc được trợ cấp một nửa tháng tiền lương, trừ trường hợp đủ điều kiện hưởng lương hưu theo quy định của pháp luật về bảo hiểm xã hội và trường hợp quy định tại điểm e khoản 1 Điều 36 của Bộ luật này.",TIME_PERIOD,từ đủ 12 tháng trở lên
chunk_00146,"Khi hợp đồng lao động chấm dứt theo quy định tại các khoản 1, 2, 3, 4, 6, 7, 9 và 10 Điều 34 của Bộ luật này thì người sử dụng lao động có trách nhiệm trả trợ cấp thôi việc cho người lao động đã làm việc thường xuyên cho mình từ đủ 12 tháng trở lên, mỗi năm làm việc được trợ cấp một nửa tháng tiền lương, trừ trường hợp đủ điều kiện hưởng lương hưu theo quy định của pháp luật về bảo hiểm xã hội và trường hợp quy định tại điểm e khoản 1 Điều 36 của Bộ luật này.",TIME_PERIOD,mỗi năm làm việc
chunk_00146,"Khi hợp đồng lao động chấm dứt theo quy định tại các khoản 1, 2, 3, 4, 6, 7, 9 và 10 Điều 34 của Bộ luật này thì người sử dụng lao động có trách nhiệm trả trợ cấp thôi việc cho người lao động đã làm việc thường xuyên cho mình từ đủ 12 tháng trở lên, mỗi năm làm việc được trợ cấp một nửa tháng tiền lương, trừ trường hợp đủ điều kiện hưởng lương hưu theo quy định của pháp luật về bảo hiểm xã hội và trường hợp quy định tại điểm e khoản 1 Điều 36 của Bộ luật này.",ACTION,trả
chunk_00162,Chính phủ quy định chi tiết Điều này.,ACTOR,Chính phủ
chunk_00162,Chính phủ quy định chi tiết Điều này.,ACTION,quy định chi tiết
chunk_00162,Chính phủ quy định chi tiết Điều này.,LEGAL_REF,Điều này
chunk_00422,"Lao động nữ được nghỉ thai sản trước và sau khi sinh con là 06 tháng; thời gian nghỉ trước khi sinh không quá 02 tháng. Trường hợp lao động nữ sinh đôi trở lên thì tính từ con thứ 02 trở đi, cứ mỗi con, người mẹ được nghỉ thêm 01 tháng.",ACTION,quy định chi tiết
chunk_00422,"Lao động nữ được nghỉ thai sản trước và sau khi sinh con là 06 tháng; thời gian nghỉ trước khi sinh không quá 02 tháng. Trường hợp lao động nữ sinh đôi trở lên thì tính từ con thứ 02 trở đi, cứ mỗi con, người mẹ được nghỉ thêm 01 tháng.",ACTOR,Chính phủ
chunk_00422,"Lao động nữ được nghỉ thai sản trước và sau khi sinh con là 06 tháng; thời gian nghỉ trước khi sinh không quá 02 tháng. Trường hợp lao động nữ sinh đôi trở lên thì tính từ con thứ 02 trở đi, cứ mỗi con, người mẹ được nghỉ thêm 01 tháng.",ACTOR,Lao động nữ
chunk_00422,"Lao động nữ được nghỉ thai sản trước và sau khi sinh con là 06 tháng; thời gian nghỉ trước khi sinh không quá 02 tháng. Trường hợp lao động nữ sinh đôi trở lên thì tính từ con thứ 02 trở đi, cứ mỗi con, người mẹ được nghỉ thêm 01 tháng.",ACTOR,người mẹ
chunk_00422,"Lao động nữ được nghỉ thai sản trước và sau khi sinh con là 06 tháng; thời gian nghỉ trước khi sinh không quá 02 tháng. Trường hợp lao động nữ sinh đôi trở lên thì tính từ con thứ 02 trở đi, cứ mỗi con, người mẹ được nghỉ thêm 01 tháng.",CONDITION,"Trường hợp lao động nữ sinh đôi trở lên thì tính từ con thứ 02 trở đi, cứ mỗi con"
chunk_00422,"Lao động nữ được nghỉ thai sản trước và sau khi sinh con là 06 tháng; thời gian nghỉ trước khi sinh không quá 02 tháng. Trường hợp lao động nữ sinh đôi trở lên thì tính từ con thứ 02 trở đi, cứ mỗi con, người mẹ được nghỉ thêm 01 tháng.",EVENT,sinh con
chunk_00422,"Lao động nữ được nghỉ thai sản trước và sau khi sinh con là 06 tháng; thời gian nghỉ trước khi sinh không quá 02 tháng. Trường hợp lao động nữ sinh đôi trở lên thì tính từ con thứ 02 trở đi, cứ mỗi con, người mẹ được nghỉ thêm 01 tháng.",LEGAL_CONCEPT,nghỉ thai sản
chunk_00422,"Lao động nữ được nghỉ thai sản trước và sau khi sinh con là 06 tháng; thời gian nghỉ trước khi sinh không quá 02 tháng. Trường hợp lao động nữ sinh đôi trở lên thì tính từ con thứ 02 trở đi, cứ mỗi con, người mẹ được nghỉ thêm 01 tháng.",LEGAL_REF,Điều này
chunk_00422,"Lao động nữ được nghỉ thai sản trước và sau khi sinh con là 06 tháng; thời gian nghỉ trước khi sinh không quá 02 tháng. Trường hợp lao động nữ sinh đôi trở lên thì tính từ con thứ 02 trở đi, cứ mỗi con, người mẹ được nghỉ thêm 01 tháng.",RIGHT,được nghỉ thai sản trước và sau khi sinh con là 06 tháng
chunk_00422,"Lao động nữ được nghỉ thai sản trước và sau khi sinh con là 06 tháng; thời gian nghỉ trước khi sinh không quá 02 tháng. Trường hợp lao động nữ sinh đôi trở lên thì tính từ con thứ 02 trở đi, cứ mỗi con, người mẹ được nghỉ thêm 01 tháng.",RIGHT,được nghỉ thêm 01 tháng
chunk_00422,"Lao động nữ được nghỉ thai sản trước và sau khi sinh con là 06 tháng; thời gian nghỉ trước khi sinh không quá 02 tháng. Trường hợp lao động nữ sinh đôi trở lên thì tính từ con thứ 02 trở đi, cứ mỗi con, người mẹ được nghỉ thêm 01 tháng.",TIME_PERIOD,06 tháng
chunk_00422,"Lao động nữ được nghỉ thai sản trước và sau khi sinh con là 06 tháng; thời gian nghỉ trước khi sinh không quá 02 tháng. Trường hợp lao động nữ sinh đôi trở lên thì tính từ con thứ 02 trở đi, cứ mỗi con, người mẹ được nghỉ thêm 01 tháng.",TIME_PERIOD,không quá 02 tháng
chunk_00422,"Lao động nữ được nghỉ thai sản trước và sau khi sinh con là 06 tháng; thời gian nghỉ trước khi sinh không quá 02 tháng. Trường hợp lao động nữ sinh đôi trở lên thì tính từ con thứ 02 trở đi, cứ mỗi con, người mẹ được nghỉ thêm 01 tháng.",TIME_PERIOD,01 tháng
chunk_00132,"Trường hợp người sử dụng lao động không muốn nhận lại người lao động và người lao động đồng ý thì ngoài khoản tiền người sử dụng lao động phải trả theo quy định tại khoản 1 Điều này và trợ cấp thôi việc theo quy định tại Điều 46 của Bộ luật này, hai bên thỏa thuận khoản tiền bồi thường thêm cho người lao động nhưng ít nhất bằng 02 tháng tiền lương theo hợp đồng lao động để chấm dứt hợp đồng lao động.",ACTION,thỏa thuận
chunk_00132,"Trường hợp người sử dụng lao động không muốn nhận lại người lao động và người lao động đồng ý thì ngoài khoản tiền người sử dụng lao động phải trả theo quy định tại khoản 1 Điều này và trợ cấp thôi việc theo quy định tại Điều 46 của Bộ luật này, hai bên thỏa thuận khoản tiền bồi thường thêm cho người lao động nhưng ít nhất bằng 02 tháng tiền lương theo hợp đồng lao động để chấm dứt hợp đồng lao động.",ACTOR,người sử dụng lao động
chunk_00132,"Trường hợp người sử dụng lao động không muốn nhận lại người lao động và người lao động đồng ý thì ngoài khoản tiền người sử dụng lao động phải trả theo quy định tại khoản 1 Điều này và trợ cấp thôi việc theo quy định tại Điều 46 của Bộ luật này, hai bên thỏa thuận khoản tiền bồi thường thêm cho người lao động nhưng ít nhất bằng 02 tháng tiền lương theo hợp đồng lao động để chấm dứt hợp đồng lao động.",ACTOR,người lao động
chunk_00132,"Trường hợp người sử dụng lao động không muốn nhận lại người lao động và người lao động đồng ý thì ngoài khoản tiền người sử dụng lao động phải trả theo quy định tại khoản 1 Điều này và trợ cấp thôi việc theo quy định tại Điều 46 của Bộ luật này, hai bên thỏa thuận khoản tiền bồi thường thêm cho người lao động nhưng ít nhất bằng 02 tháng tiền lương theo hợp đồng lao động để chấm dứt hợp đồng lao động.",ACTOR,hai bên
chunk_00132,"Trường hợp người sử dụng lao động không muốn nhận lại người lao động và người lao động đồng ý thì ngoài khoản tiền người sử dụng lao động phải trả theo quy định tại khoản 1 Điều này và trợ cấp thôi việc theo quy định tại Điều 46 của Bộ luật này, hai bên thỏa thuận khoản tiền bồi thường thêm cho người lao động nhưng ít nhất bằng 02 tháng tiền lương theo hợp đồng lao động để chấm dứt hợp đồng lao động.",CONDITION,Trường hợp người sử dụng lao động không muốn nhận lại người lao động và người lao động đồng ý thì
chunk_00132,"Trường hợp người sử dụng lao động không muốn nhận lại người lao động và người lao động đồng ý thì ngoài khoản tiền người sử dụng lao động phải trả theo quy định tại khoản 1 Điều này và trợ cấp thôi việc theo quy định tại Điều 46 của Bộ luật này, hai bên thỏa thuận khoản tiền bồi thường thêm cho người lao động nhưng ít nhất bằng 02 tháng tiền lương theo hợp đồng lao động để chấm dứt hợp đồng lao động.",EVENT,chấm dứt hợp đồng lao động
chunk_00132,"Trường hợp người sử dụng lao động không muốn nhận lại người lao động và người lao động đồng ý thì ngoài khoản tiền người sử dụng lao động phải trả theo quy định tại khoản 1 Điều này và trợ cấp thôi việc theo quy định tại Điều 46 của Bộ luật này, hai bên thỏa thuận khoản tiền bồi thường thêm cho người lao động nhưng ít nhất bằng 02 tháng tiền lương theo hợp đồng lao động để chấm dứt hợp đồng lao động.",LEGAL_CONCEPT,trợ cấp thôi việc
chunk_00132,"Trường hợp người sử dụng lao động không muốn nhận lại người lao động và người lao động đồng ý thì ngoài khoản tiền người sử dụng lao động phải trả theo quy định tại khoản 1 Điều này và trợ cấp thôi việc theo quy định tại Điều 46 của Bộ luật này, hai bên thỏa thuận khoản tiền bồi thường thêm cho người lao động nhưng ít nhất bằng 02 tháng tiền lương theo hợp đồng lao động để chấm dứt hợp đồng lao động.",LEGAL_CONCEPT,khoản tiền bồi thường thêm cho người lao động
chunk_00132,"Trường hợp người sử dụng lao động không muốn nhận lại người lao động và người lao động đồng ý thì ngoài khoản tiền người sử dụng lao động phải trả theo quy định tại khoản 1 Điều này và trợ cấp thôi việc theo quy định tại Điều 46 của Bộ luật này, hai bên thỏa thuận khoản tiền bồi thường thêm cho người lao động nhưng ít nhất bằng 02 tháng tiền lương theo hợp đồng lao động để chấm dứt hợp đồng lao động.",LEGAL_REF,khoản 1 Điều này
chunk_00132,"Trường hợp người sử dụng lao động không muốn nhận lại người lao động và người lao động đồng ý thì ngoài khoản tiền người sử dụng lao động phải trả theo quy định tại khoản 1 Điều này và trợ cấp thôi việc theo quy định tại Điều 46 của Bộ luật này, hai bên thỏa thuận khoản tiền bồi thường thêm cho người lao động nhưng ít nhất bằng 02 tháng tiền lương theo hợp đồng lao động để chấm dứt hợp đồng lao động.",LEGAL_REF,Điều 46 của Bộ luật này
chunk_00132,"Trường hợp người sử dụng lao động không muốn nhận lại người lao động và người lao động đồng ý thì ngoài khoản tiền người sử dụng lao động phải trả theo quy định tại khoản 1 Điều này và trợ cấp thôi việc theo quy định tại Điều 46 của Bộ luật này, hai bên thỏa thuận khoản tiền bồi thường thêm cho người lao động nhưng ít nhất bằng 02 tháng tiền lương theo hợp đồng lao động để chấm dứt hợp đồng lao động.",OBLIGATION,phải trả
chunk_00132,"Trường hợp người sử dụng lao động không muốn nhận lại người lao động và người lao động đồng ý thì ngoài khoản tiền người sử dụng lao động phải trả theo quy định tại khoản 1 Điều này và trợ cấp thôi việc theo quy định tại Điều 46 của Bộ luật này, hai bên thỏa thuận khoản tiền bồi thường thêm cho người lao động nhưng ít nhất bằng 02 tháng tiền lương theo hợp đồng lao động để chấm dứt hợp đồng lao động.",TIME_PERIOD,02 tháng tiền lương theo hợp đồng lao động
chunk_00035,"Lôi kéo, dụ dỗ, hứa hẹn, quảng cáo gian dối hoặc thủ đoạn khác để lừa gạt người lao động hoặc để tuyển dụng người lao động với mục đích mua bán người, bóc lột, cưỡng bức lao động hoặc lợi dụng dịch vụ việc làm, hoạt động đưa người lao động đi làm việc ở nước ngoài theo hợp đồng để thực hiện hành vi trái pháp luật.",ACTOR,người lao động
chunk_00035,"Lôi kéo, dụ dỗ, hứa hẹn, quảng cáo gian dối hoặc thủ đoạn khác để lừa gạt người lao động hoặc để tuyển dụng người lao động với mục đích mua bán người, bóc lột, cưỡng bức lao động hoặc lợi dụng dịch vụ việc làm, hoạt động đưa người lao động đi làm việc ở nước ngoài theo hợp đồng để thực hiện hành vi trái pháp luật.",ACTION,Lôi kéo
chunk_00035,"Lôi kéo, dụ dỗ, hứa hẹn, quảng cáo gian dối hoặc thủ đoạn khác để lừa gạt người lao động hoặc để tuyển dụng người lao động với mục đích mua bán người, bóc lột, cưỡng bức lao động hoặc lợi dụng dịch vụ việc làm, hoạt động đưa người lao động đi làm việc ở nước ngoài theo hợp đồng để thực hiện hành vi trái pháp luật.",ACTION,dụ dỗ
chunk_00035,"Lôi kéo, dụ dỗ, hứa hẹn, quảng cáo gian dối hoặc thủ đoạn khác để lừa gạt người lao động hoặc để tuyển dụng người lao động với mục đích mua bán người, bóc lột, cưỡng bức lao động hoặc lợi dụng dịch vụ việc làm, hoạt động đưa người lao động đi làm việc ở nước ngoài theo hợp đồng để thực hiện hành vi trái pháp luật.",ACTION,hứa hẹn
chunk_00035,"Lôi kéo, dụ dỗ, hứa hẹn, quảng cáo gian dối hoặc thủ đoạn khác để lừa gạt người lao động hoặc để tuyển dụng người lao động với mục đích mua bán người, bóc lột, cưỡng bức lao động hoặc lợi dụng dịch vụ việc làm, hoạt động đưa người lao động đi làm việc ở nước ngoài theo hợp đồng để thực hiện hành vi trái pháp luật.",ACTION,quảng cáo gian dối
chunk_00035,"Lôi kéo, dụ dỗ, hứa hẹn, quảng cáo gian dối hoặc thủ đoạn khác để lừa gạt người lao động hoặc để tuyển dụng người lao động với mục đích mua bán người, bóc lột, cưỡng bức lao động hoặc lợi dụng dịch vụ việc làm, hoạt động đưa người lao động đi làm việc ở nước ngoài theo hợp đồng để thực hiện hành vi trái pháp luật.",ACTION,thủ đoạn khác
chunk_00035,"Lôi kéo, dụ dỗ, hứa hẹn, quảng cáo gian dối hoặc thủ đoạn khác để lừa gạt người lao động hoặc để tuyển dụng người lao động với mục đích mua bán người, bóc lột, cưỡng bức lao động hoặc lợi dụng dịch vụ việc làm, hoạt động đưa người lao động đi làm việc ở nước ngoài theo hợp đồng để thực hiện hành vi trái pháp luật.",ACTION,lừa gạt
chunk_00035,"Lôi kéo, dụ dỗ, hứa hẹn, quảng cáo gian dối hoặc thủ đoạn khác để lừa gạt người lao động hoặc để tuyển dụng người lao động với mục đích mua bán người, bóc lột, cưỡng bức lao động hoặc lợi dụng dịch vụ việc làm, hoạt động đưa người lao động đi làm việc ở nước ngoài theo hợp đồng để thực hiện hành vi trái pháp luật.",ACTION,tuyển dụng
chunk_00035,"Lôi kéo, dụ dỗ, hứa hẹn, quảng cáo gian dối hoặc thủ đoạn khác để lừa gạt người lao động hoặc để tuyển dụng người lao động với mục đích mua bán người, bóc lột, cưỡng bức lao động hoặc lợi dụng dịch vụ việc làm, hoạt động đưa người lao động đi làm việc ở nước ngoài theo hợp đồng để thực hiện hành vi trái pháp luật.",ACTION,mua bán người
chunk_00035,"Lôi kéo, dụ dỗ, hứa hẹn, quảng cáo gian dối hoặc thủ đoạn khác để lừa gạt người lao động hoặc để tuyển dụng người lao động với mục đích mua bán người, bóc lột, cưỡng bức lao động hoặc lợi dụng dịch vụ việc làm, hoạt động đưa người lao động đi làm việc ở nước ngoài theo hợp đồng để thực hiện hành vi trái pháp luật.",ACTION,bóc lột
chunk_00035,"Lôi kéo, dụ dỗ, hứa hẹn, quảng cáo gian dối hoặc thủ đoạn khác để lừa gạt người lao động hoặc để tuyển dụng người lao động với mục đích mua bán người, bóc lột, cưỡng bức lao động hoặc lợi dụng dịch vụ việc làm, hoạt động đưa người lao động đi làm việc ở nước ngoài theo hợp đồng để thực hiện hành vi trái pháp luật.",ACTION,cưỡng bức lao động
chunk_00035,"Lôi kéo, dụ dỗ, hứa hẹn, quảng cáo gian dối hoặc thủ đoạn khác để lừa gạt người lao động hoặc để tuyển dụng người lao động với mục đích mua bán người, bóc lột, cưỡng bức lao động hoặc lợi dụng dịch vụ việc làm, hoạt động đưa người lao động đi làm việc ở nước ngoài theo hợp đồng để thực hiện hành vi trái pháp luật.",ACTION,lợi dụng
chunk_00035,"Lôi kéo, dụ dỗ, hứa hẹn, quảng cáo gian dối hoặc thủ đoạn khác để lừa gạt người lao động hoặc để tuyển dụng người lao động với mục đích mua bán người, bóc lột, cưỡng bức lao động hoặc lợi dụng dịch vụ việc làm, hoạt động đưa người lao động đi làm việc ở nước ngoài theo hợp đồng để thực hiện hành vi trái pháp luật.",ACTION,hoạt động đưa người lao động đi làm việc ở nước ngoài theo hợp đồng
chunk_00035,"Lôi kéo, dụ dỗ, hứa hẹn, quảng cáo gian dối hoặc thủ đoạn khác để lừa gạt người lao động hoặc để tuyển dụng người lao động với mục đích mua bán người, bóc lột, cưỡng bức lao động hoặc lợi dụng dịch vụ việc làm, hoạt động đưa người lao động đi làm việc ở nước ngoài theo hợp đồng để thực hiện hành vi trái pháp luật.",ACTION,thực hiện
chunk_00035,"Lôi kéo, dụ dỗ, hứa hẹn, quảng cáo gian dối hoặc thủ đoạn khác để lừa gạt người lao động hoặc để tuyển dụng người lao động với mục đích mua bán người, bóc lột, cưỡng bức lao động hoặc lợi dụng dịch vụ việc làm, hoạt động đưa người lao động đi làm việc ở nước ngoài theo hợp đồng để thực hiện hành vi trái pháp luật.",LEGAL_CONCEPT,dịch vụ việc làm
chunk_00035,"Lôi kéo, dụ dỗ, hứa hẹn, quảng cáo gian dối hoặc thủ đoạn khác để lừa gạt người lao động hoặc để tuyển dụng người lao động với mục đích mua bán người, bóc lột, cưỡng bức lao động hoặc lợi dụng dịch vụ việc làm, hoạt động đưa người lao động đi làm việc ở nước ngoài theo hợp đồng để thực hiện hành vi trái pháp luật.",LEGAL_CONCEPT,hợp đồng
chunk_00035,"Lôi kéo, dụ dỗ, hứa hẹn, quảng cáo gian dối hoặc thủ đoạn khác để lừa gạt người lao động hoặc để tuyển dụng người lao động với mục đích mua bán người, bóc lột, cưỡng bức lao động hoặc lợi dụng dịch vụ việc làm, hoạt động đưa người lao động đi làm việc ở nước ngoài theo hợp đồng để thực hiện hành vi trái pháp luật.",LEGAL_CONCEPT,hành vi trái pháp luật
chunk_00183,Thỏa thuận với người lao động thuê lại và doanh nghiệp cho thuê lại lao động để tuyển dụng chính thức người lao động thuê lại làm việc cho mình trong trường hợp hợp đồng lao động của người lao động thuê lại với doanh nghiệp cho thuê lại lao động chưa chấm dứt.,ACTOR,người lao động thuê lại
chunk_00183,Thỏa thuận với người lao động thuê lại và doanh nghiệp cho thuê lại lao động để tuyển dụng chính thức người lao động thuê lại làm việc cho mình trong trường hợp hợp đồng lao động của người lao động thuê lại với doanh nghiệp cho thuê lại lao động chưa chấm dứt.,ACTOR,doanh nghiệp cho thuê lại lao động
chunk_00183,Thỏa thuận với người lao động thuê lại và doanh nghiệp cho thuê lại lao động để tuyển dụng chính thức người lao động thuê lại làm việc cho mình trong trường hợp hợp đồng lao động của người lao động thuê lại với doanh nghiệp cho thuê lại lao động chưa chấm dứt.,LEGAL_CONCEPT,Thỏa thuận
chunk_00183,Thỏa thuận với người lao động thuê lại và doanh nghiệp cho thuê lại lao động để tuyển dụng chính thức người lao động thuê lại làm việc cho mình trong trường hợp hợp đồng lao động của người lao động thuê lại với doanh nghiệp cho thuê lại lao động chưa chấm dứt.,LEGAL_CONCEPT,hợp đồng lao động
chunk_00183,Thỏa thuận với người lao động thuê lại và doanh nghiệp cho thuê lại lao động để tuyển dụng chính thức người lao động thuê lại làm việc cho mình trong trường hợp hợp đồng lao động của người lao động thuê lại với doanh nghiệp cho thuê lại lao động chưa chấm dứt.,ACTION,tuyển dụng chính thức
chunk_00183,Thỏa thuận với người lao động thuê lại và doanh nghiệp cho thuê lại lao động để tuyển dụng chính thức người lao động thuê lại làm việc cho mình trong trường hợp hợp đồng lao động của người lao động thuê lại với doanh nghiệp cho thuê lại lao động chưa chấm dứt.,ACTION,làm việc cho mình
chunk_00183,Thỏa thuận với người lao động thuê lại và doanh nghiệp cho thuê lại lao động để tuyển dụng chính thức người lao động thuê lại làm việc cho mình trong trường hợp hợp đồng lao động của người lao động thuê lại với doanh nghiệp cho thuê lại lao động chưa chấm dứt.,CONDITION,trong trường hợp hợp đồng lao động của người lao động thuê lại với doanh nghiệp cho thuê lại lao động chưa chấm dứt
chunk_00284,"Mức lương tối thiểu được điều chỉnh dựa trên mức sống tối thiểu của người lao động và gia đình họ; tương quan giữa mức lương tối thiểu và mức lương trên thị trường; chỉ số giá tiêu dùng, tốc độ tăng trưởng kinh tế; quan hệ cung, cầu lao động; việc làm và thất nghiệp; năng suất lao động; khả năng chi trả của doanh nghiệp.",LEGAL_CONCEPT,Mức lương tối thiểu
chunk_00284,"Mức lương tối thiểu được điều chỉnh dựa trên mức sống tối thiểu của người lao động và gia đình họ; tương quan giữa mức lương tối thiểu và mức lương trên thị trường; chỉ số giá tiêu dùng, tốc độ tăng trưởng kinh tế; quan hệ cung, cầu lao động; việc làm và thất nghiệp; năng suất lao động; khả năng chi trả của doanh nghiệp.",ACTION,điều chỉnh
chunk_00284,"Mức lương tối thiểu được điều chỉnh dựa trên mức sống tối thiểu của người lao động và gia đình họ; tương quan giữa mức lương tối thiểu và mức lương trên thị trường; chỉ số giá tiêu dùng, tốc độ tăng trưởng kinh tế; quan hệ cung, cầu lao động; việc làm và thất nghiệp; năng suất lao động; khả năng chi trả của doanh nghiệp.",CONDITION,mức sống tối thiểu của người lao động và gia đình họ
chunk_00284,"Mức lương tối thiểu được điều chỉnh dựa trên mức sống tối thiểu của người lao động và gia đình họ; tương quan giữa mức lương tối thiểu và mức lương trên thị trường; chỉ số giá tiêu dùng, tốc độ tăng trưởng kinh tế; quan hệ cung, cầu lao động; việc làm và thất nghiệp; năng suất lao động; khả năng chi trả của doanh nghiệp.",ACTOR,người lao động
chunk_00284,"Mức lương tối thiểu được điều chỉnh dựa trên mức sống tối thiểu của người lao động và gia đình họ; tương quan giữa mức lương tối thiểu và mức lương trên thị trường; chỉ số giá tiêu dùng, tốc độ tăng trưởng kinh tế; quan hệ cung, cầu lao động; việc làm và thất nghiệp; năng suất lao động; khả năng chi trả của doanh nghiệp.",ACTOR,gia đình họ
chunk_00284,"Mức lương tối thiểu được điều chỉnh dựa trên mức sống tối thiểu của người lao động và gia đình họ; tương quan giữa mức lương tối thiểu và mức lương trên thị trường; chỉ số giá tiêu dùng, tốc độ tăng trưởng kinh tế; quan hệ cung, cầu lao động; việc làm và thất nghiệp; năng suất lao động; khả năng chi trả của doanh nghiệp.",CONDITION,tương quan giữa mức lương tối thiểu và mức lương trên thị trường
chunk_00284,"Mức lương tối thiểu được điều chỉnh dựa trên mức sống tối thiểu của người lao động và gia đình họ; tương quan giữa mức lương tối thiểu và mức lương trên thị trường; chỉ số giá tiêu dùng, tốc độ tăng trưởng kinh tế; quan hệ cung, cầu lao động; việc làm và thất nghiệp; năng suất lao động; khả năng chi trả của doanh nghiệp.",CONDITION,"chỉ số giá tiêu dùng, tốc độ tăng trưởng kinh tế"
chunk_00284,"Mức lương tối thiểu được điều chỉnh dựa trên mức sống tối thiểu của người lao động và gia đình họ; tương quan giữa mức lương tối thiểu và mức lương trên thị trường; chỉ số giá tiêu dùng, tốc độ tăng trưởng kinh tế; quan hệ cung, cầu lao động; việc làm và thất nghiệp; năng suất lao động; khả năng chi trả của doanh nghiệp.",CONDITION,"quan hệ cung, cầu lao động"
chunk_00284,"Mức lương tối thiểu được điều chỉnh dựa trên mức sống tối thiểu của người lao động và gia đình họ; tương quan giữa mức lương tối thiểu và mức lương trên thị trường; chỉ số giá tiêu dùng, tốc độ tăng trưởng kinh tế; quan hệ cung, cầu lao động; việc làm và thất nghiệp; năng suất lao động; khả năng chi trả của doanh nghiệp.",CONDITION,việc làm và thất nghiệp
chunk_00284,"Mức lương tối thiểu được điều chỉnh dựa trên mức sống tối thiểu của người lao động và gia đình họ; tương quan giữa mức lương tối thiểu và mức lương trên thị trường; chỉ số giá tiêu dùng, tốc độ tăng trưởng kinh tế; quan hệ cung, cầu lao động; việc làm và thất nghiệp; năng suất lao động; khả năng chi trả của doanh nghiệp.",CONDITION,năng suất lao động
chunk_00284,"Mức lương tối thiểu được điều chỉnh dựa trên mức sống tối thiểu của người lao động và gia đình họ; tương quan giữa mức lương tối thiểu và mức lương trên thị trường; chỉ số giá tiêu dùng, tốc độ tăng trưởng kinh tế; quan hệ cung, cầu lao động; việc làm và thất nghiệp; năng suất lao động; khả năng chi trả của doanh nghiệp.",CONDITION,khả năng chi trả của doanh nghiệp
chunk_00284,"Mức lương tối thiểu được điều chỉnh dựa trên mức sống tối thiểu của người lao động và gia đình họ; tương quan giữa mức lương tối thiểu và mức lương trên thị trường; chỉ số giá tiêu dùng, tốc độ tăng trưởng kinh tế; quan hệ cung, cầu lao động; việc làm và thất nghiệp; năng suất lao động; khả năng chi trả của doanh nghiệp.",ACTOR,doanh nghiệp
chunk_00257,Thỏa ước lao động tập thể có thời hạn từ 01 năm đến 03 năm. Thời hạn cụ thể do các bên thỏa thuận và ghi trong thỏa ước lao động tập thể. Các bên có quyền thỏa thuận thời hạn khác nhau đối với các nội dung của thỏa ước lao động tập thể.,LEGAL_CONCEPT,Thỏa ước lao động tập thể
chunk_00257,Thỏa ước lao động tập thể có thời hạn từ 01 năm đến 03 năm. Thời hạn cụ thể do các bên thỏa thuận và ghi trong thỏa ước lao động tập thể. Các bên có quyền thỏa thuận thời hạn khác nhau đối với các nội dung của thỏa ước lao động tập thể.,TIME_PERIOD,từ 01 năm đến 03 năm
chunk_00257,Thỏa ước lao động tập thể có thời hạn từ 01 năm đến 03 năm. Thời hạn cụ thể do các bên thỏa thuận và ghi trong thỏa ước lao động tập thể. Các bên có quyền thỏa thuận thời hạn khác nhau đối với các nội dung của thỏa ước lao động tập thể.,TIME_PERIOD,Thời hạn cụ thể
chunk_00257,Thỏa ước lao động tập thể có thời hạn từ 01 năm đến 03 năm. Thời hạn cụ thể do các bên thỏa thuận và ghi trong thỏa ước lao động tập thể. Các bên có quyền thỏa thuận thời hạn khác nhau đối với các nội dung của thỏa ước lao động tập thể.,ACTOR,các bên
chunk_00257,Thỏa ước lao động tập thể có thời hạn từ 01 năm đến 03 năm. Thời hạn cụ thể do các bên thỏa thuận và ghi trong thỏa ước lao động tập thể. Các bên có quyền thỏa thuận thời hạn khác nhau đối với các nội dung của thỏa ước lao động tập thể.,ACTION,thỏa thuận
chunk_00257,Thỏa ước lao động tập thể có thời hạn từ 01 năm đến 03 năm. Thời hạn cụ thể do các bên thỏa thuận và ghi trong thỏa ước lao động tập thể. Các bên có quyền thỏa thuận thời hạn khác nhau đối với các nội dung của thỏa ước lao động tập thể.,ACTION,ghi
chunk_00257,Thỏa ước lao động tập thể có thời hạn từ 01 năm đến 03 năm. Thời hạn cụ thể do các bên thỏa thuận và ghi trong thỏa ước lao động tập thể. Các bên có quyền thỏa thuận thời hạn khác nhau đối với các nội dung của thỏa ước lao động tập thể.,LEGAL_CONCEPT,thỏa ước lao động tập thể
chunk_00257,Thỏa ước lao động tập thể có thời hạn từ 01 năm đến 03 năm. Thời hạn cụ thể do các bên thỏa thuận và ghi trong thỏa ước lao động tập thể. Các bên có quyền thỏa thuận thời hạn khác nhau đối với các nội dung của thỏa ước lao động tập thể.,ACTOR,Các bên
chunk_00257,Thỏa ước lao động tập thể có thời hạn từ 01 năm đến 03 năm. Thời hạn cụ thể do các bên thỏa thuận và ghi trong thỏa ước lao động tập thể. Các bên có quyền thỏa thuận thời hạn khác nhau đối với các nội dung của thỏa ước lao động tập thể.,RIGHT,có quyền
chunk_00257,Thỏa ước lao động tập thể có thời hạn từ 01 năm đến 03 năm. Thời hạn cụ thể do các bên thỏa thuận và ghi trong thỏa ước lao động tập thể. Các bên có quyền thỏa thuận thời hạn khác nhau đối với các nội dung của thỏa ước lao động tập thể.,ACTION,thỏa thuận
chunk_00257,Thỏa ước lao động tập thể có thời hạn từ 01 năm đến 03 năm. Thời hạn cụ thể do các bên thỏa thuận và ghi trong thỏa ước lao động tập thể. Các bên có quyền thỏa thuận thời hạn khác nhau đối với các nội dung của thỏa ước lao động tập thể.,TIME_PERIOD,thời hạn khác nhau
chunk_00257,Thỏa ước lao động tập thể có thời hạn từ 01 năm đến 03 năm. Thời hạn cụ thể do các bên thỏa thuận và ghi trong thỏa ước lao động tập thể. Các bên có quyền thỏa thuận thời hạn khác nhau đối với các nội dung của thỏa ước lao động tập thể.,LEGAL_CONCEPT,các nội dung của thỏa ước lao động tập thể
chunk_00497,"Trả cho người giúp việc gia đình khoản tiền bảo hiểm xã hội, bảo hiểm y tế theo quy định của pháp luật để người lao động chủ động tham gia bảo hiểm xã hội, bảo hiểm y tế.",ACTION,Trả
chunk_00497,"Trả cho người giúp việc gia đình khoản tiền bảo hiểm xã hội, bảo hiểm y tế theo quy định của pháp luật để người lao động chủ động tham gia bảo hiểm xã hội, bảo hiểm y tế.",ACTOR,người giúp việc gia đình
chunk_00497,"Trả cho người giúp việc gia đình khoản tiền bảo hiểm xã hội, bảo hiểm y tế theo quy định của pháp luật để người lao động chủ động tham gia bảo hiểm xã hội, bảo hiểm y tế.",LEGAL_CONCEPT,khoản tiền bảo hiểm xã hội
chunk_00497,"Trả cho người giúp việc gia đình khoản tiền bảo hiểm xã hội, bảo hiểm y tế theo quy định của pháp luật để người lao động chủ động tham gia bảo hiểm xã hội, bảo hiểm y tế.",LEGAL_CONCEPT,bảo hiểm y tế
chunk_00497,"Trả cho người giúp việc gia đình khoản tiền bảo hiểm xã hội, bảo hiểm y tế theo quy định của pháp luật để người lao động chủ động tham gia bảo hiểm xã hội, bảo hiểm y tế.",CONDITION,theo quy định của pháp luật
chunk_00497,"Trả cho người giúp việc gia đình khoản tiền bảo hiểm xã hội, bảo hiểm y tế theo quy định của pháp luật để người lao động chủ động tham gia bảo hiểm xã hội, bảo hiểm y tế.",ACTOR,người lao động
chunk_00497,"Trả cho người giúp việc gia đình khoản tiền bảo hiểm xã hội, bảo hiểm y tế theo quy định của pháp luật để người lao động chủ động tham gia bảo hiểm xã hội, bảo hiểm y tế.",ACTION,chủ động tham gia
chunk_00497,"Trả cho người giúp việc gia đình khoản tiền bảo hiểm xã hội, bảo hiểm y tế theo quy định của pháp luật để người lao động chủ động tham gia bảo hiểm xã hội, bảo hiểm y tế.",LEGAL_CONCEPT,bảo hiểm xã hội
chunk_00497,"Trả cho người giúp việc gia đình khoản tiền bảo hiểm xã hội, bảo hiểm y tế theo quy định của pháp luật để người lao động chủ động tham gia bảo hiểm xã hội, bảo hiểm y tế.",LEGAL_CONCEPT,bảo hiểm y tế
chunk_00159,Thẩm quyền tuyên bố hợp đồng lao động vô hiệu Tòa án nhân dân có quyền tuyên bố hợp đồng lao động vô hiệu.,LEGAL_CONCEPT,Thẩm quyền
chunk_00159,Thẩm quyền tuyên bố hợp đồng lao động vô hiệu Tòa án nhân dân có quyền tuyên bố hợp đồng lao động vô hiệu.,ACTION,tuyên bố
chunk_00159,Thẩm quyền tuyên bố hợp đồng lao động vô hiệu Tòa án nhân dân có quyền tuyên bố hợp đồng lao động vô hiệu.,LEGAL_CONCEPT,hợp đồng lao động vô hiệu
chunk_00159,Thẩm quyền tuyên bố hợp đồng lao động vô hiệu Tòa án nhân dân có quyền tuyên bố hợp đồng lao động vô hiệu.,LEGAL_CONCEPT,hợp đồng lao động
chunk_00159,Thẩm quyền tuyên bố hợp đồng lao động vô hiệu Tòa án nhân dân có quyền tuyên bố hợp đồng lao động vô hiệu.,ACTOR,Tòa án nhân dân
chunk_00159,Thẩm quyền tuyên bố hợp đồng lao động vô hiệu Tòa án nhân dân có quyền tuyên bố hợp đồng lao động vô hiệu.,RIGHT,có quyền
chunk_00584,"Trong thời hạn 07 ngày làm việc kể từ ngày nhận được yêu cầu giải quyết tranh chấp theo quy định tại khoản 1 Điều này, Ban trọng tài lao động phải được thành lập để giải quyết tranh chấp.",TIME_PERIOD,07 ngày làm việc kể từ ngày nhận được yêu cầu giải quyết tranh chấp
chunk_00584,"Trong thời hạn 07 ngày làm việc kể từ ngày nhận được yêu cầu giải quyết tranh chấp theo quy định tại khoản 1 Điều này, Ban trọng tài lao động phải được thành lập để giải quyết tranh chấp.",LEGAL_REF,khoản 1 Điều này
chunk_00584,"Trong thời hạn 07 ngày làm việc kể từ ngày nhận được yêu cầu giải quyết tranh chấp theo quy định tại khoản 1 Điều này, Ban trọng tài lao động phải được thành lập để giải quyết tranh chấp.",ACTOR,Ban trọng tài lao động
chunk_00584,"Trong thời hạn 07 ngày làm việc kể từ ngày nhận được yêu cầu giải quyết tranh chấp theo quy định tại khoản 1 Điều này, Ban trọng tài lao động phải được thành lập để giải quyết tranh chấp.",OBLIGATION,phải được thành lập
chunk_00584,"Trong thời hạn 07 ngày làm việc kể từ ngày nhận được yêu cầu giải quyết tranh chấp theo quy định tại khoản 1 Điều này, Ban trọng tài lao động phải được thành lập để giải quyết tranh chấp.",ACTION,giải quyết tranh chấp
chunk_00291,"Người sử dụng lao động phải tham khảo ý kiến của tổ chức đại diện người lao động tại cơ sở đối với nơi có tổ chức đại diện người lao động tại cơ sở khi xây dựng thang lương, bảng lương và định mức lao động. Thang lương, bảng lương và mức lao động phải được công bố công khai tại nơi làm việc trước khi thực hiện.",ACTOR,Người sử dụng lao động
chunk_00291,"Người sử dụng lao động phải tham khảo ý kiến của tổ chức đại diện người lao động tại cơ sở đối với nơi có tổ chức đại diện người lao động tại cơ sở khi xây dựng thang lương, bảng lương và định mức lao động. Thang lương, bảng lương và mức lao động phải được công bố công khai tại nơi làm việc trước khi thực hiện.",ACTOR,tổ chức đại diện người lao động tại cơ sở
chunk_00291,"Người sử dụng lao động phải tham khảo ý kiến của tổ chức đại diện người lao động tại cơ sở đối với nơi có tổ chức đại diện người lao động tại cơ sở khi xây dựng thang lương, bảng lương và định mức lao động. Thang lương, bảng lương và mức lao động phải được công bố công khai tại nơi làm việc trước khi thực hiện.",LEGAL_CONCEPT,thang lương
chunk_00291,"Người sử dụng lao động phải tham khảo ý kiến của tổ chức đại diện người lao động tại cơ sở đối với nơi có tổ chức đại diện người lao động tại cơ sở khi xây dựng thang lương, bảng lương và định mức lao động. Thang lương, bảng lương và mức lao động phải được công bố công khai tại nơi làm việc trước khi thực hiện.",LEGAL_CONCEPT,bảng lương
chunk_00291,"Người sử dụng lao động phải tham khảo ý kiến của tổ chức đại diện người lao động tại cơ sở đối với nơi có tổ chức đại diện người lao động tại cơ sở khi xây dựng thang lương, bảng lương và định mức lao động. Thang lương, bảng lương và mức lao động phải được công bố công khai tại nơi làm việc trước khi thực hiện.",LEGAL_CONCEPT,định mức lao động
chunk_00291,"Người sử dụng lao động phải tham khảo ý kiến của tổ chức đại diện người lao động tại cơ sở đối với nơi có tổ chức đại diện người lao động tại cơ sở khi xây dựng thang lương, bảng lương và định mức lao động. Thang lương, bảng lương và mức lao động phải được công bố công khai tại nơi làm việc trước khi thực hiện.",LEGAL_CONCEPT,mức lao động
chunk_00291,"Người sử dụng lao động phải tham khảo ý kiến của tổ chức đại diện người lao động tại cơ sở đối với nơi có tổ chức đại diện người lao động tại cơ sở khi xây dựng thang lương, bảng lương và định mức lao động. Thang lương, bảng lương và mức lao động phải được công bố công khai tại nơi làm việc trước khi thực hiện.",ACTION,tham khảo ý kiến
chunk_00291,"Người sử dụng lao động phải tham khảo ý kiến của tổ chức đại diện người lao động tại cơ sở đối với nơi có tổ chức đại diện người lao động tại cơ sở khi xây dựng thang lương, bảng lương và định mức lao động. Thang lương, bảng lương và mức lao động phải được công bố công khai tại nơi làm việc trước khi thực hiện.",ACTION,xây dựng
chunk_00291,"Người sử dụng lao động phải tham khảo ý kiến của tổ chức đại diện người lao động tại cơ sở đối với nơi có tổ chức đại diện người lao động tại cơ sở khi xây dựng thang lương, bảng lương và định mức lao động. Thang lương, bảng lương và mức lao động phải được công bố công khai tại nơi làm việc trước khi thực hiện.",ACTION,công bố công khai
chunk_00291,"Người sử dụng lao động phải tham khảo ý kiến của tổ chức đại diện người lao động tại cơ sở đối với nơi có tổ chức đại diện người lao động tại cơ sở khi xây dựng thang lương, bảng lương và định mức lao động. Thang lương, bảng lương và mức lao động phải được công bố công khai tại nơi làm việc trước khi thực hiện.",ACTION,thực hiện
chunk_00291,"Người sử dụng lao động phải tham khảo ý kiến của tổ chức đại diện người lao động tại cơ sở đối với nơi có tổ chức đại diện người lao động tại cơ sở khi xây dựng thang lương, bảng lương và định mức lao động. Thang lương, bảng lương và mức lao động phải được công bố công khai tại nơi làm việc trước khi thực hiện.",OBLIGATION,"phải tham khảo ý kiến của tổ chức đại diện người lao động tại cơ sở đối với nơi có tổ chức đại diện người lao động tại cơ sở khi xây dựng thang lương, bảng lương và định mức lao động"
chunk_00291,"Người sử dụng lao động phải tham khảo ý kiến của tổ chức đại diện người lao động tại cơ sở đối với nơi có tổ chức đại diện người lao động tại cơ sở khi xây dựng thang lương, bảng lương và định mức lao động. Thang lương, bảng lương và mức lao động phải được công bố công khai tại nơi làm việc trước khi thực hiện.",OBLIGATION,phải được công bố công khai tại nơi làm việc trước khi thực hiện
chunk_00291,"Người sử dụng lao động phải tham khảo ý kiến của tổ chức đại diện người lao động tại cơ sở đối với nơi có tổ chức đại diện người lao động tại cơ sở khi xây dựng thang lương, bảng lương và định mức lao động. Thang lương, bảng lương và mức lao động phải được công bố công khai tại nơi làm việc trước khi thực hiện.",CONDITION,đối với nơi có tổ chức đại diện người lao động tại cơ sở
chunk_00291,"Người sử dụng lao động phải tham khảo ý kiến của tổ chức đại diện người lao động tại cơ sở đối với nơi có tổ chức đại diện người lao động tại cơ sở khi xây dựng thang lương, bảng lương và định mức lao động. Thang lương, bảng lương và mức lao động phải được công bố công khai tại nơi làm việc trước khi thực hiện.",CONDITION,"khi xây dựng thang lương, bảng lương và định mức lao động"
chunk_00291,"Người sử dụng lao động phải tham khảo ý kiến của tổ chức đại diện người lao động tại cơ sở đối với nơi có tổ chức đại diện người lao động tại cơ sở khi xây dựng thang lương, bảng lương và định mức lao động. Thang lương, bảng lương và mức lao động phải được công bố công khai tại nơi làm việc trước khi thực hiện.",TIME_PERIOD,trước khi thực hiện
chunk_00215,"Bảo đảm an toàn, vệ sinh lao động; thực hiện nội quy lao động;",OBLIGATION,"Bảo đảm an toàn, vệ sinh lao động"
chunk_00215,"Bảo đảm an toàn, vệ sinh lao động; thực hiện nội quy lao động;",OBLIGATION,thực hiện nội quy lao động
chunk_00248,"Đối với thỏa ước lao động tập thể ngành, đối tượng lấy ý kiến bao gồm toàn bộ thành viên ban lãnh đạo của các tổ chức đại diện người lao động tại các doanh nghiệp tham gia thương lượng. Thỏa ước lao động tập thể ngành chỉ được ký kết khi có trên 50% tổng số người được lấy ý kiến biểu quyết tán thành. Đối với thỏa ước lao động tập thể có nhiều doanh nghiệp, đối tượng lấy ý kiến bao gồm toàn bộ người lao động tại các doanh nghiệp tham gia thương lượng hoặc toàn bộ thành viên ban lãnh đạo của các tổ chức đại diện người lao động tại các doanh nghiệp tham gia thương lượng. Chỉ những doanh nghiệp có trên 50% số người được lấy ý kiến biểu quyết tán thành mới tham gia ký kết thỏa ước lao động tập thể có nhiều doanh nghiệp.",ACTOR,toàn bộ thành viên ban lãnh đạo của các tổ chức đại diện người lao động tại các doanh nghiệp tham gia thương lượng
chunk_00248,"Đối với thỏa ước lao động tập thể ngành, đối tượng lấy ý kiến bao gồm toàn bộ thành viên ban lãnh đạo của các tổ chức đại diện người lao động tại các doanh nghiệp tham gia thương lượng. Thỏa ước lao động tập thể ngành chỉ được ký kết khi có trên 50% tổng số người được lấy ý kiến biểu quyết tán thành. Đối với thỏa ước lao động tập thể có nhiều doanh nghiệp, đối tượng lấy ý kiến bao gồm toàn bộ người lao động tại các doanh nghiệp tham gia thương lượng hoặc toàn bộ thành viên ban lãnh đạo của các tổ chức đại diện người lao động tại các doanh nghiệp tham gia thương lượng. Chỉ những doanh nghiệp có trên 50% số người được lấy ý kiến biểu quyết tán thành mới tham gia ký kết thỏa ước lao động tập thể có nhiều doanh nghiệp.",ACTOR,toàn bộ người lao động tại các doanh nghiệp tham gia thương lượng
chunk_00248,"Đối với thỏa ước lao động tập thể ngành, đối tượng lấy ý kiến bao gồm toàn bộ thành viên ban lãnh đạo của các tổ chức đại diện người lao động tại các doanh nghiệp tham gia thương lượng. Thỏa ước lao động tập thể ngành chỉ được ký kết khi có trên 50% tổng số người được lấy ý kiến biểu quyết tán thành. Đối với thỏa ước lao động tập thể có nhiều doanh nghiệp, đối tượng lấy ý kiến bao gồm toàn bộ người lao động tại các doanh nghiệp tham gia thương lượng hoặc toàn bộ thành viên ban lãnh đạo của các tổ chức đại diện người lao động tại các doanh nghiệp tham gia thương lượng. Chỉ những doanh nghiệp có trên 50% số người được lấy ý kiến biểu quyết tán thành mới tham gia ký kết thỏa ước lao động tập thể có nhiều doanh nghiệp.",LEGAL_CONCEPT,thỏa ước lao động tập thể ngành
chunk_00248,"Đối với thỏa ước lao động tập thể ngành, đối tượng lấy ý kiến bao gồm toàn bộ thành viên ban lãnh đạo của các tổ chức đại diện người lao động tại các doanh nghiệp tham gia thương lượng. Thỏa ước lao động tập thể ngành chỉ được ký kết khi có trên 50% tổng số người được lấy ý kiến biểu quyết tán thành. Đối với thỏa ước lao động tập thể có nhiều doanh nghiệp, đối tượng lấy ý kiến bao gồm toàn bộ người lao động tại các doanh nghiệp tham gia thương lượng hoặc toàn bộ thành viên ban lãnh đạo của các tổ chức đại diện người lao động tại các doanh nghiệp tham gia thương lượng. Chỉ những doanh nghiệp có trên 50% số người được lấy ý kiến biểu quyết tán thành mới tham gia ký kết thỏa ước lao động tập thể có nhiều doanh nghiệp.",LEGAL_CONCEPT,thỏa ước lao động tập thể có nhiều doanh nghiệp
chunk_00248,"Đối với thỏa ước lao động tập thể ngành, đối tượng lấy ý kiến bao gồm toàn bộ thành viên ban lãnh đạo của các tổ chức đại diện người lao động tại các doanh nghiệp tham gia thương lượng. Thỏa ước lao động tập thể ngành chỉ được ký kết khi có trên 50% tổng số người được lấy ý kiến biểu quyết tán thành. Đối với thỏa ước lao động tập thể có nhiều doanh nghiệp, đối tượng lấy ý kiến bao gồm toàn bộ người lao động tại các doanh nghiệp tham gia thương lượng hoặc toàn bộ thành viên ban lãnh đạo của các tổ chức đại diện người lao động tại các doanh nghiệp tham gia thương lượng. Chỉ những doanh nghiệp có trên 50% số người được lấy ý kiến biểu quyết tán thành mới tham gia ký kết thỏa ước lao động tập thể có nhiều doanh nghiệp.",LEGAL_CONCEPT,đối tượng lấy ý kiến
chunk_00248,"Đối với thỏa ước lao động tập thể ngành, đối tượng lấy ý kiến bao gồm toàn bộ thành viên ban lãnh đạo của các tổ chức đại diện người lao động tại các doanh nghiệp tham gia thương lượng. Thỏa ước lao động tập thể ngành chỉ được ký kết khi có trên 50% tổng số người được lấy ý kiến biểu quyết tán thành. Đối với thỏa ước lao động tập thể có nhiều doanh nghiệp, đối tượng lấy ý kiến bao gồm toàn bộ người lao động tại các doanh nghiệp tham gia thương lượng hoặc toàn bộ thành viên ban lãnh đạo của các tổ chức đại diện người lao động tại các doanh nghiệp tham gia thương lượng. Chỉ những doanh nghiệp có trên 50% số người được lấy ý kiến biểu quyết tán thành mới tham gia ký kết thỏa ước lao động tập thể có nhiều doanh nghiệp.",ACTION,lấy ý kiến
chunk_00248,"Đối với thỏa ước lao động tập thể ngành, đối tượng lấy ý kiến bao gồm toàn bộ thành viên ban lãnh đạo của các tổ chức đại diện người lao động tại các doanh nghiệp tham gia thương lượng. Thỏa ước lao động tập thể ngành chỉ được ký kết khi có trên 50% tổng số người được lấy ý kiến biểu quyết tán thành. Đối với thỏa ước lao động tập thể có nhiều doanh nghiệp, đối tượng lấy ý kiến bao gồm toàn bộ người lao động tại các doanh nghiệp tham gia thương lượng hoặc toàn bộ thành viên ban lãnh đạo của các tổ chức đại diện người lao động tại các doanh nghiệp tham gia thương lượng. Chỉ những doanh nghiệp có trên 50% số người được lấy ý kiến biểu quyết tán thành mới tham gia ký kết thỏa ước lao động tập thể có nhiều doanh nghiệp.",ACTION,ký kết
chunk_00248,"Đối với thỏa ước lao động tập thể ngành, đối tượng lấy ý kiến bao gồm toàn bộ thành viên ban lãnh đạo của các tổ chức đại diện người lao động tại các doanh nghiệp tham gia thương lượng. Thỏa ước lao động tập thể ngành chỉ được ký kết khi có trên 50% tổng số người được lấy ý kiến biểu quyết tán thành. Đối với thỏa ước lao động tập thể có nhiều doanh nghiệp, đối tượng lấy ý kiến bao gồm toàn bộ người lao động tại các doanh nghiệp tham gia thương lượng hoặc toàn bộ thành viên ban lãnh đạo của các tổ chức đại diện người lao động tại các doanh nghiệp tham gia thương lượng. Chỉ những doanh nghiệp có trên 50% số người được lấy ý kiến biểu quyết tán thành mới tham gia ký kết thỏa ước lao động tập thể có nhiều doanh nghiệp.",ACTION,tham gia ký kết
chunk_00248,"Đối với thỏa ước lao động tập thể ngành, đối tượng lấy ý kiến bao gồm toàn bộ thành viên ban lãnh đạo của các tổ chức đại diện người lao động tại các doanh nghiệp tham gia thương lượng. Thỏa ước lao động tập thể ngành chỉ được ký kết khi có trên 50% tổng số người được lấy ý kiến biểu quyết tán thành. Đối với thỏa ước lao động tập thể có nhiều doanh nghiệp, đối tượng lấy ý kiến bao gồm toàn bộ người lao động tại các doanh nghiệp tham gia thương lượng hoặc toàn bộ thành viên ban lãnh đạo của các tổ chức đại diện người lao động tại các doanh nghiệp tham gia thương lượng. Chỉ những doanh nghiệp có trên 50% số người được lấy ý kiến biểu quyết tán thành mới tham gia ký kết thỏa ước lao động tập thể có nhiều doanh nghiệp.",ACTION,biểu quyết tán thành
chunk_00248,"Đối với thỏa ước lao động tập thể ngành, đối tượng lấy ý kiến bao gồm toàn bộ thành viên ban lãnh đạo của các tổ chức đại diện người lao động tại các doanh nghiệp tham gia thương lượng. Thỏa ước lao động tập thể ngành chỉ được ký kết khi có trên 50% tổng số người được lấy ý kiến biểu quyết tán thành. Đối với thỏa ước lao động tập thể có nhiều doanh nghiệp, đối tượng lấy ý kiến bao gồm toàn bộ người lao động tại các doanh nghiệp tham gia thương lượng hoặc toàn bộ thành viên ban lãnh đạo của các tổ chức đại diện người lao động tại các doanh nghiệp tham gia thương lượng. Chỉ những doanh nghiệp có trên 50% số người được lấy ý kiến biểu quyết tán thành mới tham gia ký kết thỏa ước lao động tập thể có nhiều doanh nghiệp.",OBLIGATION,Thỏa ước lao động tập thể ngành chỉ được ký kết khi có trên 50% tổng số người được lấy ý kiến biểu quyết tán thành
chunk_00248,"Đối với thỏa ước lao động tập thể ngành, đối tượng lấy ý kiến bao gồm toàn bộ thành viên ban lãnh đạo của các tổ chức đại diện người lao động tại các doanh nghiệp tham gia thương lượng. Thỏa ước lao động tập thể ngành chỉ được ký kết khi có trên 50% tổng số người được lấy ý kiến biểu quyết tán thành. Đối với thỏa ước lao động tập thể có nhiều doanh nghiệp, đối tượng lấy ý kiến bao gồm toàn bộ người lao động tại các doanh nghiệp tham gia thương lượng hoặc toàn bộ thành viên ban lãnh đạo của các tổ chức đại diện người lao động tại các doanh nghiệp tham gia thương lượng. Chỉ những doanh nghiệp có trên 50% số người được lấy ý kiến biểu quyết tán thành mới tham gia ký kết thỏa ước lao động tập thể có nhiều doanh nghiệp.",OBLIGATION,Chỉ những doanh nghiệp có trên 50% số người được lấy ý kiến biểu quyết tán thành mới tham gia ký kết thỏa ước lao động tập thể có nhiều doanh nghiệp
chunk_00248,"Đối với thỏa ước lao động tập thể ngành, đối tượng lấy ý kiến bao gồm toàn bộ thành viên ban lãnh đạo của các tổ chức đại diện người lao động tại các doanh nghiệp tham gia thương lượng. Thỏa ước lao động tập thể ngành chỉ được ký kết khi có trên 50% tổng số người được lấy ý kiến biểu quyết tán thành. Đối với thỏa ước lao động tập thể có nhiều doanh nghiệp, đối tượng lấy ý kiến bao gồm toàn bộ người lao động tại các doanh nghiệp tham gia thương lượng hoặc toàn bộ thành viên ban lãnh đạo của các tổ chức đại diện người lao động tại các doanh nghiệp tham gia thương lượng. Chỉ những doanh nghiệp có trên 50% số người được lấy ý kiến biểu quyết tán thành mới tham gia ký kết thỏa ước lao động tập thể có nhiều doanh nghiệp.",CONDITION,Đối với thỏa ước lao động tập thể ngành
chunk_00248,"Đối với thỏa ước lao động tập thể ngành, đối tượng lấy ý kiến bao gồm toàn bộ thành viên ban lãnh đạo của các tổ chức đại diện người lao động tại các doanh nghiệp tham gia thương lượng. Thỏa ước lao động tập thể ngành chỉ được ký kết khi có trên 50% tổng số người được lấy ý kiến biểu quyết tán thành. Đối với thỏa ước lao động tập thể có nhiều doanh nghiệp, đối tượng lấy ý kiến bao gồm toàn bộ người lao động tại các doanh nghiệp tham gia thương lượng hoặc toàn bộ thành viên ban lãnh đạo của các tổ chức đại diện người lao động tại các doanh nghiệp tham gia thương lượng. Chỉ những doanh nghiệp có trên 50% số người được lấy ý kiến biểu quyết tán thành mới tham gia ký kết thỏa ước lao động tập thể có nhiều doanh nghiệp.",CONDITION,Đối với thỏa ước lao động tập thể có nhiều doanh nghiệp
chunk_00248,"Đối với thỏa ước lao động tập thể ngành, đối tượng lấy ý kiến bao gồm toàn bộ thành viên ban lãnh đạo của các tổ chức đại diện người lao động tại các doanh nghiệp tham gia thương lượng. Thỏa ước lao động tập thể ngành chỉ được ký kết khi có trên 50% tổng số người được lấy ý kiến biểu quyết tán thành. Đối với thỏa ước lao động tập thể có nhiều doanh nghiệp, đối tượng lấy ý kiến bao gồm toàn bộ người lao động tại các doanh nghiệp tham gia thương lượng hoặc toàn bộ thành viên ban lãnh đạo của các tổ chức đại diện người lao động tại các doanh nghiệp tham gia thương lượng. Chỉ những doanh nghiệp có trên 50% số người được lấy ý kiến biểu quyết tán thành mới tham gia ký kết thỏa ước lao động tập thể có nhiều doanh nghiệp.",CONDITION,khi có trên 50% tổng số người được lấy ý kiến biểu quyết tán thành
chunk_00248,"Đối với thỏa ước lao động tập thể ngành, đối tượng lấy ý kiến bao gồm toàn bộ thành viên ban lãnh đạo của các tổ chức đại diện người lao động tại các doanh nghiệp tham gia thương lượng. Thỏa ước lao động tập thể ngành chỉ được ký kết khi có trên 50% tổng số người được lấy ý kiến biểu quyết tán thành. Đối với thỏa ước lao động tập thể có nhiều doanh nghiệp, đối tượng lấy ý kiến bao gồm toàn bộ người lao động tại các doanh nghiệp tham gia thương lượng hoặc toàn bộ thành viên ban lãnh đạo của các tổ chức đại diện người lao động tại các doanh nghiệp tham gia thương lượng. Chỉ những doanh nghiệp có trên 50% số người được lấy ý kiến biểu quyết tán thành mới tham gia ký kết thỏa ước lao động tập thể có nhiều doanh nghiệp.",CONDITION,có trên 50% số người được lấy ý kiến biểu quyết tán thành
chunk_00612,"Trong thời hạn 30 ngày kể từ ngày được thành lập, căn cứ vào quy định của pháp luật về lao động, thỏa ước lao động tập thể, nội quy lao động đã được đăng ký và các quy chế, thỏa thuận hợp pháp khác, Ban trọng tài lao động phải ra quyết định về việc giải quyết tranh chấp và gửi cho các bên tranh chấp.",TIME_PERIOD,thời hạn 30 ngày kể từ ngày được thành lập
chunk_00612,"Trong thời hạn 30 ngày kể từ ngày được thành lập, căn cứ vào quy định của pháp luật về lao động, thỏa ước lao động tập thể, nội quy lao động đã được đăng ký và các quy chế, thỏa thuận hợp pháp khác, Ban trọng tài lao động phải ra quyết định về việc giải quyết tranh chấp và gửi cho các bên tranh chấp.",CONDITION,"căn cứ vào quy định của pháp luật về lao động, thỏa ước lao động tập thể, nội quy lao động đã được đăng ký và các quy chế, thỏa thuận hợp pháp khác"
chunk_00612,"Trong thời hạn 30 ngày kể từ ngày được thành lập, căn cứ vào quy định của pháp luật về lao động, thỏa ước lao động tập thể, nội quy lao động đã được đăng ký và các quy chế, thỏa thuận hợp pháp khác, Ban trọng tài lao động phải ra quyết định về việc giải quyết tranh chấp và gửi cho các bên tranh chấp.",ACTOR,Ban trọng tài lao động
chunk_00612,"Trong thời hạn 30 ngày kể từ ngày được thành lập, căn cứ vào quy định của pháp luật về lao động, thỏa ước lao động tập thể, nội quy lao động đã được đăng ký và các quy chế, thỏa thuận hợp pháp khác, Ban trọng tài lao động phải ra quyết định về việc giải quyết tranh chấp và gửi cho các bên tranh chấp.",OBLIGATION,phải ra quyết định về việc giải quyết tranh chấp và gửi cho các bên tranh chấp
chunk_00612,"Trong thời hạn 30 ngày kể từ ngày được thành lập, căn cứ vào quy định của pháp luật về lao động, thỏa ước lao động tập thể, nội quy lao động đã được đăng ký và các quy chế, thỏa thuận hợp pháp khác, Ban trọng tài lao động phải ra quyết định về việc giải quyết tranh chấp và gửi cho các bên tranh chấp.",ACTOR,các bên tranh chấp
chunk_00247,"Đối với thỏa ước lao động tập thể doanh nghiệp, trước khi ký kết, dự thảo thỏa ước lao động tập thể đã được các bên đàm phán phải được lấy ý kiến của toàn bộ người lao động trong doanh nghiệp. Thỏa ước lao động tập thể doanh nghiệp chỉ được ký kết khi có trên 50% người lao động của doanh nghiệp biểu quyết tán thành.",ACTOR,các bên đàm phán
chunk_00247,"Đối với thỏa ước lao động tập thể doanh nghiệp, trước khi ký kết, dự thảo thỏa ước lao động tập thể đã được các bên đàm phán phải được lấy ý kiến của toàn bộ người lao động trong doanh nghiệp. Thỏa ước lao động tập thể doanh nghiệp chỉ được ký kết khi có trên 50% người lao động của doanh nghiệp biểu quyết tán thành.",ACTOR,toàn bộ người lao động trong doanh nghiệp
chunk_00247,"Đối với thỏa ước lao động tập thể doanh nghiệp, trước khi ký kết, dự thảo thỏa ước lao động tập thể đã được các bên đàm phán phải được lấy ý kiến của toàn bộ người lao động trong doanh nghiệp. Thỏa ước lao động tập thể doanh nghiệp chỉ được ký kết khi có trên 50% người lao động của doanh nghiệp biểu quyết tán thành.",LEGAL_CONCEPT,thỏa ước lao động tập thể doanh nghiệp
chunk_00247,"Đối với thỏa ước lao động tập thể doanh nghiệp, trước khi ký kết, dự thảo thỏa ước lao động tập thể đã được các bên đàm phán phải được lấy ý kiến của toàn bộ người lao động trong doanh nghiệp. Thỏa ước lao động tập thể doanh nghiệp chỉ được ký kết khi có trên 50% người lao động của doanh nghiệp biểu quyết tán thành.",LEGAL_CONCEPT,dự thảo thỏa ước lao động tập thể
chunk_00247,"Đối với thỏa ước lao động tập thể doanh nghiệp, trước khi ký kết, dự thảo thỏa ước lao động tập thể đã được các bên đàm phán phải được lấy ý kiến của toàn bộ người lao động trong doanh nghiệp. Thỏa ước lao động tập thể doanh nghiệp chỉ được ký kết khi có trên 50% người lao động của doanh nghiệp biểu quyết tán thành.",ACTION,đàm phán
chunk_00247,"Đối với thỏa ước lao động tập thể doanh nghiệp, trước khi ký kết, dự thảo thỏa ước lao động tập thể đã được các bên đàm phán phải được lấy ý kiến của toàn bộ người lao động trong doanh nghiệp. Thỏa ước lao động tập thể doanh nghiệp chỉ được ký kết khi có trên 50% người lao động của doanh nghiệp biểu quyết tán thành.",ACTION,lấy ý kiến
chunk_00247,"Đối với thỏa ước lao động tập thể doanh nghiệp, trước khi ký kết, dự thảo thỏa ước lao động tập thể đã được các bên đàm phán phải được lấy ý kiến của toàn bộ người lao động trong doanh nghiệp. Thỏa ước lao động tập thể doanh nghiệp chỉ được ký kết khi có trên 50% người lao động của doanh nghiệp biểu quyết tán thành.",ACTION,ký kết
chunk_00247,"Đối với thỏa ước lao động tập thể doanh nghiệp, trước khi ký kết, dự thảo thỏa ước lao động tập thể đã được các bên đàm phán phải được lấy ý kiến của toàn bộ người lao động trong doanh nghiệp. Thỏa ước lao động tập thể doanh nghiệp chỉ được ký kết khi có trên 50% người lao động của doanh nghiệp biểu quyết tán thành.",ACTION,biểu quyết tán thành
chunk_00247,"Đối với thỏa ước lao động tập thể doanh nghiệp, trước khi ký kết, dự thảo thỏa ước lao động tập thể đã được các bên đàm phán phải được lấy ý kiến của toàn bộ người lao động trong doanh nghiệp. Thỏa ước lao động tập thể doanh nghiệp chỉ được ký kết khi có trên 50% người lao động của doanh nghiệp biểu quyết tán thành.",OBLIGATION,dự thảo thỏa ước lao động tập thể đã được các bên đàm phán phải được lấy ý kiến của toàn bộ người lao động trong doanh nghiệp
chunk_00247,"Đối với thỏa ước lao động tập thể doanh nghiệp, trước khi ký kết, dự thảo thỏa ước lao động tập thể đã được các bên đàm phán phải được lấy ý kiến của toàn bộ người lao động trong doanh nghiệp. Thỏa ước lao động tập thể doanh nghiệp chỉ được ký kết khi có trên 50% người lao động của doanh nghiệp biểu quyết tán thành.",OBLIGATION,Thỏa ước lao động tập thể doanh nghiệp chỉ được ký kết khi có trên 50% người lao động của doanh nghiệp biểu quyết tán thành
chunk_00247,"Đối với thỏa ước lao động tập thể doanh nghiệp, trước khi ký kết, dự thảo thỏa ước lao động tập thể đã được các bên đàm phán phải được lấy ý kiến của toàn bộ người lao động trong doanh nghiệp. Thỏa ước lao động tập thể doanh nghiệp chỉ được ký kết khi có trên 50% người lao động của doanh nghiệp biểu quyết tán thành.",CONDITION,Đối với thỏa ước lao động tập thể doanh nghiệp
chunk_00247,"Đối với thỏa ước lao động tập thể doanh nghiệp, trước khi ký kết, dự thảo thỏa ước lao động tập thể đã được các bên đàm phán phải được lấy ý kiến của toàn bộ người lao động trong doanh nghiệp. Thỏa ước lao động tập thể doanh nghiệp chỉ được ký kết khi có trên 50% người lao động của doanh nghiệp biểu quyết tán thành.",CONDITION,khi có trên 50% người lao động của doanh nghiệp biểu quyết tán thành
chunk_00247,"Đối với thỏa ước lao động tập thể doanh nghiệp, trước khi ký kết, dự thảo thỏa ước lao động tập thể đã được các bên đàm phán phải được lấy ý kiến của toàn bộ người lao động trong doanh nghiệp. Thỏa ước lao động tập thể doanh nghiệp chỉ được ký kết khi có trên 50% người lao động của doanh nghiệp biểu quyết tán thành.",TIME_PERIOD,trước khi ký kết
chunk_00671,"Việc thanh tra an toàn, vệ sinh lao động thực hiện theo quy định của Luật An toàn, vệ sinh lao động.",LEGAL_CONCEPT,"Việc thanh tra an toàn, vệ sinh lao động"
chunk_00671,"Việc thanh tra an toàn, vệ sinh lao động thực hiện theo quy định của Luật An toàn, vệ sinh lao động.",LEGAL_REF,"Luật An toàn, vệ sinh lao động"
chunk_00008,"Tổ chức đại diện người lao động tại cơ sở là tổ chức được thành lập trên cơ sở tự nguyện của người lao động tại một đơn vị sử dụng lao động nhằm mục đích bảo vệ quyền và lợi ích hợp pháp, chính đáng của người lao động trong quan hệ lao động thông qua thương lượng tập thể hoặc các hình thức khác theo quy định của pháp luật về lao động. Tổ chức đại diện người lao động tại cơ sở bao gồm công đoàn cơ sở và tổ chức của người lao động tại doanh nghiệp.",ACTOR,Tổ chức đại diện người lao động tại cơ sở
chunk_00008,"Tổ chức đại diện người lao động tại cơ sở là tổ chức được thành lập trên cơ sở tự nguyện của người lao động tại một đơn vị sử dụng lao động nhằm mục đích bảo vệ quyền và lợi ích hợp pháp, chính đáng của người lao động trong quan hệ lao động thông qua thương lượng tập thể hoặc các hình thức khác theo quy định của pháp luật về lao động. Tổ chức đại diện người lao động tại cơ sở bao gồm công đoàn cơ sở và tổ chức của người lao động tại doanh nghiệp.",ACTOR,người lao động tại một đơn vị sử dụng lao động
chunk_00008,"Tổ chức đại diện người lao động tại cơ sở là tổ chức được thành lập trên cơ sở tự nguyện của người lao động tại một đơn vị sử dụng lao động nhằm mục đích bảo vệ quyền và lợi ích hợp pháp, chính đáng của người lao động trong quan hệ lao động thông qua thương lượng tập thể hoặc các hình thức khác theo quy định của pháp luật về lao động. Tổ chức đại diện người lao động tại cơ sở bao gồm công đoàn cơ sở và tổ chức của người lao động tại doanh nghiệp.",ACTOR,đơn vị sử dụng lao động
chunk_00008,"Tổ chức đại diện người lao động tại cơ sở là tổ chức được thành lập trên cơ sở tự nguyện của người lao động tại một đơn vị sử dụng lao động nhằm mục đích bảo vệ quyền và lợi ích hợp pháp, chính đáng của người lao động trong quan hệ lao động thông qua thương lượng tập thể hoặc các hình thức khác theo quy định của pháp luật về lao động. Tổ chức đại diện người lao động tại cơ sở bao gồm công đoàn cơ sở và tổ chức của người lao động tại doanh nghiệp.",ACTOR,công đoàn cơ sở
chunk_00008,"Tổ chức đại diện người lao động tại cơ sở là tổ chức được thành lập trên cơ sở tự nguyện của người lao động tại một đơn vị sử dụng lao động nhằm mục đích bảo vệ quyền và lợi ích hợp pháp, chính đáng của người lao động trong quan hệ lao động thông qua thương lượng tập thể hoặc các hình thức khác theo quy định của pháp luật về lao động. Tổ chức đại diện người lao động tại cơ sở bao gồm công đoàn cơ sở và tổ chức của người lao động tại doanh nghiệp.",ACTOR,tổ chức của người lao động tại doanh nghiệp
chunk_00008,"Tổ chức đại diện người lao động tại cơ sở là tổ chức được thành lập trên cơ sở tự nguyện của người lao động tại một đơn vị sử dụng lao động nhằm mục đích bảo vệ quyền và lợi ích hợp pháp, chính đáng của người lao động trong quan hệ lao động thông qua thương lượng tập thể hoặc các hình thức khác theo quy định của pháp luật về lao động. Tổ chức đại diện người lao động tại cơ sở bao gồm công đoàn cơ sở và tổ chức của người lao động tại doanh nghiệp.",LEGAL_CONCEPT,quan hệ lao động
chunk_00008,"Tổ chức đại diện người lao động tại cơ sở là tổ chức được thành lập trên cơ sở tự nguyện của người lao động tại một đơn vị sử dụng lao động nhằm mục đích bảo vệ quyền và lợi ích hợp pháp, chính đáng của người lao động trong quan hệ lao động thông qua thương lượng tập thể hoặc các hình thức khác theo quy định của pháp luật về lao động. Tổ chức đại diện người lao động tại cơ sở bao gồm công đoàn cơ sở và tổ chức của người lao động tại doanh nghiệp.",LEGAL_CONCEPT,thương lượng tập thể
chunk_00008,"Tổ chức đại diện người lao động tại cơ sở là tổ chức được thành lập trên cơ sở tự nguyện của người lao động tại một đơn vị sử dụng lao động nhằm mục đích bảo vệ quyền và lợi ích hợp pháp, chính đáng của người lao động trong quan hệ lao động thông qua thương lượng tập thể hoặc các hình thức khác theo quy định của pháp luật về lao động. Tổ chức đại diện người lao động tại cơ sở bao gồm công đoàn cơ sở và tổ chức của người lao động tại doanh nghiệp.",LEGAL_CONCEPT,pháp luật về lao động
chunk_00008,"Tổ chức đại diện người lao động tại cơ sở là tổ chức được thành lập trên cơ sở tự nguyện của người lao động tại một đơn vị sử dụng lao động nhằm mục đích bảo vệ quyền và lợi ích hợp pháp, chính đáng của người lao động trong quan hệ lao động thông qua thương lượng tập thể hoặc các hình thức khác theo quy định của pháp luật về lao động. Tổ chức đại diện người lao động tại cơ sở bao gồm công đoàn cơ sở và tổ chức của người lao động tại doanh nghiệp.",RIGHT,"quyền và lợi ích hợp pháp, chính đáng của người lao động"
chunk_00008,"Tổ chức đại diện người lao động tại cơ sở là tổ chức được thành lập trên cơ sở tự nguyện của người lao động tại một đơn vị sử dụng lao động nhằm mục đích bảo vệ quyền và lợi ích hợp pháp, chính đáng của người lao động trong quan hệ lao động thông qua thương lượng tập thể hoặc các hình thức khác theo quy định của pháp luật về lao động. Tổ chức đại diện người lao động tại cơ sở bao gồm công đoàn cơ sở và tổ chức của người lao động tại doanh nghiệp.",ACTION,thành lập
chunk_00008,"Tổ chức đại diện người lao động tại cơ sở là tổ chức được thành lập trên cơ sở tự nguyện của người lao động tại một đơn vị sử dụng lao động nhằm mục đích bảo vệ quyền và lợi ích hợp pháp, chính đáng của người lao động trong quan hệ lao động thông qua thương lượng tập thể hoặc các hình thức khác theo quy định của pháp luật về lao động. Tổ chức đại diện người lao động tại cơ sở bao gồm công đoàn cơ sở và tổ chức của người lao động tại doanh nghiệp.",ACTION,bảo vệ
chunk_00008,"Tổ chức đại diện người lao động tại cơ sở là tổ chức được thành lập trên cơ sở tự nguyện của người lao động tại một đơn vị sử dụng lao động nhằm mục đích bảo vệ quyền và lợi ích hợp pháp, chính đáng của người lao động trong quan hệ lao động thông qua thương lượng tập thể hoặc các hình thức khác theo quy định của pháp luật về lao động. Tổ chức đại diện người lao động tại cơ sở bao gồm công đoàn cơ sở và tổ chức của người lao động tại doanh nghiệp.",CONDITION,trên cơ sở tự nguyện của người lao động tại một đơn vị sử dụng lao động
chunk_00008,"Tổ chức đại diện người lao động tại cơ sở là tổ chức được thành lập trên cơ sở tự nguyện của người lao động tại một đơn vị sử dụng lao động nhằm mục đích bảo vệ quyền và lợi ích hợp pháp, chính đáng của người lao động trong quan hệ lao động thông qua thương lượng tập thể hoặc các hình thức khác theo quy định của pháp luật về lao động. Tổ chức đại diện người lao động tại cơ sở bao gồm công đoàn cơ sở và tổ chức của người lao động tại doanh nghiệp.",CONDITION,"nhằm mục đích bảo vệ quyền và lợi ích hợp pháp, chính đáng của người lao động trong quan hệ lao động thông qua thương lượng tập thể hoặc các hình thức khác theo quy định của pháp luật về lao động"
chunk_00216,"Điều kiện, phương tiện hoạt động của tổ chức đại diện người lao động; mối quan hệ giữa người sử dụng lao động và tổ chức đại diện người lao động;",LEGAL_CONCEPT,"Điều kiện, phương tiện hoạt động của tổ chức đại diện người lao động"
chunk_00216,"Điều kiện, phương tiện hoạt động của tổ chức đại diện người lao động; mối quan hệ giữa người sử dụng lao động và tổ chức đại diện người lao động;",LEGAL_CONCEPT,mối quan hệ giữa người sử dụng lao động và tổ chức đại diện người lao động
chunk_00219,Nội dung khác mà một hoặc các bên quan tâm.,ACTOR,một hoặc các bên
chunk_00219,Nội dung khác mà một hoặc các bên quan tâm.,LEGAL_CONCEPT,Nội dung khác
chunk_00219,Nội dung khác mà một hoặc các bên quan tâm.,ACTION,quan tâm
chunk_00258,"Người sử dụng lao động, người lao động, bao gồm cả người lao động vào làm việc sau ngày thỏa ước lao động tập thể có hiệu lực, có nghĩa vụ thực hiện đầy đủ thỏa ước lao động tập thể đang có hiệu lực.",ACTOR,"Người sử dụng lao động, người lao động, bao gồm cả người lao động vào làm việc sau ngày thỏa ước lao động tập thể có hiệu lực"
chunk_00258,"Người sử dụng lao động, người lao động, bao gồm cả người lao động vào làm việc sau ngày thỏa ước lao động tập thể có hiệu lực, có nghĩa vụ thực hiện đầy đủ thỏa ước lao động tập thể đang có hiệu lực.",OBLIGATION,có nghĩa vụ thực hiện đầy đủ thỏa ước lao động tập thể đang có hiệu lực
chunk_00467,Là chủ sở hữu hoặc thành viên góp vốn của công ty trách nhiệm hữu hạn có giá trị góp vốn theo quy định của Chính phủ.,ACTOR,chủ sở hữu
chunk_00666,"Điều tra tai nạn lao động và vi phạm an toàn, vệ sinh lao động.",ACTOR,thành viên góp vốn của công ty trách nhiệm hữu hạn
chunk_00666,"Điều tra tai nạn lao động và vi phạm an toàn, vệ sinh lao động.",LEGAL_CONCEPT,công ty trách nhiệm hữu hạn
chunk_00666,"Điều tra tai nạn lao động và vi phạm an toàn, vệ sinh lao động.",LEGAL_CONCEPT,giá trị góp vốn
chunk_00666,"Điều tra tai nạn lao động và vi phạm an toàn, vệ sinh lao động.",LEGAL_CONCEPT,quy định của Chính phủ
chunk_00666,"Điều tra tai nạn lao động và vi phạm an toàn, vệ sinh lao động.",CONDITION,có giá trị góp vốn theo quy định của Chính phủ
chunk_00666,"Điều tra tai nạn lao động và vi phạm an toàn, vệ sinh lao động.",LEGAL_CONCEPT,"Điều tra tai nạn lao động và vi phạm an toàn, vệ sinh lao động"
chunk_00256,Thỏa ước lao động tập thể doanh nghiệp có hiệu lực áp dụng đối với người sử dụng lao động và toàn bộ người lao động của doanh nghiệp. Thỏa ước lao động tập thể ngành và thỏa ước lao động tập thể có nhiều doanh nghiệp có hiệu lực áp dụng đối với toàn bộ người sử dụng lao động và người lao động của các doanh nghiệp tham gia thỏa ước lao động tập thể.,LEGAL_CONCEPT,Thỏa ước lao động tập thể doanh nghiệp
chunk_00256,Thỏa ước lao động tập thể doanh nghiệp có hiệu lực áp dụng đối với người sử dụng lao động và toàn bộ người lao động của doanh nghiệp. Thỏa ước lao động tập thể ngành và thỏa ước lao động tập thể có nhiều doanh nghiệp có hiệu lực áp dụng đối với toàn bộ người sử dụng lao động và người lao động của các doanh nghiệp tham gia thỏa ước lao động tập thể.,LEGAL_CONCEPT,Thỏa ước lao động tập thể ngành
chunk_00256,Thỏa ước lao động tập thể doanh nghiệp có hiệu lực áp dụng đối với người sử dụng lao động và toàn bộ người lao động của doanh nghiệp. Thỏa ước lao động tập thể ngành và thỏa ước lao động tập thể có nhiều doanh nghiệp có hiệu lực áp dụng đối với toàn bộ người sử dụng lao động và người lao động của các doanh nghiệp tham gia thỏa ước lao động tập thể.,LEGAL_CONCEPT,thỏa ước lao động tập thể có nhiều doanh nghiệp
chunk_00256,Thỏa ước lao động tập thể doanh nghiệp có hiệu lực áp dụng đối với người sử dụng lao động và toàn bộ người lao động của doanh nghiệp. Thỏa ước lao động tập thể ngành và thỏa ước lao động tập thể có nhiều doanh nghiệp có hiệu lực áp dụng đối với toàn bộ người sử dụng lao động và người lao động của các doanh nghiệp tham gia thỏa ước lao động tập thể.,ACTOR,người sử dụng lao động
chunk_00256,Thỏa ước lao động tập thể doanh nghiệp có hiệu lực áp dụng đối với người sử dụng lao động và toàn bộ người lao động của doanh nghiệp. Thỏa ước lao động tập thể ngành và thỏa ước lao động tập thể có nhiều doanh nghiệp có hiệu lực áp dụng đối với toàn bộ người sử dụng lao động và người lao động của các doanh nghiệp tham gia thỏa ước lao động tập thể.,ACTOR,toàn bộ người lao động của doanh nghiệp
chunk_00256,Thỏa ước lao động tập thể doanh nghiệp có hiệu lực áp dụng đối với người sử dụng lao động và toàn bộ người lao động của doanh nghiệp. Thỏa ước lao động tập thể ngành và thỏa ước lao động tập thể có nhiều doanh nghiệp có hiệu lực áp dụng đối với toàn bộ người sử dụng lao động và người lao động của các doanh nghiệp tham gia thỏa ước lao động tập thể.,ACTOR,toàn bộ người sử dụng lao động và người lao động của các doanh nghiệp tham gia thỏa ước lao động tập thể
chunk_00256,Thỏa ước lao động tập thể doanh nghiệp có hiệu lực áp dụng đối với người sử dụng lao động và toàn bộ người lao động của doanh nghiệp. Thỏa ước lao động tập thể ngành và thỏa ước lao động tập thể có nhiều doanh nghiệp có hiệu lực áp dụng đối với toàn bộ người sử dụng lao động và người lao động của các doanh nghiệp tham gia thỏa ước lao động tập thể.,ACTION,có hiệu lực áp dụng
chunk_00256,Thỏa ước lao động tập thể doanh nghiệp có hiệu lực áp dụng đối với người sử dụng lao động và toàn bộ người lao động của doanh nghiệp. Thỏa ước lao động tập thể ngành và thỏa ước lao động tập thể có nhiều doanh nghiệp có hiệu lực áp dụng đối với toàn bộ người sử dụng lao động và người lao động của các doanh nghiệp tham gia thỏa ước lao động tập thể.,ACTION,tham gia
chunk_00594,"Trình tự, thủ tục hòa giải tranh chấp lao động tập thể về quyền được thực hiện theo quy định tại các khoản 2, 3, 4, 5 và 6 Điều 188 của Bộ luật này. Đối với tranh chấp quy định tại điểm b và điểm c khoản 2 Điều 179 của Bộ luật này mà xác định có hành vi vi phạm pháp luật thì hòa giải viên lao động lập biên bản và chuyển hồ sơ, tài liệu đến cơ quan có thẩm quyền xem xét, xử lý theo quy định của pháp luật.",LEGAL_CONCEPT,"Trình tự, thủ tục hòa giải tranh chấp lao động tập thể về quyền"
chunk_00594,"Trình tự, thủ tục hòa giải tranh chấp lao động tập thể về quyền được thực hiện theo quy định tại các khoản 2, 3, 4, 5 và 6 Điều 188 của Bộ luật này. Đối với tranh chấp quy định tại điểm b và điểm c khoản 2 Điều 179 của Bộ luật này mà xác định có hành vi vi phạm pháp luật thì hòa giải viên lao động lập biên bản và chuyển hồ sơ, tài liệu đến cơ quan có thẩm quyền xem xét, xử lý theo quy định của pháp luật.",LEGAL_REF,khoản 2 Điều 188 của Bộ luật này
chunk_00594,"Trình tự, thủ tục hòa giải tranh chấp lao động tập thể về quyền được thực hiện theo quy định tại các khoản 2, 3, 4, 5 và 6 Điều 188 của Bộ luật này. Đối với tranh chấp quy định tại điểm b và điểm c khoản 2 Điều 179 của Bộ luật này mà xác định có hành vi vi phạm pháp luật thì hòa giải viên lao động lập biên bản và chuyển hồ sơ, tài liệu đến cơ quan có thẩm quyền xem xét, xử lý theo quy định của pháp luật.",LEGAL_REF,khoản 3 Điều 188 của Bộ luật này
chunk_00594,"Trình tự, thủ tục hòa giải tranh chấp lao động tập thể về quyền được thực hiện theo quy định tại các khoản 2, 3, 4, 5 và 6 Điều 188 của Bộ luật này. Đối với tranh chấp quy định tại điểm b và điểm c khoản 2 Điều 179 của Bộ luật này mà xác định có hành vi vi phạm pháp luật thì hòa giải viên lao động lập biên bản và chuyển hồ sơ, tài liệu đến cơ quan có thẩm quyền xem xét, xử lý theo quy định của pháp luật.",LEGAL_REF,khoản 4 Điều 188 của Bộ luật này
chunk_00594,"Trình tự, thủ tục hòa giải tranh chấp lao động tập thể về quyền được thực hiện theo quy định tại các khoản 2, 3, 4, 5 và 6 Điều 188 của Bộ luật này. Đối với tranh chấp quy định tại điểm b và điểm c khoản 2 Điều 179 của Bộ luật này mà xác định có hành vi vi phạm pháp luật thì hòa giải viên lao động lập biên bản và chuyển hồ sơ, tài liệu đến cơ quan có thẩm quyền xem xét, xử lý theo quy định của pháp luật.",LEGAL_REF,khoản 5 Điều 188 của Bộ luật này
chunk_00594,"Trình tự, thủ tục hòa giải tranh chấp lao động tập thể về quyền được thực hiện theo quy định tại các khoản 2, 3, 4, 5 và 6 Điều 188 của Bộ luật này. Đối với tranh chấp quy định tại điểm b và điểm c khoản 2 Điều 179 của Bộ luật này mà xác định có hành vi vi phạm pháp luật thì hòa giải viên lao động lập biên bản và chuyển hồ sơ, tài liệu đến cơ quan có thẩm quyền xem xét, xử lý theo quy định của pháp luật.",LEGAL_REF,khoản 6 Điều 188 của Bộ luật này
chunk_00594,"Trình tự, thủ tục hòa giải tranh chấp lao động tập thể về quyền được thực hiện theo quy định tại các khoản 2, 3, 4, 5 và 6 Điều 188 của Bộ luật này. Đối với tranh chấp quy định tại điểm b và điểm c khoản 2 Điều 179 của Bộ luật này mà xác định có hành vi vi phạm pháp luật thì hòa giải viên lao động lập biên bản và chuyển hồ sơ, tài liệu đến cơ quan có thẩm quyền xem xét, xử lý theo quy định của pháp luật.",LEGAL_REF,điểm b khoản 2 Điều 179 của Bộ luật này
chunk_00594,"Trình tự, thủ tục hòa giải tranh chấp lao động tập thể về quyền được thực hiện theo quy định tại các khoản 2, 3, 4, 5 và 6 Điều 188 của Bộ luật này. Đối với tranh chấp quy định tại điểm b và điểm c khoản 2 Điều 179 của Bộ luật này mà xác định có hành vi vi phạm pháp luật thì hòa giải viên lao động lập biên bản và chuyển hồ sơ, tài liệu đến cơ quan có thẩm quyền xem xét, xử lý theo quy định của pháp luật.",LEGAL_REF,điểm c khoản 2 Điều 179 của Bộ luật này
chunk_00594,"Trình tự, thủ tục hòa giải tranh chấp lao động tập thể về quyền được thực hiện theo quy định tại các khoản 2, 3, 4, 5 và 6 Điều 188 của Bộ luật này. Đối với tranh chấp quy định tại điểm b và điểm c khoản 2 Điều 179 của Bộ luật này mà xác định có hành vi vi phạm pháp luật thì hòa giải viên lao động lập biên bản và chuyển hồ sơ, tài liệu đến cơ quan có thẩm quyền xem xét, xử lý theo quy định của pháp luật.",CONDITION,mà xác định có hành vi vi phạm pháp luật
chunk_00594,"Trình tự, thủ tục hòa giải tranh chấp lao động tập thể về quyền được thực hiện theo quy định tại các khoản 2, 3, 4, 5 và 6 Điều 188 của Bộ luật này. Đối với tranh chấp quy định tại điểm b và điểm c khoản 2 Điều 179 của Bộ luật này mà xác định có hành vi vi phạm pháp luật thì hòa giải viên lao động lập biên bản và chuyển hồ sơ, tài liệu đến cơ quan có thẩm quyền xem xét, xử lý theo quy định của pháp luật.",ACTOR,hòa giải viên lao động
chunk_00594,"Trình tự, thủ tục hòa giải tranh chấp lao động tập thể về quyền được thực hiện theo quy định tại các khoản 2, 3, 4, 5 và 6 Điều 188 của Bộ luật này. Đối với tranh chấp quy định tại điểm b và điểm c khoản 2 Điều 179 của Bộ luật này mà xác định có hành vi vi phạm pháp luật thì hòa giải viên lao động lập biên bản và chuyển hồ sơ, tài liệu đến cơ quan có thẩm quyền xem xét, xử lý theo quy định của pháp luật.",OBLIGATION,"lập biên bản và chuyển hồ sơ, tài liệu đến cơ quan có thẩm quyền xem xét, xử lý theo quy định của pháp luật"
chunk_00438,"Người sử dụng lao động phải tạo cơ hội để lao động chưa thành niên được học văn hóa, giáo dục nghề nghiệp, đào tạo, bồi dưỡng, nâng cao trình độ kỹ năng nghề.",ACTOR,Người sử dụng lao động
chunk_00438,"Người sử dụng lao động phải tạo cơ hội để lao động chưa thành niên được học văn hóa, giáo dục nghề nghiệp, đào tạo, bồi dưỡng, nâng cao trình độ kỹ năng nghề.",ACTOR,lao động chưa thành niên
chunk_00438,"Người sử dụng lao động phải tạo cơ hội để lao động chưa thành niên được học văn hóa, giáo dục nghề nghiệp, đào tạo, bồi dưỡng, nâng cao trình độ kỹ năng nghề.",OBLIGATION,phải tạo cơ hội
chunk_00438,"Người sử dụng lao động phải tạo cơ hội để lao động chưa thành niên được học văn hóa, giáo dục nghề nghiệp, đào tạo, bồi dưỡng, nâng cao trình độ kỹ năng nghề.",RIGHT,"được học văn hóa, giáo dục nghề nghiệp, đào tạo, bồi dưỡng, nâng cao trình độ kỹ năng nghề"
chunk_00181,Không được phân biệt đối xử về điều kiện lao động đối với người lao động thuê lại so với người lao động của mình.,PROHIBITION,Không được phân biệt đối xử
chunk_00181,Không được phân biệt đối xử về điều kiện lao động đối với người lao động thuê lại so với người lao động của mình.,ACTION,phân biệt đối xử
chunk_00181,Không được phân biệt đối xử về điều kiện lao động đối với người lao động thuê lại so với người lao động của mình.,LEGAL_CONCEPT,điều kiện lao động
chunk_00181,Không được phân biệt đối xử về điều kiện lao động đối với người lao động thuê lại so với người lao động của mình.,ACTOR,người lao động thuê lại
chunk_00181,Không được phân biệt đối xử về điều kiện lao động đối với người lao động thuê lại so với người lao động của mình.,ACTOR,người lao động của mình
chunk_00213,"Mức lao động và thời giờ làm việc, thời giờ nghỉ ngơi, làm thêm giờ, nghỉ giữa ca;",LEGAL_CONCEPT,Mức lao động
chunk_00213,"Mức lao động và thời giờ làm việc, thời giờ nghỉ ngơi, làm thêm giờ, nghỉ giữa ca;",TIME_PERIOD,thời giờ làm việc
chunk_00213,"Mức lao động và thời giờ làm việc, thời giờ nghỉ ngơi, làm thêm giờ, nghỉ giữa ca;",TIME_PERIOD,thời giờ nghỉ ngơi
chunk_00213,"Mức lao động và thời giờ làm việc, thời giờ nghỉ ngơi, làm thêm giờ, nghỉ giữa ca;",TIME_PERIOD,làm thêm giờ
chunk_00213,"Mức lao động và thời giờ làm việc, thời giờ nghỉ ngơi, làm thêm giờ, nghỉ giữa ca;",TIME_PERIOD,nghỉ giữa ca
chunk_00642,Người lao động không tham gia đình công nhưng phải ngừng việc vì lý do đình công thì được trả lương ngừng việc theo quy định tại khoản 2 Điều 99 của Bộ luật này và các quyền lợi khác theo quy định của pháp luật về lao động.,ACTOR,Người lao động
chunk_00642,Người lao động không tham gia đình công nhưng phải ngừng việc vì lý do đình công thì được trả lương ngừng việc theo quy định tại khoản 2 Điều 99 của Bộ luật này và các quyền lợi khác theo quy định của pháp luật về lao động.,CONDITION,không tham gia đình công nhưng phải ngừng việc vì lý do đình công
chunk_00642,Người lao động không tham gia đình công nhưng phải ngừng việc vì lý do đình công thì được trả lương ngừng việc theo quy định tại khoản 2 Điều 99 của Bộ luật này và các quyền lợi khác theo quy định của pháp luật về lao động.,RIGHT,được trả lương ngừng việc
chunk_00642,Người lao động không tham gia đình công nhưng phải ngừng việc vì lý do đình công thì được trả lương ngừng việc theo quy định tại khoản 2 Điều 99 của Bộ luật này và các quyền lợi khác theo quy định của pháp luật về lao động.,LEGAL_REF,khoản 2 Điều 99 của Bộ luật này
chunk_00642,Người lao động không tham gia đình công nhưng phải ngừng việc vì lý do đình công thì được trả lương ngừng việc theo quy định tại khoản 2 Điều 99 của Bộ luật này và các quyền lợi khác theo quy định của pháp luật về lao động.,RIGHT,các quyền lợi khác
chunk_00642,Người lao động không tham gia đình công nhưng phải ngừng việc vì lý do đình công thì được trả lương ngừng việc theo quy định tại khoản 2 Điều 99 của Bộ luật này và các quyền lợi khác theo quy định của pháp luật về lao động.,LEGAL_CONCEPT,pháp luật về lao động
chunk_00642,Người lao động không tham gia đình công nhưng phải ngừng việc vì lý do đình công thì được trả lương ngừng việc theo quy định tại khoản 2 Điều 99 của Bộ luật này và các quyền lợi khác theo quy định của pháp luật về lao động.,EVENT,đình công
chunk_00333,"Người lao động làm việc theo thời giờ làm việc quy định tại Điều 105 của Bộ luật này từ 06 giờ trở lên trong một ngày thì được nghỉ giữa giờ ít nhất 30 phút liên tục, làm việc ban đêm thì được nghỉ giữa giờ ít nhất 45 phút liên tục. Trường hợp người lao động làm việc theo ca liên tục từ 06 giờ trở lên thì thời gian nghỉ giữa giờ được tính vào giờ làm việc.",ACTOR,Người lao động
chunk_00333,"Người lao động làm việc theo thời giờ làm việc quy định tại Điều 105 của Bộ luật này từ 06 giờ trở lên trong một ngày thì được nghỉ giữa giờ ít nhất 30 phút liên tục, làm việc ban đêm thì được nghỉ giữa giờ ít nhất 45 phút liên tục. Trường hợp người lao động làm việc theo ca liên tục từ 06 giờ trở lên thì thời gian nghỉ giữa giờ được tính vào giờ làm việc.",ACTION,làm việc
chunk_00333,"Người lao động làm việc theo thời giờ làm việc quy định tại Điều 105 của Bộ luật này từ 06 giờ trở lên trong một ngày thì được nghỉ giữa giờ ít nhất 30 phút liên tục, làm việc ban đêm thì được nghỉ giữa giờ ít nhất 45 phút liên tục. Trường hợp người lao động làm việc theo ca liên tục từ 06 giờ trở lên thì thời gian nghỉ giữa giờ được tính vào giờ làm việc.",LEGAL_CONCEPT,thời giờ làm việc
chunk_00333,"Người lao động làm việc theo thời giờ làm việc quy định tại Điều 105 của Bộ luật này từ 06 giờ trở lên trong một ngày thì được nghỉ giữa giờ ít nhất 30 phút liên tục, làm việc ban đêm thì được nghỉ giữa giờ ít nhất 45 phút liên tục. Trường hợp người lao động làm việc theo ca liên tục từ 06 giờ trở lên thì thời gian nghỉ giữa giờ được tính vào giờ làm việc.",LEGAL_REF,Điều 105 của Bộ luật này
chunk_00333,"Người lao động làm việc theo thời giờ làm việc quy định tại Điều 105 của Bộ luật này từ 06 giờ trở lên trong một ngày thì được nghỉ giữa giờ ít nhất 30 phút liên tục, làm việc ban đêm thì được nghỉ giữa giờ ít nhất 45 phút liên tục. Trường hợp người lao động làm việc theo ca liên tục từ 06 giờ trở lên thì thời gian nghỉ giữa giờ được tính vào giờ làm việc.",CONDITION,từ 06 giờ trở lên trong một ngày
chunk_00333,"Người lao động làm việc theo thời giờ làm việc quy định tại Điều 105 của Bộ luật này từ 06 giờ trở lên trong một ngày thì được nghỉ giữa giờ ít nhất 30 phút liên tục, làm việc ban đêm thì được nghỉ giữa giờ ít nhất 45 phút liên tục. Trường hợp người lao động làm việc theo ca liên tục từ 06 giờ trở lên thì thời gian nghỉ giữa giờ được tính vào giờ làm việc.",RIGHT,được nghỉ giữa giờ ít nhất 30 phút liên tục
chunk_00333,"Người lao động làm việc theo thời giờ làm việc quy định tại Điều 105 của Bộ luật này từ 06 giờ trở lên trong một ngày thì được nghỉ giữa giờ ít nhất 30 phút liên tục, làm việc ban đêm thì được nghỉ giữa giờ ít nhất 45 phút liên tục. Trường hợp người lao động làm việc theo ca liên tục từ 06 giờ trở lên thì thời gian nghỉ giữa giờ được tính vào giờ làm việc.",LEGAL_CONCEPT,nghỉ giữa giờ
chunk_00333,"Người lao động làm việc theo thời giờ làm việc quy định tại Điều 105 của Bộ luật này từ 06 giờ trở lên trong một ngày thì được nghỉ giữa giờ ít nhất 30 phút liên tục, làm việc ban đêm thì được nghỉ giữa giờ ít nhất 45 phút liên tục. Trường hợp người lao động làm việc theo ca liên tục từ 06 giờ trở lên thì thời gian nghỉ giữa giờ được tính vào giờ làm việc.",TIME_PERIOD,30 phút liên tục
chunk_00333,"Người lao động làm việc theo thời giờ làm việc quy định tại Điều 105 của Bộ luật này từ 06 giờ trở lên trong một ngày thì được nghỉ giữa giờ ít nhất 30 phút liên tục, làm việc ban đêm thì được nghỉ giữa giờ ít nhất 45 phút liên tục. Trường hợp người lao động làm việc theo ca liên tục từ 06 giờ trở lên thì thời gian nghỉ giữa giờ được tính vào giờ làm việc.",CONDITION,làm việc ban đêm
chunk_00333,"Người lao động làm việc theo thời giờ làm việc quy định tại Điều 105 của Bộ luật này từ 06 giờ trở lên trong một ngày thì được nghỉ giữa giờ ít nhất 30 phút liên tục, làm việc ban đêm thì được nghỉ giữa giờ ít nhất 45 phút liên tục. Trường hợp người lao động làm việc theo ca liên tục từ 06 giờ trở lên thì thời gian nghỉ giữa giờ được tính vào giờ làm việc.",RIGHT,được nghỉ giữa giờ ít nhất 45 phút liên tục
chunk_00333,"Người lao động làm việc theo thời giờ làm việc quy định tại Điều 105 của Bộ luật này từ 06 giờ trở lên trong một ngày thì được nghỉ giữa giờ ít nhất 30 phút liên tục, làm việc ban đêm thì được nghỉ giữa giờ ít nhất 45 phút liên tục. Trường hợp người lao động làm việc theo ca liên tục từ 06 giờ trở lên thì thời gian nghỉ giữa giờ được tính vào giờ làm việc.",LEGAL_CONCEPT,nghỉ giữa giờ
chunk_00333,"Người lao động làm việc theo thời giờ làm việc quy định tại Điều 105 của Bộ luật này từ 06 giờ trở lên trong một ngày thì được nghỉ giữa giờ ít nhất 30 phút liên tục, làm việc ban đêm thì được nghỉ giữa giờ ít nhất 45 phút liên tục. Trường hợp người lao động làm việc theo ca liên tục từ 06 giờ trở lên thì thời gian nghỉ giữa giờ được tính vào giờ làm việc.",TIME_PERIOD,45 phút liên tục
chunk_00333,"Người lao động làm việc theo thời giờ làm việc quy định tại Điều 105 của Bộ luật này từ 06 giờ trở lên trong một ngày thì được nghỉ giữa giờ ít nhất 30 phút liên tục, làm việc ban đêm thì được nghỉ giữa giờ ít nhất 45 phút liên tục. Trường hợp người lao động làm việc theo ca liên tục từ 06 giờ trở lên thì thời gian nghỉ giữa giờ được tính vào giờ làm việc.",CONDITION,Trường hợp người lao động làm việc theo ca liên tục từ 06 giờ trở lên
chunk_00333,"Người lao động làm việc theo thời giờ làm việc quy định tại Điều 105 của Bộ luật này từ 06 giờ trở lên trong một ngày thì được nghỉ giữa giờ ít nhất 30 phút liên tục, làm việc ban đêm thì được nghỉ giữa giờ ít nhất 45 phút liên tục. Trường hợp người lao động làm việc theo ca liên tục từ 06 giờ trở lên thì thời gian nghỉ giữa giờ được tính vào giờ làm việc.",ACTOR,người lao động
chunk_00333,"Người lao động làm việc theo thời giờ làm việc quy định tại Điều 105 của Bộ luật này từ 06 giờ trở lên trong một ngày thì được nghỉ giữa giờ ít nhất 30 phút liên tục, làm việc ban đêm thì được nghỉ giữa giờ ít nhất 45 phút liên tục. Trường hợp người lao động làm việc theo ca liên tục từ 06 giờ trở lên thì thời gian nghỉ giữa giờ được tính vào giờ làm việc.",ACTION,làm việc theo ca liên tục
chunk_00333,"Người lao động làm việc theo thời giờ làm việc quy định tại Điều 105 của Bộ luật này từ 06 giờ trở lên trong một ngày thì được nghỉ giữa giờ ít nhất 30 phút liên tục, làm việc ban đêm thì được nghỉ giữa giờ ít nhất 45 phút liên tục. Trường hợp người lao động làm việc theo ca liên tục từ 06 giờ trở lên thì thời gian nghỉ giữa giờ được tính vào giờ làm việc.",TIME_PERIOD,06 giờ trở lên
chunk_00333,"Người lao động làm việc theo thời giờ làm việc quy định tại Điều 105 của Bộ luật này từ 06 giờ trở lên trong một ngày thì được nghỉ giữa giờ ít nhất 30 phút liên tục, làm việc ban đêm thì được nghỉ giữa giờ ít nhất 45 phút liên tục. Trường hợp người lao động làm việc theo ca liên tục từ 06 giờ trở lên thì thời gian nghỉ giữa giờ được tính vào giờ làm việc.",LEGAL_CONCEPT,thời gian nghỉ giữa giờ
chunk_00333,"Người lao động làm việc theo thời giờ làm việc quy định tại Điều 105 của Bộ luật này từ 06 giờ trở lên trong một ngày thì được nghỉ giữa giờ ít nhất 30 phút liên tục, làm việc ban đêm thì được nghỉ giữa giờ ít nhất 45 phút liên tục. Trường hợp người lao động làm việc theo ca liên tục từ 06 giờ trở lên thì thời gian nghỉ giữa giờ được tính vào giờ làm việc.",ACTION,được tính vào
chunk_00333,"Người lao động làm việc theo thời giờ làm việc quy định tại Điều 105 của Bộ luật này từ 06 giờ trở lên trong một ngày thì được nghỉ giữa giờ ít nhất 30 phút liên tục, làm việc ban đêm thì được nghỉ giữa giờ ít nhất 45 phút liên tục. Trường hợp người lao động làm việc theo ca liên tục từ 06 giờ trở lên thì thời gian nghỉ giữa giờ được tính vào giờ làm việc.",LEGAL_CONCEPT,giờ làm việc
chunk_00548,"Được người sử dụng lao động bố trí nơi làm việc và được cung cấp thông tin, bảo đảm các điều kiện cần thiết cho hoạt động của tổ chức đại diện người lao động tại cơ sở.",ACTOR,người sử dụng lao động
chunk_00548,"Được người sử dụng lao động bố trí nơi làm việc và được cung cấp thông tin, bảo đảm các điều kiện cần thiết cho hoạt động của tổ chức đại diện người lao động tại cơ sở.",ACTOR,tổ chức đại diện người lao động tại cơ sở
chunk_00548,"Được người sử dụng lao động bố trí nơi làm việc và được cung cấp thông tin, bảo đảm các điều kiện cần thiết cho hoạt động của tổ chức đại diện người lao động tại cơ sở.",ACTION,bố trí nơi làm việc
chunk_00548,"Được người sử dụng lao động bố trí nơi làm việc và được cung cấp thông tin, bảo đảm các điều kiện cần thiết cho hoạt động của tổ chức đại diện người lao động tại cơ sở.",ACTION,cung cấp thông tin
chunk_00548,"Được người sử dụng lao động bố trí nơi làm việc và được cung cấp thông tin, bảo đảm các điều kiện cần thiết cho hoạt động của tổ chức đại diện người lao động tại cơ sở.",ACTION,bảo đảm các điều kiện cần thiết cho hoạt động của tổ chức đại diện người lao động tại cơ sở
chunk_00548,"Được người sử dụng lao động bố trí nơi làm việc và được cung cấp thông tin, bảo đảm các điều kiện cần thiết cho hoạt động của tổ chức đại diện người lao động tại cơ sở.",LEGAL_CONCEPT,nơi làm việc
chunk_00548,"Được người sử dụng lao động bố trí nơi làm việc và được cung cấp thông tin, bảo đảm các điều kiện cần thiết cho hoạt động của tổ chức đại diện người lao động tại cơ sở.",LEGAL_CONCEPT,thông tin
chunk_00548,"Được người sử dụng lao động bố trí nơi làm việc và được cung cấp thông tin, bảo đảm các điều kiện cần thiết cho hoạt động của tổ chức đại diện người lao động tại cơ sở.",LEGAL_CONCEPT,các điều kiện cần thiết cho hoạt động của tổ chức đại diện người lao động tại cơ sở
chunk_00548,"Được người sử dụng lao động bố trí nơi làm việc và được cung cấp thông tin, bảo đảm các điều kiện cần thiết cho hoạt động của tổ chức đại diện người lao động tại cơ sở.",LEGAL_CONCEPT,hoạt động của tổ chức đại diện người lao động tại cơ sở
chunk_00548,"Được người sử dụng lao động bố trí nơi làm việc và được cung cấp thông tin, bảo đảm các điều kiện cần thiết cho hoạt động của tổ chức đại diện người lao động tại cơ sở.",RIGHT,"Được người sử dụng lao động bố trí nơi làm việc và được cung cấp thông tin, bảo đảm các điều kiện cần thiết cho hoạt động của tổ chức đại diện người lao động tại cơ sở"
chunk_00389,"Xâm phạm sức khỏe, danh dự, tính mạng, uy tín, nhân phẩm của người lao động.",ACTION,Xâm phạm
chunk_00389,"Xâm phạm sức khỏe, danh dự, tính mạng, uy tín, nhân phẩm của người lao động.",LEGAL_CONCEPT,sức khỏe
chunk_00389,"Xâm phạm sức khỏe, danh dự, tính mạng, uy tín, nhân phẩm của người lao động.",LEGAL_CONCEPT,danh dự
chunk_00389,"Xâm phạm sức khỏe, danh dự, tính mạng, uy tín, nhân phẩm của người lao động.",LEGAL_CONCEPT,tính mạng
chunk_00389,"Xâm phạm sức khỏe, danh dự, tính mạng, uy tín, nhân phẩm của người lao động.",LEGAL_CONCEPT,uy tín
chunk_00389,"Xâm phạm sức khỏe, danh dự, tính mạng, uy tín, nhân phẩm của người lao động.",LEGAL_CONCEPT,nhân phẩm
chunk_00389,"Xâm phạm sức khỏe, danh dự, tính mạng, uy tín, nhân phẩm của người lao động.",ACTOR,người lao động
chunk_00348,Chính phủ quy định chi tiết điều này.,ACTOR,Chính phủ
chunk_00348,Chính phủ quy định chi tiết điều này.,ACTION,quy định chi tiết
chunk_00348,Chính phủ quy định chi tiết điều này.,LEGAL_CONCEPT,điều này
chunk_00314,Người sử dụng lao động phải cho người lao động tạm ứng tiền lương tương ứng với số ngày người lao động tạm thời nghỉ việc để thực hiện nghĩa vụ công dân từ 01 tuần trở lên nhưng tối đa không quá 01 tháng tiền lương theo hợp đồng lao động và người lao động phải hoàn trả số tiền đã tạm ứng. Người lao động nhập ngũ theo quy định của Luật Nghĩa vụ quân sự thì không được tạm ứng tiền lương.,ACTOR,Người sử dụng lao động
chunk_00314,Người sử dụng lao động phải cho người lao động tạm ứng tiền lương tương ứng với số ngày người lao động tạm thời nghỉ việc để thực hiện nghĩa vụ công dân từ 01 tuần trở lên nhưng tối đa không quá 01 tháng tiền lương theo hợp đồng lao động và người lao động phải hoàn trả số tiền đã tạm ứng. Người lao động nhập ngũ theo quy định của Luật Nghĩa vụ quân sự thì không được tạm ứng tiền lương.,ACTOR,người lao động
chunk_00314,Người sử dụng lao động phải cho người lao động tạm ứng tiền lương tương ứng với số ngày người lao động tạm thời nghỉ việc để thực hiện nghĩa vụ công dân từ 01 tuần trở lên nhưng tối đa không quá 01 tháng tiền lương theo hợp đồng lao động và người lao động phải hoàn trả số tiền đã tạm ứng. Người lao động nhập ngũ theo quy định của Luật Nghĩa vụ quân sự thì không được tạm ứng tiền lương.,ACTION,tạm ứng tiền lương
chunk_00314,Người sử dụng lao động phải cho người lao động tạm ứng tiền lương tương ứng với số ngày người lao động tạm thời nghỉ việc để thực hiện nghĩa vụ công dân từ 01 tuần trở lên nhưng tối đa không quá 01 tháng tiền lương theo hợp đồng lao động và người lao động phải hoàn trả số tiền đã tạm ứng. Người lao động nhập ngũ theo quy định của Luật Nghĩa vụ quân sự thì không được tạm ứng tiền lương.,ACTION,tạm thời nghỉ việc
chunk_00314,Người sử dụng lao động phải cho người lao động tạm ứng tiền lương tương ứng với số ngày người lao động tạm thời nghỉ việc để thực hiện nghĩa vụ công dân từ 01 tuần trở lên nhưng tối đa không quá 01 tháng tiền lương theo hợp đồng lao động và người lao động phải hoàn trả số tiền đã tạm ứng. Người lao động nhập ngũ theo quy định của Luật Nghĩa vụ quân sự thì không được tạm ứng tiền lương.,ACTION,hoàn trả số tiền đã tạm ứng
chunk_00314,Người sử dụng lao động phải cho người lao động tạm ứng tiền lương tương ứng với số ngày người lao động tạm thời nghỉ việc để thực hiện nghĩa vụ công dân từ 01 tuần trở lên nhưng tối đa không quá 01 tháng tiền lương theo hợp đồng lao động và người lao động phải hoàn trả số tiền đã tạm ứng. Người lao động nhập ngũ theo quy định của Luật Nghĩa vụ quân sự thì không được tạm ứng tiền lương.,LEGAL_CONCEPT,tiền lương
chunk_00314,Người sử dụng lao động phải cho người lao động tạm ứng tiền lương tương ứng với số ngày người lao động tạm thời nghỉ việc để thực hiện nghĩa vụ công dân từ 01 tuần trở lên nhưng tối đa không quá 01 tháng tiền lương theo hợp đồng lao động và người lao động phải hoàn trả số tiền đã tạm ứng. Người lao động nhập ngũ theo quy định của Luật Nghĩa vụ quân sự thì không được tạm ứng tiền lương.,LEGAL_CONCEPT,hợp đồng lao động
chunk_00314,Người sử dụng lao động phải cho người lao động tạm ứng tiền lương tương ứng với số ngày người lao động tạm thời nghỉ việc để thực hiện nghĩa vụ công dân từ 01 tuần trở lên nhưng tối đa không quá 01 tháng tiền lương theo hợp đồng lao động và người lao động phải hoàn trả số tiền đã tạm ứng. Người lao động nhập ngũ theo quy định của Luật Nghĩa vụ quân sự thì không được tạm ứng tiền lương.,LEGAL_CONCEPT,số tiền đã tạm ứng
chunk_00314,Người sử dụng lao động phải cho người lao động tạm ứng tiền lương tương ứng với số ngày người lao động tạm thời nghỉ việc để thực hiện nghĩa vụ công dân từ 01 tuần trở lên nhưng tối đa không quá 01 tháng tiền lương theo hợp đồng lao động và người lao động phải hoàn trả số tiền đã tạm ứng. Người lao động nhập ngũ theo quy định của Luật Nghĩa vụ quân sự thì không được tạm ứng tiền lương.,OBLIGATION,phải cho người lao động tạm ứng tiền lương tương ứng với số ngày người lao động tạm thời nghỉ việc để thực hiện nghĩa vụ công dân từ 01 tuần trở lên nhưng tối đa không quá 01 tháng tiền lương theo hợp đồng lao động
chunk_00314,Người sử dụng lao động phải cho người lao động tạm ứng tiền lương tương ứng với số ngày người lao động tạm thời nghỉ việc để thực hiện nghĩa vụ công dân từ 01 tuần trở lên nhưng tối đa không quá 01 tháng tiền lương theo hợp đồng lao động và người lao động phải hoàn trả số tiền đã tạm ứng. Người lao động nhập ngũ theo quy định của Luật Nghĩa vụ quân sự thì không được tạm ứng tiền lương.,OBLIGATION,phải hoàn trả số tiền đã tạm ứng
chunk_00314,Người sử dụng lao động phải cho người lao động tạm ứng tiền lương tương ứng với số ngày người lao động tạm thời nghỉ việc để thực hiện nghĩa vụ công dân từ 01 tuần trở lên nhưng tối đa không quá 01 tháng tiền lương theo hợp đồng lao động và người lao động phải hoàn trả số tiền đã tạm ứng. Người lao động nhập ngũ theo quy định của Luật Nghĩa vụ quân sự thì không được tạm ứng tiền lương.,PROHIBITION,không được tạm ứng tiền lương
chunk_00314,Người sử dụng lao động phải cho người lao động tạm ứng tiền lương tương ứng với số ngày người lao động tạm thời nghỉ việc để thực hiện nghĩa vụ công dân từ 01 tuần trở lên nhưng tối đa không quá 01 tháng tiền lương theo hợp đồng lao động và người lao động phải hoàn trả số tiền đã tạm ứng. Người lao động nhập ngũ theo quy định của Luật Nghĩa vụ quân sự thì không được tạm ứng tiền lương.,CONDITION,từ 01 tuần trở lên nhưng tối đa không quá 01 tháng
chunk_00314,Người sử dụng lao động phải cho người lao động tạm ứng tiền lương tương ứng với số ngày người lao động tạm thời nghỉ việc để thực hiện nghĩa vụ công dân từ 01 tuần trở lên nhưng tối đa không quá 01 tháng tiền lương theo hợp đồng lao động và người lao động phải hoàn trả số tiền đã tạm ứng. Người lao động nhập ngũ theo quy định của Luật Nghĩa vụ quân sự thì không được tạm ứng tiền lương.,CONDITION,để thực hiện nghĩa vụ công dân
chunk_00314,Người sử dụng lao động phải cho người lao động tạm ứng tiền lương tương ứng với số ngày người lao động tạm thời nghỉ việc để thực hiện nghĩa vụ công dân từ 01 tuần trở lên nhưng tối đa không quá 01 tháng tiền lương theo hợp đồng lao động và người lao động phải hoàn trả số tiền đã tạm ứng. Người lao động nhập ngũ theo quy định của Luật Nghĩa vụ quân sự thì không được tạm ứng tiền lương.,CONDITION,theo quy định của Luật Nghĩa vụ quân sự
chunk_00314,Người sử dụng lao động phải cho người lao động tạm ứng tiền lương tương ứng với số ngày người lao động tạm thời nghỉ việc để thực hiện nghĩa vụ công dân từ 01 tuần trở lên nhưng tối đa không quá 01 tháng tiền lương theo hợp đồng lao động và người lao động phải hoàn trả số tiền đã tạm ứng. Người lao động nhập ngũ theo quy định của Luật Nghĩa vụ quân sự thì không được tạm ứng tiền lương.,TIME_PERIOD,01 tuần
chunk_00314,Người sử dụng lao động phải cho người lao động tạm ứng tiền lương tương ứng với số ngày người lao động tạm thời nghỉ việc để thực hiện nghĩa vụ công dân từ 01 tuần trở lên nhưng tối đa không quá 01 tháng tiền lương theo hợp đồng lao động và người lao động phải hoàn trả số tiền đã tạm ứng. Người lao động nhập ngũ theo quy định của Luật Nghĩa vụ quân sự thì không được tạm ứng tiền lương.,TIME_PERIOD,01 tháng
chunk_00314,Người sử dụng lao động phải cho người lao động tạm ứng tiền lương tương ứng với số ngày người lao động tạm thời nghỉ việc để thực hiện nghĩa vụ công dân từ 01 tuần trở lên nhưng tối đa không quá 01 tháng tiền lương theo hợp đồng lao động và người lao động phải hoàn trả số tiền đã tạm ứng. Người lao động nhập ngũ theo quy định của Luật Nghĩa vụ quân sự thì không được tạm ứng tiền lương.,EVENT,thực hiện nghĩa vụ công dân
chunk_00314,Người sử dụng lao động phải cho người lao động tạm ứng tiền lương tương ứng với số ngày người lao động tạm thời nghỉ việc để thực hiện nghĩa vụ công dân từ 01 tuần trở lên nhưng tối đa không quá 01 tháng tiền lương theo hợp đồng lao động và người lao động phải hoàn trả số tiền đã tạm ứng. Người lao động nhập ngũ theo quy định của Luật Nghĩa vụ quân sự thì không được tạm ứng tiền lương.,EVENT,nhập ngũ
chunk_00314,Người sử dụng lao động phải cho người lao động tạm ứng tiền lương tương ứng với số ngày người lao động tạm thời nghỉ việc để thực hiện nghĩa vụ công dân từ 01 tuần trở lên nhưng tối đa không quá 01 tháng tiền lương theo hợp đồng lao động và người lao động phải hoàn trả số tiền đã tạm ứng. Người lao động nhập ngũ theo quy định của Luật Nghĩa vụ quân sự thì không được tạm ứng tiền lương.,LEGAL_REF,Luật Nghĩa vụ quân sự
chunk_00308,Nếu do lỗi của người sử dụng lao động thì người lao động được trả đủ tiền lương theo hợp đồng lao động;,CONDITION,Nếu do lỗi của người sử dụng lao động
chunk_00308,Nếu do lỗi của người sử dụng lao động thì người lao động được trả đủ tiền lương theo hợp đồng lao động;,ACTOR,người sử dụng lao động
chunk_00308,Nếu do lỗi của người sử dụng lao động thì người lao động được trả đủ tiền lương theo hợp đồng lao động;,ACTOR,người lao động
chunk_00308,Nếu do lỗi của người sử dụng lao động thì người lao động được trả đủ tiền lương theo hợp đồng lao động;,RIGHT,được trả đủ tiền lương theo hợp đồng lao động
chunk_00308,Nếu do lỗi của người sử dụng lao động thì người lao động được trả đủ tiền lương theo hợp đồng lao động;,LEGAL_CONCEPT,tiền lương
chunk_00308,Nếu do lỗi của người sử dụng lao động thì người lao động được trả đủ tiền lương theo hợp đồng lao động;,LEGAL_CONCEPT,hợp đồng lao động
chunk_00185,Cung cấp cho doanh nghiệp cho thuê lại lao động chứng cứ về hành vi vi phạm kỷ luật lao động của người lao động thuê lại để xem xét xử lý kỷ luật lao động.,ACTOR,doanh nghiệp cho thuê lại lao động
chunk_00185,Cung cấp cho doanh nghiệp cho thuê lại lao động chứng cứ về hành vi vi phạm kỷ luật lao động của người lao động thuê lại để xem xét xử lý kỷ luật lao động.,ACTOR,người lao động thuê lại
chunk_00185,Cung cấp cho doanh nghiệp cho thuê lại lao động chứng cứ về hành vi vi phạm kỷ luật lao động của người lao động thuê lại để xem xét xử lý kỷ luật lao động.,LEGAL_CONCEPT,chứng cứ
chunk_00185,Cung cấp cho doanh nghiệp cho thuê lại lao động chứng cứ về hành vi vi phạm kỷ luật lao động của người lao động thuê lại để xem xét xử lý kỷ luật lao động.,EVENT,hành vi vi phạm kỷ luật lao động
chunk_00185,Cung cấp cho doanh nghiệp cho thuê lại lao động chứng cứ về hành vi vi phạm kỷ luật lao động của người lao động thuê lại để xem xét xử lý kỷ luật lao động.,ACTION,xem xét xử lý kỷ luật lao động
chunk_00334,"Ngoài thời gian nghỉ quy định tại khoản 1 Điều này, người sử dụng lao động bố trí cho người lao động các đợt nghỉ giải lao và ghi vào nội quy lao động.",CONDITION,Ngoài thời gian nghỉ quy định tại khoản 1 Điều này
chunk_00334,"Ngoài thời gian nghỉ quy định tại khoản 1 Điều này, người sử dụng lao động bố trí cho người lao động các đợt nghỉ giải lao và ghi vào nội quy lao động.",LEGAL_REF,khoản 1 Điều này
chunk_00334,"Ngoài thời gian nghỉ quy định tại khoản 1 Điều này, người sử dụng lao động bố trí cho người lao động các đợt nghỉ giải lao và ghi vào nội quy lao động.",TIME_PERIOD,thời gian nghỉ quy định
chunk_00334,"Ngoài thời gian nghỉ quy định tại khoản 1 Điều này, người sử dụng lao động bố trí cho người lao động các đợt nghỉ giải lao và ghi vào nội quy lao động.",ACTOR,người sử dụng lao động
chunk_00334,"Ngoài thời gian nghỉ quy định tại khoản 1 Điều này, người sử dụng lao động bố trí cho người lao động các đợt nghỉ giải lao và ghi vào nội quy lao động.",ACTOR,người lao động
chunk_00334,"Ngoài thời gian nghỉ quy định tại khoản 1 Điều này, người sử dụng lao động bố trí cho người lao động các đợt nghỉ giải lao và ghi vào nội quy lao động.",ACTION,bố trí cho người lao động các đợt nghỉ giải lao
chunk_00334,"Ngoài thời gian nghỉ quy định tại khoản 1 Điều này, người sử dụng lao động bố trí cho người lao động các đợt nghỉ giải lao và ghi vào nội quy lao động.",LEGAL_CONCEPT,nghỉ giải lao
chunk_00334,"Ngoài thời gian nghỉ quy định tại khoản 1 Điều này, người sử dụng lao động bố trí cho người lao động các đợt nghỉ giải lao và ghi vào nội quy lao động.",ACTION,ghi vào nội quy lao động
chunk_00334,"Ngoài thời gian nghỉ quy định tại khoản 1 Điều này, người sử dụng lao động bố trí cho người lao động các đợt nghỉ giải lao và ghi vào nội quy lao động.",LEGAL_CONCEPT,nội quy lao động
chunk_00420,"Lao động nữ mang thai nếu có xác nhận của cơ sở khám bệnh, chữa bệnh có thẩm quyền về việc tiếp tục làm việc sẽ ảnh hưởng xấu tới thai nhi thì có quyền đơn phương chấm dứt hợp đồng lao động hoặc tạm hoãn thực hiện hợp đồng lao động. Trường hợp đơn phương chấm dứt hợp đồng lao động hoặc tạm hoãn thực hiện hợp đồng lao động thì phải thông báo cho người sử dụng lao động kèm theo xác nhận của cơ sở khám bệnh, chữa bệnh có thẩm quyền về việc tiếp tục làm việc sẽ ảnh hưởng xấu tới thai nhi.",ACTOR,Lao động nữ mang thai
chunk_00420,"Lao động nữ mang thai nếu có xác nhận của cơ sở khám bệnh, chữa bệnh có thẩm quyền về việc tiếp tục làm việc sẽ ảnh hưởng xấu tới thai nhi thì có quyền đơn phương chấm dứt hợp đồng lao động hoặc tạm hoãn thực hiện hợp đồng lao động. Trường hợp đơn phương chấm dứt hợp đồng lao động hoặc tạm hoãn thực hiện hợp đồng lao động thì phải thông báo cho người sử dụng lao động kèm theo xác nhận của cơ sở khám bệnh, chữa bệnh có thẩm quyền về việc tiếp tục làm việc sẽ ảnh hưởng xấu tới thai nhi.",ACTOR,"cơ sở khám bệnh, chữa bệnh có thẩm quyền"
chunk_00420,"Lao động nữ mang thai nếu có xác nhận của cơ sở khám bệnh, chữa bệnh có thẩm quyền về việc tiếp tục làm việc sẽ ảnh hưởng xấu tới thai nhi thì có quyền đơn phương chấm dứt hợp đồng lao động hoặc tạm hoãn thực hiện hợp đồng lao động. Trường hợp đơn phương chấm dứt hợp đồng lao động hoặc tạm hoãn thực hiện hợp đồng lao động thì phải thông báo cho người sử dụng lao động kèm theo xác nhận của cơ sở khám bệnh, chữa bệnh có thẩm quyền về việc tiếp tục làm việc sẽ ảnh hưởng xấu tới thai nhi.",ACTOR,người sử dụng lao động
chunk_00420,"Lao động nữ mang thai nếu có xác nhận của cơ sở khám bệnh, chữa bệnh có thẩm quyền về việc tiếp tục làm việc sẽ ảnh hưởng xấu tới thai nhi thì có quyền đơn phương chấm dứt hợp đồng lao động hoặc tạm hoãn thực hiện hợp đồng lao động. Trường hợp đơn phương chấm dứt hợp đồng lao động hoặc tạm hoãn thực hiện hợp đồng lao động thì phải thông báo cho người sử dụng lao động kèm theo xác nhận của cơ sở khám bệnh, chữa bệnh có thẩm quyền về việc tiếp tục làm việc sẽ ảnh hưởng xấu tới thai nhi.",LEGAL_CONCEPT,hợp đồng lao động
chunk_00420,"Lao động nữ mang thai nếu có xác nhận của cơ sở khám bệnh, chữa bệnh có thẩm quyền về việc tiếp tục làm việc sẽ ảnh hưởng xấu tới thai nhi thì có quyền đơn phương chấm dứt hợp đồng lao động hoặc tạm hoãn thực hiện hợp đồng lao động. Trường hợp đơn phương chấm dứt hợp đồng lao động hoặc tạm hoãn thực hiện hợp đồng lao động thì phải thông báo cho người sử dụng lao động kèm theo xác nhận của cơ sở khám bệnh, chữa bệnh có thẩm quyền về việc tiếp tục làm việc sẽ ảnh hưởng xấu tới thai nhi.",ACTION,đơn phương chấm dứt hợp đồng lao động
chunk_00420,"Lao động nữ mang thai nếu có xác nhận của cơ sở khám bệnh, chữa bệnh có thẩm quyền về việc tiếp tục làm việc sẽ ảnh hưởng xấu tới thai nhi thì có quyền đơn phương chấm dứt hợp đồng lao động hoặc tạm hoãn thực hiện hợp đồng lao động. Trường hợp đơn phương chấm dứt hợp đồng lao động hoặc tạm hoãn thực hiện hợp đồng lao động thì phải thông báo cho người sử dụng lao động kèm theo xác nhận của cơ sở khám bệnh, chữa bệnh có thẩm quyền về việc tiếp tục làm việc sẽ ảnh hưởng xấu tới thai nhi.",ACTION,tạm hoãn thực hiện hợp đồng lao động
chunk_00420,"Lao động nữ mang thai nếu có xác nhận của cơ sở khám bệnh, chữa bệnh có thẩm quyền về việc tiếp tục làm việc sẽ ảnh hưởng xấu tới thai nhi thì có quyền đơn phương chấm dứt hợp đồng lao động hoặc tạm hoãn thực hiện hợp đồng lao động. Trường hợp đơn phương chấm dứt hợp đồng lao động hoặc tạm hoãn thực hiện hợp đồng lao động thì phải thông báo cho người sử dụng lao động kèm theo xác nhận của cơ sở khám bệnh, chữa bệnh có thẩm quyền về việc tiếp tục làm việc sẽ ảnh hưởng xấu tới thai nhi.",ACTION,thông báo cho người sử dụng lao động
chunk_00420,"Lao động nữ mang thai nếu có xác nhận của cơ sở khám bệnh, chữa bệnh có thẩm quyền về việc tiếp tục làm việc sẽ ảnh hưởng xấu tới thai nhi thì có quyền đơn phương chấm dứt hợp đồng lao động hoặc tạm hoãn thực hiện hợp đồng lao động. Trường hợp đơn phương chấm dứt hợp đồng lao động hoặc tạm hoãn thực hiện hợp đồng lao động thì phải thông báo cho người sử dụng lao động kèm theo xác nhận của cơ sở khám bệnh, chữa bệnh có thẩm quyền về việc tiếp tục làm việc sẽ ảnh hưởng xấu tới thai nhi.",RIGHT,có quyền đơn phương chấm dứt hợp đồng lao động hoặc tạm hoãn thực hiện hợp đồng lao động
chunk_00420,"Lao động nữ mang thai nếu có xác nhận của cơ sở khám bệnh, chữa bệnh có thẩm quyền về việc tiếp tục làm việc sẽ ảnh hưởng xấu tới thai nhi thì có quyền đơn phương chấm dứt hợp đồng lao động hoặc tạm hoãn thực hiện hợp đồng lao động. Trường hợp đơn phương chấm dứt hợp đồng lao động hoặc tạm hoãn thực hiện hợp đồng lao động thì phải thông báo cho người sử dụng lao động kèm theo xác nhận của cơ sở khám bệnh, chữa bệnh có thẩm quyền về việc tiếp tục làm việc sẽ ảnh hưởng xấu tới thai nhi.",OBLIGATION,"phải thông báo cho người sử dụng lao động kèm theo xác nhận của cơ sở khám bệnh, chữa bệnh có thẩm quyền về việc tiếp tục làm việc sẽ ảnh hưởng xấu tới thai nhi"
chunk_00420,"Lao động nữ mang thai nếu có xác nhận của cơ sở khám bệnh, chữa bệnh có thẩm quyền về việc tiếp tục làm việc sẽ ảnh hưởng xấu tới thai nhi thì có quyền đơn phương chấm dứt hợp đồng lao động hoặc tạm hoãn thực hiện hợp đồng lao động. Trường hợp đơn phương chấm dứt hợp đồng lao động hoặc tạm hoãn thực hiện hợp đồng lao động thì phải thông báo cho người sử dụng lao động kèm theo xác nhận của cơ sở khám bệnh, chữa bệnh có thẩm quyền về việc tiếp tục làm việc sẽ ảnh hưởng xấu tới thai nhi.",CONDITION,"nếu có xác nhận của cơ sở khám bệnh, chữa bệnh có thẩm quyền về việc tiếp tục làm việc sẽ ảnh hưởng xấu tới thai nhi"
chunk_00420,"Lao động nữ mang thai nếu có xác nhận của cơ sở khám bệnh, chữa bệnh có thẩm quyền về việc tiếp tục làm việc sẽ ảnh hưởng xấu tới thai nhi thì có quyền đơn phương chấm dứt hợp đồng lao động hoặc tạm hoãn thực hiện hợp đồng lao động. Trường hợp đơn phương chấm dứt hợp đồng lao động hoặc tạm hoãn thực hiện hợp đồng lao động thì phải thông báo cho người sử dụng lao động kèm theo xác nhận của cơ sở khám bệnh, chữa bệnh có thẩm quyền về việc tiếp tục làm việc sẽ ảnh hưởng xấu tới thai nhi.",CONDITION,Trường hợp đơn phương chấm dứt hợp đồng lao động hoặc tạm hoãn thực hiện hợp đồng lao động
chunk_00436,"Người sử dụng lao động khi sử dụng lao động chưa thành niên có trách nhiệm quan tâm chăm sóc người lao động về các mặt lao động, sức khỏe, học tập trong quá trình lao động.",ACTOR,Người sử dụng lao động
chunk_00436,"Người sử dụng lao động khi sử dụng lao động chưa thành niên có trách nhiệm quan tâm chăm sóc người lao động về các mặt lao động, sức khỏe, học tập trong quá trình lao động.",CONDITION,khi sử dụng lao động chưa thành niên
chunk_00436,"Người sử dụng lao động khi sử dụng lao động chưa thành niên có trách nhiệm quan tâm chăm sóc người lao động về các mặt lao động, sức khỏe, học tập trong quá trình lao động.",OBLIGATION,"có trách nhiệm quan tâm chăm sóc người lao động về các mặt lao động, sức khỏe, học tập"
chunk_00436,"Người sử dụng lao động khi sử dụng lao động chưa thành niên có trách nhiệm quan tâm chăm sóc người lao động về các mặt lao động, sức khỏe, học tập trong quá trình lao động.",TIME_PERIOD,trong quá trình lao động
chunk_00576,"Tranh chấp lao động cá nhân phải được giải quyết thông qua thủ tục hòa giải của hòa giải viên lao động trước khi yêu cầu Hội đồng trọng tài lao động hoặc Tòa án giải quyết, trừ các tranh chấp lao động sau đây không bắt buộc phải qua thủ tục hòa giải: a) Về xử lý kỷ luật lao động theo hình thức sa thải hoặc về trường hợp bị đơn phương chấm dứt hợp đồng lao động; b) Về bồi thường thiệt hại, trợ cấp khi chấm dứt hợp đồng lao động; c) Giữa người giúp việc gia đình với người sử dụng lao động; d) Về bảo hiểm xã hội theo quy định của pháp luật về bảo hiểm xã hội, về bảo hiểm y tế theo quy định của pháp luật về bảo hiểm y tế, về bảo hiểm thất nghiệp theo quy định của pháp luật về việc làm, về bảo hiểm tai nạn lao động, bệnh nghề nghiệp theo quy định của pháp luật về an toàn, vệ sinh lao động; đ) Về bồi thường thiệt hại giữa người lao động với doanh nghiệp, tổ chức đưa người lao động đi làm việc ở nước ngoài theo hợp đồng; e) Giữa người lao động thuê lại với người sử dụng lao động thuê lại.",ACTOR,hòa giải viên lao động
chunk_00576,"Tranh chấp lao động cá nhân phải được giải quyết thông qua thủ tục hòa giải của hòa giải viên lao động trước khi yêu cầu Hội đồng trọng tài lao động hoặc Tòa án giải quyết, trừ các tranh chấp lao động sau đây không bắt buộc phải qua thủ tục hòa giải: a) Về xử lý kỷ luật lao động theo hình thức sa thải hoặc về trường hợp bị đơn phương chấm dứt hợp đồng lao động; b) Về bồi thường thiệt hại, trợ cấp khi chấm dứt hợp đồng lao động; c) Giữa người giúp việc gia đình với người sử dụng lao động; d) Về bảo hiểm xã hội theo quy định của pháp luật về bảo hiểm xã hội, về bảo hiểm y tế theo quy định của pháp luật về bảo hiểm y tế, về bảo hiểm thất nghiệp theo quy định của pháp luật về việc làm, về bảo hiểm tai nạn lao động, bệnh nghề nghiệp theo quy định của pháp luật về an toàn, vệ sinh lao động; đ) Về bồi thường thiệt hại giữa người lao động với doanh nghiệp, tổ chức đưa người lao động đi làm việc ở nước ngoài theo hợp đồng; e) Giữa người lao động thuê lại với người sử dụng lao động thuê lại.",ACTOR,Hội đồng trọng tài lao động
chunk_00576,"Tranh chấp lao động cá nhân phải được giải quyết thông qua thủ tục hòa giải của hòa giải viên lao động trước khi yêu cầu Hội đồng trọng tài lao động hoặc Tòa án giải quyết, trừ các tranh chấp lao động sau đây không bắt buộc phải qua thủ tục hòa giải: a) Về xử lý kỷ luật lao động theo hình thức sa thải hoặc về trường hợp bị đơn phương chấm dứt hợp đồng lao động; b) Về bồi thường thiệt hại, trợ cấp khi chấm dứt hợp đồng lao động; c) Giữa người giúp việc gia đình với người sử dụng lao động; d) Về bảo hiểm xã hội theo quy định của pháp luật về bảo hiểm xã hội, về bảo hiểm y tế theo quy định của pháp luật về bảo hiểm y tế, về bảo hiểm thất nghiệp theo quy định của pháp luật về việc làm, về bảo hiểm tai nạn lao động, bệnh nghề nghiệp theo quy định của pháp luật về an toàn, vệ sinh lao động; đ) Về bồi thường thiệt hại giữa người lao động với doanh nghiệp, tổ chức đưa người lao động đi làm việc ở nước ngoài theo hợp đồng; e) Giữa người lao động thuê lại với người sử dụng lao động thuê lại.",ACTOR,Tòa án
chunk_00576,"Tranh chấp lao động cá nhân phải được giải quyết thông qua thủ tục hòa giải của hòa giải viên lao động trước khi yêu cầu Hội đồng trọng tài lao động hoặc Tòa án giải quyết, trừ các tranh chấp lao động sau đây không bắt buộc phải qua thủ tục hòa giải: a) Về xử lý kỷ luật lao động theo hình thức sa thải hoặc về trường hợp bị đơn phương chấm dứt hợp đồng lao động; b) Về bồi thường thiệt hại, trợ cấp khi chấm dứt hợp đồng lao động; c) Giữa người giúp việc gia đình với người sử dụng lao động; d) Về bảo hiểm xã hội theo quy định của pháp luật về bảo hiểm xã hội, về bảo hiểm y tế theo quy định của pháp luật về bảo hiểm y tế, về bảo hiểm thất nghiệp theo quy định của pháp luật về việc làm, về bảo hiểm tai nạn lao động, bệnh nghề nghiệp theo quy định của pháp luật về an toàn, vệ sinh lao động; đ) Về bồi thường thiệt hại giữa người lao động với doanh nghiệp, tổ chức đưa người lao động đi làm việc ở nước ngoài theo hợp đồng; e) Giữa người lao động thuê lại với người sử dụng lao động thuê lại.",ACTOR,người giúp việc gia đình
chunk_00576,"Tranh chấp lao động cá nhân phải được giải quyết thông qua thủ tục hòa giải của hòa giải viên lao động trước khi yêu cầu Hội đồng trọng tài lao động hoặc Tòa án giải quyết, trừ các tranh chấp lao động sau đây không bắt buộc phải qua thủ tục hòa giải: a) Về xử lý kỷ luật lao động theo hình thức sa thải hoặc về trường hợp bị đơn phương chấm dứt hợp đồng lao động; b) Về bồi thường thiệt hại, trợ cấp khi chấm dứt hợp đồng lao động; c) Giữa người giúp việc gia đình với người sử dụng lao động; d) Về bảo hiểm xã hội theo quy định của pháp luật về bảo hiểm xã hội, về bảo hiểm y tế theo quy định của pháp luật về bảo hiểm y tế, về bảo hiểm thất nghiệp theo quy định của pháp luật về việc làm, về bảo hiểm tai nạn lao động, bệnh nghề nghiệp theo quy định của pháp luật về an toàn, vệ sinh lao động; đ) Về bồi thường thiệt hại giữa người lao động với doanh nghiệp, tổ chức đưa người lao động đi làm việc ở nước ngoài theo hợp đồng; e) Giữa người lao động thuê lại với người sử dụng lao động thuê lại.",ACTOR,người sử dụng lao động
chunk_00576,"Tranh chấp lao động cá nhân phải được giải quyết thông qua thủ tục hòa giải của hòa giải viên lao động trước khi yêu cầu Hội đồng trọng tài lao động hoặc Tòa án giải quyết, trừ các tranh chấp lao động sau đây không bắt buộc phải qua thủ tục hòa giải: a) Về xử lý kỷ luật lao động theo hình thức sa thải hoặc về trường hợp bị đơn phương chấm dứt hợp đồng lao động; b) Về bồi thường thiệt hại, trợ cấp khi chấm dứt hợp đồng lao động; c) Giữa người giúp việc gia đình với người sử dụng lao động; d) Về bảo hiểm xã hội theo quy định của pháp luật về bảo hiểm xã hội, về bảo hiểm y tế theo quy định của pháp luật về bảo hiểm y tế, về bảo hiểm thất nghiệp theo quy định của pháp luật về việc làm, về bảo hiểm tai nạn lao động, bệnh nghề nghiệp theo quy định của pháp luật về an toàn, vệ sinh lao động; đ) Về bồi thường thiệt hại giữa người lao động với doanh nghiệp, tổ chức đưa người lao động đi làm việc ở nước ngoài theo hợp đồng; e) Giữa người lao động thuê lại với người sử dụng lao động thuê lại.",ACTOR,doanh nghiệp
chunk_00576,"Tranh chấp lao động cá nhân phải được giải quyết thông qua thủ tục hòa giải của hòa giải viên lao động trước khi yêu cầu Hội đồng trọng tài lao động hoặc Tòa án giải quyết, trừ các tranh chấp lao động sau đây không bắt buộc phải qua thủ tục hòa giải: a) Về xử lý kỷ luật lao động theo hình thức sa thải hoặc về trường hợp bị đơn phương chấm dứt hợp đồng lao động; b) Về bồi thường thiệt hại, trợ cấp khi chấm dứt hợp đồng lao động; c) Giữa người giúp việc gia đình với người sử dụng lao động; d) Về bảo hiểm xã hội theo quy định của pháp luật về bảo hiểm xã hội, về bảo hiểm y tế theo quy định của pháp luật về bảo hiểm y tế, về bảo hiểm thất nghiệp theo quy định của pháp luật về việc làm, về bảo hiểm tai nạn lao động, bệnh nghề nghiệp theo quy định của pháp luật về an toàn, vệ sinh lao động; đ) Về bồi thường thiệt hại giữa người lao động với doanh nghiệp, tổ chức đưa người lao động đi làm việc ở nước ngoài theo hợp đồng; e) Giữa người lao động thuê lại với người sử dụng lao động thuê lại.",ACTOR,tổ chức đưa người lao động đi làm việc ở nước ngoài
chunk_00576,"Tranh chấp lao động cá nhân phải được giải quyết thông qua thủ tục hòa giải của hòa giải viên lao động trước khi yêu cầu Hội đồng trọng tài lao động hoặc Tòa án giải quyết, trừ các tranh chấp lao động sau đây không bắt buộc phải qua thủ tục hòa giải: a) Về xử lý kỷ luật lao động theo hình thức sa thải hoặc về trường hợp bị đơn phương chấm dứt hợp đồng lao động; b) Về bồi thường thiệt hại, trợ cấp khi chấm dứt hợp đồng lao động; c) Giữa người giúp việc gia đình với người sử dụng lao động; d) Về bảo hiểm xã hội theo quy định của pháp luật về bảo hiểm xã hội, về bảo hiểm y tế theo quy định của pháp luật về bảo hiểm y tế, về bảo hiểm thất nghiệp theo quy định của pháp luật về việc làm, về bảo hiểm tai nạn lao động, bệnh nghề nghiệp theo quy định của pháp luật về an toàn, vệ sinh lao động; đ) Về bồi thường thiệt hại giữa người lao động với doanh nghiệp, tổ chức đưa người lao động đi làm việc ở nước ngoài theo hợp đồng; e) Giữa người lao động thuê lại với người sử dụng lao động thuê lại.",ACTOR,người lao động
chunk_00576,"Tranh chấp lao động cá nhân phải được giải quyết thông qua thủ tục hòa giải của hòa giải viên lao động trước khi yêu cầu Hội đồng trọng tài lao động hoặc Tòa án giải quyết, trừ các tranh chấp lao động sau đây không bắt buộc phải qua thủ tục hòa giải: a) Về xử lý kỷ luật lao động theo hình thức sa thải hoặc về trường hợp bị đơn phương chấm dứt hợp đồng lao động; b) Về bồi thường thiệt hại, trợ cấp khi chấm dứt hợp đồng lao động; c) Giữa người giúp việc gia đình với người sử dụng lao động; d) Về bảo hiểm xã hội theo quy định của pháp luật về bảo hiểm xã hội, về bảo hiểm y tế theo quy định của pháp luật về bảo hiểm y tế, về bảo hiểm thất nghiệp theo quy định của pháp luật về việc làm, về bảo hiểm tai nạn lao động, bệnh nghề nghiệp theo quy định của pháp luật về an toàn, vệ sinh lao động; đ) Về bồi thường thiệt hại giữa người lao động với doanh nghiệp, tổ chức đưa người lao động đi làm việc ở nước ngoài theo hợp đồng; e) Giữa người lao động thuê lại với người sử dụng lao động thuê lại.",ACTOR,người lao động thuê lại
chunk_00576,"Tranh chấp lao động cá nhân phải được giải quyết thông qua thủ tục hòa giải của hòa giải viên lao động trước khi yêu cầu Hội đồng trọng tài lao động hoặc Tòa án giải quyết, trừ các tranh chấp lao động sau đây không bắt buộc phải qua thủ tục hòa giải: a) Về xử lý kỷ luật lao động theo hình thức sa thải hoặc về trường hợp bị đơn phương chấm dứt hợp đồng lao động; b) Về bồi thường thiệt hại, trợ cấp khi chấm dứt hợp đồng lao động; c) Giữa người giúp việc gia đình với người sử dụng lao động; d) Về bảo hiểm xã hội theo quy định của pháp luật về bảo hiểm xã hội, về bảo hiểm y tế theo quy định của pháp luật về bảo hiểm y tế, về bảo hiểm thất nghiệp theo quy định của pháp luật về việc làm, về bảo hiểm tai nạn lao động, bệnh nghề nghiệp theo quy định của pháp luật về an toàn, vệ sinh lao động; đ) Về bồi thường thiệt hại giữa người lao động với doanh nghiệp, tổ chức đưa người lao động đi làm việc ở nước ngoài theo hợp đồng; e) Giữa người lao động thuê lại với người sử dụng lao động thuê lại.",ACTOR,người sử dụng lao động thuê lại
chunk_00576,"Tranh chấp lao động cá nhân phải được giải quyết thông qua thủ tục hòa giải của hòa giải viên lao động trước khi yêu cầu Hội đồng trọng tài lao động hoặc Tòa án giải quyết, trừ các tranh chấp lao động sau đây không bắt buộc phải qua thủ tục hòa giải: a) Về xử lý kỷ luật lao động theo hình thức sa thải hoặc về trường hợp bị đơn phương chấm dứt hợp đồng lao động; b) Về bồi thường thiệt hại, trợ cấp khi chấm dứt hợp đồng lao động; c) Giữa người giúp việc gia đình với người sử dụng lao động; d) Về bảo hiểm xã hội theo quy định của pháp luật về bảo hiểm xã hội, về bảo hiểm y tế theo quy định của pháp luật về bảo hiểm y tế, về bảo hiểm thất nghiệp theo quy định của pháp luật về việc làm, về bảo hiểm tai nạn lao động, bệnh nghề nghiệp theo quy định của pháp luật về an toàn, vệ sinh lao động; đ) Về bồi thường thiệt hại giữa người lao động với doanh nghiệp, tổ chức đưa người lao động đi làm việc ở nước ngoài theo hợp đồng; e) Giữa người lao động thuê lại với người sử dụng lao động thuê lại.",LEGAL_CONCEPT,Tranh chấp lao động cá nhân
chunk_00576,"Tranh chấp lao động cá nhân phải được giải quyết thông qua thủ tục hòa giải của hòa giải viên lao động trước khi yêu cầu Hội đồng trọng tài lao động hoặc Tòa án giải quyết, trừ các tranh chấp lao động sau đây không bắt buộc phải qua thủ tục hòa giải: a) Về xử lý kỷ luật lao động theo hình thức sa thải hoặc về trường hợp bị đơn phương chấm dứt hợp đồng lao động; b) Về bồi thường thiệt hại, trợ cấp khi chấm dứt hợp đồng lao động; c) Giữa người giúp việc gia đình với người sử dụng lao động; d) Về bảo hiểm xã hội theo quy định của pháp luật về bảo hiểm xã hội, về bảo hiểm y tế theo quy định của pháp luật về bảo hiểm y tế, về bảo hiểm thất nghiệp theo quy định của pháp luật về việc làm, về bảo hiểm tai nạn lao động, bệnh nghề nghiệp theo quy định của pháp luật về an toàn, vệ sinh lao động; đ) Về bồi thường thiệt hại giữa người lao động với doanh nghiệp, tổ chức đưa người lao động đi làm việc ở nước ngoài theo hợp đồng; e) Giữa người lao động thuê lại với người sử dụng lao động thuê lại.",LEGAL_CONCEPT,thủ tục hòa giải
chunk_00576,"Tranh chấp lao động cá nhân phải được giải quyết thông qua thủ tục hòa giải của hòa giải viên lao động trước khi yêu cầu Hội đồng trọng tài lao động hoặc Tòa án giải quyết, trừ các tranh chấp lao động sau đây không bắt buộc phải qua thủ tục hòa giải: a) Về xử lý kỷ luật lao động theo hình thức sa thải hoặc về trường hợp bị đơn phương chấm dứt hợp đồng lao động; b) Về bồi thường thiệt hại, trợ cấp khi chấm dứt hợp đồng lao động; c) Giữa người giúp việc gia đình với người sử dụng lao động; d) Về bảo hiểm xã hội theo quy định của pháp luật về bảo hiểm xã hội, về bảo hiểm y tế theo quy định của pháp luật về bảo hiểm y tế, về bảo hiểm thất nghiệp theo quy định của pháp luật về việc làm, về bảo hiểm tai nạn lao động, bệnh nghề nghiệp theo quy định của pháp luật về an toàn, vệ sinh lao động; đ) Về bồi thường thiệt hại giữa người lao động với doanh nghiệp, tổ chức đưa người lao động đi làm việc ở nước ngoài theo hợp đồng; e) Giữa người lao động thuê lại với người sử dụng lao động thuê lại.",LEGAL_CONCEPT,tranh chấp lao động
chunk_00576,"Tranh chấp lao động cá nhân phải được giải quyết thông qua thủ tục hòa giải của hòa giải viên lao động trước khi yêu cầu Hội đồng trọng tài lao động hoặc Tòa án giải quyết, trừ các tranh chấp lao động sau đây không bắt buộc phải qua thủ tục hòa giải: a) Về xử lý kỷ luật lao động theo hình thức sa thải hoặc về trường hợp bị đơn phương chấm dứt hợp đồng lao động; b) Về bồi thường thiệt hại, trợ cấp khi chấm dứt hợp đồng lao động; c) Giữa người giúp việc gia đình với người sử dụng lao động; d) Về bảo hiểm xã hội theo quy định của pháp luật về bảo hiểm xã hội, về bảo hiểm y tế theo quy định của pháp luật về bảo hiểm y tế, về bảo hiểm thất nghiệp theo quy định của pháp luật về việc làm, về bảo hiểm tai nạn lao động, bệnh nghề nghiệp theo quy định của pháp luật về an toàn, vệ sinh lao động; đ) Về bồi thường thiệt hại giữa người lao động với doanh nghiệp, tổ chức đưa người lao động đi làm việc ở nước ngoài theo hợp đồng; e) Giữa người lao động thuê lại với người sử dụng lao động thuê lại.",LEGAL_CONCEPT,xử lý kỷ luật lao động theo hình thức sa thải
chunk_00576,"Tranh chấp lao động cá nhân phải được giải quyết thông qua thủ tục hòa giải của hòa giải viên lao động trước khi yêu cầu Hội đồng trọng tài lao động hoặc Tòa án giải quyết, trừ các tranh chấp lao động sau đây không bắt buộc phải qua thủ tục hòa giải: a) Về xử lý kỷ luật lao động theo hình thức sa thải hoặc về trường hợp bị đơn phương chấm dứt hợp đồng lao động; b) Về bồi thường thiệt hại, trợ cấp khi chấm dứt hợp đồng lao động; c) Giữa người giúp việc gia đình với người sử dụng lao động; d) Về bảo hiểm xã hội theo quy định của pháp luật về bảo hiểm xã hội, về bảo hiểm y tế theo quy định của pháp luật về bảo hiểm y tế, về bảo hiểm thất nghiệp theo quy định của pháp luật về việc làm, về bảo hiểm tai nạn lao động, bệnh nghề nghiệp theo quy định của pháp luật về an toàn, vệ sinh lao động; đ) Về bồi thường thiệt hại giữa người lao động với doanh nghiệp, tổ chức đưa người lao động đi làm việc ở nước ngoài theo hợp đồng; e) Giữa người lao động thuê lại với người sử dụng lao động thuê lại.",LEGAL_CONCEPT,trường hợp bị đơn phương chấm dứt hợp đồng lao động
chunk_00576,"Tranh chấp lao động cá nhân phải được giải quyết thông qua thủ tục hòa giải của hòa giải viên lao động trước khi yêu cầu Hội đồng trọng tài lao động hoặc Tòa án giải quyết, trừ các tranh chấp lao động sau đây không bắt buộc phải qua thủ tục hòa giải: a) Về xử lý kỷ luật lao động theo hình thức sa thải hoặc về trường hợp bị đơn phương chấm dứt hợp đồng lao động; b) Về bồi thường thiệt hại, trợ cấp khi chấm dứt hợp đồng lao động; c) Giữa người giúp việc gia đình với người sử dụng lao động; d) Về bảo hiểm xã hội theo quy định của pháp luật về bảo hiểm xã hội, về bảo hiểm y tế theo quy định của pháp luật về bảo hiểm y tế, về bảo hiểm thất nghiệp theo quy định của pháp luật về việc làm, về bảo hiểm tai nạn lao động, bệnh nghề nghiệp theo quy định của pháp luật về an toàn, vệ sinh lao động; đ) Về bồi thường thiệt hại giữa người lao động với doanh nghiệp, tổ chức đưa người lao động đi làm việc ở nước ngoài theo hợp đồng; e) Giữa người lao động thuê lại với người sử dụng lao động thuê lại.",LEGAL_CONCEPT,bồi thường thiệt hại
chunk_00576,"Tranh chấp lao động cá nhân phải được giải quyết thông qua thủ tục hòa giải của hòa giải viên lao động trước khi yêu cầu Hội đồng trọng tài lao động hoặc Tòa án giải quyết, trừ các tranh chấp lao động sau đây không bắt buộc phải qua thủ tục hòa giải: a) Về xử lý kỷ luật lao động theo hình thức sa thải hoặc về trường hợp bị đơn phương chấm dứt hợp đồng lao động; b) Về bồi thường thiệt hại, trợ cấp khi chấm dứt hợp đồng lao động; c) Giữa người giúp việc gia đình với người sử dụng lao động; d) Về bảo hiểm xã hội theo quy định của pháp luật về bảo hiểm xã hội, về bảo hiểm y tế theo quy định của pháp luật về bảo hiểm y tế, về bảo hiểm thất nghiệp theo quy định của pháp luật về việc làm, về bảo hiểm tai nạn lao động, bệnh nghề nghiệp theo quy định của pháp luật về an toàn, vệ sinh lao động; đ) Về bồi thường thiệt hại giữa người lao động với doanh nghiệp, tổ chức đưa người lao động đi làm việc ở nước ngoài theo hợp đồng; e) Giữa người lao động thuê lại với người sử dụng lao động thuê lại.",LEGAL_CONCEPT,trợ cấp khi chấm dứt hợp đồng lao động
chunk_00576,"Tranh chấp lao động cá nhân phải được giải quyết thông qua thủ tục hòa giải của hòa giải viên lao động trước khi yêu cầu Hội đồng trọng tài lao động hoặc Tòa án giải quyết, trừ các tranh chấp lao động sau đây không bắt buộc phải qua thủ tục hòa giải: a) Về xử lý kỷ luật lao động theo hình thức sa thải hoặc về trường hợp bị đơn phương chấm dứt hợp đồng lao động; b) Về bồi thường thiệt hại, trợ cấp khi chấm dứt hợp đồng lao động; c) Giữa người giúp việc gia đình với người sử dụng lao động; d) Về bảo hiểm xã hội theo quy định của pháp luật về bảo hiểm xã hội, về bảo hiểm y tế theo quy định của pháp luật về bảo hiểm y tế, về bảo hiểm thất nghiệp theo quy định của pháp luật về việc làm, về bảo hiểm tai nạn lao động, bệnh nghề nghiệp theo quy định của pháp luật về an toàn, vệ sinh lao động; đ) Về bồi thường thiệt hại giữa người lao động với doanh nghiệp, tổ chức đưa người lao động đi làm việc ở nước ngoài theo hợp đồng; e) Giữa người lao động thuê lại với người sử dụng lao động thuê lại.",LEGAL_CONCEPT,hợp đồng lao động
chunk_00576,"Tranh chấp lao động cá nhân phải được giải quyết thông qua thủ tục hòa giải của hòa giải viên lao động trước khi yêu cầu Hội đồng trọng tài lao động hoặc Tòa án giải quyết, trừ các tranh chấp lao động sau đây không bắt buộc phải qua thủ tục hòa giải: a) Về xử lý kỷ luật lao động theo hình thức sa thải hoặc về trường hợp bị đơn phương chấm dứt hợp đồng lao động; b) Về bồi thường thiệt hại, trợ cấp khi chấm dứt hợp đồng lao động; c) Giữa người giúp việc gia đình với người sử dụng lao động; d) Về bảo hiểm xã hội theo quy định của pháp luật về bảo hiểm xã hội, về bảo hiểm y tế theo quy định của pháp luật về bảo hiểm y tế, về bảo hiểm thất nghiệp theo quy định của pháp luật về việc làm, về bảo hiểm tai nạn lao động, bệnh nghề nghiệp theo quy định của pháp luật về an toàn, vệ sinh lao động; đ) Về bồi thường thiệt hại giữa người lao động với doanh nghiệp, tổ chức đưa người lao động đi làm việc ở nước ngoài theo hợp đồng; e) Giữa người lao động thuê lại với người sử dụng lao động thuê lại.",LEGAL_CONCEPT,bảo hiểm xã hội
chunk_00576,"Tranh chấp lao động cá nhân phải được giải quyết thông qua thủ tục hòa giải của hòa giải viên lao động trước khi yêu cầu Hội đồng trọng tài lao động hoặc Tòa án giải quyết, trừ các tranh chấp lao động sau đây không bắt buộc phải qua thủ tục hòa giải: a) Về xử lý kỷ luật lao động theo hình thức sa thải hoặc về trường hợp bị đơn phương chấm dứt hợp đồng lao động; b) Về bồi thường thiệt hại, trợ cấp khi chấm dứt hợp đồng lao động; c) Giữa người giúp việc gia đình với người sử dụng lao động; d) Về bảo hiểm xã hội theo quy định của pháp luật về bảo hiểm xã hội, về bảo hiểm y tế theo quy định của pháp luật về bảo hiểm y tế, về bảo hiểm thất nghiệp theo quy định của pháp luật về việc làm, về bảo hiểm tai nạn lao động, bệnh nghề nghiệp theo quy định của pháp luật về an toàn, vệ sinh lao động; đ) Về bồi thường thiệt hại giữa người lao động với doanh nghiệp, tổ chức đưa người lao động đi làm việc ở nước ngoài theo hợp đồng; e) Giữa người lao động thuê lại với người sử dụng lao động thuê lại.",LEGAL_CONCEPT,bảo hiểm y tế
chunk_00576,"Tranh chấp lao động cá nhân phải được giải quyết thông qua thủ tục hòa giải của hòa giải viên lao động trước khi yêu cầu Hội đồng trọng tài lao động hoặc Tòa án giải quyết, trừ các tranh chấp lao động sau đây không bắt buộc phải qua thủ tục hòa giải: a) Về xử lý kỷ luật lao động theo hình thức sa thải hoặc về trường hợp bị đơn phương chấm dứt hợp đồng lao động; b) Về bồi thường thiệt hại, trợ cấp khi chấm dứt hợp đồng lao động; c) Giữa người giúp việc gia đình với người sử dụng lao động; d) Về bảo hiểm xã hội theo quy định của pháp luật về bảo hiểm xã hội, về bảo hiểm y tế theo quy định của pháp luật về bảo hiểm y tế, về bảo hiểm thất nghiệp theo quy định của pháp luật về việc làm, về bảo hiểm tai nạn lao động, bệnh nghề nghiệp theo quy định của pháp luật về an toàn, vệ sinh lao động; đ) Về bồi thường thiệt hại giữa người lao động với doanh nghiệp, tổ chức đưa người lao động đi làm việc ở nước ngoài theo hợp đồng; e) Giữa người lao động thuê lại với người sử dụng lao động thuê lại.",LEGAL_CONCEPT,bảo hiểm thất nghiệp
chunk_00576,"Tranh chấp lao động cá nhân phải được giải quyết thông qua thủ tục hòa giải của hòa giải viên lao động trước khi yêu cầu Hội đồng trọng tài lao động hoặc Tòa án giải quyết, trừ các tranh chấp lao động sau đây không bắt buộc phải qua thủ tục hòa giải: a) Về xử lý kỷ luật lao động theo hình thức sa thải hoặc về trường hợp bị đơn phương chấm dứt hợp đồng lao động; b) Về bồi thường thiệt hại, trợ cấp khi chấm dứt hợp đồng lao động; c) Giữa người giúp việc gia đình với người sử dụng lao động; d) Về bảo hiểm xã hội theo quy định của pháp luật về bảo hiểm xã hội, về bảo hiểm y tế theo quy định của pháp luật về bảo hiểm y tế, về bảo hiểm thất nghiệp theo quy định của pháp luật về việc làm, về bảo hiểm tai nạn lao động, bệnh nghề nghiệp theo quy định của pháp luật về an toàn, vệ sinh lao động; đ) Về bồi thường thiệt hại giữa người lao động với doanh nghiệp, tổ chức đưa người lao động đi làm việc ở nước ngoài theo hợp đồng; e) Giữa người lao động thuê lại với người sử dụng lao động thuê lại.",LEGAL_CONCEPT,"bảo hiểm tai nạn lao động, bệnh nghề nghiệp"
chunk_00576,"Tranh chấp lao động cá nhân phải được giải quyết thông qua thủ tục hòa giải của hòa giải viên lao động trước khi yêu cầu Hội đồng trọng tài lao động hoặc Tòa án giải quyết, trừ các tranh chấp lao động sau đây không bắt buộc phải qua thủ tục hòa giải: a) Về xử lý kỷ luật lao động theo hình thức sa thải hoặc về trường hợp bị đơn phương chấm dứt hợp đồng lao động; b) Về bồi thường thiệt hại, trợ cấp khi chấm dứt hợp đồng lao động; c) Giữa người giúp việc gia đình với người sử dụng lao động; d) Về bảo hiểm xã hội theo quy định của pháp luật về bảo hiểm xã hội, về bảo hiểm y tế theo quy định của pháp luật về bảo hiểm y tế, về bảo hiểm thất nghiệp theo quy định của pháp luật về việc làm, về bảo hiểm tai nạn lao động, bệnh nghề nghiệp theo quy định của pháp luật về an toàn, vệ sinh lao động; đ) Về bồi thường thiệt hại giữa người lao động với doanh nghiệp, tổ chức đưa người lao động đi làm việc ở nước ngoài theo hợp đồng; e) Giữa người lao động thuê lại với người sử dụng lao động thuê lại.",LEGAL_CONCEPT,"an toàn, vệ sinh lao động"
chunk_00576,"Tranh chấp lao động cá nhân phải được giải quyết thông qua thủ tục hòa giải của hòa giải viên lao động trước khi yêu cầu Hội đồng trọng tài lao động hoặc Tòa án giải quyết, trừ các tranh chấp lao động sau đây không bắt buộc phải qua thủ tục hòa giải: a) Về xử lý kỷ luật lao động theo hình thức sa thải hoặc về trường hợp bị đơn phương chấm dứt hợp đồng lao động; b) Về bồi thường thiệt hại, trợ cấp khi chấm dứt hợp đồng lao động; c) Giữa người giúp việc gia đình với người sử dụng lao động; d) Về bảo hiểm xã hội theo quy định của pháp luật về bảo hiểm xã hội, về bảo hiểm y tế theo quy định của pháp luật về bảo hiểm y tế, về bảo hiểm thất nghiệp theo quy định của pháp luật về việc làm, về bảo hiểm tai nạn lao động, bệnh nghề nghiệp theo quy định của pháp luật về an toàn, vệ sinh lao động; đ) Về bồi thường thiệt hại giữa người lao động với doanh nghiệp, tổ chức đưa người lao động đi làm việc ở nước ngoài theo hợp đồng; e) Giữa người lao động thuê lại với người sử dụng lao động thuê lại.",LEGAL_CONCEPT,việc làm
chunk_00576,"Tranh chấp lao động cá nhân phải được giải quyết thông qua thủ tục hòa giải của hòa giải viên lao động trước khi yêu cầu Hội đồng trọng tài lao động hoặc Tòa án giải quyết, trừ các tranh chấp lao động sau đây không bắt buộc phải qua thủ tục hòa giải: a) Về xử lý kỷ luật lao động theo hình thức sa thải hoặc về trường hợp bị đơn phương chấm dứt hợp đồng lao động; b) Về bồi thường thiệt hại, trợ cấp khi chấm dứt hợp đồng lao động; c) Giữa người giúp việc gia đình với người sử dụng lao động; d) Về bảo hiểm xã hội theo quy định của pháp luật về bảo hiểm xã hội, về bảo hiểm y tế theo quy định của pháp luật về bảo hiểm y tế, về bảo hiểm thất nghiệp theo quy định của pháp luật về việc làm, về bảo hiểm tai nạn lao động, bệnh nghề nghiệp theo quy định của pháp luật về an toàn, vệ sinh lao động; đ) Về bồi thường thiệt hại giữa người lao động với doanh nghiệp, tổ chức đưa người lao động đi làm việc ở nước ngoài theo hợp đồng; e) Giữa người lao động thuê lại với người sử dụng lao động thuê lại.",ACTION,giải quyết
chunk_00576,"Tranh chấp lao động cá nhân phải được giải quyết thông qua thủ tục hòa giải của hòa giải viên lao động trước khi yêu cầu Hội đồng trọng tài lao động hoặc Tòa án giải quyết, trừ các tranh chấp lao động sau đây không bắt buộc phải qua thủ tục hòa giải: a) Về xử lý kỷ luật lao động theo hình thức sa thải hoặc về trường hợp bị đơn phương chấm dứt hợp đồng lao động; b) Về bồi thường thiệt hại, trợ cấp khi chấm dứt hợp đồng lao động; c) Giữa người giúp việc gia đình với người sử dụng lao động; d) Về bảo hiểm xã hội theo quy định của pháp luật về bảo hiểm xã hội, về bảo hiểm y tế theo quy định của pháp luật về bảo hiểm y tế, về bảo hiểm thất nghiệp theo quy định của pháp luật về việc làm, về bảo hiểm tai nạn lao động, bệnh nghề nghiệp theo quy định của pháp luật về an toàn, vệ sinh lao động; đ) Về bồi thường thiệt hại giữa người lao động với doanh nghiệp, tổ chức đưa người lao động đi làm việc ở nước ngoài theo hợp đồng; e) Giữa người lao động thuê lại với người sử dụng lao động thuê lại.",ACTION,hòa giải
chunk_00576,"Tranh chấp lao động cá nhân phải được giải quyết thông qua thủ tục hòa giải của hòa giải viên lao động trước khi yêu cầu Hội đồng trọng tài lao động hoặc Tòa án giải quyết, trừ các tranh chấp lao động sau đây không bắt buộc phải qua thủ tục hòa giải: a) Về xử lý kỷ luật lao động theo hình thức sa thải hoặc về trường hợp bị đơn phương chấm dứt hợp đồng lao động; b) Về bồi thường thiệt hại, trợ cấp khi chấm dứt hợp đồng lao động; c) Giữa người giúp việc gia đình với người sử dụng lao động; d) Về bảo hiểm xã hội theo quy định của pháp luật về bảo hiểm xã hội, về bảo hiểm y tế theo quy định của pháp luật về bảo hiểm y tế, về bảo hiểm thất nghiệp theo quy định của pháp luật về việc làm, về bảo hiểm tai nạn lao động, bệnh nghề nghiệp theo quy định của pháp luật về an toàn, vệ sinh lao động; đ) Về bồi thường thiệt hại giữa người lao động với doanh nghiệp, tổ chức đưa người lao động đi làm việc ở nước ngoài theo hợp đồng; e) Giữa người lao động thuê lại với người sử dụng lao động thuê lại.",ACTION,yêu cầu
chunk_00576,"Tranh chấp lao động cá nhân phải được giải quyết thông qua thủ tục hòa giải của hòa giải viên lao động trước khi yêu cầu Hội đồng trọng tài lao động hoặc Tòa án giải quyết, trừ các tranh chấp lao động sau đây không bắt buộc phải qua thủ tục hòa giải: a) Về xử lý kỷ luật lao động theo hình thức sa thải hoặc về trường hợp bị đơn phương chấm dứt hợp đồng lao động; b) Về bồi thường thiệt hại, trợ cấp khi chấm dứt hợp đồng lao động; c) Giữa người giúp việc gia đình với người sử dụng lao động; d) Về bảo hiểm xã hội theo quy định của pháp luật về bảo hiểm xã hội, về bảo hiểm y tế theo quy định của pháp luật về bảo hiểm y tế, về bảo hiểm thất nghiệp theo quy định của pháp luật về việc làm, về bảo hiểm tai nạn lao động, bệnh nghề nghiệp theo quy định của pháp luật về an toàn, vệ sinh lao động; đ) Về bồi thường thiệt hại giữa người lao động với doanh nghiệp, tổ chức đưa người lao động đi làm việc ở nước ngoài theo hợp đồng; e) Giữa người lao động thuê lại với người sử dụng lao động thuê lại.",ACTION,chấm dứt hợp đồng lao động
chunk_00576,"Tranh chấp lao động cá nhân phải được giải quyết thông qua thủ tục hòa giải của hòa giải viên lao động trước khi yêu cầu Hội đồng trọng tài lao động hoặc Tòa án giải quyết, trừ các tranh chấp lao động sau đây không bắt buộc phải qua thủ tục hòa giải: a) Về xử lý kỷ luật lao động theo hình thức sa thải hoặc về trường hợp bị đơn phương chấm dứt hợp đồng lao động; b) Về bồi thường thiệt hại, trợ cấp khi chấm dứt hợp đồng lao động; c) Giữa người giúp việc gia đình với người sử dụng lao động; d) Về bảo hiểm xã hội theo quy định của pháp luật về bảo hiểm xã hội, về bảo hiểm y tế theo quy định của pháp luật về bảo hiểm y tế, về bảo hiểm thất nghiệp theo quy định của pháp luật về việc làm, về bảo hiểm tai nạn lao động, bệnh nghề nghiệp theo quy định của pháp luật về an toàn, vệ sinh lao động; đ) Về bồi thường thiệt hại giữa người lao động với doanh nghiệp, tổ chức đưa người lao động đi làm việc ở nước ngoài theo hợp đồng; e) Giữa người lao động thuê lại với người sử dụng lao động thuê lại.",ACTION,đưa người lao động đi làm việc ở nước ngoài
chunk_00576,"Tranh chấp lao động cá nhân phải được giải quyết thông qua thủ tục hòa giải của hòa giải viên lao động trước khi yêu cầu Hội đồng trọng tài lao động hoặc Tòa án giải quyết, trừ các tranh chấp lao động sau đây không bắt buộc phải qua thủ tục hòa giải: a) Về xử lý kỷ luật lao động theo hình thức sa thải hoặc về trường hợp bị đơn phương chấm dứt hợp đồng lao động; b) Về bồi thường thiệt hại, trợ cấp khi chấm dứt hợp đồng lao động; c) Giữa người giúp việc gia đình với người sử dụng lao động; d) Về bảo hiểm xã hội theo quy định của pháp luật về bảo hiểm xã hội, về bảo hiểm y tế theo quy định của pháp luật về bảo hiểm y tế, về bảo hiểm thất nghiệp theo quy định của pháp luật về việc làm, về bảo hiểm tai nạn lao động, bệnh nghề nghiệp theo quy định của pháp luật về an toàn, vệ sinh lao động; đ) Về bồi thường thiệt hại giữa người lao động với doanh nghiệp, tổ chức đưa người lao động đi làm việc ở nước ngoài theo hợp đồng; e) Giữa người lao động thuê lại với người sử dụng lao động thuê lại.",OBLIGATION,phải được giải quyết thông qua thủ tục hòa giải của hòa giải viên lao động trước khi yêu cầu Hội đồng trọng tài lao động hoặc Tòa án giải quyết
chunk_00576,"Tranh chấp lao động cá nhân phải được giải quyết thông qua thủ tục hòa giải của hòa giải viên lao động trước khi yêu cầu Hội đồng trọng tài lao động hoặc Tòa án giải quyết, trừ các tranh chấp lao động sau đây không bắt buộc phải qua thủ tục hòa giải: a) Về xử lý kỷ luật lao động theo hình thức sa thải hoặc về trường hợp bị đơn phương chấm dứt hợp đồng lao động; b) Về bồi thường thiệt hại, trợ cấp khi chấm dứt hợp đồng lao động; c) Giữa người giúp việc gia đình với người sử dụng lao động; d) Về bảo hiểm xã hội theo quy định của pháp luật về bảo hiểm xã hội, về bảo hiểm y tế theo quy định của pháp luật về bảo hiểm y tế, về bảo hiểm thất nghiệp theo quy định của pháp luật về việc làm, về bảo hiểm tai nạn lao động, bệnh nghề nghiệp theo quy định của pháp luật về an toàn, vệ sinh lao động; đ) Về bồi thường thiệt hại giữa người lao động với doanh nghiệp, tổ chức đưa người lao động đi làm việc ở nước ngoài theo hợp đồng; e) Giữa người lao động thuê lại với người sử dụng lao động thuê lại.",CONDITION,trước khi yêu cầu Hội đồng trọng tài lao động hoặc Tòa án giải quyết
chunk_00576,"Tranh chấp lao động cá nhân phải được giải quyết thông qua thủ tục hòa giải của hòa giải viên lao động trước khi yêu cầu Hội đồng trọng tài lao động hoặc Tòa án giải quyết, trừ các tranh chấp lao động sau đây không bắt buộc phải qua thủ tục hòa giải: a) Về xử lý kỷ luật lao động theo hình thức sa thải hoặc về trường hợp bị đơn phương chấm dứt hợp đồng lao động; b) Về bồi thường thiệt hại, trợ cấp khi chấm dứt hợp đồng lao động; c) Giữa người giúp việc gia đình với người sử dụng lao động; d) Về bảo hiểm xã hội theo quy định của pháp luật về bảo hiểm xã hội, về bảo hiểm y tế theo quy định của pháp luật về bảo hiểm y tế, về bảo hiểm thất nghiệp theo quy định của pháp luật về việc làm, về bảo hiểm tai nạn lao động, bệnh nghề nghiệp theo quy định của pháp luật về an toàn, vệ sinh lao động; đ) Về bồi thường thiệt hại giữa người lao động với doanh nghiệp, tổ chức đưa người lao động đi làm việc ở nước ngoài theo hợp đồng; e) Giữa người lao động thuê lại với người sử dụng lao động thuê lại.",CONDITION,trừ các tranh chấp lao động sau đây không bắt buộc phải qua thủ tục hòa giải
chunk_00576,"Tranh chấp lao động cá nhân phải được giải quyết thông qua thủ tục hòa giải của hòa giải viên lao động trước khi yêu cầu Hội đồng trọng tài lao động hoặc Tòa án giải quyết, trừ các tranh chấp lao động sau đây không bắt buộc phải qua thủ tục hòa giải: a) Về xử lý kỷ luật lao động theo hình thức sa thải hoặc về trường hợp bị đơn phương chấm dứt hợp đồng lao động; b) Về bồi thường thiệt hại, trợ cấp khi chấm dứt hợp đồng lao động; c) Giữa người giúp việc gia đình với người sử dụng lao động; d) Về bảo hiểm xã hội theo quy định của pháp luật về bảo hiểm xã hội, về bảo hiểm y tế theo quy định của pháp luật về bảo hiểm y tế, về bảo hiểm thất nghiệp theo quy định của pháp luật về việc làm, về bảo hiểm tai nạn lao động, bệnh nghề nghiệp theo quy định của pháp luật về an toàn, vệ sinh lao động; đ) Về bồi thường thiệt hại giữa người lao động với doanh nghiệp, tổ chức đưa người lao động đi làm việc ở nước ngoài theo hợp đồng; e) Giữa người lao động thuê lại với người sử dụng lao động thuê lại.",LEGAL_REF,pháp luật về bảo hiểm xã hội
chunk_00576,"Tranh chấp lao động cá nhân phải được giải quyết thông qua thủ tục hòa giải của hòa giải viên lao động trước khi yêu cầu Hội đồng trọng tài lao động hoặc Tòa án giải quyết, trừ các tranh chấp lao động sau đây không bắt buộc phải qua thủ tục hòa giải: a) Về xử lý kỷ luật lao động theo hình thức sa thải hoặc về trường hợp bị đơn phương chấm dứt hợp đồng lao động; b) Về bồi thường thiệt hại, trợ cấp khi chấm dứt hợp đồng lao động; c) Giữa người giúp việc gia đình với người sử dụng lao động; d) Về bảo hiểm xã hội theo quy định của pháp luật về bảo hiểm xã hội, về bảo hiểm y tế theo quy định của pháp luật về bảo hiểm y tế, về bảo hiểm thất nghiệp theo quy định của pháp luật về việc làm, về bảo hiểm tai nạn lao động, bệnh nghề nghiệp theo quy định của pháp luật về an toàn, vệ sinh lao động; đ) Về bồi thường thiệt hại giữa người lao động với doanh nghiệp, tổ chức đưa người lao động đi làm việc ở nước ngoài theo hợp đồng; e) Giữa người lao động thuê lại với người sử dụng lao động thuê lại.",LEGAL_REF,pháp luật về bảo hiểm y tế
chunk_00576,"Tranh chấp lao động cá nhân phải được giải quyết thông qua thủ tục hòa giải của hòa giải viên lao động trước khi yêu cầu Hội đồng trọng tài lao động hoặc Tòa án giải quyết, trừ các tranh chấp lao động sau đây không bắt buộc phải qua thủ tục hòa giải: a) Về xử lý kỷ luật lao động theo hình thức sa thải hoặc về trường hợp bị đơn phương chấm dứt hợp đồng lao động; b) Về bồi thường thiệt hại, trợ cấp khi chấm dứt hợp đồng lao động; c) Giữa người giúp việc gia đình với người sử dụng lao động; d) Về bảo hiểm xã hội theo quy định của pháp luật về bảo hiểm xã hội, về bảo hiểm y tế theo quy định của pháp luật về bảo hiểm y tế, về bảo hiểm thất nghiệp theo quy định của pháp luật về việc làm, về bảo hiểm tai nạn lao động, bệnh nghề nghiệp theo quy định của pháp luật về an toàn, vệ sinh lao động; đ) Về bồi thường thiệt hại giữa người lao động với doanh nghiệp, tổ chức đưa người lao động đi làm việc ở nước ngoài theo hợp đồng; e) Giữa người lao động thuê lại với người sử dụng lao động thuê lại.",LEGAL_REF,pháp luật về việc làm
chunk_00576,"Tranh chấp lao động cá nhân phải được giải quyết thông qua thủ tục hòa giải của hòa giải viên lao động trước khi yêu cầu Hội đồng trọng tài lao động hoặc Tòa án giải quyết, trừ các tranh chấp lao động sau đây không bắt buộc phải qua thủ tục hòa giải: a) Về xử lý kỷ luật lao động theo hình thức sa thải hoặc về trường hợp bị đơn phương chấm dứt hợp đồng lao động; b) Về bồi thường thiệt hại, trợ cấp khi chấm dứt hợp đồng lao động; c) Giữa người giúp việc gia đình với người sử dụng lao động; d) Về bảo hiểm xã hội theo quy định của pháp luật về bảo hiểm xã hội, về bảo hiểm y tế theo quy định của pháp luật về bảo hiểm y tế, về bảo hiểm thất nghiệp theo quy định của pháp luật về việc làm, về bảo hiểm tai nạn lao động, bệnh nghề nghiệp theo quy định của pháp luật về an toàn, vệ sinh lao động; đ) Về bồi thường thiệt hại giữa người lao động với doanh nghiệp, tổ chức đưa người lao động đi làm việc ở nước ngoài theo hợp đồng; e) Giữa người lao động thuê lại với người sử dụng lao động thuê lại.",LEGAL_REF,"pháp luật về an toàn, vệ sinh lao động"
chunk_00662,Bộ Lao động - Thương binh và Xã hội chịu trách nhiệm trước Chính phủ thực hiện quản lý nhà nước về lao động.,ACTOR,Bộ Lao động - Thương binh và Xã hội
chunk_00662,Bộ Lao động - Thương binh và Xã hội chịu trách nhiệm trước Chính phủ thực hiện quản lý nhà nước về lao động.,ACTOR,Chính phủ
chunk_00662,Bộ Lao động - Thương binh và Xã hội chịu trách nhiệm trước Chính phủ thực hiện quản lý nhà nước về lao động.,OBLIGATION,chịu trách nhiệm
chunk_00662,Bộ Lao động - Thương binh và Xã hội chịu trách nhiệm trước Chính phủ thực hiện quản lý nhà nước về lao động.,ACTION,thực hiện
chunk_00662,Bộ Lao động - Thương binh và Xã hội chịu trách nhiệm trước Chính phủ thực hiện quản lý nhà nước về lao động.,LEGAL_CONCEPT,quản lý nhà nước về lao động
chunk_00549,Các quyền và nghĩa vụ khác theo quy định của pháp luật.,RIGHT,quyền
chunk_00549,Các quyền và nghĩa vụ khác theo quy định của pháp luật.,OBLIGATION,nghĩa vụ
chunk_00549,Các quyền và nghĩa vụ khác theo quy định của pháp luật.,CONDITION,khác theo quy định của pháp luật
chunk_00555,"Công khai, minh bạch, khách quan, kịp thời, nhanh chóng và đúng pháp luật.",LEGAL_CONCEPT,Công khai
chunk_00555,"Công khai, minh bạch, khách quan, kịp thời, nhanh chóng và đúng pháp luật.",LEGAL_CONCEPT,minh bạch
chunk_00555,"Công khai, minh bạch, khách quan, kịp thời, nhanh chóng và đúng pháp luật.",LEGAL_CONCEPT,khách quan
chunk_00555,"Công khai, minh bạch, khách quan, kịp thời, nhanh chóng và đúng pháp luật.",LEGAL_CONCEPT,kịp thời
chunk_00555,"Công khai, minh bạch, khách quan, kịp thời, nhanh chóng và đúng pháp luật.",LEGAL_CONCEPT,nhanh chóng
chunk_00555,"Công khai, minh bạch, khách quan, kịp thời, nhanh chóng và đúng pháp luật.",LEGAL_CONCEPT,đúng pháp luật
chunk_00459,"Thời hạn của hợp đồng lao động đối với người lao động nước ngoài làm việc tại Việt Nam không được vượt quá thời hạn của Giấy phép lao động. Khi sử dụng người lao động nước ngoài làm việc tại Việt Nam, hai bên có thể thỏa thuận giao kết nhiều lần hợp đồng lao động xác định thời hạn.",TIME_PERIOD,Thời hạn của hợp đồng lao động
chunk_00459,"Thời hạn của hợp đồng lao động đối với người lao động nước ngoài làm việc tại Việt Nam không được vượt quá thời hạn của Giấy phép lao động. Khi sử dụng người lao động nước ngoài làm việc tại Việt Nam, hai bên có thể thỏa thuận giao kết nhiều lần hợp đồng lao động xác định thời hạn.",LEGAL_CONCEPT,hợp đồng lao động
chunk_00459,"Thời hạn của hợp đồng lao động đối với người lao động nước ngoài làm việc tại Việt Nam không được vượt quá thời hạn của Giấy phép lao động. Khi sử dụng người lao động nước ngoài làm việc tại Việt Nam, hai bên có thể thỏa thuận giao kết nhiều lần hợp đồng lao động xác định thời hạn.",ACTOR,người lao động nước ngoài
chunk_00459,"Thời hạn của hợp đồng lao động đối với người lao động nước ngoài làm việc tại Việt Nam không được vượt quá thời hạn của Giấy phép lao động. Khi sử dụng người lao động nước ngoài làm việc tại Việt Nam, hai bên có thể thỏa thuận giao kết nhiều lần hợp đồng lao động xác định thời hạn.",ACTION,làm việc tại Việt Nam
chunk_00459,"Thời hạn của hợp đồng lao động đối với người lao động nước ngoài làm việc tại Việt Nam không được vượt quá thời hạn của Giấy phép lao động. Khi sử dụng người lao động nước ngoài làm việc tại Việt Nam, hai bên có thể thỏa thuận giao kết nhiều lần hợp đồng lao động xác định thời hạn.",PROHIBITION,không được vượt quá thời hạn của Giấy phép lao động
chunk_00459,"Thời hạn của hợp đồng lao động đối với người lao động nước ngoài làm việc tại Việt Nam không được vượt quá thời hạn của Giấy phép lao động. Khi sử dụng người lao động nước ngoài làm việc tại Việt Nam, hai bên có thể thỏa thuận giao kết nhiều lần hợp đồng lao động xác định thời hạn.",TIME_PERIOD,thời hạn của Giấy phép lao động
chunk_00459,"Thời hạn của hợp đồng lao động đối với người lao động nước ngoài làm việc tại Việt Nam không được vượt quá thời hạn của Giấy phép lao động. Khi sử dụng người lao động nước ngoài làm việc tại Việt Nam, hai bên có thể thỏa thuận giao kết nhiều lần hợp đồng lao động xác định thời hạn.",LEGAL_CONCEPT,Giấy phép lao động
chunk_00459,"Thời hạn của hợp đồng lao động đối với người lao động nước ngoài làm việc tại Việt Nam không được vượt quá thời hạn của Giấy phép lao động. Khi sử dụng người lao động nước ngoài làm việc tại Việt Nam, hai bên có thể thỏa thuận giao kết nhiều lần hợp đồng lao động xác định thời hạn.",CONDITION,Khi sử dụng người lao động nước ngoài làm việc tại Việt Nam
chunk_00459,"Thời hạn của hợp đồng lao động đối với người lao động nước ngoài làm việc tại Việt Nam không được vượt quá thời hạn của Giấy phép lao động. Khi sử dụng người lao động nước ngoài làm việc tại Việt Nam, hai bên có thể thỏa thuận giao kết nhiều lần hợp đồng lao động xác định thời hạn.",ACTOR,người lao động nước ngoài
chunk_00459,"Thời hạn của hợp đồng lao động đối với người lao động nước ngoài làm việc tại Việt Nam không được vượt quá thời hạn của Giấy phép lao động. Khi sử dụng người lao động nước ngoài làm việc tại Việt Nam, hai bên có thể thỏa thuận giao kết nhiều lần hợp đồng lao động xác định thời hạn.",ACTION,làm việc tại Việt Nam
chunk_00459,"Thời hạn của hợp đồng lao động đối với người lao động nước ngoài làm việc tại Việt Nam không được vượt quá thời hạn của Giấy phép lao động. Khi sử dụng người lao động nước ngoài làm việc tại Việt Nam, hai bên có thể thỏa thuận giao kết nhiều lần hợp đồng lao động xác định thời hạn.",ACTOR,hai bên
chunk_00459,"Thời hạn của hợp đồng lao động đối với người lao động nước ngoài làm việc tại Việt Nam không được vượt quá thời hạn của Giấy phép lao động. Khi sử dụng người lao động nước ngoài làm việc tại Việt Nam, hai bên có thể thỏa thuận giao kết nhiều lần hợp đồng lao động xác định thời hạn.",RIGHT,có thể thỏa thuận
chunk_00459,"Thời hạn của hợp đồng lao động đối với người lao động nước ngoài làm việc tại Việt Nam không được vượt quá thời hạn của Giấy phép lao động. Khi sử dụng người lao động nước ngoài làm việc tại Việt Nam, hai bên có thể thỏa thuận giao kết nhiều lần hợp đồng lao động xác định thời hạn.",ACTION,giao kết
chunk_00459,"Thời hạn của hợp đồng lao động đối với người lao động nước ngoài làm việc tại Việt Nam không được vượt quá thời hạn của Giấy phép lao động. Khi sử dụng người lao động nước ngoài làm việc tại Việt Nam, hai bên có thể thỏa thuận giao kết nhiều lần hợp đồng lao động xác định thời hạn.",TIME_PERIOD,nhiều lần
chunk_00459,"Thời hạn của hợp đồng lao động đối với người lao động nước ngoài làm việc tại Việt Nam không được vượt quá thời hạn của Giấy phép lao động. Khi sử dụng người lao động nước ngoài làm việc tại Việt Nam, hai bên có thể thỏa thuận giao kết nhiều lần hợp đồng lao động xác định thời hạn.",LEGAL_CONCEPT,hợp đồng lao động
chunk_00459,"Thời hạn của hợp đồng lao động đối với người lao động nước ngoài làm việc tại Việt Nam không được vượt quá thời hạn của Giấy phép lao động. Khi sử dụng người lao động nước ngoài làm việc tại Việt Nam, hai bên có thể thỏa thuận giao kết nhiều lần hợp đồng lao động xác định thời hạn.",LEGAL_CONCEPT,hợp đồng lao động xác định thời hạn
chunk_00180,"Thông báo, hướng dẫn cho người lao động thuê lại biết nội quy lao động và các quy chế khác của mình.",ACTION,Thông báo
chunk_00180,"Thông báo, hướng dẫn cho người lao động thuê lại biết nội quy lao động và các quy chế khác của mình.",ACTION,hướng dẫn
chunk_00180,"Thông báo, hướng dẫn cho người lao động thuê lại biết nội quy lao động và các quy chế khác của mình.",ACTOR,người lao động thuê lại
chunk_00180,"Thông báo, hướng dẫn cho người lao động thuê lại biết nội quy lao động và các quy chế khác của mình.",LEGAL_CONCEPT,nội quy lao động
chunk_00180,"Thông báo, hướng dẫn cho người lao động thuê lại biết nội quy lao động và các quy chế khác của mình.",LEGAL_CONCEPT,các quy chế khác
chunk_00105,Người lao động bị xử lý kỷ luật sa thải.,ACTION,xử lý kỷ luật
chunk_00105,Người lao động bị xử lý kỷ luật sa thải.,ACTOR,Người lao động
chunk_00105,Người lao động bị xử lý kỷ luật sa thải.,PENALTY,sa thải
chunk_00392,Người sử dụng lao động có quyền tạm đình chỉ công việc của người lao động khi vụ việc vi phạm có những tình tiết phức tạp nếu xét thấy để người lao động tiếp tục làm việc sẽ gây khó khăn cho việc xác minh. Việc tạm đình chỉ công việc của người lao động chỉ được thực hiện sau khi tham khảo ý kiến của tổ chức đại diện người lao động tại cơ sở mà người lao động đang bị xem xét tạm đình chỉ công việc là thành viên.,ACTOR,Người sử dụng lao động
chunk_00392,Người sử dụng lao động có quyền tạm đình chỉ công việc của người lao động khi vụ việc vi phạm có những tình tiết phức tạp nếu xét thấy để người lao động tiếp tục làm việc sẽ gây khó khăn cho việc xác minh. Việc tạm đình chỉ công việc của người lao động chỉ được thực hiện sau khi tham khảo ý kiến của tổ chức đại diện người lao động tại cơ sở mà người lao động đang bị xem xét tạm đình chỉ công việc là thành viên.,RIGHT,quyền tạm đình chỉ công việc của người lao động
chunk_00392,Người sử dụng lao động có quyền tạm đình chỉ công việc của người lao động khi vụ việc vi phạm có những tình tiết phức tạp nếu xét thấy để người lao động tiếp tục làm việc sẽ gây khó khăn cho việc xác minh. Việc tạm đình chỉ công việc của người lao động chỉ được thực hiện sau khi tham khảo ý kiến của tổ chức đại diện người lao động tại cơ sở mà người lao động đang bị xem xét tạm đình chỉ công việc là thành viên.,ACTOR,người lao động
chunk_00392,Người sử dụng lao động có quyền tạm đình chỉ công việc của người lao động khi vụ việc vi phạm có những tình tiết phức tạp nếu xét thấy để người lao động tiếp tục làm việc sẽ gây khó khăn cho việc xác minh. Việc tạm đình chỉ công việc của người lao động chỉ được thực hiện sau khi tham khảo ý kiến của tổ chức đại diện người lao động tại cơ sở mà người lao động đang bị xem xét tạm đình chỉ công việc là thành viên.,CONDITION,khi vụ việc vi phạm có những tình tiết phức tạp nếu xét thấy để người lao động tiếp tục làm việc sẽ gây khó khăn cho việc xác minh
chunk_00392,Người sử dụng lao động có quyền tạm đình chỉ công việc của người lao động khi vụ việc vi phạm có những tình tiết phức tạp nếu xét thấy để người lao động tiếp tục làm việc sẽ gây khó khăn cho việc xác minh. Việc tạm đình chỉ công việc của người lao động chỉ được thực hiện sau khi tham khảo ý kiến của tổ chức đại diện người lao động tại cơ sở mà người lao động đang bị xem xét tạm đình chỉ công việc là thành viên.,ACTION,tạm đình chỉ công việc
chunk_00392,Người sử dụng lao động có quyền tạm đình chỉ công việc của người lao động khi vụ việc vi phạm có những tình tiết phức tạp nếu xét thấy để người lao động tiếp tục làm việc sẽ gây khó khăn cho việc xác minh. Việc tạm đình chỉ công việc của người lao động chỉ được thực hiện sau khi tham khảo ý kiến của tổ chức đại diện người lao động tại cơ sở mà người lao động đang bị xem xét tạm đình chỉ công việc là thành viên.,CONDITION,chỉ được thực hiện sau khi tham khảo ý kiến của tổ chức đại diện người lao động tại cơ sở mà người lao động đang bị xem xét tạm đình chỉ công việc là thành viên
chunk_00392,Người sử dụng lao động có quyền tạm đình chỉ công việc của người lao động khi vụ việc vi phạm có những tình tiết phức tạp nếu xét thấy để người lao động tiếp tục làm việc sẽ gây khó khăn cho việc xác minh. Việc tạm đình chỉ công việc của người lao động chỉ được thực hiện sau khi tham khảo ý kiến của tổ chức đại diện người lao động tại cơ sở mà người lao động đang bị xem xét tạm đình chỉ công việc là thành viên.,ACTION,tham khảo ý kiến
chunk_00392,Người sử dụng lao động có quyền tạm đình chỉ công việc của người lao động khi vụ việc vi phạm có những tình tiết phức tạp nếu xét thấy để người lao động tiếp tục làm việc sẽ gây khó khăn cho việc xác minh. Việc tạm đình chỉ công việc của người lao động chỉ được thực hiện sau khi tham khảo ý kiến của tổ chức đại diện người lao động tại cơ sở mà người lao động đang bị xem xét tạm đình chỉ công việc là thành viên.,ACTOR,tổ chức đại diện người lao động tại cơ sở
chunk_00392,Người sử dụng lao động có quyền tạm đình chỉ công việc của người lao động khi vụ việc vi phạm có những tình tiết phức tạp nếu xét thấy để người lao động tiếp tục làm việc sẽ gây khó khăn cho việc xác minh. Việc tạm đình chỉ công việc của người lao động chỉ được thực hiện sau khi tham khảo ý kiến của tổ chức đại diện người lao động tại cơ sở mà người lao động đang bị xem xét tạm đình chỉ công việc là thành viên.,ACTION,xem xét tạm đình chỉ công việc
chunk_00641,Sau khi người lao động ngừng đình công.,CONDITION,Sau khi
chunk_00641,Sau khi người lao động ngừng đình công.,ACTOR,người lao động
chunk_00641,Sau khi người lao động ngừng đình công.,ACTION,ngừng
chunk_00641,Sau khi người lao động ngừng đình công.,EVENT,đình công
chunk_00012,"Cưỡng bức lao động là việc dùng vũ lực, đe dọa dùng vũ lực hoặc các thủ đoạn khác để ép buộc người lao động phải làm việc trái ý muốn của họ.",LEGAL_CONCEPT,Cưỡng bức lao động
chunk_00012,"Cưỡng bức lao động là việc dùng vũ lực, đe dọa dùng vũ lực hoặc các thủ đoạn khác để ép buộc người lao động phải làm việc trái ý muốn của họ.",ACTION,dùng vũ lực
chunk_00012,"Cưỡng bức lao động là việc dùng vũ lực, đe dọa dùng vũ lực hoặc các thủ đoạn khác để ép buộc người lao động phải làm việc trái ý muốn của họ.",ACTION,đe dọa dùng vũ lực
chunk_00012,"Cưỡng bức lao động là việc dùng vũ lực, đe dọa dùng vũ lực hoặc các thủ đoạn khác để ép buộc người lao động phải làm việc trái ý muốn của họ.",ACTION,ép buộc
chunk_00012,"Cưỡng bức lao động là việc dùng vũ lực, đe dọa dùng vũ lực hoặc các thủ đoạn khác để ép buộc người lao động phải làm việc trái ý muốn của họ.",ACTOR,người lao động
chunk_00012,"Cưỡng bức lao động là việc dùng vũ lực, đe dọa dùng vũ lực hoặc các thủ đoạn khác để ép buộc người lao động phải làm việc trái ý muốn của họ.",OBLIGATION,phải làm việc
chunk_00012,"Cưỡng bức lao động là việc dùng vũ lực, đe dọa dùng vũ lực hoặc các thủ đoạn khác để ép buộc người lao động phải làm việc trái ý muốn của họ.",CONDITION,trái ý muốn của họ
chunk_00222,Trường hợp doanh nghiệp có nhiều tổ chức đại diện người lao động tại cơ sở mà không có tổ chức nào đáp ứng quy định tại khoản 1 Điều này thì các tổ chức có quyền tự nguyện kết hợp với nhau để yêu cầu thương lượng tập thể nhưng tổng số thành viên của các tổ chức này phải đạt tỷ lệ tối thiểu theo quy định tại khoản 1 Điều này.,ACTOR,doanh nghiệp
chunk_00222,Trường hợp doanh nghiệp có nhiều tổ chức đại diện người lao động tại cơ sở mà không có tổ chức nào đáp ứng quy định tại khoản 1 Điều này thì các tổ chức có quyền tự nguyện kết hợp với nhau để yêu cầu thương lượng tập thể nhưng tổng số thành viên của các tổ chức này phải đạt tỷ lệ tối thiểu theo quy định tại khoản 1 Điều này.,ACTOR,tổ chức đại diện người lao động tại cơ sở
chunk_00222,Trường hợp doanh nghiệp có nhiều tổ chức đại diện người lao động tại cơ sở mà không có tổ chức nào đáp ứng quy định tại khoản 1 Điều này thì các tổ chức có quyền tự nguyện kết hợp với nhau để yêu cầu thương lượng tập thể nhưng tổng số thành viên của các tổ chức này phải đạt tỷ lệ tối thiểu theo quy định tại khoản 1 Điều này.,LEGAL_CONCEPT,quy định
chunk_00222,Trường hợp doanh nghiệp có nhiều tổ chức đại diện người lao động tại cơ sở mà không có tổ chức nào đáp ứng quy định tại khoản 1 Điều này thì các tổ chức có quyền tự nguyện kết hợp với nhau để yêu cầu thương lượng tập thể nhưng tổng số thành viên của các tổ chức này phải đạt tỷ lệ tối thiểu theo quy định tại khoản 1 Điều này.,LEGAL_CONCEPT,thương lượng tập thể
chunk_00222,Trường hợp doanh nghiệp có nhiều tổ chức đại diện người lao động tại cơ sở mà không có tổ chức nào đáp ứng quy định tại khoản 1 Điều này thì các tổ chức có quyền tự nguyện kết hợp với nhau để yêu cầu thương lượng tập thể nhưng tổng số thành viên của các tổ chức này phải đạt tỷ lệ tối thiểu theo quy định tại khoản 1 Điều này.,LEGAL_CONCEPT,tỷ lệ tối thiểu
chunk_00222,Trường hợp doanh nghiệp có nhiều tổ chức đại diện người lao động tại cơ sở mà không có tổ chức nào đáp ứng quy định tại khoản 1 Điều này thì các tổ chức có quyền tự nguyện kết hợp với nhau để yêu cầu thương lượng tập thể nhưng tổng số thành viên của các tổ chức này phải đạt tỷ lệ tối thiểu theo quy định tại khoản 1 Điều này.,ACTION,kết hợp với nhau
chunk_00222,Trường hợp doanh nghiệp có nhiều tổ chức đại diện người lao động tại cơ sở mà không có tổ chức nào đáp ứng quy định tại khoản 1 Điều này thì các tổ chức có quyền tự nguyện kết hợp với nhau để yêu cầu thương lượng tập thể nhưng tổng số thành viên của các tổ chức này phải đạt tỷ lệ tối thiểu theo quy định tại khoản 1 Điều này.,ACTION,yêu cầu
chunk_00222,Trường hợp doanh nghiệp có nhiều tổ chức đại diện người lao động tại cơ sở mà không có tổ chức nào đáp ứng quy định tại khoản 1 Điều này thì các tổ chức có quyền tự nguyện kết hợp với nhau để yêu cầu thương lượng tập thể nhưng tổng số thành viên của các tổ chức này phải đạt tỷ lệ tối thiểu theo quy định tại khoản 1 Điều này.,ACTION,đáp ứng
chunk_00222,Trường hợp doanh nghiệp có nhiều tổ chức đại diện người lao động tại cơ sở mà không có tổ chức nào đáp ứng quy định tại khoản 1 Điều này thì các tổ chức có quyền tự nguyện kết hợp với nhau để yêu cầu thương lượng tập thể nhưng tổng số thành viên của các tổ chức này phải đạt tỷ lệ tối thiểu theo quy định tại khoản 1 Điều này.,ACTION,đạt
chunk_00222,Trường hợp doanh nghiệp có nhiều tổ chức đại diện người lao động tại cơ sở mà không có tổ chức nào đáp ứng quy định tại khoản 1 Điều này thì các tổ chức có quyền tự nguyện kết hợp với nhau để yêu cầu thương lượng tập thể nhưng tổng số thành viên của các tổ chức này phải đạt tỷ lệ tối thiểu theo quy định tại khoản 1 Điều này.,RIGHT,các tổ chức có quyền tự nguyện kết hợp với nhau để yêu cầu thương lượng tập thể
chunk_00222,Trường hợp doanh nghiệp có nhiều tổ chức đại diện người lao động tại cơ sở mà không có tổ chức nào đáp ứng quy định tại khoản 1 Điều này thì các tổ chức có quyền tự nguyện kết hợp với nhau để yêu cầu thương lượng tập thể nhưng tổng số thành viên của các tổ chức này phải đạt tỷ lệ tối thiểu theo quy định tại khoản 1 Điều này.,OBLIGATION,tổng số thành viên của các tổ chức này phải đạt tỷ lệ tối thiểu theo quy định tại khoản 1 Điều này
chunk_00222,Trường hợp doanh nghiệp có nhiều tổ chức đại diện người lao động tại cơ sở mà không có tổ chức nào đáp ứng quy định tại khoản 1 Điều này thì các tổ chức có quyền tự nguyện kết hợp với nhau để yêu cầu thương lượng tập thể nhưng tổng số thành viên của các tổ chức này phải đạt tỷ lệ tối thiểu theo quy định tại khoản 1 Điều này.,CONDITION,Trường hợp doanh nghiệp có nhiều tổ chức đại diện người lao động tại cơ sở mà không có tổ chức nào đáp ứng quy định tại khoản 1 Điều này thì
chunk_00222,Trường hợp doanh nghiệp có nhiều tổ chức đại diện người lao động tại cơ sở mà không có tổ chức nào đáp ứng quy định tại khoản 1 Điều này thì các tổ chức có quyền tự nguyện kết hợp với nhau để yêu cầu thương lượng tập thể nhưng tổng số thành viên của các tổ chức này phải đạt tỷ lệ tối thiểu theo quy định tại khoản 1 Điều này.,LEGAL_REF,khoản 1 điều này
chunk_00204,"Đối thoại tại nơi làm việc là việc chia sẻ thông tin, tham khảo, thảo luận, trao đổi ý kiến giữa người sử dụng lao động với người lao động hoặc tổ chức đại diện người lao động về những vấn đề liên quan đến quyền, lợi ích và mối quan tâm của các bên tại nơi làm việc nhằm tăng cường sự hiểu biết, hợp tác, cùng nỗ lực hướng tới giải pháp các bên cùng có lợi.",LEGAL_CONCEPT,Đối thoại tại nơi làm việc
chunk_00204,"Đối thoại tại nơi làm việc là việc chia sẻ thông tin, tham khảo, thảo luận, trao đổi ý kiến giữa người sử dụng lao động với người lao động hoặc tổ chức đại diện người lao động về những vấn đề liên quan đến quyền, lợi ích và mối quan tâm của các bên tại nơi làm việc nhằm tăng cường sự hiểu biết, hợp tác, cùng nỗ lực hướng tới giải pháp các bên cùng có lợi.",ACTION,chia sẻ thông tin
chunk_00204,"Đối thoại tại nơi làm việc là việc chia sẻ thông tin, tham khảo, thảo luận, trao đổi ý kiến giữa người sử dụng lao động với người lao động hoặc tổ chức đại diện người lao động về những vấn đề liên quan đến quyền, lợi ích và mối quan tâm của các bên tại nơi làm việc nhằm tăng cường sự hiểu biết, hợp tác, cùng nỗ lực hướng tới giải pháp các bên cùng có lợi.",ACTION,tham khảo
chunk_00204,"Đối thoại tại nơi làm việc là việc chia sẻ thông tin, tham khảo, thảo luận, trao đổi ý kiến giữa người sử dụng lao động với người lao động hoặc tổ chức đại diện người lao động về những vấn đề liên quan đến quyền, lợi ích và mối quan tâm của các bên tại nơi làm việc nhằm tăng cường sự hiểu biết, hợp tác, cùng nỗ lực hướng tới giải pháp các bên cùng có lợi.",ACTION,thảo luận
chunk_00204,"Đối thoại tại nơi làm việc là việc chia sẻ thông tin, tham khảo, thảo luận, trao đổi ý kiến giữa người sử dụng lao động với người lao động hoặc tổ chức đại diện người lao động về những vấn đề liên quan đến quyền, lợi ích và mối quan tâm của các bên tại nơi làm việc nhằm tăng cường sự hiểu biết, hợp tác, cùng nỗ lực hướng tới giải pháp các bên cùng có lợi.",ACTION,trao đổi ý kiến
chunk_00204,"Đối thoại tại nơi làm việc là việc chia sẻ thông tin, tham khảo, thảo luận, trao đổi ý kiến giữa người sử dụng lao động với người lao động hoặc tổ chức đại diện người lao động về những vấn đề liên quan đến quyền, lợi ích và mối quan tâm của các bên tại nơi làm việc nhằm tăng cường sự hiểu biết, hợp tác, cùng nỗ lực hướng tới giải pháp các bên cùng có lợi.",ACTOR,người sử dụng lao động
chunk_00204,"Đối thoại tại nơi làm việc là việc chia sẻ thông tin, tham khảo, thảo luận, trao đổi ý kiến giữa người sử dụng lao động với người lao động hoặc tổ chức đại diện người lao động về những vấn đề liên quan đến quyền, lợi ích và mối quan tâm của các bên tại nơi làm việc nhằm tăng cường sự hiểu biết, hợp tác, cùng nỗ lực hướng tới giải pháp các bên cùng có lợi.",ACTOR,người lao động
chunk_00204,"Đối thoại tại nơi làm việc là việc chia sẻ thông tin, tham khảo, thảo luận, trao đổi ý kiến giữa người sử dụng lao động với người lao động hoặc tổ chức đại diện người lao động về những vấn đề liên quan đến quyền, lợi ích và mối quan tâm của các bên tại nơi làm việc nhằm tăng cường sự hiểu biết, hợp tác, cùng nỗ lực hướng tới giải pháp các bên cùng có lợi.",ACTOR,tổ chức đại diện người lao động
chunk_00204,"Đối thoại tại nơi làm việc là việc chia sẻ thông tin, tham khảo, thảo luận, trao đổi ý kiến giữa người sử dụng lao động với người lao động hoặc tổ chức đại diện người lao động về những vấn đề liên quan đến quyền, lợi ích và mối quan tâm của các bên tại nơi làm việc nhằm tăng cường sự hiểu biết, hợp tác, cùng nỗ lực hướng tới giải pháp các bên cùng có lợi.",RIGHT,quyền
chunk_00204,"Đối thoại tại nơi làm việc là việc chia sẻ thông tin, tham khảo, thảo luận, trao đổi ý kiến giữa người sử dụng lao động với người lao động hoặc tổ chức đại diện người lao động về những vấn đề liên quan đến quyền, lợi ích và mối quan tâm của các bên tại nơi làm việc nhằm tăng cường sự hiểu biết, hợp tác, cùng nỗ lực hướng tới giải pháp các bên cùng có lợi.",LEGAL_CONCEPT,lợi ích
chunk_00204,"Đối thoại tại nơi làm việc là việc chia sẻ thông tin, tham khảo, thảo luận, trao đổi ý kiến giữa người sử dụng lao động với người lao động hoặc tổ chức đại diện người lao động về những vấn đề liên quan đến quyền, lợi ích và mối quan tâm của các bên tại nơi làm việc nhằm tăng cường sự hiểu biết, hợp tác, cùng nỗ lực hướng tới giải pháp các bên cùng có lợi.",LEGAL_CONCEPT,mối quan tâm
chunk_00204,"Đối thoại tại nơi làm việc là việc chia sẻ thông tin, tham khảo, thảo luận, trao đổi ý kiến giữa người sử dụng lao động với người lao động hoặc tổ chức đại diện người lao động về những vấn đề liên quan đến quyền, lợi ích và mối quan tâm của các bên tại nơi làm việc nhằm tăng cường sự hiểu biết, hợp tác, cùng nỗ lực hướng tới giải pháp các bên cùng có lợi.",ACTOR,các bên
chunk_00204,"Đối thoại tại nơi làm việc là việc chia sẻ thông tin, tham khảo, thảo luận, trao đổi ý kiến giữa người sử dụng lao động với người lao động hoặc tổ chức đại diện người lao động về những vấn đề liên quan đến quyền, lợi ích và mối quan tâm của các bên tại nơi làm việc nhằm tăng cường sự hiểu biết, hợp tác, cùng nỗ lực hướng tới giải pháp các bên cùng có lợi.",LEGAL_CONCEPT,nơi làm việc
chunk_00204,"Đối thoại tại nơi làm việc là việc chia sẻ thông tin, tham khảo, thảo luận, trao đổi ý kiến giữa người sử dụng lao động với người lao động hoặc tổ chức đại diện người lao động về những vấn đề liên quan đến quyền, lợi ích và mối quan tâm của các bên tại nơi làm việc nhằm tăng cường sự hiểu biết, hợp tác, cùng nỗ lực hướng tới giải pháp các bên cùng có lợi.",ACTION,tăng cường sự hiểu biết
chunk_00204,"Đối thoại tại nơi làm việc là việc chia sẻ thông tin, tham khảo, thảo luận, trao đổi ý kiến giữa người sử dụng lao động với người lao động hoặc tổ chức đại diện người lao động về những vấn đề liên quan đến quyền, lợi ích và mối quan tâm của các bên tại nơi làm việc nhằm tăng cường sự hiểu biết, hợp tác, cùng nỗ lực hướng tới giải pháp các bên cùng có lợi.",ACTION,hợp tác
chunk_00204,"Đối thoại tại nơi làm việc là việc chia sẻ thông tin, tham khảo, thảo luận, trao đổi ý kiến giữa người sử dụng lao động với người lao động hoặc tổ chức đại diện người lao động về những vấn đề liên quan đến quyền, lợi ích và mối quan tâm của các bên tại nơi làm việc nhằm tăng cường sự hiểu biết, hợp tác, cùng nỗ lực hướng tới giải pháp các bên cùng có lợi.",ACTION,cùng nỗ lực
chunk_00204,"Đối thoại tại nơi làm việc là việc chia sẻ thông tin, tham khảo, thảo luận, trao đổi ý kiến giữa người sử dụng lao động với người lao động hoặc tổ chức đại diện người lao động về những vấn đề liên quan đến quyền, lợi ích và mối quan tâm của các bên tại nơi làm việc nhằm tăng cường sự hiểu biết, hợp tác, cùng nỗ lực hướng tới giải pháp các bên cùng có lợi.",LEGAL_CONCEPT,giải pháp các bên cùng có lợi
chunk_00094,"Người lao động làm việc không trọn thời gian được hưởng lương; bình đẳng trong thực hiện quyền và nghĩa vụ với người lao động làm việc trọn thời gian; bình đẳng về cơ hội, không bị phân biệt đối xử, bảo đảm an toàn, vệ sinh lao động.",ACTOR,người lao động làm việc không trọn thời gian
chunk_00094,"Người lao động làm việc không trọn thời gian được hưởng lương; bình đẳng trong thực hiện quyền và nghĩa vụ với người lao động làm việc trọn thời gian; bình đẳng về cơ hội, không bị phân biệt đối xử, bảo đảm an toàn, vệ sinh lao động.",LEGAL_CONCEPT,lương
chunk_00094,"Người lao động làm việc không trọn thời gian được hưởng lương; bình đẳng trong thực hiện quyền và nghĩa vụ với người lao động làm việc trọn thời gian; bình đẳng về cơ hội, không bị phân biệt đối xử, bảo đảm an toàn, vệ sinh lao động.",ACTOR,người lao động làm việc trọn thời gian
chunk_00094,"Người lao động làm việc không trọn thời gian được hưởng lương; bình đẳng trong thực hiện quyền và nghĩa vụ với người lao động làm việc trọn thời gian; bình đẳng về cơ hội, không bị phân biệt đối xử, bảo đảm an toàn, vệ sinh lao động.",RIGHT,được hưởng lương
chunk_00094,"Người lao động làm việc không trọn thời gian được hưởng lương; bình đẳng trong thực hiện quyền và nghĩa vụ với người lao động làm việc trọn thời gian; bình đẳng về cơ hội, không bị phân biệt đối xử, bảo đảm an toàn, vệ sinh lao động.",RIGHT,bình đẳng trong thực hiện quyền và nghĩa vụ với người lao động làm việc trọn thời gian
chunk_00094,"Người lao động làm việc không trọn thời gian được hưởng lương; bình đẳng trong thực hiện quyền và nghĩa vụ với người lao động làm việc trọn thời gian; bình đẳng về cơ hội, không bị phân biệt đối xử, bảo đảm an toàn, vệ sinh lao động.",RIGHT,bình đẳng về cơ hội
chunk_00094,"Người lao động làm việc không trọn thời gian được hưởng lương; bình đẳng trong thực hiện quyền và nghĩa vụ với người lao động làm việc trọn thời gian; bình đẳng về cơ hội, không bị phân biệt đối xử, bảo đảm an toàn, vệ sinh lao động.",PROHIBITION,không bị phân biệt đối xử
chunk_00094,"Người lao động làm việc không trọn thời gian được hưởng lương; bình đẳng trong thực hiện quyền và nghĩa vụ với người lao động làm việc trọn thời gian; bình đẳng về cơ hội, không bị phân biệt đối xử, bảo đảm an toàn, vệ sinh lao động.",RIGHT,"bảo đảm an toàn, vệ sinh lao động"
chunk_00154,"Trong thời hạn 14 ngày làm việc kể từ ngày chấm dứt hợp đồng lao động, hai bên có trách nhiệm thanh toán đầy đủ các khoản tiền có liên quan đến quyền lợi của mỗi bên, trừ trường hợp sau đây có thể kéo dài nhưng không được quá 30 ngày: a) Người sử dụng lao động không phải là cá nhân chấm dứt hoạt động; b) Người sử dụng lao động thay đổi cơ cấu, công nghệ hoặc vì lý do kinh tế; c) Chia, tách, hợp nhất, sáp nhập; bán, cho thuê, chuyển đổi loại hình doanh nghiệp; chuyển nhượng quyền sở hữu, quyền sử dụng tài sản của doanh nghiệp, hợp tác xã; d) Do thiên tai, hỏa hoạn, địch họa hoặc dịch bệnh nguy hiểm.",ACTOR,hai bên
chunk_00154,"Trong thời hạn 14 ngày làm việc kể từ ngày chấm dứt hợp đồng lao động, hai bên có trách nhiệm thanh toán đầy đủ các khoản tiền có liên quan đến quyền lợi của mỗi bên, trừ trường hợp sau đây có thể kéo dài nhưng không được quá 30 ngày: a) Người sử dụng lao động không phải là cá nhân chấm dứt hoạt động; b) Người sử dụng lao động thay đổi cơ cấu, công nghệ hoặc vì lý do kinh tế; c) Chia, tách, hợp nhất, sáp nhập; bán, cho thuê, chuyển đổi loại hình doanh nghiệp; chuyển nhượng quyền sở hữu, quyền sử dụng tài sản của doanh nghiệp, hợp tác xã; d) Do thiên tai, hỏa hoạn, địch họa hoặc dịch bệnh nguy hiểm.",TIME_PERIOD,14 ngày làm việc
chunk_00154,"Trong thời hạn 14 ngày làm việc kể từ ngày chấm dứt hợp đồng lao động, hai bên có trách nhiệm thanh toán đầy đủ các khoản tiền có liên quan đến quyền lợi của mỗi bên, trừ trường hợp sau đây có thể kéo dài nhưng không được quá 30 ngày: a) Người sử dụng lao động không phải là cá nhân chấm dứt hoạt động; b) Người sử dụng lao động thay đổi cơ cấu, công nghệ hoặc vì lý do kinh tế; c) Chia, tách, hợp nhất, sáp nhập; bán, cho thuê, chuyển đổi loại hình doanh nghiệp; chuyển nhượng quyền sở hữu, quyền sử dụng tài sản của doanh nghiệp, hợp tác xã; d) Do thiên tai, hỏa hoạn, địch họa hoặc dịch bệnh nguy hiểm.",EVENT,chấm dứt hợp đồng lao động
chunk_00154,"Trong thời hạn 14 ngày làm việc kể từ ngày chấm dứt hợp đồng lao động, hai bên có trách nhiệm thanh toán đầy đủ các khoản tiền có liên quan đến quyền lợi của mỗi bên, trừ trường hợp sau đây có thể kéo dài nhưng không được quá 30 ngày: a) Người sử dụng lao động không phải là cá nhân chấm dứt hoạt động; b) Người sử dụng lao động thay đổi cơ cấu, công nghệ hoặc vì lý do kinh tế; c) Chia, tách, hợp nhất, sáp nhập; bán, cho thuê, chuyển đổi loại hình doanh nghiệp; chuyển nhượng quyền sở hữu, quyền sử dụng tài sản của doanh nghiệp, hợp tác xã; d) Do thiên tai, hỏa hoạn, địch họa hoặc dịch bệnh nguy hiểm.",OBLIGATION,có trách nhiệm thanh toán đầy đủ các khoản tiền có liên quan đến quyền lợi của mỗi bên
chunk_00154,"Trong thời hạn 14 ngày làm việc kể từ ngày chấm dứt hợp đồng lao động, hai bên có trách nhiệm thanh toán đầy đủ các khoản tiền có liên quan đến quyền lợi của mỗi bên, trừ trường hợp sau đây có thể kéo dài nhưng không được quá 30 ngày: a) Người sử dụng lao động không phải là cá nhân chấm dứt hoạt động; b) Người sử dụng lao động thay đổi cơ cấu, công nghệ hoặc vì lý do kinh tế; c) Chia, tách, hợp nhất, sáp nhập; bán, cho thuê, chuyển đổi loại hình doanh nghiệp; chuyển nhượng quyền sở hữu, quyền sử dụng tài sản của doanh nghiệp, hợp tác xã; d) Do thiên tai, hỏa hoạn, địch họa hoặc dịch bệnh nguy hiểm.",RIGHT,quyền lợi của mỗi bên
chunk_00154,"Trong thời hạn 14 ngày làm việc kể từ ngày chấm dứt hợp đồng lao động, hai bên có trách nhiệm thanh toán đầy đủ các khoản tiền có liên quan đến quyền lợi của mỗi bên, trừ trường hợp sau đây có thể kéo dài nhưng không được quá 30 ngày: a) Người sử dụng lao động không phải là cá nhân chấm dứt hoạt động; b) Người sử dụng lao động thay đổi cơ cấu, công nghệ hoặc vì lý do kinh tế; c) Chia, tách, hợp nhất, sáp nhập; bán, cho thuê, chuyển đổi loại hình doanh nghiệp; chuyển nhượng quyền sở hữu, quyền sử dụng tài sản của doanh nghiệp, hợp tác xã; d) Do thiên tai, hỏa hoạn, địch họa hoặc dịch bệnh nguy hiểm.",CONDITION,trừ trường hợp sau đây có thể kéo dài nhưng không được quá 30 ngày
chunk_00154,"Trong thời hạn 14 ngày làm việc kể từ ngày chấm dứt hợp đồng lao động, hai bên có trách nhiệm thanh toán đầy đủ các khoản tiền có liên quan đến quyền lợi của mỗi bên, trừ trường hợp sau đây có thể kéo dài nhưng không được quá 30 ngày: a) Người sử dụng lao động không phải là cá nhân chấm dứt hoạt động; b) Người sử dụng lao động thay đổi cơ cấu, công nghệ hoặc vì lý do kinh tế; c) Chia, tách, hợp nhất, sáp nhập; bán, cho thuê, chuyển đổi loại hình doanh nghiệp; chuyển nhượng quyền sở hữu, quyền sử dụng tài sản của doanh nghiệp, hợp tác xã; d) Do thiên tai, hỏa hoạn, địch họa hoặc dịch bệnh nguy hiểm.",TIME_PERIOD,30 ngày
chunk_00154,"Trong thời hạn 14 ngày làm việc kể từ ngày chấm dứt hợp đồng lao động, hai bên có trách nhiệm thanh toán đầy đủ các khoản tiền có liên quan đến quyền lợi của mỗi bên, trừ trường hợp sau đây có thể kéo dài nhưng không được quá 30 ngày: a) Người sử dụng lao động không phải là cá nhân chấm dứt hoạt động; b) Người sử dụng lao động thay đổi cơ cấu, công nghệ hoặc vì lý do kinh tế; c) Chia, tách, hợp nhất, sáp nhập; bán, cho thuê, chuyển đổi loại hình doanh nghiệp; chuyển nhượng quyền sở hữu, quyền sử dụng tài sản của doanh nghiệp, hợp tác xã; d) Do thiên tai, hỏa hoạn, địch họa hoặc dịch bệnh nguy hiểm.",CONDITION,người sử dụng lao động không phải là cá nhân chấm dứt hoạt động
chunk_00154,"Trong thời hạn 14 ngày làm việc kể từ ngày chấm dứt hợp đồng lao động, hai bên có trách nhiệm thanh toán đầy đủ các khoản tiền có liên quan đến quyền lợi của mỗi bên, trừ trường hợp sau đây có thể kéo dài nhưng không được quá 30 ngày: a) Người sử dụng lao động không phải là cá nhân chấm dứt hoạt động; b) Người sử dụng lao động thay đổi cơ cấu, công nghệ hoặc vì lý do kinh tế; c) Chia, tách, hợp nhất, sáp nhập; bán, cho thuê, chuyển đổi loại hình doanh nghiệp; chuyển nhượng quyền sở hữu, quyền sử dụng tài sản của doanh nghiệp, hợp tác xã; d) Do thiên tai, hỏa hoạn, địch họa hoặc dịch bệnh nguy hiểm.",ACTOR,người sử dụng lao động
chunk_00154,"Trong thời hạn 14 ngày làm việc kể từ ngày chấm dứt hợp đồng lao động, hai bên có trách nhiệm thanh toán đầy đủ các khoản tiền có liên quan đến quyền lợi của mỗi bên, trừ trường hợp sau đây có thể kéo dài nhưng không được quá 30 ngày: a) Người sử dụng lao động không phải là cá nhân chấm dứt hoạt động; b) Người sử dụng lao động thay đổi cơ cấu, công nghệ hoặc vì lý do kinh tế; c) Chia, tách, hợp nhất, sáp nhập; bán, cho thuê, chuyển đổi loại hình doanh nghiệp; chuyển nhượng quyền sở hữu, quyền sử dụng tài sản của doanh nghiệp, hợp tác xã; d) Do thiên tai, hỏa hoạn, địch họa hoặc dịch bệnh nguy hiểm.",ACTOR,cá nhân
chunk_00154,"Trong thời hạn 14 ngày làm việc kể từ ngày chấm dứt hợp đồng lao động, hai bên có trách nhiệm thanh toán đầy đủ các khoản tiền có liên quan đến quyền lợi của mỗi bên, trừ trường hợp sau đây có thể kéo dài nhưng không được quá 30 ngày: a) Người sử dụng lao động không phải là cá nhân chấm dứt hoạt động; b) Người sử dụng lao động thay đổi cơ cấu, công nghệ hoặc vì lý do kinh tế; c) Chia, tách, hợp nhất, sáp nhập; bán, cho thuê, chuyển đổi loại hình doanh nghiệp; chuyển nhượng quyền sở hữu, quyền sử dụng tài sản của doanh nghiệp, hợp tác xã; d) Do thiên tai, hỏa hoạn, địch họa hoặc dịch bệnh nguy hiểm.",EVENT,chấm dứt hoạt động
chunk_00154,"Trong thời hạn 14 ngày làm việc kể từ ngày chấm dứt hợp đồng lao động, hai bên có trách nhiệm thanh toán đầy đủ các khoản tiền có liên quan đến quyền lợi của mỗi bên, trừ trường hợp sau đây có thể kéo dài nhưng không được quá 30 ngày: a) Người sử dụng lao động không phải là cá nhân chấm dứt hoạt động; b) Người sử dụng lao động thay đổi cơ cấu, công nghệ hoặc vì lý do kinh tế; c) Chia, tách, hợp nhất, sáp nhập; bán, cho thuê, chuyển đổi loại hình doanh nghiệp; chuyển nhượng quyền sở hữu, quyền sử dụng tài sản của doanh nghiệp, hợp tác xã; d) Do thiên tai, hỏa hoạn, địch họa hoặc dịch bệnh nguy hiểm.",CONDITION,"người sử dụng lao động thay đổi cơ cấu, công nghệ hoặc vì lý do kinh tế"
chunk_00154,"Trong thời hạn 14 ngày làm việc kể từ ngày chấm dứt hợp đồng lao động, hai bên có trách nhiệm thanh toán đầy đủ các khoản tiền có liên quan đến quyền lợi của mỗi bên, trừ trường hợp sau đây có thể kéo dài nhưng không được quá 30 ngày: a) Người sử dụng lao động không phải là cá nhân chấm dứt hoạt động; b) Người sử dụng lao động thay đổi cơ cấu, công nghệ hoặc vì lý do kinh tế; c) Chia, tách, hợp nhất, sáp nhập; bán, cho thuê, chuyển đổi loại hình doanh nghiệp; chuyển nhượng quyền sở hữu, quyền sử dụng tài sản của doanh nghiệp, hợp tác xã; d) Do thiên tai, hỏa hoạn, địch họa hoặc dịch bệnh nguy hiểm.",CONDITION,"chia, tách, hợp nhất, sáp nhập; bán, cho thuê, chuyển đổi loại hình doanh nghiệp; chuyển nhượng quyền sở hữu, quyền sử dụng tài sản của doanh nghiệp, hợp tác xã"
chunk_00154,"Trong thời hạn 14 ngày làm việc kể từ ngày chấm dứt hợp đồng lao động, hai bên có trách nhiệm thanh toán đầy đủ các khoản tiền có liên quan đến quyền lợi của mỗi bên, trừ trường hợp sau đây có thể kéo dài nhưng không được quá 30 ngày: a) Người sử dụng lao động không phải là cá nhân chấm dứt hoạt động; b) Người sử dụng lao động thay đổi cơ cấu, công nghệ hoặc vì lý do kinh tế; c) Chia, tách, hợp nhất, sáp nhập; bán, cho thuê, chuyển đổi loại hình doanh nghiệp; chuyển nhượng quyền sở hữu, quyền sử dụng tài sản của doanh nghiệp, hợp tác xã; d) Do thiên tai, hỏa hoạn, địch họa hoặc dịch bệnh nguy hiểm.",ACTOR,doanh nghiệp
chunk_00154,"Trong thời hạn 14 ngày làm việc kể từ ngày chấm dứt hợp đồng lao động, hai bên có trách nhiệm thanh toán đầy đủ các khoản tiền có liên quan đến quyền lợi của mỗi bên, trừ trường hợp sau đây có thể kéo dài nhưng không được quá 30 ngày: a) Người sử dụng lao động không phải là cá nhân chấm dứt hoạt động; b) Người sử dụng lao động thay đổi cơ cấu, công nghệ hoặc vì lý do kinh tế; c) Chia, tách, hợp nhất, sáp nhập; bán, cho thuê, chuyển đổi loại hình doanh nghiệp; chuyển nhượng quyền sở hữu, quyền sử dụng tài sản của doanh nghiệp, hợp tác xã; d) Do thiên tai, hỏa hoạn, địch họa hoặc dịch bệnh nguy hiểm.",ACTOR,hợp tác xã
chunk_00154,"Trong thời hạn 14 ngày làm việc kể từ ngày chấm dứt hợp đồng lao động, hai bên có trách nhiệm thanh toán đầy đủ các khoản tiền có liên quan đến quyền lợi của mỗi bên, trừ trường hợp sau đây có thể kéo dài nhưng không được quá 30 ngày: a) Người sử dụng lao động không phải là cá nhân chấm dứt hoạt động; b) Người sử dụng lao động thay đổi cơ cấu, công nghệ hoặc vì lý do kinh tế; c) Chia, tách, hợp nhất, sáp nhập; bán, cho thuê, chuyển đổi loại hình doanh nghiệp; chuyển nhượng quyền sở hữu, quyền sử dụng tài sản của doanh nghiệp, hợp tác xã; d) Do thiên tai, hỏa hoạn, địch họa hoặc dịch bệnh nguy hiểm.",CONDITION,"do thiên tai, hỏa hoạn, địch họa hoặc dịch bệnh nguy hiểm"
chunk_00154,"Trong thời hạn 14 ngày làm việc kể từ ngày chấm dứt hợp đồng lao động, hai bên có trách nhiệm thanh toán đầy đủ các khoản tiền có liên quan đến quyền lợi của mỗi bên, trừ trường hợp sau đây có thể kéo dài nhưng không được quá 30 ngày: a) Người sử dụng lao động không phải là cá nhân chấm dứt hoạt động; b) Người sử dụng lao động thay đổi cơ cấu, công nghệ hoặc vì lý do kinh tế; c) Chia, tách, hợp nhất, sáp nhập; bán, cho thuê, chuyển đổi loại hình doanh nghiệp; chuyển nhượng quyền sở hữu, quyền sử dụng tài sản của doanh nghiệp, hợp tác xã; d) Do thiên tai, hỏa hoạn, địch họa hoặc dịch bệnh nguy hiểm.",EVENT,"thiên tai, hỏa hoạn, địch họa hoặc dịch bệnh nguy hiểm"
chunk_00154,"Trong thời hạn 14 ngày làm việc kể từ ngày chấm dứt hợp đồng lao động, hai bên có trách nhiệm thanh toán đầy đủ các khoản tiền có liên quan đến quyền lợi của mỗi bên, trừ trường hợp sau đây có thể kéo dài nhưng không được quá 30 ngày: a) Người sử dụng lao động không phải là cá nhân chấm dứt hoạt động; b) Người sử dụng lao động thay đổi cơ cấu, công nghệ hoặc vì lý do kinh tế; c) Chia, tách, hợp nhất, sáp nhập; bán, cho thuê, chuyển đổi loại hình doanh nghiệp; chuyển nhượng quyền sở hữu, quyền sử dụng tài sản của doanh nghiệp, hợp tác xã; d) Do thiên tai, hỏa hoạn, địch họa hoặc dịch bệnh nguy hiểm.",LEGAL_CONCEPT,hợp đồng lao động
chunk_00154,"Trong thời hạn 14 ngày làm việc kể từ ngày chấm dứt hợp đồng lao động, hai bên có trách nhiệm thanh toán đầy đủ các khoản tiền có liên quan đến quyền lợi của mỗi bên, trừ trường hợp sau đây có thể kéo dài nhưng không được quá 30 ngày: a) Người sử dụng lao động không phải là cá nhân chấm dứt hoạt động; b) Người sử dụng lao động thay đổi cơ cấu, công nghệ hoặc vì lý do kinh tế; c) Chia, tách, hợp nhất, sáp nhập; bán, cho thuê, chuyển đổi loại hình doanh nghiệp; chuyển nhượng quyền sở hữu, quyền sử dụng tài sản của doanh nghiệp, hợp tác xã; d) Do thiên tai, hỏa hoạn, địch họa hoặc dịch bệnh nguy hiểm.",LEGAL_CONCEPT,loại hình doanh nghiệp
chunk_00154,"Trong thời hạn 14 ngày làm việc kể từ ngày chấm dứt hợp đồng lao động, hai bên có trách nhiệm thanh toán đầy đủ các khoản tiền có liên quan đến quyền lợi của mỗi bên, trừ trường hợp sau đây có thể kéo dài nhưng không được quá 30 ngày: a) Người sử dụng lao động không phải là cá nhân chấm dứt hoạt động; b) Người sử dụng lao động thay đổi cơ cấu, công nghệ hoặc vì lý do kinh tế; c) Chia, tách, hợp nhất, sáp nhập; bán, cho thuê, chuyển đổi loại hình doanh nghiệp; chuyển nhượng quyền sở hữu, quyền sử dụng tài sản của doanh nghiệp, hợp tác xã; d) Do thiên tai, hỏa hoạn, địch họa hoặc dịch bệnh nguy hiểm.",RIGHT,quyền sở hữu
chunk_00154,"Trong thời hạn 14 ngày làm việc kể từ ngày chấm dứt hợp đồng lao động, hai bên có trách nhiệm thanh toán đầy đủ các khoản tiền có liên quan đến quyền lợi của mỗi bên, trừ trường hợp sau đây có thể kéo dài nhưng không được quá 30 ngày: a) Người sử dụng lao động không phải là cá nhân chấm dứt hoạt động; b) Người sử dụng lao động thay đổi cơ cấu, công nghệ hoặc vì lý do kinh tế; c) Chia, tách, hợp nhất, sáp nhập; bán, cho thuê, chuyển đổi loại hình doanh nghiệp; chuyển nhượng quyền sở hữu, quyền sử dụng tài sản của doanh nghiệp, hợp tác xã; d) Do thiên tai, hỏa hoạn, địch họa hoặc dịch bệnh nguy hiểm.",RIGHT,quyền sử dụng tài sản
chunk_00079,"Không quá 30 ngày đối với công việc có chức danh nghề nghiệp cần trình độ chuyên môn, kỹ thuật trung cấp, công nhân kỹ thuật, nhân viên nghiệp vụ;",TIME_PERIOD,không quá 30 ngày
chunk_00079,"Không quá 30 ngày đối với công việc có chức danh nghề nghiệp cần trình độ chuyên môn, kỹ thuật trung cấp, công nhân kỹ thuật, nhân viên nghiệp vụ;",CONDITION,"đối với công việc có chức danh nghề nghiệp cần trình độ chuyên môn, kỹ thuật trung cấp, công nhân kỹ thuật, nhân viên nghiệp vụ"
chunk_00306,"Người lao động làm thêm giờ vào ban đêm thì ngoài việc trả lương theo quy định tại khoản 1 và khoản 2 Điều này, người lao động còn được trả thêm 20% tiền lương tính theo đơn giá tiền lương hoặc tiền lương theo công việc làm vào ban ngày của ngày làm việc bình thường hoặc của ngày nghỉ hằng tuần hoặc của ngày nghỉ lễ, tết.",ACTOR,người lao động
chunk_00306,"Người lao động làm thêm giờ vào ban đêm thì ngoài việc trả lương theo quy định tại khoản 1 và khoản 2 Điều này, người lao động còn được trả thêm 20% tiền lương tính theo đơn giá tiền lương hoặc tiền lương theo công việc làm vào ban ngày của ngày làm việc bình thường hoặc của ngày nghỉ hằng tuần hoặc của ngày nghỉ lễ, tết.",EVENT,làm thêm giờ vào ban đêm
chunk_00306,"Người lao động làm thêm giờ vào ban đêm thì ngoài việc trả lương theo quy định tại khoản 1 và khoản 2 Điều này, người lao động còn được trả thêm 20% tiền lương tính theo đơn giá tiền lương hoặc tiền lương theo công việc làm vào ban ngày của ngày làm việc bình thường hoặc của ngày nghỉ hằng tuần hoặc của ngày nghỉ lễ, tết.",CONDITION,làm thêm giờ vào ban đêm
chunk_00306,"Người lao động làm thêm giờ vào ban đêm thì ngoài việc trả lương theo quy định tại khoản 1 và khoản 2 Điều này, người lao động còn được trả thêm 20% tiền lương tính theo đơn giá tiền lương hoặc tiền lương theo công việc làm vào ban ngày của ngày làm việc bình thường hoặc của ngày nghỉ hằng tuần hoặc của ngày nghỉ lễ, tết.",LEGAL_REF,khoản 1 điều này
chunk_00306,"Người lao động làm thêm giờ vào ban đêm thì ngoài việc trả lương theo quy định tại khoản 1 và khoản 2 Điều này, người lao động còn được trả thêm 20% tiền lương tính theo đơn giá tiền lương hoặc tiền lương theo công việc làm vào ban ngày của ngày làm việc bình thường hoặc của ngày nghỉ hằng tuần hoặc của ngày nghỉ lễ, tết.",LEGAL_REF,khoản 2 điều này
chunk_00306,"Người lao động làm thêm giờ vào ban đêm thì ngoài việc trả lương theo quy định tại khoản 1 và khoản 2 Điều này, người lao động còn được trả thêm 20% tiền lương tính theo đơn giá tiền lương hoặc tiền lương theo công việc làm vào ban ngày của ngày làm việc bình thường hoặc của ngày nghỉ hằng tuần hoặc của ngày nghỉ lễ, tết.",OBLIGATION,trả lương
chunk_00306,"Người lao động làm thêm giờ vào ban đêm thì ngoài việc trả lương theo quy định tại khoản 1 và khoản 2 Điều này, người lao động còn được trả thêm 20% tiền lương tính theo đơn giá tiền lương hoặc tiền lương theo công việc làm vào ban ngày của ngày làm việc bình thường hoặc của ngày nghỉ hằng tuần hoặc của ngày nghỉ lễ, tết.",RIGHT,được trả thêm 20% tiền lương
chunk_00306,"Người lao động làm thêm giờ vào ban đêm thì ngoài việc trả lương theo quy định tại khoản 1 và khoản 2 Điều này, người lao động còn được trả thêm 20% tiền lương tính theo đơn giá tiền lương hoặc tiền lương theo công việc làm vào ban ngày của ngày làm việc bình thường hoặc của ngày nghỉ hằng tuần hoặc của ngày nghỉ lễ, tết.",LEGAL_CONCEPT,tiền lương
chunk_00306,"Người lao động làm thêm giờ vào ban đêm thì ngoài việc trả lương theo quy định tại khoản 1 và khoản 2 Điều này, người lao động còn được trả thêm 20% tiền lương tính theo đơn giá tiền lương hoặc tiền lương theo công việc làm vào ban ngày của ngày làm việc bình thường hoặc của ngày nghỉ hằng tuần hoặc của ngày nghỉ lễ, tết.",LEGAL_CONCEPT,đơn giá tiền lương
chunk_00306,"Người lao động làm thêm giờ vào ban đêm thì ngoài việc trả lương theo quy định tại khoản 1 và khoản 2 Điều này, người lao động còn được trả thêm 20% tiền lương tính theo đơn giá tiền lương hoặc tiền lương theo công việc làm vào ban ngày của ngày làm việc bình thường hoặc của ngày nghỉ hằng tuần hoặc của ngày nghỉ lễ, tết.",LEGAL_CONCEPT,tiền lương theo công việc
chunk_00306,"Người lao động làm thêm giờ vào ban đêm thì ngoài việc trả lương theo quy định tại khoản 1 và khoản 2 Điều này, người lao động còn được trả thêm 20% tiền lương tính theo đơn giá tiền lương hoặc tiền lương theo công việc làm vào ban ngày của ngày làm việc bình thường hoặc của ngày nghỉ hằng tuần hoặc của ngày nghỉ lễ, tết.",CONDITION,làm vào ban ngày
chunk_00306,"Người lao động làm thêm giờ vào ban đêm thì ngoài việc trả lương theo quy định tại khoản 1 và khoản 2 Điều này, người lao động còn được trả thêm 20% tiền lương tính theo đơn giá tiền lương hoặc tiền lương theo công việc làm vào ban ngày của ngày làm việc bình thường hoặc của ngày nghỉ hằng tuần hoặc của ngày nghỉ lễ, tết.",TIME_PERIOD,ngày làm việc bình thường
chunk_00306,"Người lao động làm thêm giờ vào ban đêm thì ngoài việc trả lương theo quy định tại khoản 1 và khoản 2 Điều này, người lao động còn được trả thêm 20% tiền lương tính theo đơn giá tiền lương hoặc tiền lương theo công việc làm vào ban ngày của ngày làm việc bình thường hoặc của ngày nghỉ hằng tuần hoặc của ngày nghỉ lễ, tết.",TIME_PERIOD,ngày nghỉ hằng tuần
chunk_00306,"Người lao động làm thêm giờ vào ban đêm thì ngoài việc trả lương theo quy định tại khoản 1 và khoản 2 Điều này, người lao động còn được trả thêm 20% tiền lương tính theo đơn giá tiền lương hoặc tiền lương theo công việc làm vào ban ngày của ngày làm việc bình thường hoặc của ngày nghỉ hằng tuần hoặc của ngày nghỉ lễ, tết.",TIME_PERIOD,"ngày nghỉ lễ, tết"
chunk_00488,Người sử dụng lao động phải tham khảo ý kiến của người lao động là người khuyết tật khi quyết định những vấn đề liên quan đến quyền và lợi ích của họ.,ACTOR,người sử dụng lao động
chunk_00488,Người sử dụng lao động phải tham khảo ý kiến của người lao động là người khuyết tật khi quyết định những vấn đề liên quan đến quyền và lợi ích của họ.,OBLIGATION,phải
chunk_00488,Người sử dụng lao động phải tham khảo ý kiến của người lao động là người khuyết tật khi quyết định những vấn đề liên quan đến quyền và lợi ích của họ.,ACTION,tham khảo ý kiến
chunk_00488,Người sử dụng lao động phải tham khảo ý kiến của người lao động là người khuyết tật khi quyết định những vấn đề liên quan đến quyền và lợi ích của họ.,ACTOR,người lao động là người khuyết tật
chunk_00488,Người sử dụng lao động phải tham khảo ý kiến của người lao động là người khuyết tật khi quyết định những vấn đề liên quan đến quyền và lợi ích của họ.,ACTION,quyết định
chunk_00488,Người sử dụng lao động phải tham khảo ý kiến của người lao động là người khuyết tật khi quyết định những vấn đề liên quan đến quyền và lợi ích của họ.,LEGAL_CONCEPT,những vấn đề liên quan
chunk_00488,Người sử dụng lao động phải tham khảo ý kiến của người lao động là người khuyết tật khi quyết định những vấn đề liên quan đến quyền và lợi ích của họ.,RIGHT,quyền và lợi ích
chunk_00118,Người lao động tự ý bỏ việc mà không có lý do chính đáng từ 05 ngày làm việc liên tục trở lên;,ACTOR,người lao động
chunk_00118,Người lao động tự ý bỏ việc mà không có lý do chính đáng từ 05 ngày làm việc liên tục trở lên;,ACTION,tự ý bỏ việc
chunk_00118,Người lao động tự ý bỏ việc mà không có lý do chính đáng từ 05 ngày làm việc liên tục trở lên;,PROHIBITION,tự ý bỏ việc mà không có lý do chính đáng
chunk_00118,Người lao động tự ý bỏ việc mà không có lý do chính đáng từ 05 ngày làm việc liên tục trở lên;,CONDITION,không có lý do chính đáng
chunk_00118,Người lao động tự ý bỏ việc mà không có lý do chính đáng từ 05 ngày làm việc liên tục trở lên;,TIME_PERIOD,từ 05 ngày làm việc liên tục trở lên
chunk_00220,Tổ chức đại diện người lao động tại cơ sở có quyền yêu cầu thương lượng tập thể khi đạt tỷ lệ thành viên tối thiểu trên tổng số người lao động trong doanh nghiệp theo quy định của Chính phủ.,ACTOR,tổ chức đại diện người lao động tại cơ sở
chunk_00220,Tổ chức đại diện người lao động tại cơ sở có quyền yêu cầu thương lượng tập thể khi đạt tỷ lệ thành viên tối thiểu trên tổng số người lao động trong doanh nghiệp theo quy định của Chính phủ.,RIGHT,có quyền
chunk_00220,Tổ chức đại diện người lao động tại cơ sở có quyền yêu cầu thương lượng tập thể khi đạt tỷ lệ thành viên tối thiểu trên tổng số người lao động trong doanh nghiệp theo quy định của Chính phủ.,ACTION,yêu cầu
chunk_00220,Tổ chức đại diện người lao động tại cơ sở có quyền yêu cầu thương lượng tập thể khi đạt tỷ lệ thành viên tối thiểu trên tổng số người lao động trong doanh nghiệp theo quy định của Chính phủ.,ACTION,thương lượng tập thể
chunk_00220,Tổ chức đại diện người lao động tại cơ sở có quyền yêu cầu thương lượng tập thể khi đạt tỷ lệ thành viên tối thiểu trên tổng số người lao động trong doanh nghiệp theo quy định của Chính phủ.,CONDITION,khi đạt tỷ lệ thành viên tối thiểu
chunk_00220,Tổ chức đại diện người lao động tại cơ sở có quyền yêu cầu thương lượng tập thể khi đạt tỷ lệ thành viên tối thiểu trên tổng số người lao động trong doanh nghiệp theo quy định của Chính phủ.,LEGAL_CONCEPT,tổng số người lao động trong doanh nghiệp
chunk_00220,Tổ chức đại diện người lao động tại cơ sở có quyền yêu cầu thương lượng tập thể khi đạt tỷ lệ thành viên tối thiểu trên tổng số người lao động trong doanh nghiệp theo quy định của Chính phủ.,LEGAL_REF,theo quy định của chính phủ
chunk_00260,"Khi một bên cho rằng bên kia thực hiện không đầy đủ hoặc vi phạm thỏa ước lao động tập thể thì có quyền yêu cầu thi hành đúng thỏa ước lao động tập thể và các bên có trách nhiệm cùng xem xét giải quyết; nếu không giải quyết được, mỗi bên đều có quyền yêu cầu giải quyết tranh chấp lao động tập thể theo quy định của pháp luật.",CONDITION,khi một bên cho rằng bên kia thực hiện không đầy đủ hoặc vi phạm thỏa ước lao động tập thể
chunk_00260,"Khi một bên cho rằng bên kia thực hiện không đầy đủ hoặc vi phạm thỏa ước lao động tập thể thì có quyền yêu cầu thi hành đúng thỏa ước lao động tập thể và các bên có trách nhiệm cùng xem xét giải quyết; nếu không giải quyết được, mỗi bên đều có quyền yêu cầu giải quyết tranh chấp lao động tập thể theo quy định của pháp luật.",ACTOR,một bên
chunk_00260,"Khi một bên cho rằng bên kia thực hiện không đầy đủ hoặc vi phạm thỏa ước lao động tập thể thì có quyền yêu cầu thi hành đúng thỏa ước lao động tập thể và các bên có trách nhiệm cùng xem xét giải quyết; nếu không giải quyết được, mỗi bên đều có quyền yêu cầu giải quyết tranh chấp lao động tập thể theo quy định của pháp luật.",ACTOR,bên kia
chunk_00260,"Khi một bên cho rằng bên kia thực hiện không đầy đủ hoặc vi phạm thỏa ước lao động tập thể thì có quyền yêu cầu thi hành đúng thỏa ước lao động tập thể và các bên có trách nhiệm cùng xem xét giải quyết; nếu không giải quyết được, mỗi bên đều có quyền yêu cầu giải quyết tranh chấp lao động tập thể theo quy định của pháp luật.",ACTION,thực hiện không đầy đủ
chunk_00260,"Khi một bên cho rằng bên kia thực hiện không đầy đủ hoặc vi phạm thỏa ước lao động tập thể thì có quyền yêu cầu thi hành đúng thỏa ước lao động tập thể và các bên có trách nhiệm cùng xem xét giải quyết; nếu không giải quyết được, mỗi bên đều có quyền yêu cầu giải quyết tranh chấp lao động tập thể theo quy định của pháp luật.",ACTION,vi phạm
chunk_00260,"Khi một bên cho rằng bên kia thực hiện không đầy đủ hoặc vi phạm thỏa ước lao động tập thể thì có quyền yêu cầu thi hành đúng thỏa ước lao động tập thể và các bên có trách nhiệm cùng xem xét giải quyết; nếu không giải quyết được, mỗi bên đều có quyền yêu cầu giải quyết tranh chấp lao động tập thể theo quy định của pháp luật.",LEGAL_CONCEPT,thỏa ước lao động tập thể
chunk_00260,"Khi một bên cho rằng bên kia thực hiện không đầy đủ hoặc vi phạm thỏa ước lao động tập thể thì có quyền yêu cầu thi hành đúng thỏa ước lao động tập thể và các bên có trách nhiệm cùng xem xét giải quyết; nếu không giải quyết được, mỗi bên đều có quyền yêu cầu giải quyết tranh chấp lao động tập thể theo quy định của pháp luật.",RIGHT,có quyền yêu cầu thi hành đúng thỏa ước lao động tập thể
chunk_00260,"Khi một bên cho rằng bên kia thực hiện không đầy đủ hoặc vi phạm thỏa ước lao động tập thể thì có quyền yêu cầu thi hành đúng thỏa ước lao động tập thể và các bên có trách nhiệm cùng xem xét giải quyết; nếu không giải quyết được, mỗi bên đều có quyền yêu cầu giải quyết tranh chấp lao động tập thể theo quy định của pháp luật.",ACTION,yêu cầu thi hành
chunk_00260,"Khi một bên cho rằng bên kia thực hiện không đầy đủ hoặc vi phạm thỏa ước lao động tập thể thì có quyền yêu cầu thi hành đúng thỏa ước lao động tập thể và các bên có trách nhiệm cùng xem xét giải quyết; nếu không giải quyết được, mỗi bên đều có quyền yêu cầu giải quyết tranh chấp lao động tập thể theo quy định của pháp luật.",ACTOR,các bên
chunk_00260,"Khi một bên cho rằng bên kia thực hiện không đầy đủ hoặc vi phạm thỏa ước lao động tập thể thì có quyền yêu cầu thi hành đúng thỏa ước lao động tập thể và các bên có trách nhiệm cùng xem xét giải quyết; nếu không giải quyết được, mỗi bên đều có quyền yêu cầu giải quyết tranh chấp lao động tập thể theo quy định của pháp luật.",OBLIGATION,có trách nhiệm cùng xem xét giải quyết
chunk_00260,"Khi một bên cho rằng bên kia thực hiện không đầy đủ hoặc vi phạm thỏa ước lao động tập thể thì có quyền yêu cầu thi hành đúng thỏa ước lao động tập thể và các bên có trách nhiệm cùng xem xét giải quyết; nếu không giải quyết được, mỗi bên đều có quyền yêu cầu giải quyết tranh chấp lao động tập thể theo quy định của pháp luật.",ACTION,xem xét giải quyết
chunk_00260,"Khi một bên cho rằng bên kia thực hiện không đầy đủ hoặc vi phạm thỏa ước lao động tập thể thì có quyền yêu cầu thi hành đúng thỏa ước lao động tập thể và các bên có trách nhiệm cùng xem xét giải quyết; nếu không giải quyết được, mỗi bên đều có quyền yêu cầu giải quyết tranh chấp lao động tập thể theo quy định của pháp luật.",CONDITION,nếu không giải quyết được
chunk_00260,"Khi một bên cho rằng bên kia thực hiện không đầy đủ hoặc vi phạm thỏa ước lao động tập thể thì có quyền yêu cầu thi hành đúng thỏa ước lao động tập thể và các bên có trách nhiệm cùng xem xét giải quyết; nếu không giải quyết được, mỗi bên đều có quyền yêu cầu giải quyết tranh chấp lao động tập thể theo quy định của pháp luật.",ACTOR,mỗi bên
chunk_00260,"Khi một bên cho rằng bên kia thực hiện không đầy đủ hoặc vi phạm thỏa ước lao động tập thể thì có quyền yêu cầu thi hành đúng thỏa ước lao động tập thể và các bên có trách nhiệm cùng xem xét giải quyết; nếu không giải quyết được, mỗi bên đều có quyền yêu cầu giải quyết tranh chấp lao động tập thể theo quy định của pháp luật.",RIGHT,có quyền yêu cầu giải quyết tranh chấp lao động tập thể
chunk_00260,"Khi một bên cho rằng bên kia thực hiện không đầy đủ hoặc vi phạm thỏa ước lao động tập thể thì có quyền yêu cầu thi hành đúng thỏa ước lao động tập thể và các bên có trách nhiệm cùng xem xét giải quyết; nếu không giải quyết được, mỗi bên đều có quyền yêu cầu giải quyết tranh chấp lao động tập thể theo quy định của pháp luật.",ACTION,yêu cầu giải quyết
chunk_00260,"Khi một bên cho rằng bên kia thực hiện không đầy đủ hoặc vi phạm thỏa ước lao động tập thể thì có quyền yêu cầu thi hành đúng thỏa ước lao động tập thể và các bên có trách nhiệm cùng xem xét giải quyết; nếu không giải quyết được, mỗi bên đều có quyền yêu cầu giải quyết tranh chấp lao động tập thể theo quy định của pháp luật.",LEGAL_CONCEPT,tranh chấp lao động tập thể
chunk_00260,"Khi một bên cho rằng bên kia thực hiện không đầy đủ hoặc vi phạm thỏa ước lao động tập thể thì có quyền yêu cầu thi hành đúng thỏa ước lao động tập thể và các bên có trách nhiệm cùng xem xét giải quyết; nếu không giải quyết được, mỗi bên đều có quyền yêu cầu giải quyết tranh chấp lao động tập thể theo quy định của pháp luật.",LEGAL_CONCEPT,quy định của pháp luật
chunk_00532,"Phân biệt đối xử đối với người lao động, thành viên ban lãnh đạo của tổ chức đại diện người lao động tại cơ sở vì lý do thành lập, gia nhập hoặc hoạt động tổ chức đại diện người lao động, bao gồm: a) Yêu cầu tham gia, không tham gia hoặc ra khỏi tổ chức đại diện người lao động tại cơ sở để được tuyển dụng, giao kết hoặc gia hạn hợp đồng lao động; b) Sa thải, kỷ luật, đơn phương chấm dứt hợp đồng lao động, không tiếp tục giao kết hoặc gia hạn hợp đồng lao động, chuyển người lao động làm công việc khác; c) Phân biệt đối xử về tiền lương, thời giờ làm việc, các quyền và nghĩa vụ khác trong quan hệ lao động; d) Cản trở, gây khó khăn liên quan đến công việc nhằm làm suy yếu hoạt động của tổ chức đại diện người lao động tại cơ sở.",PROHIBITION,phân biệt đối xử đối với người lao động
chunk_00532,"Phân biệt đối xử đối với người lao động, thành viên ban lãnh đạo của tổ chức đại diện người lao động tại cơ sở vì lý do thành lập, gia nhập hoặc hoạt động tổ chức đại diện người lao động, bao gồm: a) Yêu cầu tham gia, không tham gia hoặc ra khỏi tổ chức đại diện người lao động tại cơ sở để được tuyển dụng, giao kết hoặc gia hạn hợp đồng lao động; b) Sa thải, kỷ luật, đơn phương chấm dứt hợp đồng lao động, không tiếp tục giao kết hoặc gia hạn hợp đồng lao động, chuyển người lao động làm công việc khác; c) Phân biệt đối xử về tiền lương, thời giờ làm việc, các quyền và nghĩa vụ khác trong quan hệ lao động; d) Cản trở, gây khó khăn liên quan đến công việc nhằm làm suy yếu hoạt động của tổ chức đại diện người lao động tại cơ sở.",PROHIBITION,phân biệt đối xử đối với thành viên ban lãnh đạo của tổ chức đại diện người lao động tại cơ sở
chunk_00532,"Phân biệt đối xử đối với người lao động, thành viên ban lãnh đạo của tổ chức đại diện người lao động tại cơ sở vì lý do thành lập, gia nhập hoặc hoạt động tổ chức đại diện người lao động, bao gồm: a) Yêu cầu tham gia, không tham gia hoặc ra khỏi tổ chức đại diện người lao động tại cơ sở để được tuyển dụng, giao kết hoặc gia hạn hợp đồng lao động; b) Sa thải, kỷ luật, đơn phương chấm dứt hợp đồng lao động, không tiếp tục giao kết hoặc gia hạn hợp đồng lao động, chuyển người lao động làm công việc khác; c) Phân biệt đối xử về tiền lương, thời giờ làm việc, các quyền và nghĩa vụ khác trong quan hệ lao động; d) Cản trở, gây khó khăn liên quan đến công việc nhằm làm suy yếu hoạt động của tổ chức đại diện người lao động tại cơ sở.",ACTOR,người lao động
chunk_00532,"Phân biệt đối xử đối với người lao động, thành viên ban lãnh đạo của tổ chức đại diện người lao động tại cơ sở vì lý do thành lập, gia nhập hoặc hoạt động tổ chức đại diện người lao động, bao gồm: a) Yêu cầu tham gia, không tham gia hoặc ra khỏi tổ chức đại diện người lao động tại cơ sở để được tuyển dụng, giao kết hoặc gia hạn hợp đồng lao động; b) Sa thải, kỷ luật, đơn phương chấm dứt hợp đồng lao động, không tiếp tục giao kết hoặc gia hạn hợp đồng lao động, chuyển người lao động làm công việc khác; c) Phân biệt đối xử về tiền lương, thời giờ làm việc, các quyền và nghĩa vụ khác trong quan hệ lao động; d) Cản trở, gây khó khăn liên quan đến công việc nhằm làm suy yếu hoạt động của tổ chức đại diện người lao động tại cơ sở.",ACTOR,thành viên ban lãnh đạo của tổ chức đại diện người lao động tại cơ sở
chunk_00532,"Phân biệt đối xử đối với người lao động, thành viên ban lãnh đạo của tổ chức đại diện người lao động tại cơ sở vì lý do thành lập, gia nhập hoặc hoạt động tổ chức đại diện người lao động, bao gồm: a) Yêu cầu tham gia, không tham gia hoặc ra khỏi tổ chức đại diện người lao động tại cơ sở để được tuyển dụng, giao kết hoặc gia hạn hợp đồng lao động; b) Sa thải, kỷ luật, đơn phương chấm dứt hợp đồng lao động, không tiếp tục giao kết hoặc gia hạn hợp đồng lao động, chuyển người lao động làm công việc khác; c) Phân biệt đối xử về tiền lương, thời giờ làm việc, các quyền và nghĩa vụ khác trong quan hệ lao động; d) Cản trở, gây khó khăn liên quan đến công việc nhằm làm suy yếu hoạt động của tổ chức đại diện người lao động tại cơ sở.",ACTOR,tổ chức đại diện người lao động tại cơ sở
chunk_00532,"Phân biệt đối xử đối với người lao động, thành viên ban lãnh đạo của tổ chức đại diện người lao động tại cơ sở vì lý do thành lập, gia nhập hoặc hoạt động tổ chức đại diện người lao động, bao gồm: a) Yêu cầu tham gia, không tham gia hoặc ra khỏi tổ chức đại diện người lao động tại cơ sở để được tuyển dụng, giao kết hoặc gia hạn hợp đồng lao động; b) Sa thải, kỷ luật, đơn phương chấm dứt hợp đồng lao động, không tiếp tục giao kết hoặc gia hạn hợp đồng lao động, chuyển người lao động làm công việc khác; c) Phân biệt đối xử về tiền lương, thời giờ làm việc, các quyền và nghĩa vụ khác trong quan hệ lao động; d) Cản trở, gây khó khăn liên quan đến công việc nhằm làm suy yếu hoạt động của tổ chức đại diện người lao động tại cơ sở.",CONDITION,vì lý do thành lập tổ chức đại diện người lao động
chunk_00532,"Phân biệt đối xử đối với người lao động, thành viên ban lãnh đạo của tổ chức đại diện người lao động tại cơ sở vì lý do thành lập, gia nhập hoặc hoạt động tổ chức đại diện người lao động, bao gồm: a) Yêu cầu tham gia, không tham gia hoặc ra khỏi tổ chức đại diện người lao động tại cơ sở để được tuyển dụng, giao kết hoặc gia hạn hợp đồng lao động; b) Sa thải, kỷ luật, đơn phương chấm dứt hợp đồng lao động, không tiếp tục giao kết hoặc gia hạn hợp đồng lao động, chuyển người lao động làm công việc khác; c) Phân biệt đối xử về tiền lương, thời giờ làm việc, các quyền và nghĩa vụ khác trong quan hệ lao động; d) Cản trở, gây khó khăn liên quan đến công việc nhằm làm suy yếu hoạt động của tổ chức đại diện người lao động tại cơ sở.",CONDITION,vì lý do gia nhập tổ chức đại diện người lao động
chunk_00532,"Phân biệt đối xử đối với người lao động, thành viên ban lãnh đạo của tổ chức đại diện người lao động tại cơ sở vì lý do thành lập, gia nhập hoặc hoạt động tổ chức đại diện người lao động, bao gồm: a) Yêu cầu tham gia, không tham gia hoặc ra khỏi tổ chức đại diện người lao động tại cơ sở để được tuyển dụng, giao kết hoặc gia hạn hợp đồng lao động; b) Sa thải, kỷ luật, đơn phương chấm dứt hợp đồng lao động, không tiếp tục giao kết hoặc gia hạn hợp đồng lao động, chuyển người lao động làm công việc khác; c) Phân biệt đối xử về tiền lương, thời giờ làm việc, các quyền và nghĩa vụ khác trong quan hệ lao động; d) Cản trở, gây khó khăn liên quan đến công việc nhằm làm suy yếu hoạt động của tổ chức đại diện người lao động tại cơ sở.",CONDITION,vì lý do hoạt động tổ chức đại diện người lao động
chunk_00532,"Phân biệt đối xử đối với người lao động, thành viên ban lãnh đạo của tổ chức đại diện người lao động tại cơ sở vì lý do thành lập, gia nhập hoặc hoạt động tổ chức đại diện người lao động, bao gồm: a) Yêu cầu tham gia, không tham gia hoặc ra khỏi tổ chức đại diện người lao động tại cơ sở để được tuyển dụng, giao kết hoặc gia hạn hợp đồng lao động; b) Sa thải, kỷ luật, đơn phương chấm dứt hợp đồng lao động, không tiếp tục giao kết hoặc gia hạn hợp đồng lao động, chuyển người lao động làm công việc khác; c) Phân biệt đối xử về tiền lương, thời giờ làm việc, các quyền và nghĩa vụ khác trong quan hệ lao động; d) Cản trở, gây khó khăn liên quan đến công việc nhằm làm suy yếu hoạt động của tổ chức đại diện người lao động tại cơ sở.",ACTION,yêu cầu tham gia tổ chức đại diện người lao động tại cơ sở
chunk_00532,"Phân biệt đối xử đối với người lao động, thành viên ban lãnh đạo của tổ chức đại diện người lao động tại cơ sở vì lý do thành lập, gia nhập hoặc hoạt động tổ chức đại diện người lao động, bao gồm: a) Yêu cầu tham gia, không tham gia hoặc ra khỏi tổ chức đại diện người lao động tại cơ sở để được tuyển dụng, giao kết hoặc gia hạn hợp đồng lao động; b) Sa thải, kỷ luật, đơn phương chấm dứt hợp đồng lao động, không tiếp tục giao kết hoặc gia hạn hợp đồng lao động, chuyển người lao động làm công việc khác; c) Phân biệt đối xử về tiền lương, thời giờ làm việc, các quyền và nghĩa vụ khác trong quan hệ lao động; d) Cản trở, gây khó khăn liên quan đến công việc nhằm làm suy yếu hoạt động của tổ chức đại diện người lao động tại cơ sở.",ACTION,yêu cầu không tham gia tổ chức đại diện người lao động tại cơ sở
chunk_00532,"Phân biệt đối xử đối với người lao động, thành viên ban lãnh đạo của tổ chức đại diện người lao động tại cơ sở vì lý do thành lập, gia nhập hoặc hoạt động tổ chức đại diện người lao động, bao gồm: a) Yêu cầu tham gia, không tham gia hoặc ra khỏi tổ chức đại diện người lao động tại cơ sở để được tuyển dụng, giao kết hoặc gia hạn hợp đồng lao động; b) Sa thải, kỷ luật, đơn phương chấm dứt hợp đồng lao động, không tiếp tục giao kết hoặc gia hạn hợp đồng lao động, chuyển người lao động làm công việc khác; c) Phân biệt đối xử về tiền lương, thời giờ làm việc, các quyền và nghĩa vụ khác trong quan hệ lao động; d) Cản trở, gây khó khăn liên quan đến công việc nhằm làm suy yếu hoạt động của tổ chức đại diện người lao động tại cơ sở.",ACTION,yêu cầu ra khỏi tổ chức đại diện người lao động tại cơ sở
chunk_00532,"Phân biệt đối xử đối với người lao động, thành viên ban lãnh đạo của tổ chức đại diện người lao động tại cơ sở vì lý do thành lập, gia nhập hoặc hoạt động tổ chức đại diện người lao động, bao gồm: a) Yêu cầu tham gia, không tham gia hoặc ra khỏi tổ chức đại diện người lao động tại cơ sở để được tuyển dụng, giao kết hoặc gia hạn hợp đồng lao động; b) Sa thải, kỷ luật, đơn phương chấm dứt hợp đồng lao động, không tiếp tục giao kết hoặc gia hạn hợp đồng lao động, chuyển người lao động làm công việc khác; c) Phân biệt đối xử về tiền lương, thời giờ làm việc, các quyền và nghĩa vụ khác trong quan hệ lao động; d) Cản trở, gây khó khăn liên quan đến công việc nhằm làm suy yếu hoạt động của tổ chức đại diện người lao động tại cơ sở.",CONDITION,để được tuyển dụng
chunk_00532,"Phân biệt đối xử đối với người lao động, thành viên ban lãnh đạo của tổ chức đại diện người lao động tại cơ sở vì lý do thành lập, gia nhập hoặc hoạt động tổ chức đại diện người lao động, bao gồm: a) Yêu cầu tham gia, không tham gia hoặc ra khỏi tổ chức đại diện người lao động tại cơ sở để được tuyển dụng, giao kết hoặc gia hạn hợp đồng lao động; b) Sa thải, kỷ luật, đơn phương chấm dứt hợp đồng lao động, không tiếp tục giao kết hoặc gia hạn hợp đồng lao động, chuyển người lao động làm công việc khác; c) Phân biệt đối xử về tiền lương, thời giờ làm việc, các quyền và nghĩa vụ khác trong quan hệ lao động; d) Cản trở, gây khó khăn liên quan đến công việc nhằm làm suy yếu hoạt động của tổ chức đại diện người lao động tại cơ sở.",ACTION,giao kết hợp đồng lao động
chunk_00532,"Phân biệt đối xử đối với người lao động, thành viên ban lãnh đạo của tổ chức đại diện người lao động tại cơ sở vì lý do thành lập, gia nhập hoặc hoạt động tổ chức đại diện người lao động, bao gồm: a) Yêu cầu tham gia, không tham gia hoặc ra khỏi tổ chức đại diện người lao động tại cơ sở để được tuyển dụng, giao kết hoặc gia hạn hợp đồng lao động; b) Sa thải, kỷ luật, đơn phương chấm dứt hợp đồng lao động, không tiếp tục giao kết hoặc gia hạn hợp đồng lao động, chuyển người lao động làm công việc khác; c) Phân biệt đối xử về tiền lương, thời giờ làm việc, các quyền và nghĩa vụ khác trong quan hệ lao động; d) Cản trở, gây khó khăn liên quan đến công việc nhằm làm suy yếu hoạt động của tổ chức đại diện người lao động tại cơ sở.",ACTION,gia hạn hợp đồng lao động
chunk_00532,"Phân biệt đối xử đối với người lao động, thành viên ban lãnh đạo của tổ chức đại diện người lao động tại cơ sở vì lý do thành lập, gia nhập hoặc hoạt động tổ chức đại diện người lao động, bao gồm: a) Yêu cầu tham gia, không tham gia hoặc ra khỏi tổ chức đại diện người lao động tại cơ sở để được tuyển dụng, giao kết hoặc gia hạn hợp đồng lao động; b) Sa thải, kỷ luật, đơn phương chấm dứt hợp đồng lao động, không tiếp tục giao kết hoặc gia hạn hợp đồng lao động, chuyển người lao động làm công việc khác; c) Phân biệt đối xử về tiền lương, thời giờ làm việc, các quyền và nghĩa vụ khác trong quan hệ lao động; d) Cản trở, gây khó khăn liên quan đến công việc nhằm làm suy yếu hoạt động của tổ chức đại diện người lao động tại cơ sở.",ACTION,sa thải
chunk_00532,"Phân biệt đối xử đối với người lao động, thành viên ban lãnh đạo của tổ chức đại diện người lao động tại cơ sở vì lý do thành lập, gia nhập hoặc hoạt động tổ chức đại diện người lao động, bao gồm: a) Yêu cầu tham gia, không tham gia hoặc ra khỏi tổ chức đại diện người lao động tại cơ sở để được tuyển dụng, giao kết hoặc gia hạn hợp đồng lao động; b) Sa thải, kỷ luật, đơn phương chấm dứt hợp đồng lao động, không tiếp tục giao kết hoặc gia hạn hợp đồng lao động, chuyển người lao động làm công việc khác; c) Phân biệt đối xử về tiền lương, thời giờ làm việc, các quyền và nghĩa vụ khác trong quan hệ lao động; d) Cản trở, gây khó khăn liên quan đến công việc nhằm làm suy yếu hoạt động của tổ chức đại diện người lao động tại cơ sở.",ACTION,kỷ luật
chunk_00532,"Phân biệt đối xử đối với người lao động, thành viên ban lãnh đạo của tổ chức đại diện người lao động tại cơ sở vì lý do thành lập, gia nhập hoặc hoạt động tổ chức đại diện người lao động, bao gồm: a) Yêu cầu tham gia, không tham gia hoặc ra khỏi tổ chức đại diện người lao động tại cơ sở để được tuyển dụng, giao kết hoặc gia hạn hợp đồng lao động; b) Sa thải, kỷ luật, đơn phương chấm dứt hợp đồng lao động, không tiếp tục giao kết hoặc gia hạn hợp đồng lao động, chuyển người lao động làm công việc khác; c) Phân biệt đối xử về tiền lương, thời giờ làm việc, các quyền và nghĩa vụ khác trong quan hệ lao động; d) Cản trở, gây khó khăn liên quan đến công việc nhằm làm suy yếu hoạt động của tổ chức đại diện người lao động tại cơ sở.",ACTION,đơn phương chấm dứt hợp đồng lao động
chunk_00532,"Phân biệt đối xử đối với người lao động, thành viên ban lãnh đạo của tổ chức đại diện người lao động tại cơ sở vì lý do thành lập, gia nhập hoặc hoạt động tổ chức đại diện người lao động, bao gồm: a) Yêu cầu tham gia, không tham gia hoặc ra khỏi tổ chức đại diện người lao động tại cơ sở để được tuyển dụng, giao kết hoặc gia hạn hợp đồng lao động; b) Sa thải, kỷ luật, đơn phương chấm dứt hợp đồng lao động, không tiếp tục giao kết hoặc gia hạn hợp đồng lao động, chuyển người lao động làm công việc khác; c) Phân biệt đối xử về tiền lương, thời giờ làm việc, các quyền và nghĩa vụ khác trong quan hệ lao động; d) Cản trở, gây khó khăn liên quan đến công việc nhằm làm suy yếu hoạt động của tổ chức đại diện người lao động tại cơ sở.",ACTION,không tiếp tục giao kết hợp đồng lao động
chunk_00532,"Phân biệt đối xử đối với người lao động, thành viên ban lãnh đạo của tổ chức đại diện người lao động tại cơ sở vì lý do thành lập, gia nhập hoặc hoạt động tổ chức đại diện người lao động, bao gồm: a) Yêu cầu tham gia, không tham gia hoặc ra khỏi tổ chức đại diện người lao động tại cơ sở để được tuyển dụng, giao kết hoặc gia hạn hợp đồng lao động; b) Sa thải, kỷ luật, đơn phương chấm dứt hợp đồng lao động, không tiếp tục giao kết hoặc gia hạn hợp đồng lao động, chuyển người lao động làm công việc khác; c) Phân biệt đối xử về tiền lương, thời giờ làm việc, các quyền và nghĩa vụ khác trong quan hệ lao động; d) Cản trở, gây khó khăn liên quan đến công việc nhằm làm suy yếu hoạt động của tổ chức đại diện người lao động tại cơ sở.",ACTION,không gia hạn hợp đồng lao động
chunk_00532,"Phân biệt đối xử đối với người lao động, thành viên ban lãnh đạo của tổ chức đại diện người lao động tại cơ sở vì lý do thành lập, gia nhập hoặc hoạt động tổ chức đại diện người lao động, bao gồm: a) Yêu cầu tham gia, không tham gia hoặc ra khỏi tổ chức đại diện người lao động tại cơ sở để được tuyển dụng, giao kết hoặc gia hạn hợp đồng lao động; b) Sa thải, kỷ luật, đơn phương chấm dứt hợp đồng lao động, không tiếp tục giao kết hoặc gia hạn hợp đồng lao động, chuyển người lao động làm công việc khác; c) Phân biệt đối xử về tiền lương, thời giờ làm việc, các quyền và nghĩa vụ khác trong quan hệ lao động; d) Cản trở, gây khó khăn liên quan đến công việc nhằm làm suy yếu hoạt động của tổ chức đại diện người lao động tại cơ sở.",ACTION,chuyển người lao động làm công việc khác
chunk_00532,"Phân biệt đối xử đối với người lao động, thành viên ban lãnh đạo của tổ chức đại diện người lao động tại cơ sở vì lý do thành lập, gia nhập hoặc hoạt động tổ chức đại diện người lao động, bao gồm: a) Yêu cầu tham gia, không tham gia hoặc ra khỏi tổ chức đại diện người lao động tại cơ sở để được tuyển dụng, giao kết hoặc gia hạn hợp đồng lao động; b) Sa thải, kỷ luật, đơn phương chấm dứt hợp đồng lao động, không tiếp tục giao kết hoặc gia hạn hợp đồng lao động, chuyển người lao động làm công việc khác; c) Phân biệt đối xử về tiền lương, thời giờ làm việc, các quyền và nghĩa vụ khác trong quan hệ lao động; d) Cản trở, gây khó khăn liên quan đến công việc nhằm làm suy yếu hoạt động của tổ chức đại diện người lao động tại cơ sở.",PROHIBITION,phân biệt đối xử về tiền lương
chunk_00532,"Phân biệt đối xử đối với người lao động, thành viên ban lãnh đạo của tổ chức đại diện người lao động tại cơ sở vì lý do thành lập, gia nhập hoặc hoạt động tổ chức đại diện người lao động, bao gồm: a) Yêu cầu tham gia, không tham gia hoặc ra khỏi tổ chức đại diện người lao động tại cơ sở để được tuyển dụng, giao kết hoặc gia hạn hợp đồng lao động; b) Sa thải, kỷ luật, đơn phương chấm dứt hợp đồng lao động, không tiếp tục giao kết hoặc gia hạn hợp đồng lao động, chuyển người lao động làm công việc khác; c) Phân biệt đối xử về tiền lương, thời giờ làm việc, các quyền và nghĩa vụ khác trong quan hệ lao động; d) Cản trở, gây khó khăn liên quan đến công việc nhằm làm suy yếu hoạt động của tổ chức đại diện người lao động tại cơ sở.",PROHIBITION,phân biệt đối xử về thời giờ làm việc
chunk_00532,"Phân biệt đối xử đối với người lao động, thành viên ban lãnh đạo của tổ chức đại diện người lao động tại cơ sở vì lý do thành lập, gia nhập hoặc hoạt động tổ chức đại diện người lao động, bao gồm: a) Yêu cầu tham gia, không tham gia hoặc ra khỏi tổ chức đại diện người lao động tại cơ sở để được tuyển dụng, giao kết hoặc gia hạn hợp đồng lao động; b) Sa thải, kỷ luật, đơn phương chấm dứt hợp đồng lao động, không tiếp tục giao kết hoặc gia hạn hợp đồng lao động, chuyển người lao động làm công việc khác; c) Phân biệt đối xử về tiền lương, thời giờ làm việc, các quyền và nghĩa vụ khác trong quan hệ lao động; d) Cản trở, gây khó khăn liên quan đến công việc nhằm làm suy yếu hoạt động của tổ chức đại diện người lao động tại cơ sở.",PROHIBITION,phân biệt đối xử về các quyền trong quan hệ lao động
chunk_00532,"Phân biệt đối xử đối với người lao động, thành viên ban lãnh đạo của tổ chức đại diện người lao động tại cơ sở vì lý do thành lập, gia nhập hoặc hoạt động tổ chức đại diện người lao động, bao gồm: a) Yêu cầu tham gia, không tham gia hoặc ra khỏi tổ chức đại diện người lao động tại cơ sở để được tuyển dụng, giao kết hoặc gia hạn hợp đồng lao động; b) Sa thải, kỷ luật, đơn phương chấm dứt hợp đồng lao động, không tiếp tục giao kết hoặc gia hạn hợp đồng lao động, chuyển người lao động làm công việc khác; c) Phân biệt đối xử về tiền lương, thời giờ làm việc, các quyền và nghĩa vụ khác trong quan hệ lao động; d) Cản trở, gây khó khăn liên quan đến công việc nhằm làm suy yếu hoạt động của tổ chức đại diện người lao động tại cơ sở.",PROHIBITION,phân biệt đối xử về nghĩa vụ trong quan hệ lao động
chunk_00532,"Phân biệt đối xử đối với người lao động, thành viên ban lãnh đạo của tổ chức đại diện người lao động tại cơ sở vì lý do thành lập, gia nhập hoặc hoạt động tổ chức đại diện người lao động, bao gồm: a) Yêu cầu tham gia, không tham gia hoặc ra khỏi tổ chức đại diện người lao động tại cơ sở để được tuyển dụng, giao kết hoặc gia hạn hợp đồng lao động; b) Sa thải, kỷ luật, đơn phương chấm dứt hợp đồng lao động, không tiếp tục giao kết hoặc gia hạn hợp đồng lao động, chuyển người lao động làm công việc khác; c) Phân biệt đối xử về tiền lương, thời giờ làm việc, các quyền và nghĩa vụ khác trong quan hệ lao động; d) Cản trở, gây khó khăn liên quan đến công việc nhằm làm suy yếu hoạt động của tổ chức đại diện người lao động tại cơ sở.",ACTION,cản trở
chunk_00532,"Phân biệt đối xử đối với người lao động, thành viên ban lãnh đạo của tổ chức đại diện người lao động tại cơ sở vì lý do thành lập, gia nhập hoặc hoạt động tổ chức đại diện người lao động, bao gồm: a) Yêu cầu tham gia, không tham gia hoặc ra khỏi tổ chức đại diện người lao động tại cơ sở để được tuyển dụng, giao kết hoặc gia hạn hợp đồng lao động; b) Sa thải, kỷ luật, đơn phương chấm dứt hợp đồng lao động, không tiếp tục giao kết hoặc gia hạn hợp đồng lao động, chuyển người lao động làm công việc khác; c) Phân biệt đối xử về tiền lương, thời giờ làm việc, các quyền và nghĩa vụ khác trong quan hệ lao động; d) Cản trở, gây khó khăn liên quan đến công việc nhằm làm suy yếu hoạt động của tổ chức đại diện người lao động tại cơ sở.",ACTION,gây khó khăn liên quan đến công việc
chunk_00532,"Phân biệt đối xử đối với người lao động, thành viên ban lãnh đạo của tổ chức đại diện người lao động tại cơ sở vì lý do thành lập, gia nhập hoặc hoạt động tổ chức đại diện người lao động, bao gồm: a) Yêu cầu tham gia, không tham gia hoặc ra khỏi tổ chức đại diện người lao động tại cơ sở để được tuyển dụng, giao kết hoặc gia hạn hợp đồng lao động; b) Sa thải, kỷ luật, đơn phương chấm dứt hợp đồng lao động, không tiếp tục giao kết hoặc gia hạn hợp đồng lao động, chuyển người lao động làm công việc khác; c) Phân biệt đối xử về tiền lương, thời giờ làm việc, các quyền và nghĩa vụ khác trong quan hệ lao động; d) Cản trở, gây khó khăn liên quan đến công việc nhằm làm suy yếu hoạt động của tổ chức đại diện người lao động tại cơ sở.",CONDITION,nhằm làm suy yếu hoạt động của tổ chức đại diện người lao động tại cơ sở
chunk_00522,"Công đoàn cơ sở thuộc hệ thống tổ chức Công đoàn Việt Nam được thành lập ở các cơ quan, tổ chức, đơn vị, doanh nghiệp.",ACTOR,công đoàn cơ sở
chunk_00522,"Công đoàn cơ sở thuộc hệ thống tổ chức Công đoàn Việt Nam được thành lập ở các cơ quan, tổ chức, đơn vị, doanh nghiệp.",ACTOR,hệ thống tổ chức công đoàn việt nam
chunk_00522,"Công đoàn cơ sở thuộc hệ thống tổ chức Công đoàn Việt Nam được thành lập ở các cơ quan, tổ chức, đơn vị, doanh nghiệp.",ACTOR,các cơ quan
chunk_00522,"Công đoàn cơ sở thuộc hệ thống tổ chức Công đoàn Việt Nam được thành lập ở các cơ quan, tổ chức, đơn vị, doanh nghiệp.",ACTOR,tổ chức
chunk_00522,"Công đoàn cơ sở thuộc hệ thống tổ chức Công đoàn Việt Nam được thành lập ở các cơ quan, tổ chức, đơn vị, doanh nghiệp.",ACTOR,đơn vị
chunk_00522,"Công đoàn cơ sở thuộc hệ thống tổ chức Công đoàn Việt Nam được thành lập ở các cơ quan, tổ chức, đơn vị, doanh nghiệp.",ACTOR,doanh nghiệp
chunk_00522,"Công đoàn cơ sở thuộc hệ thống tổ chức Công đoàn Việt Nam được thành lập ở các cơ quan, tổ chức, đơn vị, doanh nghiệp.",ACTION,được thành lập
chunk_00053,"Người lao động phải cung cấp thông tin trung thực cho người sử dụng lao động về họ tên, ngày tháng năm sinh, giới tính, nơi cư trú, trình độ học vấn, trình độ kỹ năng nghề, xác nhận tình trạng sức khỏe và vấn đề khác liên quan trực tiếp đến việc giao kết hợp đồng lao động mà người sử dụng lao động yêu cầu.",ACTOR,người lao động
chunk_00053,"Người lao động phải cung cấp thông tin trung thực cho người sử dụng lao động về họ tên, ngày tháng năm sinh, giới tính, nơi cư trú, trình độ học vấn, trình độ kỹ năng nghề, xác nhận tình trạng sức khỏe và vấn đề khác liên quan trực tiếp đến việc giao kết hợp đồng lao động mà người sử dụng lao động yêu cầu.",ACTOR,người sử dụng lao động
chunk_00053,"Người lao động phải cung cấp thông tin trung thực cho người sử dụng lao động về họ tên, ngày tháng năm sinh, giới tính, nơi cư trú, trình độ học vấn, trình độ kỹ năng nghề, xác nhận tình trạng sức khỏe và vấn đề khác liên quan trực tiếp đến việc giao kết hợp đồng lao động mà người sử dụng lao động yêu cầu.",OBLIGATION,phải cung cấp thông tin trung thực
chunk_00053,"Người lao động phải cung cấp thông tin trung thực cho người sử dụng lao động về họ tên, ngày tháng năm sinh, giới tính, nơi cư trú, trình độ học vấn, trình độ kỹ năng nghề, xác nhận tình trạng sức khỏe và vấn đề khác liên quan trực tiếp đến việc giao kết hợp đồng lao động mà người sử dụng lao động yêu cầu.",LEGAL_CONCEPT,họ tên
chunk_00053,"Người lao động phải cung cấp thông tin trung thực cho người sử dụng lao động về họ tên, ngày tháng năm sinh, giới tính, nơi cư trú, trình độ học vấn, trình độ kỹ năng nghề, xác nhận tình trạng sức khỏe và vấn đề khác liên quan trực tiếp đến việc giao kết hợp đồng lao động mà người sử dụng lao động yêu cầu.",LEGAL_CONCEPT,ngày tháng năm sinh
chunk_00053,"Người lao động phải cung cấp thông tin trung thực cho người sử dụng lao động về họ tên, ngày tháng năm sinh, giới tính, nơi cư trú, trình độ học vấn, trình độ kỹ năng nghề, xác nhận tình trạng sức khỏe và vấn đề khác liên quan trực tiếp đến việc giao kết hợp đồng lao động mà người sử dụng lao động yêu cầu.",LEGAL_CONCEPT,giới tính
chunk_00053,"Người lao động phải cung cấp thông tin trung thực cho người sử dụng lao động về họ tên, ngày tháng năm sinh, giới tính, nơi cư trú, trình độ học vấn, trình độ kỹ năng nghề, xác nhận tình trạng sức khỏe và vấn đề khác liên quan trực tiếp đến việc giao kết hợp đồng lao động mà người sử dụng lao động yêu cầu.",LEGAL_CONCEPT,nơi cư trú
chunk_00053,"Người lao động phải cung cấp thông tin trung thực cho người sử dụng lao động về họ tên, ngày tháng năm sinh, giới tính, nơi cư trú, trình độ học vấn, trình độ kỹ năng nghề, xác nhận tình trạng sức khỏe và vấn đề khác liên quan trực tiếp đến việc giao kết hợp đồng lao động mà người sử dụng lao động yêu cầu.",LEGAL_CONCEPT,trình độ học vấn
chunk_00053,"Người lao động phải cung cấp thông tin trung thực cho người sử dụng lao động về họ tên, ngày tháng năm sinh, giới tính, nơi cư trú, trình độ học vấn, trình độ kỹ năng nghề, xác nhận tình trạng sức khỏe và vấn đề khác liên quan trực tiếp đến việc giao kết hợp đồng lao động mà người sử dụng lao động yêu cầu.",LEGAL_CONCEPT,trình độ kỹ năng nghề
chunk_00053,"Người lao động phải cung cấp thông tin trung thực cho người sử dụng lao động về họ tên, ngày tháng năm sinh, giới tính, nơi cư trú, trình độ học vấn, trình độ kỹ năng nghề, xác nhận tình trạng sức khỏe và vấn đề khác liên quan trực tiếp đến việc giao kết hợp đồng lao động mà người sử dụng lao động yêu cầu.",LEGAL_CONCEPT,tình trạng sức khỏe
chunk_00053,"Người lao động phải cung cấp thông tin trung thực cho người sử dụng lao động về họ tên, ngày tháng năm sinh, giới tính, nơi cư trú, trình độ học vấn, trình độ kỹ năng nghề, xác nhận tình trạng sức khỏe và vấn đề khác liên quan trực tiếp đến việc giao kết hợp đồng lao động mà người sử dụng lao động yêu cầu.",LEGAL_CONCEPT,vấn đề khác liên quan trực tiếp đến việc giao kết hợp đồng lao động
chunk_00053,"Người lao động phải cung cấp thông tin trung thực cho người sử dụng lao động về họ tên, ngày tháng năm sinh, giới tính, nơi cư trú, trình độ học vấn, trình độ kỹ năng nghề, xác nhận tình trạng sức khỏe và vấn đề khác liên quan trực tiếp đến việc giao kết hợp đồng lao động mà người sử dụng lao động yêu cầu.",ACTION,yêu cầu
chunk_00033,"Lợi dụng danh nghĩa dạy nghề, tập nghề để trục lợi, bóc lột sức lao động hoặc lôi kéo, dụ dỗ, ép buộc người học nghề, người tập nghề vào hoạt động trái pháp luật.",PROHIBITION,"lợi dụng danh nghĩa dạy nghề, tập nghề"
chunk_00033,"Lợi dụng danh nghĩa dạy nghề, tập nghề để trục lợi, bóc lột sức lao động hoặc lôi kéo, dụ dỗ, ép buộc người học nghề, người tập nghề vào hoạt động trái pháp luật.",ACTION,trục lợi
chunk_00033,"Lợi dụng danh nghĩa dạy nghề, tập nghề để trục lợi, bóc lột sức lao động hoặc lôi kéo, dụ dỗ, ép buộc người học nghề, người tập nghề vào hoạt động trái pháp luật.",ACTION,bóc lột sức lao động
chunk_00033,"Lợi dụng danh nghĩa dạy nghề, tập nghề để trục lợi, bóc lột sức lao động hoặc lôi kéo, dụ dỗ, ép buộc người học nghề, người tập nghề vào hoạt động trái pháp luật.",ACTION,lôi kéo
chunk_00033,"Lợi dụng danh nghĩa dạy nghề, tập nghề để trục lợi, bóc lột sức lao động hoặc lôi kéo, dụ dỗ, ép buộc người học nghề, người tập nghề vào hoạt động trái pháp luật.",ACTION,dụ dỗ
chunk_00033,"Lợi dụng danh nghĩa dạy nghề, tập nghề để trục lợi, bóc lột sức lao động hoặc lôi kéo, dụ dỗ, ép buộc người học nghề, người tập nghề vào hoạt động trái pháp luật.",ACTION,ép buộc
chunk_00033,"Lợi dụng danh nghĩa dạy nghề, tập nghề để trục lợi, bóc lột sức lao động hoặc lôi kéo, dụ dỗ, ép buộc người học nghề, người tập nghề vào hoạt động trái pháp luật.",ACTOR,người học nghề
chunk_00033,"Lợi dụng danh nghĩa dạy nghề, tập nghề để trục lợi, bóc lột sức lao động hoặc lôi kéo, dụ dỗ, ép buộc người học nghề, người tập nghề vào hoạt động trái pháp luật.",ACTOR,người tập nghề
chunk_00033,"Lợi dụng danh nghĩa dạy nghề, tập nghề để trục lợi, bóc lột sức lao động hoặc lôi kéo, dụ dỗ, ép buộc người học nghề, người tập nghề vào hoạt động trái pháp luật.",LEGAL_CONCEPT,hoạt động trái pháp luật
chunk_00563,"Quyền của cơ quan, tổ chức, cá nhân có thẩm quyền giải quyết tranh chấp lao động Cơ quan, tổ chức, cá nhân có thẩm quyền giải quyết tranh chấp lao động, trong phạm vi nhiệm vụ, quyền hạn của mình, có quyền yêu cầu các bên tranh chấp, cơ quan, tổ chức, cá nhân có liên quan cung cấp tài liệu, chứng cứ, trưng cầu giám định, mời người làm chứng và người có liên quan.",ACTOR,cơ quan
chunk_00563,"Quyền của cơ quan, tổ chức, cá nhân có thẩm quyền giải quyết tranh chấp lao động Cơ quan, tổ chức, cá nhân có thẩm quyền giải quyết tranh chấp lao động, trong phạm vi nhiệm vụ, quyền hạn của mình, có quyền yêu cầu các bên tranh chấp, cơ quan, tổ chức, cá nhân có liên quan cung cấp tài liệu, chứng cứ, trưng cầu giám định, mời người làm chứng và người có liên quan.",ACTOR,tổ chức
chunk_00563,"Quyền của cơ quan, tổ chức, cá nhân có thẩm quyền giải quyết tranh chấp lao động Cơ quan, tổ chức, cá nhân có thẩm quyền giải quyết tranh chấp lao động, trong phạm vi nhiệm vụ, quyền hạn của mình, có quyền yêu cầu các bên tranh chấp, cơ quan, tổ chức, cá nhân có liên quan cung cấp tài liệu, chứng cứ, trưng cầu giám định, mời người làm chứng và người có liên quan.",ACTOR,cá nhân có thẩm quyền giải quyết tranh chấp lao động
chunk_00563,"Quyền của cơ quan, tổ chức, cá nhân có thẩm quyền giải quyết tranh chấp lao động Cơ quan, tổ chức, cá nhân có thẩm quyền giải quyết tranh chấp lao động, trong phạm vi nhiệm vụ, quyền hạn của mình, có quyền yêu cầu các bên tranh chấp, cơ quan, tổ chức, cá nhân có liên quan cung cấp tài liệu, chứng cứ, trưng cầu giám định, mời người làm chứng và người có liên quan.",LEGAL_CONCEPT,tranh chấp lao động
chunk_00563,"Quyền của cơ quan, tổ chức, cá nhân có thẩm quyền giải quyết tranh chấp lao động Cơ quan, tổ chức, cá nhân có thẩm quyền giải quyết tranh chấp lao động, trong phạm vi nhiệm vụ, quyền hạn của mình, có quyền yêu cầu các bên tranh chấp, cơ quan, tổ chức, cá nhân có liên quan cung cấp tài liệu, chứng cứ, trưng cầu giám định, mời người làm chứng và người có liên quan.",RIGHT,có quyền yêu cầu
chunk_00563,"Quyền của cơ quan, tổ chức, cá nhân có thẩm quyền giải quyết tranh chấp lao động Cơ quan, tổ chức, cá nhân có thẩm quyền giải quyết tranh chấp lao động, trong phạm vi nhiệm vụ, quyền hạn của mình, có quyền yêu cầu các bên tranh chấp, cơ quan, tổ chức, cá nhân có liên quan cung cấp tài liệu, chứng cứ, trưng cầu giám định, mời người làm chứng và người có liên quan.",ACTOR,các bên tranh chấp
chunk_00563,"Quyền của cơ quan, tổ chức, cá nhân có thẩm quyền giải quyết tranh chấp lao động Cơ quan, tổ chức, cá nhân có thẩm quyền giải quyết tranh chấp lao động, trong phạm vi nhiệm vụ, quyền hạn của mình, có quyền yêu cầu các bên tranh chấp, cơ quan, tổ chức, cá nhân có liên quan cung cấp tài liệu, chứng cứ, trưng cầu giám định, mời người làm chứng và người có liên quan.",ACTOR,cơ quan
chunk_00563,"Quyền của cơ quan, tổ chức, cá nhân có thẩm quyền giải quyết tranh chấp lao động Cơ quan, tổ chức, cá nhân có thẩm quyền giải quyết tranh chấp lao động, trong phạm vi nhiệm vụ, quyền hạn của mình, có quyền yêu cầu các bên tranh chấp, cơ quan, tổ chức, cá nhân có liên quan cung cấp tài liệu, chứng cứ, trưng cầu giám định, mời người làm chứng và người có liên quan.",ACTOR,tổ chức
chunk_00563,"Quyền của cơ quan, tổ chức, cá nhân có thẩm quyền giải quyết tranh chấp lao động Cơ quan, tổ chức, cá nhân có thẩm quyền giải quyết tranh chấp lao động, trong phạm vi nhiệm vụ, quyền hạn của mình, có quyền yêu cầu các bên tranh chấp, cơ quan, tổ chức, cá nhân có liên quan cung cấp tài liệu, chứng cứ, trưng cầu giám định, mời người làm chứng và người có liên quan.",ACTOR,cá nhân có liên quan
chunk_00563,"Quyền của cơ quan, tổ chức, cá nhân có thẩm quyền giải quyết tranh chấp lao động Cơ quan, tổ chức, cá nhân có thẩm quyền giải quyết tranh chấp lao động, trong phạm vi nhiệm vụ, quyền hạn của mình, có quyền yêu cầu các bên tranh chấp, cơ quan, tổ chức, cá nhân có liên quan cung cấp tài liệu, chứng cứ, trưng cầu giám định, mời người làm chứng và người có liên quan.",ACTION,cung cấp tài liệu
chunk_00563,"Quyền của cơ quan, tổ chức, cá nhân có thẩm quyền giải quyết tranh chấp lao động Cơ quan, tổ chức, cá nhân có thẩm quyền giải quyết tranh chấp lao động, trong phạm vi nhiệm vụ, quyền hạn của mình, có quyền yêu cầu các bên tranh chấp, cơ quan, tổ chức, cá nhân có liên quan cung cấp tài liệu, chứng cứ, trưng cầu giám định, mời người làm chứng và người có liên quan.",ACTION,cung cấp chứng cứ
chunk_00563,"Quyền của cơ quan, tổ chức, cá nhân có thẩm quyền giải quyết tranh chấp lao động Cơ quan, tổ chức, cá nhân có thẩm quyền giải quyết tranh chấp lao động, trong phạm vi nhiệm vụ, quyền hạn của mình, có quyền yêu cầu các bên tranh chấp, cơ quan, tổ chức, cá nhân có liên quan cung cấp tài liệu, chứng cứ, trưng cầu giám định, mời người làm chứng và người có liên quan.",ACTION,trưng cầu giám định
chunk_00563,"Quyền của cơ quan, tổ chức, cá nhân có thẩm quyền giải quyết tranh chấp lao động Cơ quan, tổ chức, cá nhân có thẩm quyền giải quyết tranh chấp lao động, trong phạm vi nhiệm vụ, quyền hạn của mình, có quyền yêu cầu các bên tranh chấp, cơ quan, tổ chức, cá nhân có liên quan cung cấp tài liệu, chứng cứ, trưng cầu giám định, mời người làm chứng và người có liên quan.",ACTION,mời người làm chứng
chunk_00563,"Quyền của cơ quan, tổ chức, cá nhân có thẩm quyền giải quyết tranh chấp lao động Cơ quan, tổ chức, cá nhân có thẩm quyền giải quyết tranh chấp lao động, trong phạm vi nhiệm vụ, quyền hạn của mình, có quyền yêu cầu các bên tranh chấp, cơ quan, tổ chức, cá nhân có liên quan cung cấp tài liệu, chứng cứ, trưng cầu giám định, mời người làm chứng và người có liên quan.",ACTION,mời người có liên quan
chunk_00563,"Quyền của cơ quan, tổ chức, cá nhân có thẩm quyền giải quyết tranh chấp lao động Cơ quan, tổ chức, cá nhân có thẩm quyền giải quyết tranh chấp lao động, trong phạm vi nhiệm vụ, quyền hạn của mình, có quyền yêu cầu các bên tranh chấp, cơ quan, tổ chức, cá nhân có liên quan cung cấp tài liệu, chứng cứ, trưng cầu giám định, mời người làm chứng và người có liên quan.",CONDITION,"trong phạm vi nhiệm vụ, quyền hạn của mình"
chunk_00516,"Người lao động bị suy giảm khả năng lao động; làm nghề, công việc đặc biệt nặng nhọc, độc hại, nguy hiểm; làm nghề, công việc nặng nhọc, độc hại, nguy hiểm; làm việc ở vùng có điều kiện kinh tế - xã hội đặc biệt khó khăn có thể nghỉ hưu ở tuổi thấp hơn nhưng không quá 05 tuổi so với quy định tại khoản 2 Điều này tại thời điểm nghỉ hưu, trừ trường hợp pháp luật có quy định khác.",ACTOR,người lao động
chunk_00516,"Người lao động bị suy giảm khả năng lao động; làm nghề, công việc đặc biệt nặng nhọc, độc hại, nguy hiểm; làm nghề, công việc nặng nhọc, độc hại, nguy hiểm; làm việc ở vùng có điều kiện kinh tế - xã hội đặc biệt khó khăn có thể nghỉ hưu ở tuổi thấp hơn nhưng không quá 05 tuổi so với quy định tại khoản 2 Điều này tại thời điểm nghỉ hưu, trừ trường hợp pháp luật có quy định khác.",CONDITION,bị suy giảm khả năng lao động
chunk_00516,"Người lao động bị suy giảm khả năng lao động; làm nghề, công việc đặc biệt nặng nhọc, độc hại, nguy hiểm; làm nghề, công việc nặng nhọc, độc hại, nguy hiểm; làm việc ở vùng có điều kiện kinh tế - xã hội đặc biệt khó khăn có thể nghỉ hưu ở tuổi thấp hơn nhưng không quá 05 tuổi so với quy định tại khoản 2 Điều này tại thời điểm nghỉ hưu, trừ trường hợp pháp luật có quy định khác.",CONDITION,"làm nghề, công việc đặc biệt nặng nhọc, độc hại, nguy hiểm"
chunk_00516,"Người lao động bị suy giảm khả năng lao động; làm nghề, công việc đặc biệt nặng nhọc, độc hại, nguy hiểm; làm nghề, công việc nặng nhọc, độc hại, nguy hiểm; làm việc ở vùng có điều kiện kinh tế - xã hội đặc biệt khó khăn có thể nghỉ hưu ở tuổi thấp hơn nhưng không quá 05 tuổi so với quy định tại khoản 2 Điều này tại thời điểm nghỉ hưu, trừ trường hợp pháp luật có quy định khác.",CONDITION,"làm nghề, công việc nặng nhọc, độc hại, nguy hiểm"
chunk_00516,"Người lao động bị suy giảm khả năng lao động; làm nghề, công việc đặc biệt nặng nhọc, độc hại, nguy hiểm; làm nghề, công việc nặng nhọc, độc hại, nguy hiểm; làm việc ở vùng có điều kiện kinh tế - xã hội đặc biệt khó khăn có thể nghỉ hưu ở tuổi thấp hơn nhưng không quá 05 tuổi so với quy định tại khoản 2 Điều này tại thời điểm nghỉ hưu, trừ trường hợp pháp luật có quy định khác.",CONDITION,làm việc ở vùng có điều kiện kinh tế - xã hội đặc biệt khó khăn
chunk_00516,"Người lao động bị suy giảm khả năng lao động; làm nghề, công việc đặc biệt nặng nhọc, độc hại, nguy hiểm; làm nghề, công việc nặng nhọc, độc hại, nguy hiểm; làm việc ở vùng có điều kiện kinh tế - xã hội đặc biệt khó khăn có thể nghỉ hưu ở tuổi thấp hơn nhưng không quá 05 tuổi so với quy định tại khoản 2 Điều này tại thời điểm nghỉ hưu, trừ trường hợp pháp luật có quy định khác.",RIGHT,có thể nghỉ hưu ở tuổi thấp hơn
chunk_00516,"Người lao động bị suy giảm khả năng lao động; làm nghề, công việc đặc biệt nặng nhọc, độc hại, nguy hiểm; làm nghề, công việc nặng nhọc, độc hại, nguy hiểm; làm việc ở vùng có điều kiện kinh tế - xã hội đặc biệt khó khăn có thể nghỉ hưu ở tuổi thấp hơn nhưng không quá 05 tuổi so với quy định tại khoản 2 Điều này tại thời điểm nghỉ hưu, trừ trường hợp pháp luật có quy định khác.",TIME_PERIOD,không quá 05 tuổi so với quy định tại khoản 2 điều này
chunk_00516,"Người lao động bị suy giảm khả năng lao động; làm nghề, công việc đặc biệt nặng nhọc, độc hại, nguy hiểm; làm nghề, công việc nặng nhọc, độc hại, nguy hiểm; làm việc ở vùng có điều kiện kinh tế - xã hội đặc biệt khó khăn có thể nghỉ hưu ở tuổi thấp hơn nhưng không quá 05 tuổi so với quy định tại khoản 2 Điều này tại thời điểm nghỉ hưu, trừ trường hợp pháp luật có quy định khác.",LEGAL_REF,khoản 2 điều này
chunk_00516,"Người lao động bị suy giảm khả năng lao động; làm nghề, công việc đặc biệt nặng nhọc, độc hại, nguy hiểm; làm nghề, công việc nặng nhọc, độc hại, nguy hiểm; làm việc ở vùng có điều kiện kinh tế - xã hội đặc biệt khó khăn có thể nghỉ hưu ở tuổi thấp hơn nhưng không quá 05 tuổi so với quy định tại khoản 2 Điều này tại thời điểm nghỉ hưu, trừ trường hợp pháp luật có quy định khác.",CONDITION,tại thời điểm nghỉ hưu
chunk_00516,"Người lao động bị suy giảm khả năng lao động; làm nghề, công việc đặc biệt nặng nhọc, độc hại, nguy hiểm; làm nghề, công việc nặng nhọc, độc hại, nguy hiểm; làm việc ở vùng có điều kiện kinh tế - xã hội đặc biệt khó khăn có thể nghỉ hưu ở tuổi thấp hơn nhưng không quá 05 tuổi so với quy định tại khoản 2 Điều này tại thời điểm nghỉ hưu, trừ trường hợp pháp luật có quy định khác.",CONDITION,trừ trường hợp pháp luật có quy định khác
chunk_00507,Giao việc cho người giúp việc gia đình không theo hợp đồng lao động.,ACTION,giao việc
chunk_00507,Giao việc cho người giúp việc gia đình không theo hợp đồng lao động.,ACTOR,người giúp việc gia đình
chunk_00507,Giao việc cho người giúp việc gia đình không theo hợp đồng lao động.,PROHIBITION,không theo hợp đồng lao động
chunk_00507,Giao việc cho người giúp việc gia đình không theo hợp đồng lao động.,LEGAL_CONCEPT,hợp đồng lao động
chunk_00194,"Hằng năm, người sử dụng lao động thông báo kết quả đào tạo, bồi dưỡng, nâng cao trình độ, kỹ năng nghề cho cơ quan chuyên môn về lao động thuộc Ủy ban nhân dân cấp tỉnh.",TIME_PERIOD,hằng năm
chunk_00194,"Hằng năm, người sử dụng lao động thông báo kết quả đào tạo, bồi dưỡng, nâng cao trình độ, kỹ năng nghề cho cơ quan chuyên môn về lao động thuộc Ủy ban nhân dân cấp tỉnh.",ACTOR,người sử dụng lao động
chunk_00194,"Hằng năm, người sử dụng lao động thông báo kết quả đào tạo, bồi dưỡng, nâng cao trình độ, kỹ năng nghề cho cơ quan chuyên môn về lao động thuộc Ủy ban nhân dân cấp tỉnh.",OBLIGATION,"thông báo kết quả đào tạo, bồi dưỡng, nâng cao trình độ, kỹ năng nghề"
chunk_00194,"Hằng năm, người sử dụng lao động thông báo kết quả đào tạo, bồi dưỡng, nâng cao trình độ, kỹ năng nghề cho cơ quan chuyên môn về lao động thuộc Ủy ban nhân dân cấp tỉnh.",ACTOR,cơ quan chuyên môn về lao động thuộc ủy ban nhân dân cấp tỉnh
chunk_00194,"Hằng năm, người sử dụng lao động thông báo kết quả đào tạo, bồi dưỡng, nâng cao trình độ, kỹ năng nghề cho cơ quan chuyên môn về lao động thuộc Ủy ban nhân dân cấp tỉnh.",LEGAL_CONCEPT,kết quả đào tạo
chunk_00194,"Hằng năm, người sử dụng lao động thông báo kết quả đào tạo, bồi dưỡng, nâng cao trình độ, kỹ năng nghề cho cơ quan chuyên môn về lao động thuộc Ủy ban nhân dân cấp tỉnh.",LEGAL_CONCEPT,bồi dưỡng
chunk_00194,"Hằng năm, người sử dụng lao động thông báo kết quả đào tạo, bồi dưỡng, nâng cao trình độ, kỹ năng nghề cho cơ quan chuyên môn về lao động thuộc Ủy ban nhân dân cấp tỉnh.",LEGAL_CONCEPT,nâng cao trình độ
chunk_00194,"Hằng năm, người sử dụng lao động thông báo kết quả đào tạo, bồi dưỡng, nâng cao trình độ, kỹ năng nghề cho cơ quan chuyên môn về lao động thuộc Ủy ban nhân dân cấp tỉnh.",LEGAL_CONCEPT,kỹ năng nghề
chunk_00578,Tại phiên họp hòa giải phải có mặt hai bên tranh chấp. Các bên tranh chấp có thể ủy quyền cho người khác tham gia phiên họp hòa giải.,EVENT,phiên họp hòa giải
chunk_00578,Tại phiên họp hòa giải phải có mặt hai bên tranh chấp. Các bên tranh chấp có thể ủy quyền cho người khác tham gia phiên họp hòa giải.,OBLIGATION,phải có mặt
chunk_00578,Tại phiên họp hòa giải phải có mặt hai bên tranh chấp. Các bên tranh chấp có thể ủy quyền cho người khác tham gia phiên họp hòa giải.,ACTOR,hai bên tranh chấp
chunk_00578,Tại phiên họp hòa giải phải có mặt hai bên tranh chấp. Các bên tranh chấp có thể ủy quyền cho người khác tham gia phiên họp hòa giải.,ACTOR,các bên tranh chấp
chunk_00578,Tại phiên họp hòa giải phải có mặt hai bên tranh chấp. Các bên tranh chấp có thể ủy quyền cho người khác tham gia phiên họp hòa giải.,RIGHT,có thể ủy quyền
chunk_00578,Tại phiên họp hòa giải phải có mặt hai bên tranh chấp. Các bên tranh chấp có thể ủy quyền cho người khác tham gia phiên họp hòa giải.,ACTOR,người khác
chunk_00578,Tại phiên họp hòa giải phải có mặt hai bên tranh chấp. Các bên tranh chấp có thể ủy quyền cho người khác tham gia phiên họp hòa giải.,ACTION,tham gia
chunk_00578,Tại phiên họp hòa giải phải có mặt hai bên tranh chấp. Các bên tranh chấp có thể ủy quyền cho người khác tham gia phiên họp hòa giải.,EVENT,phiên họp hòa giải
chunk_00023,"Người lao động có các nghĩa vụ sau đây: a) Thực hiện hợp đồng lao động, thỏa ước lao động tập thể và thỏa thuận hợp pháp khác; b) Chấp hành kỷ luật lao động, nội quy lao động; tuân theo sự quản lý, điều hành, giám sát của người sử dụng lao động; c) Thực hiện quy định của pháp luật về lao động, việc làm, giáo dục nghề nghiệp, bảo hiểm xã hội, bảo hiểm y tế, bảo hiểm thất nghiệp và an toàn, vệ sinh lao động.",LEGAL_CONCEPT,bảo hiểm xã hội
chunk_00023,"Người lao động có các nghĩa vụ sau đây: a) Thực hiện hợp đồng lao động, thỏa ước lao động tập thể và thỏa thuận hợp pháp khác; b) Chấp hành kỷ luật lao động, nội quy lao động; tuân theo sự quản lý, điều hành, giám sát của người sử dụng lao động; c) Thực hiện quy định của pháp luật về lao động, việc làm, giáo dục nghề nghiệp, bảo hiểm xã hội, bảo hiểm y tế, bảo hiểm thất nghiệp và an toàn, vệ sinh lao động.",LEGAL_CONCEPT,bảo hiểm y tế
chunk_00023,"Người lao động có các nghĩa vụ sau đây: a) Thực hiện hợp đồng lao động, thỏa ước lao động tập thể và thỏa thuận hợp pháp khác; b) Chấp hành kỷ luật lao động, nội quy lao động; tuân theo sự quản lý, điều hành, giám sát của người sử dụng lao động; c) Thực hiện quy định của pháp luật về lao động, việc làm, giáo dục nghề nghiệp, bảo hiểm xã hội, bảo hiểm y tế, bảo hiểm thất nghiệp và an toàn, vệ sinh lao động.",LEGAL_CONCEPT,bảo hiểm thất nghiệp
chunk_00023,"Người lao động có các nghĩa vụ sau đây: a) Thực hiện hợp đồng lao động, thỏa ước lao động tập thể và thỏa thuận hợp pháp khác; b) Chấp hành kỷ luật lao động, nội quy lao động; tuân theo sự quản lý, điều hành, giám sát của người sử dụng lao động; c) Thực hiện quy định của pháp luật về lao động, việc làm, giáo dục nghề nghiệp, bảo hiểm xã hội, bảo hiểm y tế, bảo hiểm thất nghiệp và an toàn, vệ sinh lao động.",ACTOR,người lao động
chunk_00023,"Người lao động có các nghĩa vụ sau đây: a) Thực hiện hợp đồng lao động, thỏa ước lao động tập thể và thỏa thuận hợp pháp khác; b) Chấp hành kỷ luật lao động, nội quy lao động; tuân theo sự quản lý, điều hành, giám sát của người sử dụng lao động; c) Thực hiện quy định của pháp luật về lao động, việc làm, giáo dục nghề nghiệp, bảo hiểm xã hội, bảo hiểm y tế, bảo hiểm thất nghiệp và an toàn, vệ sinh lao động.",OBLIGATION,thực hiện hợp đồng lao động
chunk_00023,"Người lao động có các nghĩa vụ sau đây: a) Thực hiện hợp đồng lao động, thỏa ước lao động tập thể và thỏa thuận hợp pháp khác; b) Chấp hành kỷ luật lao động, nội quy lao động; tuân theo sự quản lý, điều hành, giám sát của người sử dụng lao động; c) Thực hiện quy định của pháp luật về lao động, việc làm, giáo dục nghề nghiệp, bảo hiểm xã hội, bảo hiểm y tế, bảo hiểm thất nghiệp và an toàn, vệ sinh lao động.",OBLIGATION,thực hiện thỏa ước lao động tập thể
chunk_00023,"Người lao động có các nghĩa vụ sau đây: a) Thực hiện hợp đồng lao động, thỏa ước lao động tập thể và thỏa thuận hợp pháp khác; b) Chấp hành kỷ luật lao động, nội quy lao động; tuân theo sự quản lý, điều hành, giám sát của người sử dụng lao động; c) Thực hiện quy định của pháp luật về lao động, việc làm, giáo dục nghề nghiệp, bảo hiểm xã hội, bảo hiểm y tế, bảo hiểm thất nghiệp và an toàn, vệ sinh lao động.",OBLIGATION,thực hiện thỏa thuận hợp pháp khác
chunk_00023,"Người lao động có các nghĩa vụ sau đây: a) Thực hiện hợp đồng lao động, thỏa ước lao động tập thể và thỏa thuận hợp pháp khác; b) Chấp hành kỷ luật lao động, nội quy lao động; tuân theo sự quản lý, điều hành, giám sát của người sử dụng lao động; c) Thực hiện quy định của pháp luật về lao động, việc làm, giáo dục nghề nghiệp, bảo hiểm xã hội, bảo hiểm y tế, bảo hiểm thất nghiệp và an toàn, vệ sinh lao động.",OBLIGATION,chấp hành kỷ luật lao động
chunk_00023,"Người lao động có các nghĩa vụ sau đây: a) Thực hiện hợp đồng lao động, thỏa ước lao động tập thể và thỏa thuận hợp pháp khác; b) Chấp hành kỷ luật lao động, nội quy lao động; tuân theo sự quản lý, điều hành, giám sát của người sử dụng lao động; c) Thực hiện quy định của pháp luật về lao động, việc làm, giáo dục nghề nghiệp, bảo hiểm xã hội, bảo hiểm y tế, bảo hiểm thất nghiệp và an toàn, vệ sinh lao động.",OBLIGATION,chấp hành nội quy lao động
chunk_00023,"Người lao động có các nghĩa vụ sau đây: a) Thực hiện hợp đồng lao động, thỏa ước lao động tập thể và thỏa thuận hợp pháp khác; b) Chấp hành kỷ luật lao động, nội quy lao động; tuân theo sự quản lý, điều hành, giám sát của người sử dụng lao động; c) Thực hiện quy định của pháp luật về lao động, việc làm, giáo dục nghề nghiệp, bảo hiểm xã hội, bảo hiểm y tế, bảo hiểm thất nghiệp và an toàn, vệ sinh lao động.",OBLIGATION,tuân theo sự quản lý
chunk_00023,"Người lao động có các nghĩa vụ sau đây: a) Thực hiện hợp đồng lao động, thỏa ước lao động tập thể và thỏa thuận hợp pháp khác; b) Chấp hành kỷ luật lao động, nội quy lao động; tuân theo sự quản lý, điều hành, giám sát của người sử dụng lao động; c) Thực hiện quy định của pháp luật về lao động, việc làm, giáo dục nghề nghiệp, bảo hiểm xã hội, bảo hiểm y tế, bảo hiểm thất nghiệp và an toàn, vệ sinh lao động.",OBLIGATION,tuân theo sự điều hành
chunk_00023,"Người lao động có các nghĩa vụ sau đây: a) Thực hiện hợp đồng lao động, thỏa ước lao động tập thể và thỏa thuận hợp pháp khác; b) Chấp hành kỷ luật lao động, nội quy lao động; tuân theo sự quản lý, điều hành, giám sát của người sử dụng lao động; c) Thực hiện quy định của pháp luật về lao động, việc làm, giáo dục nghề nghiệp, bảo hiểm xã hội, bảo hiểm y tế, bảo hiểm thất nghiệp và an toàn, vệ sinh lao động.",OBLIGATION,tuân theo sự giám sát
chunk_00023,"Người lao động có các nghĩa vụ sau đây: a) Thực hiện hợp đồng lao động, thỏa ước lao động tập thể và thỏa thuận hợp pháp khác; b) Chấp hành kỷ luật lao động, nội quy lao động; tuân theo sự quản lý, điều hành, giám sát của người sử dụng lao động; c) Thực hiện quy định của pháp luật về lao động, việc làm, giáo dục nghề nghiệp, bảo hiểm xã hội, bảo hiểm y tế, bảo hiểm thất nghiệp và an toàn, vệ sinh lao động.",ACTOR,người sử dụng lao động
chunk_00023,"Người lao động có các nghĩa vụ sau đây: a) Thực hiện hợp đồng lao động, thỏa ước lao động tập thể và thỏa thuận hợp pháp khác; b) Chấp hành kỷ luật lao động, nội quy lao động; tuân theo sự quản lý, điều hành, giám sát của người sử dụng lao động; c) Thực hiện quy định của pháp luật về lao động, việc làm, giáo dục nghề nghiệp, bảo hiểm xã hội, bảo hiểm y tế, bảo hiểm thất nghiệp và an toàn, vệ sinh lao động.",OBLIGATION,thực hiện quy định của pháp luật về lao động
chunk_00023,"Người lao động có các nghĩa vụ sau đây: a) Thực hiện hợp đồng lao động, thỏa ước lao động tập thể và thỏa thuận hợp pháp khác; b) Chấp hành kỷ luật lao động, nội quy lao động; tuân theo sự quản lý, điều hành, giám sát của người sử dụng lao động; c) Thực hiện quy định của pháp luật về lao động, việc làm, giáo dục nghề nghiệp, bảo hiểm xã hội, bảo hiểm y tế, bảo hiểm thất nghiệp và an toàn, vệ sinh lao động.",OBLIGATION,thực hiện quy định của pháp luật về việc làm
chunk_00023,"Người lao động có các nghĩa vụ sau đây: a) Thực hiện hợp đồng lao động, thỏa ước lao động tập thể và thỏa thuận hợp pháp khác; b) Chấp hành kỷ luật lao động, nội quy lao động; tuân theo sự quản lý, điều hành, giám sát của người sử dụng lao động; c) Thực hiện quy định của pháp luật về lao động, việc làm, giáo dục nghề nghiệp, bảo hiểm xã hội, bảo hiểm y tế, bảo hiểm thất nghiệp và an toàn, vệ sinh lao động.",OBLIGATION,thực hiện quy định của pháp luật về giáo dục nghề nghiệp
chunk_00023,"Người lao động có các nghĩa vụ sau đây: a) Thực hiện hợp đồng lao động, thỏa ước lao động tập thể và thỏa thuận hợp pháp khác; b) Chấp hành kỷ luật lao động, nội quy lao động; tuân theo sự quản lý, điều hành, giám sát của người sử dụng lao động; c) Thực hiện quy định của pháp luật về lao động, việc làm, giáo dục nghề nghiệp, bảo hiểm xã hội, bảo hiểm y tế, bảo hiểm thất nghiệp và an toàn, vệ sinh lao động.",OBLIGATION,thực hiện quy định của pháp luật về bảo hiểm xã hội
chunk_00023,"Người lao động có các nghĩa vụ sau đây: a) Thực hiện hợp đồng lao động, thỏa ước lao động tập thể và thỏa thuận hợp pháp khác; b) Chấp hành kỷ luật lao động, nội quy lao động; tuân theo sự quản lý, điều hành, giám sát của người sử dụng lao động; c) Thực hiện quy định của pháp luật về lao động, việc làm, giáo dục nghề nghiệp, bảo hiểm xã hội, bảo hiểm y tế, bảo hiểm thất nghiệp và an toàn, vệ sinh lao động.",OBLIGATION,thực hiện quy định của pháp luật về bảo hiểm y tế
chunk_00023,"Người lao động có các nghĩa vụ sau đây: a) Thực hiện hợp đồng lao động, thỏa ước lao động tập thể và thỏa thuận hợp pháp khác; b) Chấp hành kỷ luật lao động, nội quy lao động; tuân theo sự quản lý, điều hành, giám sát của người sử dụng lao động; c) Thực hiện quy định của pháp luật về lao động, việc làm, giáo dục nghề nghiệp, bảo hiểm xã hội, bảo hiểm y tế, bảo hiểm thất nghiệp và an toàn, vệ sinh lao động.",OBLIGATION,thực hiện quy định của pháp luật về bảo hiểm thất nghiệp
chunk_00023,"Người lao động có các nghĩa vụ sau đây: a) Thực hiện hợp đồng lao động, thỏa ước lao động tập thể và thỏa thuận hợp pháp khác; b) Chấp hành kỷ luật lao động, nội quy lao động; tuân theo sự quản lý, điều hành, giám sát của người sử dụng lao động; c) Thực hiện quy định của pháp luật về lao động, việc làm, giáo dục nghề nghiệp, bảo hiểm xã hội, bảo hiểm y tế, bảo hiểm thất nghiệp và an toàn, vệ sinh lao động.",OBLIGATION,"thực hiện quy định của pháp luật về an toàn, vệ sinh lao động"
chunk_00362,"Trong thời hạn 07 ngày làm việc kể từ ngày nhận được hồ sơ đăng ký nội quy lao động, nếu nội dung nội quy lao động có quy định trái với pháp luật thì cơ quan chuyên môn về lao động thuộc Ủy ban nhân dân cấp tỉnh thông báo, hướng dẫn người sử dụng lao động sửa đổi, bổ sung và đăng ký lại.",TIME_PERIOD,trong thời hạn 07 ngày làm việc kể từ ngày nhận được hồ sơ đăng ký nội quy lao động
chunk_00362,"Trong thời hạn 07 ngày làm việc kể từ ngày nhận được hồ sơ đăng ký nội quy lao động, nếu nội dung nội quy lao động có quy định trái với pháp luật thì cơ quan chuyên môn về lao động thuộc Ủy ban nhân dân cấp tỉnh thông báo, hướng dẫn người sử dụng lao động sửa đổi, bổ sung và đăng ký lại.",EVENT,nhận được hồ sơ đăng ký nội quy lao động
chunk_00362,"Trong thời hạn 07 ngày làm việc kể từ ngày nhận được hồ sơ đăng ký nội quy lao động, nếu nội dung nội quy lao động có quy định trái với pháp luật thì cơ quan chuyên môn về lao động thuộc Ủy ban nhân dân cấp tỉnh thông báo, hướng dẫn người sử dụng lao động sửa đổi, bổ sung và đăng ký lại.",LEGAL_CONCEPT,hồ sơ đăng ký nội quy lao động
chunk_00362,"Trong thời hạn 07 ngày làm việc kể từ ngày nhận được hồ sơ đăng ký nội quy lao động, nếu nội dung nội quy lao động có quy định trái với pháp luật thì cơ quan chuyên môn về lao động thuộc Ủy ban nhân dân cấp tỉnh thông báo, hướng dẫn người sử dụng lao động sửa đổi, bổ sung và đăng ký lại.",CONDITION,nội dung nội quy lao động có quy định trái với pháp luật
chunk_00362,"Trong thời hạn 07 ngày làm việc kể từ ngày nhận được hồ sơ đăng ký nội quy lao động, nếu nội dung nội quy lao động có quy định trái với pháp luật thì cơ quan chuyên môn về lao động thuộc Ủy ban nhân dân cấp tỉnh thông báo, hướng dẫn người sử dụng lao động sửa đổi, bổ sung và đăng ký lại.",ACTOR,cơ quan chuyên môn về lao động thuộc ủy ban nhân dân cấp tỉnh
chunk_00362,"Trong thời hạn 07 ngày làm việc kể từ ngày nhận được hồ sơ đăng ký nội quy lao động, nếu nội dung nội quy lao động có quy định trái với pháp luật thì cơ quan chuyên môn về lao động thuộc Ủy ban nhân dân cấp tỉnh thông báo, hướng dẫn người sử dụng lao động sửa đổi, bổ sung và đăng ký lại.",ACTION,thông báo
chunk_00362,"Trong thời hạn 07 ngày làm việc kể từ ngày nhận được hồ sơ đăng ký nội quy lao động, nếu nội dung nội quy lao động có quy định trái với pháp luật thì cơ quan chuyên môn về lao động thuộc Ủy ban nhân dân cấp tỉnh thông báo, hướng dẫn người sử dụng lao động sửa đổi, bổ sung và đăng ký lại.",ACTION,hướng dẫn
chunk_00362,"Trong thời hạn 07 ngày làm việc kể từ ngày nhận được hồ sơ đăng ký nội quy lao động, nếu nội dung nội quy lao động có quy định trái với pháp luật thì cơ quan chuyên môn về lao động thuộc Ủy ban nhân dân cấp tỉnh thông báo, hướng dẫn người sử dụng lao động sửa đổi, bổ sung và đăng ký lại.",ACTOR,người sử dụng lao động
chunk_00362,"Trong thời hạn 07 ngày làm việc kể từ ngày nhận được hồ sơ đăng ký nội quy lao động, nếu nội dung nội quy lao động có quy định trái với pháp luật thì cơ quan chuyên môn về lao động thuộc Ủy ban nhân dân cấp tỉnh thông báo, hướng dẫn người sử dụng lao động sửa đổi, bổ sung và đăng ký lại.",ACTION,sửa đổi
chunk_00362,"Trong thời hạn 07 ngày làm việc kể từ ngày nhận được hồ sơ đăng ký nội quy lao động, nếu nội dung nội quy lao động có quy định trái với pháp luật thì cơ quan chuyên môn về lao động thuộc Ủy ban nhân dân cấp tỉnh thông báo, hướng dẫn người sử dụng lao động sửa đổi, bổ sung và đăng ký lại.",ACTION,bổ sung
chunk_00362,"Trong thời hạn 07 ngày làm việc kể từ ngày nhận được hồ sơ đăng ký nội quy lao động, nếu nội dung nội quy lao động có quy định trái với pháp luật thì cơ quan chuyên môn về lao động thuộc Ủy ban nhân dân cấp tỉnh thông báo, hướng dẫn người sử dụng lao động sửa đổi, bổ sung và đăng ký lại.",ACTION,đăng ký lại
chunk_00362,"Trong thời hạn 07 ngày làm việc kể từ ngày nhận được hồ sơ đăng ký nội quy lao động, nếu nội dung nội quy lao động có quy định trái với pháp luật thì cơ quan chuyên môn về lao động thuộc Ủy ban nhân dân cấp tỉnh thông báo, hướng dẫn người sử dụng lao động sửa đổi, bổ sung và đăng ký lại.",LEGAL_CONCEPT,nội quy lao động
chunk_00242,"Xây dựng và cung cấp các thông tin, dữ liệu về kinh tế - xã hội, thị trường lao động, quan hệ lao động nhằm hỗ trợ, thúc đẩy thương lượng tập thể.",ACTION,xây dựng
chunk_00242,"Xây dựng và cung cấp các thông tin, dữ liệu về kinh tế - xã hội, thị trường lao động, quan hệ lao động nhằm hỗ trợ, thúc đẩy thương lượng tập thể.",ACTION,cung cấp
chunk_00242,"Xây dựng và cung cấp các thông tin, dữ liệu về kinh tế - xã hội, thị trường lao động, quan hệ lao động nhằm hỗ trợ, thúc đẩy thương lượng tập thể.",LEGAL_CONCEPT,thông tin
chunk_00242,"Xây dựng và cung cấp các thông tin, dữ liệu về kinh tế - xã hội, thị trường lao động, quan hệ lao động nhằm hỗ trợ, thúc đẩy thương lượng tập thể.",LEGAL_CONCEPT,dữ liệu
chunk_00242,"Xây dựng và cung cấp các thông tin, dữ liệu về kinh tế - xã hội, thị trường lao động, quan hệ lao động nhằm hỗ trợ, thúc đẩy thương lượng tập thể.",LEGAL_CONCEPT,kinh tế - xã hội
chunk_00242,"Xây dựng và cung cấp các thông tin, dữ liệu về kinh tế - xã hội, thị trường lao động, quan hệ lao động nhằm hỗ trợ, thúc đẩy thương lượng tập thể.",LEGAL_CONCEPT,thị trường lao động
chunk_00242,"Xây dựng và cung cấp các thông tin, dữ liệu về kinh tế - xã hội, thị trường lao động, quan hệ lao động nhằm hỗ trợ, thúc đẩy thương lượng tập thể.",LEGAL_CONCEPT,quan hệ lao động
chunk_00242,"Xây dựng và cung cấp các thông tin, dữ liệu về kinh tế - xã hội, thị trường lao động, quan hệ lao động nhằm hỗ trợ, thúc đẩy thương lượng tập thể.",CONDITION,"nhằm hỗ trợ, thúc đẩy thương lượng tập thể"
chunk_00242,"Xây dựng và cung cấp các thông tin, dữ liệu về kinh tế - xã hội, thị trường lao động, quan hệ lao động nhằm hỗ trợ, thúc đẩy thương lượng tập thể.",LEGAL_CONCEPT,thương lượng tập thể
chunk_00016,"Bảo đảm quyền và lợi ích hợp pháp của người sử dụng lao động, quản lý lao động đúng pháp luật, dân chủ, công bằng, văn minh và nâng cao trách nhiệm xã hội.",ACTION,bảo đảm
chunk_00016,"Bảo đảm quyền và lợi ích hợp pháp của người sử dụng lao động, quản lý lao động đúng pháp luật, dân chủ, công bằng, văn minh và nâng cao trách nhiệm xã hội.",RIGHT,quyền
chunk_00016,"Bảo đảm quyền và lợi ích hợp pháp của người sử dụng lao động, quản lý lao động đúng pháp luật, dân chủ, công bằng, văn minh và nâng cao trách nhiệm xã hội.",LEGAL_CONCEPT,lợi ích hợp pháp
chunk_00016,"Bảo đảm quyền và lợi ích hợp pháp của người sử dụng lao động, quản lý lao động đúng pháp luật, dân chủ, công bằng, văn minh và nâng cao trách nhiệm xã hội.",ACTOR,người sử dụng lao động
chunk_00016,"Bảo đảm quyền và lợi ích hợp pháp của người sử dụng lao động, quản lý lao động đúng pháp luật, dân chủ, công bằng, văn minh và nâng cao trách nhiệm xã hội.",ACTION,quản lý lao động
chunk_00016,"Bảo đảm quyền và lợi ích hợp pháp của người sử dụng lao động, quản lý lao động đúng pháp luật, dân chủ, công bằng, văn minh và nâng cao trách nhiệm xã hội.",CONDITION,đúng pháp luật
chunk_00016,"Bảo đảm quyền và lợi ích hợp pháp của người sử dụng lao động, quản lý lao động đúng pháp luật, dân chủ, công bằng, văn minh và nâng cao trách nhiệm xã hội.",CONDITION,dân chủ
chunk_00016,"Bảo đảm quyền và lợi ích hợp pháp của người sử dụng lao động, quản lý lao động đúng pháp luật, dân chủ, công bằng, văn minh và nâng cao trách nhiệm xã hội.",CONDITION,công bằng
chunk_00016,"Bảo đảm quyền và lợi ích hợp pháp của người sử dụng lao động, quản lý lao động đúng pháp luật, dân chủ, công bằng, văn minh và nâng cao trách nhiệm xã hội.",CONDITION,văn minh
chunk_00016,"Bảo đảm quyền và lợi ích hợp pháp của người sử dụng lao động, quản lý lao động đúng pháp luật, dân chủ, công bằng, văn minh và nâng cao trách nhiệm xã hội.",ACTION,nâng cao
chunk_00016,"Bảo đảm quyền và lợi ích hợp pháp của người sử dụng lao động, quản lý lao động đúng pháp luật, dân chủ, công bằng, văn minh và nâng cao trách nhiệm xã hội.",LEGAL_CONCEPT,trách nhiệm xã hội
chunk_00265,Khuyến khích doanh nghiệp chưa tham gia thỏa ước lao động tập thể ngành hoặc thỏa ước lao động tập thể có nhiều doanh nghiệp thực hiện nội dung có lợi hơn cho người lao động của thỏa ước lao động tập thể ngành hoặc thỏa ước lao động tập thể có nhiều doanh nghiệp.,ACTION,khuyến khích
chunk_00265,Khuyến khích doanh nghiệp chưa tham gia thỏa ước lao động tập thể ngành hoặc thỏa ước lao động tập thể có nhiều doanh nghiệp thực hiện nội dung có lợi hơn cho người lao động của thỏa ước lao động tập thể ngành hoặc thỏa ước lao động tập thể có nhiều doanh nghiệp.,ACTOR,doanh nghiệp
chunk_00265,Khuyến khích doanh nghiệp chưa tham gia thỏa ước lao động tập thể ngành hoặc thỏa ước lao động tập thể có nhiều doanh nghiệp thực hiện nội dung có lợi hơn cho người lao động của thỏa ước lao động tập thể ngành hoặc thỏa ước lao động tập thể có nhiều doanh nghiệp.,CONDITION,chưa tham gia thỏa ước lao động tập thể ngành
chunk_00265,Khuyến khích doanh nghiệp chưa tham gia thỏa ước lao động tập thể ngành hoặc thỏa ước lao động tập thể có nhiều doanh nghiệp thực hiện nội dung có lợi hơn cho người lao động của thỏa ước lao động tập thể ngành hoặc thỏa ước lao động tập thể có nhiều doanh nghiệp.,CONDITION,chưa tham gia thỏa ước lao động tập thể có nhiều doanh nghiệp
chunk_00265,Khuyến khích doanh nghiệp chưa tham gia thỏa ước lao động tập thể ngành hoặc thỏa ước lao động tập thể có nhiều doanh nghiệp thực hiện nội dung có lợi hơn cho người lao động của thỏa ước lao động tập thể ngành hoặc thỏa ước lao động tập thể có nhiều doanh nghiệp.,ACTION,thực hiện
chunk_00265,Khuyến khích doanh nghiệp chưa tham gia thỏa ước lao động tập thể ngành hoặc thỏa ước lao động tập thể có nhiều doanh nghiệp thực hiện nội dung có lợi hơn cho người lao động của thỏa ước lao động tập thể ngành hoặc thỏa ước lao động tập thể có nhiều doanh nghiệp.,CONDITION,nội dung có lợi hơn cho người lao động
chunk_00265,Khuyến khích doanh nghiệp chưa tham gia thỏa ước lao động tập thể ngành hoặc thỏa ước lao động tập thể có nhiều doanh nghiệp thực hiện nội dung có lợi hơn cho người lao động của thỏa ước lao động tập thể ngành hoặc thỏa ước lao động tập thể có nhiều doanh nghiệp.,ACTOR,người lao động
chunk_00265,Khuyến khích doanh nghiệp chưa tham gia thỏa ước lao động tập thể ngành hoặc thỏa ước lao động tập thể có nhiều doanh nghiệp thực hiện nội dung có lợi hơn cho người lao động của thỏa ước lao động tập thể ngành hoặc thỏa ước lao động tập thể có nhiều doanh nghiệp.,LEGAL_CONCEPT,thỏa ước lao động tập thể ngành
chunk_00265,Khuyến khích doanh nghiệp chưa tham gia thỏa ước lao động tập thể ngành hoặc thỏa ước lao động tập thể có nhiều doanh nghiệp thực hiện nội dung có lợi hơn cho người lao động của thỏa ước lao động tập thể ngành hoặc thỏa ước lao động tập thể có nhiều doanh nghiệp.,LEGAL_CONCEPT,thỏa ước lao động tập thể có nhiều doanh nghiệp
chunk_00249,"Thời gian, địa điểm và cách thức lấy ý kiến biểu quyết đối với dự thảo thỏa ước lao động tập thể do tổ chức đại diện người lao động quyết định nhưng không được làm ảnh hưởng đến hoạt động sản xuất, kinh doanh bình thường của doanh nghiệp tham gia thương lượng. Người sử dụng lao động không được gây khó khăn, cản trở hoặc can thiệp vào quá trình tổ chức đại diện người lao động lấy ý kiến biểu quyết về dự thảo thỏa ước.",LEGAL_CONCEPT,thời gian
chunk_00249,"Thời gian, địa điểm và cách thức lấy ý kiến biểu quyết đối với dự thảo thỏa ước lao động tập thể do tổ chức đại diện người lao động quyết định nhưng không được làm ảnh hưởng đến hoạt động sản xuất, kinh doanh bình thường của doanh nghiệp tham gia thương lượng. Người sử dụng lao động không được gây khó khăn, cản trở hoặc can thiệp vào quá trình tổ chức đại diện người lao động lấy ý kiến biểu quyết về dự thảo thỏa ước.",LEGAL_CONCEPT,địa điểm
chunk_00249,"Thời gian, địa điểm và cách thức lấy ý kiến biểu quyết đối với dự thảo thỏa ước lao động tập thể do tổ chức đại diện người lao động quyết định nhưng không được làm ảnh hưởng đến hoạt động sản xuất, kinh doanh bình thường của doanh nghiệp tham gia thương lượng. Người sử dụng lao động không được gây khó khăn, cản trở hoặc can thiệp vào quá trình tổ chức đại diện người lao động lấy ý kiến biểu quyết về dự thảo thỏa ước.",LEGAL_CONCEPT,cách thức
chunk_00249,"Thời gian, địa điểm và cách thức lấy ý kiến biểu quyết đối với dự thảo thỏa ước lao động tập thể do tổ chức đại diện người lao động quyết định nhưng không được làm ảnh hưởng đến hoạt động sản xuất, kinh doanh bình thường của doanh nghiệp tham gia thương lượng. Người sử dụng lao động không được gây khó khăn, cản trở hoặc can thiệp vào quá trình tổ chức đại diện người lao động lấy ý kiến biểu quyết về dự thảo thỏa ước.",ACTION,lấy ý kiến biểu quyết
chunk_00249,"Thời gian, địa điểm và cách thức lấy ý kiến biểu quyết đối với dự thảo thỏa ước lao động tập thể do tổ chức đại diện người lao động quyết định nhưng không được làm ảnh hưởng đến hoạt động sản xuất, kinh doanh bình thường của doanh nghiệp tham gia thương lượng. Người sử dụng lao động không được gây khó khăn, cản trở hoặc can thiệp vào quá trình tổ chức đại diện người lao động lấy ý kiến biểu quyết về dự thảo thỏa ước.",LEGAL_CONCEPT,dự thảo thỏa ước lao động tập thể
chunk_00249,"Thời gian, địa điểm và cách thức lấy ý kiến biểu quyết đối với dự thảo thỏa ước lao động tập thể do tổ chức đại diện người lao động quyết định nhưng không được làm ảnh hưởng đến hoạt động sản xuất, kinh doanh bình thường của doanh nghiệp tham gia thương lượng. Người sử dụng lao động không được gây khó khăn, cản trở hoặc can thiệp vào quá trình tổ chức đại diện người lao động lấy ý kiến biểu quyết về dự thảo thỏa ước.",ACTOR,tổ chức đại diện người lao động
chunk_00249,"Thời gian, địa điểm và cách thức lấy ý kiến biểu quyết đối với dự thảo thỏa ước lao động tập thể do tổ chức đại diện người lao động quyết định nhưng không được làm ảnh hưởng đến hoạt động sản xuất, kinh doanh bình thường của doanh nghiệp tham gia thương lượng. Người sử dụng lao động không được gây khó khăn, cản trở hoặc can thiệp vào quá trình tổ chức đại diện người lao động lấy ý kiến biểu quyết về dự thảo thỏa ước.",ACTION,quyết định
chunk_00249,"Thời gian, địa điểm và cách thức lấy ý kiến biểu quyết đối với dự thảo thỏa ước lao động tập thể do tổ chức đại diện người lao động quyết định nhưng không được làm ảnh hưởng đến hoạt động sản xuất, kinh doanh bình thường của doanh nghiệp tham gia thương lượng. Người sử dụng lao động không được gây khó khăn, cản trở hoặc can thiệp vào quá trình tổ chức đại diện người lao động lấy ý kiến biểu quyết về dự thảo thỏa ước.",PROHIBITION,"không được làm ảnh hưởng đến hoạt động sản xuất, kinh doanh bình thường của doanh nghiệp tham gia thương lượng"
chunk_00249,"Thời gian, địa điểm và cách thức lấy ý kiến biểu quyết đối với dự thảo thỏa ước lao động tập thể do tổ chức đại diện người lao động quyết định nhưng không được làm ảnh hưởng đến hoạt động sản xuất, kinh doanh bình thường của doanh nghiệp tham gia thương lượng. Người sử dụng lao động không được gây khó khăn, cản trở hoặc can thiệp vào quá trình tổ chức đại diện người lao động lấy ý kiến biểu quyết về dự thảo thỏa ước.",ACTOR,doanh nghiệp tham gia thương lượng
chunk_00249,"Thời gian, địa điểm và cách thức lấy ý kiến biểu quyết đối với dự thảo thỏa ước lao động tập thể do tổ chức đại diện người lao động quyết định nhưng không được làm ảnh hưởng đến hoạt động sản xuất, kinh doanh bình thường của doanh nghiệp tham gia thương lượng. Người sử dụng lao động không được gây khó khăn, cản trở hoặc can thiệp vào quá trình tổ chức đại diện người lao động lấy ý kiến biểu quyết về dự thảo thỏa ước.",ACTOR,người sử dụng lao động
chunk_00249,"Thời gian, địa điểm và cách thức lấy ý kiến biểu quyết đối với dự thảo thỏa ước lao động tập thể do tổ chức đại diện người lao động quyết định nhưng không được làm ảnh hưởng đến hoạt động sản xuất, kinh doanh bình thường của doanh nghiệp tham gia thương lượng. Người sử dụng lao động không được gây khó khăn, cản trở hoặc can thiệp vào quá trình tổ chức đại diện người lao động lấy ý kiến biểu quyết về dự thảo thỏa ước.",PROHIBITION,không được gây khó khăn
chunk_00249,"Thời gian, địa điểm và cách thức lấy ý kiến biểu quyết đối với dự thảo thỏa ước lao động tập thể do tổ chức đại diện người lao động quyết định nhưng không được làm ảnh hưởng đến hoạt động sản xuất, kinh doanh bình thường của doanh nghiệp tham gia thương lượng. Người sử dụng lao động không được gây khó khăn, cản trở hoặc can thiệp vào quá trình tổ chức đại diện người lao động lấy ý kiến biểu quyết về dự thảo thỏa ước.",PROHIBITION,không được cản trở
chunk_00249,"Thời gian, địa điểm và cách thức lấy ý kiến biểu quyết đối với dự thảo thỏa ước lao động tập thể do tổ chức đại diện người lao động quyết định nhưng không được làm ảnh hưởng đến hoạt động sản xuất, kinh doanh bình thường của doanh nghiệp tham gia thương lượng. Người sử dụng lao động không được gây khó khăn, cản trở hoặc can thiệp vào quá trình tổ chức đại diện người lao động lấy ý kiến biểu quyết về dự thảo thỏa ước.",PROHIBITION,không được can thiệp
chunk_00249,"Thời gian, địa điểm và cách thức lấy ý kiến biểu quyết đối với dự thảo thỏa ước lao động tập thể do tổ chức đại diện người lao động quyết định nhưng không được làm ảnh hưởng đến hoạt động sản xuất, kinh doanh bình thường của doanh nghiệp tham gia thương lượng. Người sử dụng lao động không được gây khó khăn, cản trở hoặc can thiệp vào quá trình tổ chức đại diện người lao động lấy ý kiến biểu quyết về dự thảo thỏa ước.",EVENT,quá trình tổ chức đại diện người lao động lấy ý kiến biểu quyết về dự thảo thỏa ước
chunk_00409,Có chính sách giảm thuế đối với người sử dụng lao động có sử dụng nhiều lao động nữ theo quy định của pháp luật về thuế.,LEGAL_CONCEPT,chính sách giảm thuế
chunk_00409,Có chính sách giảm thuế đối với người sử dụng lao động có sử dụng nhiều lao động nữ theo quy định của pháp luật về thuế.,ACTOR,người sử dụng lao động
chunk_00409,Có chính sách giảm thuế đối với người sử dụng lao động có sử dụng nhiều lao động nữ theo quy định của pháp luật về thuế.,CONDITION,có sử dụng nhiều lao động nữ
chunk_00409,Có chính sách giảm thuế đối với người sử dụng lao động có sử dụng nhiều lao động nữ theo quy định của pháp luật về thuế.,LEGAL_CONCEPT,lao động nữ
chunk_00409,Có chính sách giảm thuế đối với người sử dụng lao động có sử dụng nhiều lao động nữ theo quy định của pháp luật về thuế.,LEGAL_REF,quy định của pháp luật về thuế
chunk_00081,Tiền lương thử việc Tiền lương của người lao động trong thời gian thử việc do hai bên thỏa thuận nhưng ít nhất phải bằng 85% mức lương của công việc đó.,LEGAL_CONCEPT,tiền lương
chunk_00081,Tiền lương thử việc Tiền lương của người lao động trong thời gian thử việc do hai bên thỏa thuận nhưng ít nhất phải bằng 85% mức lương của công việc đó.,LEGAL_CONCEPT,tiền lương thử việc
chunk_00081,Tiền lương thử việc Tiền lương của người lao động trong thời gian thử việc do hai bên thỏa thuận nhưng ít nhất phải bằng 85% mức lương của công việc đó.,ACTOR,người lao động
chunk_00081,Tiền lương thử việc Tiền lương của người lao động trong thời gian thử việc do hai bên thỏa thuận nhưng ít nhất phải bằng 85% mức lương của công việc đó.,TIME_PERIOD,trong thời gian thử việc
chunk_00081,Tiền lương thử việc Tiền lương của người lao động trong thời gian thử việc do hai bên thỏa thuận nhưng ít nhất phải bằng 85% mức lương của công việc đó.,ACTION,thỏa thuận
chunk_00081,Tiền lương thử việc Tiền lương của người lao động trong thời gian thử việc do hai bên thỏa thuận nhưng ít nhất phải bằng 85% mức lương của công việc đó.,ACTOR,hai bên
chunk_00081,Tiền lương thử việc Tiền lương của người lao động trong thời gian thử việc do hai bên thỏa thuận nhưng ít nhất phải bằng 85% mức lương của công việc đó.,CONDITION,ít nhất phải bằng 85% mức lương của công việc đó
chunk_00081,Tiền lương thử việc Tiền lương của người lao động trong thời gian thử việc do hai bên thỏa thuận nhưng ít nhất phải bằng 85% mức lương của công việc đó.,LEGAL_CONCEPT,mức lương của công việc đó
chunk_00402,"Chính phủ quyết định Chương trình quốc gia về an toàn, vệ sinh lao động.",ACTOR,chính phủ
chunk_00402,"Chính phủ quyết định Chương trình quốc gia về an toàn, vệ sinh lao động.",ACTION,quyết định
chunk_00402,"Chính phủ quyết định Chương trình quốc gia về an toàn, vệ sinh lao động.",LEGAL_CONCEPT,"chương trình quốc gia về an toàn, vệ sinh lao động"
chunk_00660,Hợp tác quốc tế về lao động.,LEGAL_CONCEPT,hợp tác quốc tế về lao động
chunk_00070,"Bộ trưởng Bộ Lao động - Thương binh và Xã hội quy định chi tiết các khoản 1, 2 và 3 Điều này.",ACTOR,bộ trưởng bộ lao động - thương binh và xã hội
chunk_00070,"Bộ trưởng Bộ Lao động - Thương binh và Xã hội quy định chi tiết các khoản 1, 2 và 3 Điều này.",ACTION,quy định chi tiết
chunk_00070,"Bộ trưởng Bộ Lao động - Thương binh và Xã hội quy định chi tiết các khoản 1, 2 và 3 Điều này.",LEGAL_REF,khoản 1 điều này
chunk_00070,"Bộ trưởng Bộ Lao động - Thương binh và Xã hội quy định chi tiết các khoản 1, 2 và 3 Điều này.",LEGAL_REF,khoản 2 điều này
chunk_00070,"Bộ trưởng Bộ Lao động - Thương binh và Xã hội quy định chi tiết các khoản 1, 2 và 3 Điều này.",LEGAL_REF,khoản 3 điều này
chunk_00444,"Thời giờ làm việc của người từ đủ 15 tuổi đến chưa đủ 18 tuổi không được quá 08 giờ trong 01 ngày và 40 giờ trong 01 tuần. Người từ đủ 15 tuổi đến chưa đủ 18 tuổi có thể được làm thêm giờ, làm việc vào ban đêm trong một số nghề, công việc theo danh mục do Bộ trưởng Bộ Lao động - Thương binh và Xã hội ban hành.",ACTOR,người từ đủ 15 tuổi đến chưa đủ 18 tuổi
chunk_00444,"Thời giờ làm việc của người từ đủ 15 tuổi đến chưa đủ 18 tuổi không được quá 08 giờ trong 01 ngày và 40 giờ trong 01 tuần. Người từ đủ 15 tuổi đến chưa đủ 18 tuổi có thể được làm thêm giờ, làm việc vào ban đêm trong một số nghề, công việc theo danh mục do Bộ trưởng Bộ Lao động - Thương binh và Xã hội ban hành.",LEGAL_CONCEPT,thời giờ làm việc
chunk_00444,"Thời giờ làm việc của người từ đủ 15 tuổi đến chưa đủ 18 tuổi không được quá 08 giờ trong 01 ngày và 40 giờ trong 01 tuần. Người từ đủ 15 tuổi đến chưa đủ 18 tuổi có thể được làm thêm giờ, làm việc vào ban đêm trong một số nghề, công việc theo danh mục do Bộ trưởng Bộ Lao động - Thương binh và Xã hội ban hành.",PROHIBITION,không được quá 08 giờ trong 01 ngày
chunk_00444,"Thời giờ làm việc của người từ đủ 15 tuổi đến chưa đủ 18 tuổi không được quá 08 giờ trong 01 ngày và 40 giờ trong 01 tuần. Người từ đủ 15 tuổi đến chưa đủ 18 tuổi có thể được làm thêm giờ, làm việc vào ban đêm trong một số nghề, công việc theo danh mục do Bộ trưởng Bộ Lao động - Thương binh và Xã hội ban hành.",PROHIBITION,không được quá 40 giờ trong 01 tuần
chunk_00444,"Thời giờ làm việc của người từ đủ 15 tuổi đến chưa đủ 18 tuổi không được quá 08 giờ trong 01 ngày và 40 giờ trong 01 tuần. Người từ đủ 15 tuổi đến chưa đủ 18 tuổi có thể được làm thêm giờ, làm việc vào ban đêm trong một số nghề, công việc theo danh mục do Bộ trưởng Bộ Lao động - Thương binh và Xã hội ban hành.",TIME_PERIOD,trong 01 ngày
chunk_00444,"Thời giờ làm việc của người từ đủ 15 tuổi đến chưa đủ 18 tuổi không được quá 08 giờ trong 01 ngày và 40 giờ trong 01 tuần. Người từ đủ 15 tuổi đến chưa đủ 18 tuổi có thể được làm thêm giờ, làm việc vào ban đêm trong một số nghề, công việc theo danh mục do Bộ trưởng Bộ Lao động - Thương binh và Xã hội ban hành.",TIME_PERIOD,trong 01 tuần
chunk_00444,"Thời giờ làm việc của người từ đủ 15 tuổi đến chưa đủ 18 tuổi không được quá 08 giờ trong 01 ngày và 40 giờ trong 01 tuần. Người từ đủ 15 tuổi đến chưa đủ 18 tuổi có thể được làm thêm giờ, làm việc vào ban đêm trong một số nghề, công việc theo danh mục do Bộ trưởng Bộ Lao động - Thương binh và Xã hội ban hành.",RIGHT,có thể được làm thêm giờ
chunk_00444,"Thời giờ làm việc của người từ đủ 15 tuổi đến chưa đủ 18 tuổi không được quá 08 giờ trong 01 ngày và 40 giờ trong 01 tuần. Người từ đủ 15 tuổi đến chưa đủ 18 tuổi có thể được làm thêm giờ, làm việc vào ban đêm trong một số nghề, công việc theo danh mục do Bộ trưởng Bộ Lao động - Thương binh và Xã hội ban hành.",RIGHT,có thể được làm việc vào ban đêm
chunk_00444,"Thời giờ làm việc của người từ đủ 15 tuổi đến chưa đủ 18 tuổi không được quá 08 giờ trong 01 ngày và 40 giờ trong 01 tuần. Người từ đủ 15 tuổi đến chưa đủ 18 tuổi có thể được làm thêm giờ, làm việc vào ban đêm trong một số nghề, công việc theo danh mục do Bộ trưởng Bộ Lao động - Thương binh và Xã hội ban hành.",CONDITION,"trong một số nghề, công việc"
chunk_00444,"Thời giờ làm việc của người từ đủ 15 tuổi đến chưa đủ 18 tuổi không được quá 08 giờ trong 01 ngày và 40 giờ trong 01 tuần. Người từ đủ 15 tuổi đến chưa đủ 18 tuổi có thể được làm thêm giờ, làm việc vào ban đêm trong một số nghề, công việc theo danh mục do Bộ trưởng Bộ Lao động - Thương binh và Xã hội ban hành.",LEGAL_CONCEPT,danh mục
chunk_00444,"Thời giờ làm việc của người từ đủ 15 tuổi đến chưa đủ 18 tuổi không được quá 08 giờ trong 01 ngày và 40 giờ trong 01 tuần. Người từ đủ 15 tuổi đến chưa đủ 18 tuổi có thể được làm thêm giờ, làm việc vào ban đêm trong một số nghề, công việc theo danh mục do Bộ trưởng Bộ Lao động - Thương binh và Xã hội ban hành.",ACTOR,bộ trưởng bộ lao động - thương binh và xã hội
chunk_00444,"Thời giờ làm việc của người từ đủ 15 tuổi đến chưa đủ 18 tuổi không được quá 08 giờ trong 01 ngày và 40 giờ trong 01 tuần. Người từ đủ 15 tuổi đến chưa đủ 18 tuổi có thể được làm thêm giờ, làm việc vào ban đêm trong một số nghề, công việc theo danh mục do Bộ trưởng Bộ Lao động - Thương binh và Xã hội ban hành.",ACTION,ban hành
chunk_00043,"Lập, cập nhật, quản lý, sử dụng sổ quản lý lao động bằng bản giấy hoặc bản điện tử và xuất trình khi cơ quan nhà nước có thẩm quyền yêu cầu.",ACTION,lập
chunk_00043,"Lập, cập nhật, quản lý, sử dụng sổ quản lý lao động bằng bản giấy hoặc bản điện tử và xuất trình khi cơ quan nhà nước có thẩm quyền yêu cầu.",ACTION,cập nhật
chunk_00043,"Lập, cập nhật, quản lý, sử dụng sổ quản lý lao động bằng bản giấy hoặc bản điện tử và xuất trình khi cơ quan nhà nước có thẩm quyền yêu cầu.",ACTION,quản lý
chunk_00043,"Lập, cập nhật, quản lý, sử dụng sổ quản lý lao động bằng bản giấy hoặc bản điện tử và xuất trình khi cơ quan nhà nước có thẩm quyền yêu cầu.",ACTION,sử dụng
chunk_00043,"Lập, cập nhật, quản lý, sử dụng sổ quản lý lao động bằng bản giấy hoặc bản điện tử và xuất trình khi cơ quan nhà nước có thẩm quyền yêu cầu.",LEGAL_CONCEPT,sổ quản lý lao động
chunk_00043,"Lập, cập nhật, quản lý, sử dụng sổ quản lý lao động bằng bản giấy hoặc bản điện tử và xuất trình khi cơ quan nhà nước có thẩm quyền yêu cầu.",LEGAL_CONCEPT,bản giấy
chunk_00043,"Lập, cập nhật, quản lý, sử dụng sổ quản lý lao động bằng bản giấy hoặc bản điện tử và xuất trình khi cơ quan nhà nước có thẩm quyền yêu cầu.",LEGAL_CONCEPT,bản điện tử
chunk_00043,"Lập, cập nhật, quản lý, sử dụng sổ quản lý lao động bằng bản giấy hoặc bản điện tử và xuất trình khi cơ quan nhà nước có thẩm quyền yêu cầu.",ACTION,xuất trình
chunk_00043,"Lập, cập nhật, quản lý, sử dụng sổ quản lý lao động bằng bản giấy hoặc bản điện tử và xuất trình khi cơ quan nhà nước có thẩm quyền yêu cầu.",ACTOR,cơ quan nhà nước có thẩm quyền
chunk_00043,"Lập, cập nhật, quản lý, sử dụng sổ quản lý lao động bằng bản giấy hoặc bản điện tử và xuất trình khi cơ quan nhà nước có thẩm quyền yêu cầu.",CONDITION,khi cơ quan nhà nước có thẩm quyền yêu cầu
chunk_00317,Người lao động có quyền được biết lý do khấu trừ tiền lương của mình.,ACTOR,người lao động
chunk_00317,Người lao động có quyền được biết lý do khấu trừ tiền lương của mình.,RIGHT,có quyền được biết
chunk_00317,Người lao động có quyền được biết lý do khấu trừ tiền lương của mình.,LEGAL_CONCEPT,lý do khấu trừ tiền lương
chunk_00317,Người lao động có quyền được biết lý do khấu trừ tiền lương của mình.,LEGAL_CONCEPT,tiền lương
chunk_00675,"Người lợi dụng đình công gây mất trật tự, an toàn công cộng, làm tổn hại máy, thiết bị, tài sản của người sử dụng lao động; người có hành vi cản trở thực hiện quyền đình công, kích động, lôi kéo, ép buộc người lao động đình công; người có hành vi trù dập, trả thù người tham gia đình công, người lãnh đạo cuộc đình công thì tùy theo mức độ vi phạm mà bị xử phạt vi phạm hành chính hoặc truy cứu trách nhiệm hình sự, nếu gây thiệt hại thì phải bồi thường theo quy định của pháp luật.",ACTOR,người lợi dụng đình công
chunk_00675,"Người lợi dụng đình công gây mất trật tự, an toàn công cộng, làm tổn hại máy, thiết bị, tài sản của người sử dụng lao động; người có hành vi cản trở thực hiện quyền đình công, kích động, lôi kéo, ép buộc người lao động đình công; người có hành vi trù dập, trả thù người tham gia đình công, người lãnh đạo cuộc đình công thì tùy theo mức độ vi phạm mà bị xử phạt vi phạm hành chính hoặc truy cứu trách nhiệm hình sự, nếu gây thiệt hại thì phải bồi thường theo quy định của pháp luật.",ACTION,"gây mất trật tự, an toàn công cộng"
chunk_00675,"Người lợi dụng đình công gây mất trật tự, an toàn công cộng, làm tổn hại máy, thiết bị, tài sản của người sử dụng lao động; người có hành vi cản trở thực hiện quyền đình công, kích động, lôi kéo, ép buộc người lao động đình công; người có hành vi trù dập, trả thù người tham gia đình công, người lãnh đạo cuộc đình công thì tùy theo mức độ vi phạm mà bị xử phạt vi phạm hành chính hoặc truy cứu trách nhiệm hình sự, nếu gây thiệt hại thì phải bồi thường theo quy định của pháp luật.",ACTION,"làm tổn hại máy, thiết bị, tài sản"
chunk_00675,"Người lợi dụng đình công gây mất trật tự, an toàn công cộng, làm tổn hại máy, thiết bị, tài sản của người sử dụng lao động; người có hành vi cản trở thực hiện quyền đình công, kích động, lôi kéo, ép buộc người lao động đình công; người có hành vi trù dập, trả thù người tham gia đình công, người lãnh đạo cuộc đình công thì tùy theo mức độ vi phạm mà bị xử phạt vi phạm hành chính hoặc truy cứu trách nhiệm hình sự, nếu gây thiệt hại thì phải bồi thường theo quy định của pháp luật.",ACTOR,người sử dụng lao động
chunk_00675,"Người lợi dụng đình công gây mất trật tự, an toàn công cộng, làm tổn hại máy, thiết bị, tài sản của người sử dụng lao động; người có hành vi cản trở thực hiện quyền đình công, kích động, lôi kéo, ép buộc người lao động đình công; người có hành vi trù dập, trả thù người tham gia đình công, người lãnh đạo cuộc đình công thì tùy theo mức độ vi phạm mà bị xử phạt vi phạm hành chính hoặc truy cứu trách nhiệm hình sự, nếu gây thiệt hại thì phải bồi thường theo quy định của pháp luật.",ACTOR,người có hành vi cản trở thực hiện quyền đình công
chunk_00675,"Người lợi dụng đình công gây mất trật tự, an toàn công cộng, làm tổn hại máy, thiết bị, tài sản của người sử dụng lao động; người có hành vi cản trở thực hiện quyền đình công, kích động, lôi kéo, ép buộc người lao động đình công; người có hành vi trù dập, trả thù người tham gia đình công, người lãnh đạo cuộc đình công thì tùy theo mức độ vi phạm mà bị xử phạt vi phạm hành chính hoặc truy cứu trách nhiệm hình sự, nếu gây thiệt hại thì phải bồi thường theo quy định của pháp luật.",ACTION,kích động
chunk_00675,"Người lợi dụng đình công gây mất trật tự, an toàn công cộng, làm tổn hại máy, thiết bị, tài sản của người sử dụng lao động; người có hành vi cản trở thực hiện quyền đình công, kích động, lôi kéo, ép buộc người lao động đình công; người có hành vi trù dập, trả thù người tham gia đình công, người lãnh đạo cuộc đình công thì tùy theo mức độ vi phạm mà bị xử phạt vi phạm hành chính hoặc truy cứu trách nhiệm hình sự, nếu gây thiệt hại thì phải bồi thường theo quy định của pháp luật.",ACTION,lôi kéo
chunk_00675,"Người lợi dụng đình công gây mất trật tự, an toàn công cộng, làm tổn hại máy, thiết bị, tài sản của người sử dụng lao động; người có hành vi cản trở thực hiện quyền đình công, kích động, lôi kéo, ép buộc người lao động đình công; người có hành vi trù dập, trả thù người tham gia đình công, người lãnh đạo cuộc đình công thì tùy theo mức độ vi phạm mà bị xử phạt vi phạm hành chính hoặc truy cứu trách nhiệm hình sự, nếu gây thiệt hại thì phải bồi thường theo quy định của pháp luật.",ACTION,ép buộc
chunk_00675,"Người lợi dụng đình công gây mất trật tự, an toàn công cộng, làm tổn hại máy, thiết bị, tài sản của người sử dụng lao động; người có hành vi cản trở thực hiện quyền đình công, kích động, lôi kéo, ép buộc người lao động đình công; người có hành vi trù dập, trả thù người tham gia đình công, người lãnh đạo cuộc đình công thì tùy theo mức độ vi phạm mà bị xử phạt vi phạm hành chính hoặc truy cứu trách nhiệm hình sự, nếu gây thiệt hại thì phải bồi thường theo quy định của pháp luật.",ACTOR,người lao động
chunk_00675,"Người lợi dụng đình công gây mất trật tự, an toàn công cộng, làm tổn hại máy, thiết bị, tài sản của người sử dụng lao động; người có hành vi cản trở thực hiện quyền đình công, kích động, lôi kéo, ép buộc người lao động đình công; người có hành vi trù dập, trả thù người tham gia đình công, người lãnh đạo cuộc đình công thì tùy theo mức độ vi phạm mà bị xử phạt vi phạm hành chính hoặc truy cứu trách nhiệm hình sự, nếu gây thiệt hại thì phải bồi thường theo quy định của pháp luật.",ACTOR,người có hành vi trù dập
chunk_00675,"Người lợi dụng đình công gây mất trật tự, an toàn công cộng, làm tổn hại máy, thiết bị, tài sản của người sử dụng lao động; người có hành vi cản trở thực hiện quyền đình công, kích động, lôi kéo, ép buộc người lao động đình công; người có hành vi trù dập, trả thù người tham gia đình công, người lãnh đạo cuộc đình công thì tùy theo mức độ vi phạm mà bị xử phạt vi phạm hành chính hoặc truy cứu trách nhiệm hình sự, nếu gây thiệt hại thì phải bồi thường theo quy định của pháp luật.",ACTION,trả thù
chunk_00675,"Người lợi dụng đình công gây mất trật tự, an toàn công cộng, làm tổn hại máy, thiết bị, tài sản của người sử dụng lao động; người có hành vi cản trở thực hiện quyền đình công, kích động, lôi kéo, ép buộc người lao động đình công; người có hành vi trù dập, trả thù người tham gia đình công, người lãnh đạo cuộc đình công thì tùy theo mức độ vi phạm mà bị xử phạt vi phạm hành chính hoặc truy cứu trách nhiệm hình sự, nếu gây thiệt hại thì phải bồi thường theo quy định của pháp luật.",ACTOR,người tham gia đình công
chunk_00675,"Người lợi dụng đình công gây mất trật tự, an toàn công cộng, làm tổn hại máy, thiết bị, tài sản của người sử dụng lao động; người có hành vi cản trở thực hiện quyền đình công, kích động, lôi kéo, ép buộc người lao động đình công; người có hành vi trù dập, trả thù người tham gia đình công, người lãnh đạo cuộc đình công thì tùy theo mức độ vi phạm mà bị xử phạt vi phạm hành chính hoặc truy cứu trách nhiệm hình sự, nếu gây thiệt hại thì phải bồi thường theo quy định của pháp luật.",ACTOR,người lãnh đạo cuộc đình công
chunk_00675,"Người lợi dụng đình công gây mất trật tự, an toàn công cộng, làm tổn hại máy, thiết bị, tài sản của người sử dụng lao động; người có hành vi cản trở thực hiện quyền đình công, kích động, lôi kéo, ép buộc người lao động đình công; người có hành vi trù dập, trả thù người tham gia đình công, người lãnh đạo cuộc đình công thì tùy theo mức độ vi phạm mà bị xử phạt vi phạm hành chính hoặc truy cứu trách nhiệm hình sự, nếu gây thiệt hại thì phải bồi thường theo quy định của pháp luật.",CONDITION,tùy theo mức độ vi phạm
chunk_00675,"Người lợi dụng đình công gây mất trật tự, an toàn công cộng, làm tổn hại máy, thiết bị, tài sản của người sử dụng lao động; người có hành vi cản trở thực hiện quyền đình công, kích động, lôi kéo, ép buộc người lao động đình công; người có hành vi trù dập, trả thù người tham gia đình công, người lãnh đạo cuộc đình công thì tùy theo mức độ vi phạm mà bị xử phạt vi phạm hành chính hoặc truy cứu trách nhiệm hình sự, nếu gây thiệt hại thì phải bồi thường theo quy định của pháp luật.",PENALTY,bị xử phạt vi phạm hành chính
chunk_00675,"Người lợi dụng đình công gây mất trật tự, an toàn công cộng, làm tổn hại máy, thiết bị, tài sản của người sử dụng lao động; người có hành vi cản trở thực hiện quyền đình công, kích động, lôi kéo, ép buộc người lao động đình công; người có hành vi trù dập, trả thù người tham gia đình công, người lãnh đạo cuộc đình công thì tùy theo mức độ vi phạm mà bị xử phạt vi phạm hành chính hoặc truy cứu trách nhiệm hình sự, nếu gây thiệt hại thì phải bồi thường theo quy định của pháp luật.",PENALTY,truy cứu trách nhiệm hình sự
chunk_00675,"Người lợi dụng đình công gây mất trật tự, an toàn công cộng, làm tổn hại máy, thiết bị, tài sản của người sử dụng lao động; người có hành vi cản trở thực hiện quyền đình công, kích động, lôi kéo, ép buộc người lao động đình công; người có hành vi trù dập, trả thù người tham gia đình công, người lãnh đạo cuộc đình công thì tùy theo mức độ vi phạm mà bị xử phạt vi phạm hành chính hoặc truy cứu trách nhiệm hình sự, nếu gây thiệt hại thì phải bồi thường theo quy định của pháp luật.",CONDITION,nếu gây thiệt hại
chunk_00675,"Người lợi dụng đình công gây mất trật tự, an toàn công cộng, làm tổn hại máy, thiết bị, tài sản của người sử dụng lao động; người có hành vi cản trở thực hiện quyền đình công, kích động, lôi kéo, ép buộc người lao động đình công; người có hành vi trù dập, trả thù người tham gia đình công, người lãnh đạo cuộc đình công thì tùy theo mức độ vi phạm mà bị xử phạt vi phạm hành chính hoặc truy cứu trách nhiệm hình sự, nếu gây thiệt hại thì phải bồi thường theo quy định của pháp luật.",OBLIGATION,phải bồi thường
chunk_00675,"Người lợi dụng đình công gây mất trật tự, an toàn công cộng, làm tổn hại máy, thiết bị, tài sản của người sử dụng lao động; người có hành vi cản trở thực hiện quyền đình công, kích động, lôi kéo, ép buộc người lao động đình công; người có hành vi trù dập, trả thù người tham gia đình công, người lãnh đạo cuộc đình công thì tùy theo mức độ vi phạm mà bị xử phạt vi phạm hành chính hoặc truy cứu trách nhiệm hình sự, nếu gây thiệt hại thì phải bồi thường theo quy định của pháp luật.",LEGAL_REF,theo quy định của pháp luật
chunk_00268,"Thỏa ước lao động tập thể hết hạn Trong thời hạn 90 ngày trước ngày thỏa ước lao động tập thể hết hạn, các bên có thể thương lượng để kéo dài thời hạn của thỏa ước lao động tập thể hoặc ký kết thỏa ước lao động tập thể mới. Trường hợp các bên thỏa thuận kéo dài thời hạn của thỏa ước lao động tập thể thì phải lấy ý kiến theo quy định tại  của Bộ luật này.",LEGAL_CONCEPT,thỏa ước lao động tập thể
chunk_00268,"Thỏa ước lao động tập thể hết hạn Trong thời hạn 90 ngày trước ngày thỏa ước lao động tập thể hết hạn, các bên có thể thương lượng để kéo dài thời hạn của thỏa ước lao động tập thể hoặc ký kết thỏa ước lao động tập thể mới. Trường hợp các bên thỏa thuận kéo dài thời hạn của thỏa ước lao động tập thể thì phải lấy ý kiến theo quy định tại  của Bộ luật này.",EVENT,thỏa ước lao động tập thể hết hạn
chunk_00268,"Thỏa ước lao động tập thể hết hạn Trong thời hạn 90 ngày trước ngày thỏa ước lao động tập thể hết hạn, các bên có thể thương lượng để kéo dài thời hạn của thỏa ước lao động tập thể hoặc ký kết thỏa ước lao động tập thể mới. Trường hợp các bên thỏa thuận kéo dài thời hạn của thỏa ước lao động tập thể thì phải lấy ý kiến theo quy định tại  của Bộ luật này.",TIME_PERIOD,trong thời hạn 90 ngày trước ngày thỏa ước lao động tập thể hết hạn
chunk_00268,"Thỏa ước lao động tập thể hết hạn Trong thời hạn 90 ngày trước ngày thỏa ước lao động tập thể hết hạn, các bên có thể thương lượng để kéo dài thời hạn của thỏa ước lao động tập thể hoặc ký kết thỏa ước lao động tập thể mới. Trường hợp các bên thỏa thuận kéo dài thời hạn của thỏa ước lao động tập thể thì phải lấy ý kiến theo quy định tại  của Bộ luật này.",ACTOR,các bên
chunk_00268,"Thỏa ước lao động tập thể hết hạn Trong thời hạn 90 ngày trước ngày thỏa ước lao động tập thể hết hạn, các bên có thể thương lượng để kéo dài thời hạn của thỏa ước lao động tập thể hoặc ký kết thỏa ước lao động tập thể mới. Trường hợp các bên thỏa thuận kéo dài thời hạn của thỏa ước lao động tập thể thì phải lấy ý kiến theo quy định tại  của Bộ luật này.",ACTION,thương lượng
chunk_00268,"Thỏa ước lao động tập thể hết hạn Trong thời hạn 90 ngày trước ngày thỏa ước lao động tập thể hết hạn, các bên có thể thương lượng để kéo dài thời hạn của thỏa ước lao động tập thể hoặc ký kết thỏa ước lao động tập thể mới. Trường hợp các bên thỏa thuận kéo dài thời hạn của thỏa ước lao động tập thể thì phải lấy ý kiến theo quy định tại  của Bộ luật này.",ACTION,kéo dài thời hạn của thỏa ước lao động tập thể
chunk_00268,"Thỏa ước lao động tập thể hết hạn Trong thời hạn 90 ngày trước ngày thỏa ước lao động tập thể hết hạn, các bên có thể thương lượng để kéo dài thời hạn của thỏa ước lao động tập thể hoặc ký kết thỏa ước lao động tập thể mới. Trường hợp các bên thỏa thuận kéo dài thời hạn của thỏa ước lao động tập thể thì phải lấy ý kiến theo quy định tại  của Bộ luật này.",ACTION,ký kết thỏa ước lao động tập thể mới
chunk_00268,"Thỏa ước lao động tập thể hết hạn Trong thời hạn 90 ngày trước ngày thỏa ước lao động tập thể hết hạn, các bên có thể thương lượng để kéo dài thời hạn của thỏa ước lao động tập thể hoặc ký kết thỏa ước lao động tập thể mới. Trường hợp các bên thỏa thuận kéo dài thời hạn của thỏa ước lao động tập thể thì phải lấy ý kiến theo quy định tại  của Bộ luật này.",CONDITION,trường hợp các bên thỏa thuận kéo dài thời hạn của thỏa ước lao động tập thể
chunk_00268,"Thỏa ước lao động tập thể hết hạn Trong thời hạn 90 ngày trước ngày thỏa ước lao động tập thể hết hạn, các bên có thể thương lượng để kéo dài thời hạn của thỏa ước lao động tập thể hoặc ký kết thỏa ước lao động tập thể mới. Trường hợp các bên thỏa thuận kéo dài thời hạn của thỏa ước lao động tập thể thì phải lấy ý kiến theo quy định tại  của Bộ luật này.",OBLIGATION,phải lấy ý kiến
chunk_00268,"Thỏa ước lao động tập thể hết hạn Trong thời hạn 90 ngày trước ngày thỏa ước lao động tập thể hết hạn, các bên có thể thương lượng để kéo dài thời hạn của thỏa ước lao động tập thể hoặc ký kết thỏa ước lao động tập thể mới. Trường hợp các bên thỏa thuận kéo dài thời hạn của thỏa ước lao động tập thể thì phải lấy ý kiến theo quy định tại  của Bộ luật này.",LEGAL_REF,theo quy định tại của bộ luật này
chunk_00453,"Không được sử dụng người lao động cao tuổi làm nghề, công việc nặng nhọc, độc hại, nguy hiểm hoặc đặc biệt nặng nhọc, độc hại, nguy hiểm có ảnh hưởng xấu tới sức khỏe người lao động cao tuổi, trừ trường hợp bảo đảm các điều kiện làm việc an toàn.",PROHIBITION,"không được sử dụng người lao động cao tuổi làm nghề, công việc nặng nhọc, độc hại, nguy hiểm"
chunk_00453,"Không được sử dụng người lao động cao tuổi làm nghề, công việc nặng nhọc, độc hại, nguy hiểm hoặc đặc biệt nặng nhọc, độc hại, nguy hiểm có ảnh hưởng xấu tới sức khỏe người lao động cao tuổi, trừ trường hợp bảo đảm các điều kiện làm việc an toàn.",PROHIBITION,"không được sử dụng người lao động cao tuổi làm công việc đặc biệt nặng nhọc, độc hại, nguy hiểm"
chunk_00453,"Không được sử dụng người lao động cao tuổi làm nghề, công việc nặng nhọc, độc hại, nguy hiểm hoặc đặc biệt nặng nhọc, độc hại, nguy hiểm có ảnh hưởng xấu tới sức khỏe người lao động cao tuổi, trừ trường hợp bảo đảm các điều kiện làm việc an toàn.",ACTOR,người lao động cao tuổi
chunk_00453,"Không được sử dụng người lao động cao tuổi làm nghề, công việc nặng nhọc, độc hại, nguy hiểm hoặc đặc biệt nặng nhọc, độc hại, nguy hiểm có ảnh hưởng xấu tới sức khỏe người lao động cao tuổi, trừ trường hợp bảo đảm các điều kiện làm việc an toàn.",LEGAL_CONCEPT,"nghề, công việc nặng nhọc, độc hại, nguy hiểm"
chunk_00453,"Không được sử dụng người lao động cao tuổi làm nghề, công việc nặng nhọc, độc hại, nguy hiểm hoặc đặc biệt nặng nhọc, độc hại, nguy hiểm có ảnh hưởng xấu tới sức khỏe người lao động cao tuổi, trừ trường hợp bảo đảm các điều kiện làm việc an toàn.",LEGAL_CONCEPT,"công việc đặc biệt nặng nhọc, độc hại, nguy hiểm"
chunk_00453,"Không được sử dụng người lao động cao tuổi làm nghề, công việc nặng nhọc, độc hại, nguy hiểm hoặc đặc biệt nặng nhọc, độc hại, nguy hiểm có ảnh hưởng xấu tới sức khỏe người lao động cao tuổi, trừ trường hợp bảo đảm các điều kiện làm việc an toàn.",CONDITION,trừ trường hợp bảo đảm các điều kiện làm việc an toàn
chunk_00453,"Không được sử dụng người lao động cao tuổi làm nghề, công việc nặng nhọc, độc hại, nguy hiểm hoặc đặc biệt nặng nhọc, độc hại, nguy hiểm có ảnh hưởng xấu tới sức khỏe người lao động cao tuổi, trừ trường hợp bảo đảm các điều kiện làm việc an toàn.",LEGAL_CONCEPT,điều kiện làm việc an toàn
chunk_00448,Người lao động cao tuổi là người tiếp tục lao động sau độ tuổi theo quy định tại khoản 2 Điều 169 của Bộ luật này.,ACTOR,người lao động cao tuổi
chunk_00448,Người lao động cao tuổi là người tiếp tục lao động sau độ tuổi theo quy định tại khoản 2 Điều 169 của Bộ luật này.,CONDITION,là người tiếp tục lao động sau độ tuổi theo quy định tại khoản 2 điều 169 của bộ luật này
chunk_00448,Người lao động cao tuổi là người tiếp tục lao động sau độ tuổi theo quy định tại khoản 2 Điều 169 của Bộ luật này.,ACTION,tiếp tục lao động
chunk_00448,Người lao động cao tuổi là người tiếp tục lao động sau độ tuổi theo quy định tại khoản 2 Điều 169 của Bộ luật này.,LEGAL_CONCEPT,độ tuổi theo quy định
chunk_00448,Người lao động cao tuổi là người tiếp tục lao động sau độ tuổi theo quy định tại khoản 2 Điều 169 của Bộ luật này.,LEGAL_REF,khoản 2 điều 169 của bộ luật này
chunk_00681,Bãi bỏ khoản 2 Điều 32.,ACTION,bãi bỏ
chunk_00681,Bãi bỏ khoản 2 Điều 32.,LEGAL_REF,khoản 2 điều 32
chunk_00007,"Người sử dụng lao động là doanh nghiệp, cơ quan, tổ chức, hợp tác xã, hộ gia đình, cá nhân có thuê mướn, sử dụng người lao động làm việc cho mình theo thỏa thuận; trường hợp người sử dụng lao động là cá nhân thì phải có năng lực hành vi dân sự đầy đủ.",ACTOR,người sử dụng lao động
chunk_00007,"Người sử dụng lao động là doanh nghiệp, cơ quan, tổ chức, hợp tác xã, hộ gia đình, cá nhân có thuê mướn, sử dụng người lao động làm việc cho mình theo thỏa thuận; trường hợp người sử dụng lao động là cá nhân thì phải có năng lực hành vi dân sự đầy đủ.",ACTOR,doanh nghiệp
chunk_00007,"Người sử dụng lao động là doanh nghiệp, cơ quan, tổ chức, hợp tác xã, hộ gia đình, cá nhân có thuê mướn, sử dụng người lao động làm việc cho mình theo thỏa thuận; trường hợp người sử dụng lao động là cá nhân thì phải có năng lực hành vi dân sự đầy đủ.",ACTOR,cơ quan
chunk_00007,"Người sử dụng lao động là doanh nghiệp, cơ quan, tổ chức, hợp tác xã, hộ gia đình, cá nhân có thuê mướn, sử dụng người lao động làm việc cho mình theo thỏa thuận; trường hợp người sử dụng lao động là cá nhân thì phải có năng lực hành vi dân sự đầy đủ.",ACTOR,tổ chức
chunk_00007,"Người sử dụng lao động là doanh nghiệp, cơ quan, tổ chức, hợp tác xã, hộ gia đình, cá nhân có thuê mướn, sử dụng người lao động làm việc cho mình theo thỏa thuận; trường hợp người sử dụng lao động là cá nhân thì phải có năng lực hành vi dân sự đầy đủ.",ACTOR,hợp tác xã
chunk_00007,"Người sử dụng lao động là doanh nghiệp, cơ quan, tổ chức, hợp tác xã, hộ gia đình, cá nhân có thuê mướn, sử dụng người lao động làm việc cho mình theo thỏa thuận; trường hợp người sử dụng lao động là cá nhân thì phải có năng lực hành vi dân sự đầy đủ.",ACTOR,hộ gia đình
chunk_00007,"Người sử dụng lao động là doanh nghiệp, cơ quan, tổ chức, hợp tác xã, hộ gia đình, cá nhân có thuê mướn, sử dụng người lao động làm việc cho mình theo thỏa thuận; trường hợp người sử dụng lao động là cá nhân thì phải có năng lực hành vi dân sự đầy đủ.",ACTOR,cá nhân
chunk_00007,"Người sử dụng lao động là doanh nghiệp, cơ quan, tổ chức, hợp tác xã, hộ gia đình, cá nhân có thuê mướn, sử dụng người lao động làm việc cho mình theo thỏa thuận; trường hợp người sử dụng lao động là cá nhân thì phải có năng lực hành vi dân sự đầy đủ.",ACTION,thuê mướn
chunk_00007,"Người sử dụng lao động là doanh nghiệp, cơ quan, tổ chức, hợp tác xã, hộ gia đình, cá nhân có thuê mướn, sử dụng người lao động làm việc cho mình theo thỏa thuận; trường hợp người sử dụng lao động là cá nhân thì phải có năng lực hành vi dân sự đầy đủ.",ACTION,sử dụng người lao động
chunk_00007,"Người sử dụng lao động là doanh nghiệp, cơ quan, tổ chức, hợp tác xã, hộ gia đình, cá nhân có thuê mướn, sử dụng người lao động làm việc cho mình theo thỏa thuận; trường hợp người sử dụng lao động là cá nhân thì phải có năng lực hành vi dân sự đầy đủ.",ACTOR,người lao động
chunk_00007,"Người sử dụng lao động là doanh nghiệp, cơ quan, tổ chức, hợp tác xã, hộ gia đình, cá nhân có thuê mướn, sử dụng người lao động làm việc cho mình theo thỏa thuận; trường hợp người sử dụng lao động là cá nhân thì phải có năng lực hành vi dân sự đầy đủ.",CONDITION,làm việc cho mình theo thỏa thuận
chunk_00007,"Người sử dụng lao động là doanh nghiệp, cơ quan, tổ chức, hợp tác xã, hộ gia đình, cá nhân có thuê mướn, sử dụng người lao động làm việc cho mình theo thỏa thuận; trường hợp người sử dụng lao động là cá nhân thì phải có năng lực hành vi dân sự đầy đủ.",CONDITION,trường hợp người sử dụng lao động là cá nhân
chunk_00007,"Người sử dụng lao động là doanh nghiệp, cơ quan, tổ chức, hợp tác xã, hộ gia đình, cá nhân có thuê mướn, sử dụng người lao động làm việc cho mình theo thỏa thuận; trường hợp người sử dụng lao động là cá nhân thì phải có năng lực hành vi dân sự đầy đủ.",OBLIGATION,phải có năng lực hành vi dân sự đầy đủ
chunk_00007,"Người sử dụng lao động là doanh nghiệp, cơ quan, tổ chức, hợp tác xã, hộ gia đình, cá nhân có thuê mướn, sử dụng người lao động làm việc cho mình theo thỏa thuận; trường hợp người sử dụng lao động là cá nhân thì phải có năng lực hành vi dân sự đầy đủ.",LEGAL_CONCEPT,năng lực hành vi dân sự đầy đủ
chunk_00097,"Trường hợp hai bên không thỏa thuận được việc sửa đổi, bổ sung nội dung hợp đồng lao động thì tiếp tục thực hiện hợp đồng lao động đã giao kết.",CONDITION,"trường hợp hai bên không thỏa thuận được việc sửa đổi, bổ sung nội dung hợp đồng lao động"
chunk_00097,"Trường hợp hai bên không thỏa thuận được việc sửa đổi, bổ sung nội dung hợp đồng lao động thì tiếp tục thực hiện hợp đồng lao động đã giao kết.",ACTOR,hai bên
chunk_00097,"Trường hợp hai bên không thỏa thuận được việc sửa đổi, bổ sung nội dung hợp đồng lao động thì tiếp tục thực hiện hợp đồng lao động đã giao kết.",ACTION,thỏa thuận
chunk_00097,"Trường hợp hai bên không thỏa thuận được việc sửa đổi, bổ sung nội dung hợp đồng lao động thì tiếp tục thực hiện hợp đồng lao động đã giao kết.",ACTION,sửa đổi
chunk_00097,"Trường hợp hai bên không thỏa thuận được việc sửa đổi, bổ sung nội dung hợp đồng lao động thì tiếp tục thực hiện hợp đồng lao động đã giao kết.",ACTION,bổ sung nội dung hợp đồng lao động
chunk_00097,"Trường hợp hai bên không thỏa thuận được việc sửa đổi, bổ sung nội dung hợp đồng lao động thì tiếp tục thực hiện hợp đồng lao động đã giao kết.",PROHIBITION,"không thỏa thuận được việc sửa đổi, bổ sung nội dung hợp đồng lao động"
chunk_00097,"Trường hợp hai bên không thỏa thuận được việc sửa đổi, bổ sung nội dung hợp đồng lao động thì tiếp tục thực hiện hợp đồng lao động đã giao kết.",OBLIGATION,tiếp tục thực hiện hợp đồng lao động đã giao kết
chunk_00097,"Trường hợp hai bên không thỏa thuận được việc sửa đổi, bổ sung nội dung hợp đồng lao động thì tiếp tục thực hiện hợp đồng lao động đã giao kết.",ACTION,thực hiện hợp đồng lao động đã giao kết
chunk_00097,"Trường hợp hai bên không thỏa thuận được việc sửa đổi, bổ sung nội dung hợp đồng lao động thì tiếp tục thực hiện hợp đồng lao động đã giao kết.",LEGAL_CONCEPT,hợp đồng lao động
chunk_00097,"Trường hợp hai bên không thỏa thuận được việc sửa đổi, bổ sung nội dung hợp đồng lao động thì tiếp tục thực hiện hợp đồng lao động đã giao kết.",EVENT,hợp đồng lao động đã giao kết
chunk_00659,"Kiểm tra, thanh tra, xử lý vi phạm pháp luật và giải quyết khiếu nại, tố cáo về lao động; giải quyết tranh chấp lao động theo quy định của pháp luật.",ACTION,kiểm tra
chunk_00659,"Kiểm tra, thanh tra, xử lý vi phạm pháp luật và giải quyết khiếu nại, tố cáo về lao động; giải quyết tranh chấp lao động theo quy định của pháp luật.",ACTION,thanh tra
chunk_00659,"Kiểm tra, thanh tra, xử lý vi phạm pháp luật và giải quyết khiếu nại, tố cáo về lao động; giải quyết tranh chấp lao động theo quy định của pháp luật.",ACTION,xử lý vi phạm pháp luật
chunk_00659,"Kiểm tra, thanh tra, xử lý vi phạm pháp luật và giải quyết khiếu nại, tố cáo về lao động; giải quyết tranh chấp lao động theo quy định của pháp luật.",ACTION,giải quyết khiếu nại
chunk_00659,"Kiểm tra, thanh tra, xử lý vi phạm pháp luật và giải quyết khiếu nại, tố cáo về lao động; giải quyết tranh chấp lao động theo quy định của pháp luật.",ACTION,tố cáo về lao động
chunk_00659,"Kiểm tra, thanh tra, xử lý vi phạm pháp luật và giải quyết khiếu nại, tố cáo về lao động; giải quyết tranh chấp lao động theo quy định của pháp luật.",ACTION,giải quyết tranh chấp lao động
chunk_00659,"Kiểm tra, thanh tra, xử lý vi phạm pháp luật và giải quyết khiếu nại, tố cáo về lao động; giải quyết tranh chấp lao động theo quy định của pháp luật.",LEGAL_CONCEPT,vi phạm pháp luật
chunk_00659,"Kiểm tra, thanh tra, xử lý vi phạm pháp luật và giải quyết khiếu nại, tố cáo về lao động; giải quyết tranh chấp lao động theo quy định của pháp luật.",LEGAL_CONCEPT,khiếu nại
chunk_00659,"Kiểm tra, thanh tra, xử lý vi phạm pháp luật và giải quyết khiếu nại, tố cáo về lao động; giải quyết tranh chấp lao động theo quy định của pháp luật.",LEGAL_CONCEPT,tố cáo về lao động
chunk_00659,"Kiểm tra, thanh tra, xử lý vi phạm pháp luật và giải quyết khiếu nại, tố cáo về lao động; giải quyết tranh chấp lao động theo quy định của pháp luật.",LEGAL_CONCEPT,tranh chấp lao động
chunk_00659,"Kiểm tra, thanh tra, xử lý vi phạm pháp luật và giải quyết khiếu nại, tố cáo về lao động; giải quyết tranh chấp lao động theo quy định của pháp luật.",LEGAL_REF,theo quy định của pháp luật
chunk_00234,"Nguyên tắc, nội dung thương lượng tập thể ngành, thương lượng tập thể có nhiều doanh nghiệp tham gia thực hiện theo quy định tại Điều 66 và Điều 67 của Bộ luật này.",LEGAL_CONCEPT,nguyên tắc
chunk_00234,"Nguyên tắc, nội dung thương lượng tập thể ngành, thương lượng tập thể có nhiều doanh nghiệp tham gia thực hiện theo quy định tại Điều 66 và Điều 67 của Bộ luật này.",LEGAL_CONCEPT,nội dung thương lượng tập thể ngành
chunk_00234,"Nguyên tắc, nội dung thương lượng tập thể ngành, thương lượng tập thể có nhiều doanh nghiệp tham gia thực hiện theo quy định tại Điều 66 và Điều 67 của Bộ luật này.",LEGAL_CONCEPT,thương lượng tập thể có nhiều doanh nghiệp tham gia
chunk_00234,"Nguyên tắc, nội dung thương lượng tập thể ngành, thương lượng tập thể có nhiều doanh nghiệp tham gia thực hiện theo quy định tại Điều 66 và Điều 67 của Bộ luật này.",ACTOR,nhiều doanh nghiệp
chunk_00234,"Nguyên tắc, nội dung thương lượng tập thể ngành, thương lượng tập thể có nhiều doanh nghiệp tham gia thực hiện theo quy định tại Điều 66 và Điều 67 của Bộ luật này.",ACTION,tham gia
chunk_00234,"Nguyên tắc, nội dung thương lượng tập thể ngành, thương lượng tập thể có nhiều doanh nghiệp tham gia thực hiện theo quy định tại Điều 66 và Điều 67 của Bộ luật này.",ACTION,thực hiện
chunk_00234,"Nguyên tắc, nội dung thương lượng tập thể ngành, thương lượng tập thể có nhiều doanh nghiệp tham gia thực hiện theo quy định tại Điều 66 và Điều 67 của Bộ luật này.",LEGAL_REF,điều 66 của bộ luật này
chunk_00234,"Nguyên tắc, nội dung thương lượng tập thể ngành, thương lượng tập thể có nhiều doanh nghiệp tham gia thực hiện theo quy định tại Điều 66 và Điều 67 của Bộ luật này.",LEGAL_REF,điều 67 của bộ luật này
chunk_00077,"Không quá 180 ngày đối với công việc của người quản lý doanh nghiệp theo quy định của Luật Doanh nghiệp, Luật Quản lý, sử dụng vốn nhà nước đầu tư vào sản xuất, kinh doanh tại doanh nghiệp;",TIME_PERIOD,không quá 180 ngày
chunk_00077,"Không quá 180 ngày đối với công việc của người quản lý doanh nghiệp theo quy định của Luật Doanh nghiệp, Luật Quản lý, sử dụng vốn nhà nước đầu tư vào sản xuất, kinh doanh tại doanh nghiệp;",LEGAL_CONCEPT,công việc của người quản lý doanh nghiệp
chunk_00077,"Không quá 180 ngày đối với công việc của người quản lý doanh nghiệp theo quy định của Luật Doanh nghiệp, Luật Quản lý, sử dụng vốn nhà nước đầu tư vào sản xuất, kinh doanh tại doanh nghiệp;",ACTOR,người quản lý doanh nghiệp
chunk_00077,"Không quá 180 ngày đối với công việc của người quản lý doanh nghiệp theo quy định của Luật Doanh nghiệp, Luật Quản lý, sử dụng vốn nhà nước đầu tư vào sản xuất, kinh doanh tại doanh nghiệp;",LEGAL_REF,luật doanh nghiệp
chunk_00077,"Không quá 180 ngày đối với công việc của người quản lý doanh nghiệp theo quy định của Luật Doanh nghiệp, Luật Quản lý, sử dụng vốn nhà nước đầu tư vào sản xuất, kinh doanh tại doanh nghiệp;",LEGAL_REF,"luật quản lý, sử dụng vốn nhà nước đầu tư vào sản xuất, kinh doanh tại doanh nghiệp"
chunk_00109,Giấy phép lao động hết hiệu lực đối với người lao động là người nước ngoài làm việc tại Việt Nam theo quy định tại Điều 156 của Bộ luật này.,LEGAL_CONCEPT,giấy phép lao động
chunk_00109,Giấy phép lao động hết hiệu lực đối với người lao động là người nước ngoài làm việc tại Việt Nam theo quy định tại Điều 156 của Bộ luật này.,EVENT,giấy phép lao động hết hiệu lực
chunk_00109,Giấy phép lao động hết hiệu lực đối với người lao động là người nước ngoài làm việc tại Việt Nam theo quy định tại Điều 156 của Bộ luật này.,ACTOR,người lao động là người nước ngoài
chunk_00109,Giấy phép lao động hết hiệu lực đối với người lao động là người nước ngoài làm việc tại Việt Nam theo quy định tại Điều 156 của Bộ luật này.,ACTION,làm việc tại việt nam
chunk_00109,Giấy phép lao động hết hiệu lực đối với người lao động là người nước ngoài làm việc tại Việt Nam theo quy định tại Điều 156 của Bộ luật này.,LEGAL_REF,điều 156 của bộ luật này
chunk_00590,Thời hiệu yêu cầu Tòa án giải quyết tranh chấp lao động cá nhân là 01 năm kể từ ngày phát hiện ra hành vi mà bên tranh chấp cho rằng quyền và lợi ích hợp pháp của mình bị vi phạm.,LEGAL_CONCEPT,thời hiệu yêu cầu tòa án giải quyết tranh chấp lao động cá nhân
chunk_00590,Thời hiệu yêu cầu Tòa án giải quyết tranh chấp lao động cá nhân là 01 năm kể từ ngày phát hiện ra hành vi mà bên tranh chấp cho rằng quyền và lợi ích hợp pháp của mình bị vi phạm.,ACTION,yêu cầu tòa án giải quyết tranh chấp lao động cá nhân
chunk_00590,Thời hiệu yêu cầu Tòa án giải quyết tranh chấp lao động cá nhân là 01 năm kể từ ngày phát hiện ra hành vi mà bên tranh chấp cho rằng quyền và lợi ích hợp pháp của mình bị vi phạm.,ACTOR,tòa án
chunk_00590,Thời hiệu yêu cầu Tòa án giải quyết tranh chấp lao động cá nhân là 01 năm kể từ ngày phát hiện ra hành vi mà bên tranh chấp cho rằng quyền và lợi ích hợp pháp của mình bị vi phạm.,LEGAL_CONCEPT,tranh chấp lao động cá nhân
chunk_00590,Thời hiệu yêu cầu Tòa án giải quyết tranh chấp lao động cá nhân là 01 năm kể từ ngày phát hiện ra hành vi mà bên tranh chấp cho rằng quyền và lợi ích hợp pháp của mình bị vi phạm.,TIME_PERIOD,01 năm kể từ ngày phát hiện ra hành vi
chunk_00590,Thời hiệu yêu cầu Tòa án giải quyết tranh chấp lao động cá nhân là 01 năm kể từ ngày phát hiện ra hành vi mà bên tranh chấp cho rằng quyền và lợi ích hợp pháp của mình bị vi phạm.,ACTION,phát hiện ra hành vi
chunk_00590,Thời hiệu yêu cầu Tòa án giải quyết tranh chấp lao động cá nhân là 01 năm kể từ ngày phát hiện ra hành vi mà bên tranh chấp cho rằng quyền và lợi ích hợp pháp của mình bị vi phạm.,CONDITION,bên tranh chấp cho rằng quyền và lợi ích hợp pháp của mình bị vi phạm
chunk_00590,Thời hiệu yêu cầu Tòa án giải quyết tranh chấp lao động cá nhân là 01 năm kể từ ngày phát hiện ra hành vi mà bên tranh chấp cho rằng quyền và lợi ích hợp pháp của mình bị vi phạm.,ACTOR,bên tranh chấp
chunk_00590,Thời hiệu yêu cầu Tòa án giải quyết tranh chấp lao động cá nhân là 01 năm kể từ ngày phát hiện ra hành vi mà bên tranh chấp cho rằng quyền và lợi ích hợp pháp của mình bị vi phạm.,RIGHT,quyền và lợi ích hợp pháp của mình
chunk_00590,Thời hiệu yêu cầu Tòa án giải quyết tranh chấp lao động cá nhân là 01 năm kể từ ngày phát hiện ra hành vi mà bên tranh chấp cho rằng quyền và lợi ích hợp pháp của mình bị vi phạm.,EVENT,quyền và lợi ích hợp pháp của mình bị vi phạm
chunk_00226,"Mỗi bên thương lượng tập thể có quyền mời tổ chức đại diện cấp trên của mình cử người tham gia là đại diện thương lượng và bên kia không được từ chối. Đại diện thương lượng tập thể của mỗi bên không được vượt quá số lượng quy định tại khoản 1 Điều này, trừ trường hợp được bên kia đồng ý.",ACTOR,mỗi bên thương lượng tập thể
chunk_00226,"Mỗi bên thương lượng tập thể có quyền mời tổ chức đại diện cấp trên của mình cử người tham gia là đại diện thương lượng và bên kia không được từ chối. Đại diện thương lượng tập thể của mỗi bên không được vượt quá số lượng quy định tại khoản 1 Điều này, trừ trường hợp được bên kia đồng ý.",RIGHT,có quyền mời tổ chức đại diện cấp trên của mình cử người tham gia là đại diện thương lượng
chunk_00226,"Mỗi bên thương lượng tập thể có quyền mời tổ chức đại diện cấp trên của mình cử người tham gia là đại diện thương lượng và bên kia không được từ chối. Đại diện thương lượng tập thể của mỗi bên không được vượt quá số lượng quy định tại khoản 1 Điều này, trừ trường hợp được bên kia đồng ý.",ACTOR,tổ chức đại diện cấp trên của mình
chunk_00226,"Mỗi bên thương lượng tập thể có quyền mời tổ chức đại diện cấp trên của mình cử người tham gia là đại diện thương lượng và bên kia không được từ chối. Đại diện thương lượng tập thể của mỗi bên không được vượt quá số lượng quy định tại khoản 1 Điều này, trừ trường hợp được bên kia đồng ý.",ACTION,mời
chunk_00226,"Mỗi bên thương lượng tập thể có quyền mời tổ chức đại diện cấp trên của mình cử người tham gia là đại diện thương lượng và bên kia không được từ chối. Đại diện thương lượng tập thể của mỗi bên không được vượt quá số lượng quy định tại khoản 1 Điều này, trừ trường hợp được bên kia đồng ý.",ACTION,cử người tham gia
chunk_00226,"Mỗi bên thương lượng tập thể có quyền mời tổ chức đại diện cấp trên của mình cử người tham gia là đại diện thương lượng và bên kia không được từ chối. Đại diện thương lượng tập thể của mỗi bên không được vượt quá số lượng quy định tại khoản 1 Điều này, trừ trường hợp được bên kia đồng ý.",ACTOR,đại diện thương lượng
chunk_00226,"Mỗi bên thương lượng tập thể có quyền mời tổ chức đại diện cấp trên của mình cử người tham gia là đại diện thương lượng và bên kia không được từ chối. Đại diện thương lượng tập thể của mỗi bên không được vượt quá số lượng quy định tại khoản 1 Điều này, trừ trường hợp được bên kia đồng ý.",PROHIBITION,bên kia không được từ chối
chunk_00226,"Mỗi bên thương lượng tập thể có quyền mời tổ chức đại diện cấp trên của mình cử người tham gia là đại diện thương lượng và bên kia không được từ chối. Đại diện thương lượng tập thể của mỗi bên không được vượt quá số lượng quy định tại khoản 1 Điều này, trừ trường hợp được bên kia đồng ý.",ACTOR,bên kia
chunk_00226,"Mỗi bên thương lượng tập thể có quyền mời tổ chức đại diện cấp trên của mình cử người tham gia là đại diện thương lượng và bên kia không được từ chối. Đại diện thương lượng tập thể của mỗi bên không được vượt quá số lượng quy định tại khoản 1 Điều này, trừ trường hợp được bên kia đồng ý.",PROHIBITION,đại diện thương lượng tập thể của mỗi bên không được vượt quá số lượng quy định tại khoản 1 điều này
chunk_00226,"Mỗi bên thương lượng tập thể có quyền mời tổ chức đại diện cấp trên của mình cử người tham gia là đại diện thương lượng và bên kia không được từ chối. Đại diện thương lượng tập thể của mỗi bên không được vượt quá số lượng quy định tại khoản 1 Điều này, trừ trường hợp được bên kia đồng ý.",LEGAL_CONCEPT,đại diện thương lượng tập thể của mỗi bên
chunk_00226,"Mỗi bên thương lượng tập thể có quyền mời tổ chức đại diện cấp trên của mình cử người tham gia là đại diện thương lượng và bên kia không được từ chối. Đại diện thương lượng tập thể của mỗi bên không được vượt quá số lượng quy định tại khoản 1 Điều này, trừ trường hợp được bên kia đồng ý.",LEGAL_CONCEPT,số lượng quy định
chunk_00226,"Mỗi bên thương lượng tập thể có quyền mời tổ chức đại diện cấp trên của mình cử người tham gia là đại diện thương lượng và bên kia không được từ chối. Đại diện thương lượng tập thể của mỗi bên không được vượt quá số lượng quy định tại khoản 1 Điều này, trừ trường hợp được bên kia đồng ý.",LEGAL_REF,khoản 1 điều này
chunk_00226,"Mỗi bên thương lượng tập thể có quyền mời tổ chức đại diện cấp trên của mình cử người tham gia là đại diện thương lượng và bên kia không được từ chối. Đại diện thương lượng tập thể của mỗi bên không được vượt quá số lượng quy định tại khoản 1 Điều này, trừ trường hợp được bên kia đồng ý.",CONDITION,trừ trường hợp được bên kia đồng ý
chunk_00226,"Mỗi bên thương lượng tập thể có quyền mời tổ chức đại diện cấp trên của mình cử người tham gia là đại diện thương lượng và bên kia không được từ chối. Đại diện thương lượng tập thể của mỗi bên không được vượt quá số lượng quy định tại khoản 1 Điều này, trừ trường hợp được bên kia đồng ý.",ACTION,đồng ý
chunk_00598,"Trong thời hạn 30 ngày kể từ ngày được thành lập, căn cứ vào quy định của pháp luật về lao động, thỏa ước lao động tập thể, nội quy lao động đã được đăng ký và các quy chế, thỏa thuận hợp pháp khác, Ban trọng tài phải ra quyết định về việc giải quyết tranh chấp và gửi cho các bên tranh chấp. Đối với tranh chấp quy định tại điểm b và điểm c khoản 2 Điều 179 của Bộ luật này mà xác định có hành vi vi phạm pháp luật thì Ban trọng tài lao động không ra quyết định giải quyết mà lập biên bản và chuyển hồ sơ, tài liệu đến cơ quan có thẩm quyền xem xét, xử lý theo quy định của pháp luật.",TIME_PERIOD,trong thời hạn 30 ngày kể từ ngày được thành lập
chunk_00598,"Trong thời hạn 30 ngày kể từ ngày được thành lập, căn cứ vào quy định của pháp luật về lao động, thỏa ước lao động tập thể, nội quy lao động đã được đăng ký và các quy chế, thỏa thuận hợp pháp khác, Ban trọng tài phải ra quyết định về việc giải quyết tranh chấp và gửi cho các bên tranh chấp. Đối với tranh chấp quy định tại điểm b và điểm c khoản 2 Điều 179 của Bộ luật này mà xác định có hành vi vi phạm pháp luật thì Ban trọng tài lao động không ra quyết định giải quyết mà lập biên bản và chuyển hồ sơ, tài liệu đến cơ quan có thẩm quyền xem xét, xử lý theo quy định của pháp luật.",EVENT,được thành lập
chunk_00598,"Trong thời hạn 30 ngày kể từ ngày được thành lập, căn cứ vào quy định của pháp luật về lao động, thỏa ước lao động tập thể, nội quy lao động đã được đăng ký và các quy chế, thỏa thuận hợp pháp khác, Ban trọng tài phải ra quyết định về việc giải quyết tranh chấp và gửi cho các bên tranh chấp. Đối với tranh chấp quy định tại điểm b và điểm c khoản 2 Điều 179 của Bộ luật này mà xác định có hành vi vi phạm pháp luật thì Ban trọng tài lao động không ra quyết định giải quyết mà lập biên bản và chuyển hồ sơ, tài liệu đến cơ quan có thẩm quyền xem xét, xử lý theo quy định của pháp luật.",LEGAL_CONCEPT,quy định của pháp luật về lao động
chunk_00598,"Trong thời hạn 30 ngày kể từ ngày được thành lập, căn cứ vào quy định của pháp luật về lao động, thỏa ước lao động tập thể, nội quy lao động đã được đăng ký và các quy chế, thỏa thuận hợp pháp khác, Ban trọng tài phải ra quyết định về việc giải quyết tranh chấp và gửi cho các bên tranh chấp. Đối với tranh chấp quy định tại điểm b và điểm c khoản 2 Điều 179 của Bộ luật này mà xác định có hành vi vi phạm pháp luật thì Ban trọng tài lao động không ra quyết định giải quyết mà lập biên bản và chuyển hồ sơ, tài liệu đến cơ quan có thẩm quyền xem xét, xử lý theo quy định của pháp luật.",LEGAL_CONCEPT,thỏa ước lao động tập thể
chunk_00598,"Trong thời hạn 30 ngày kể từ ngày được thành lập, căn cứ vào quy định của pháp luật về lao động, thỏa ước lao động tập thể, nội quy lao động đã được đăng ký và các quy chế, thỏa thuận hợp pháp khác, Ban trọng tài phải ra quyết định về việc giải quyết tranh chấp và gửi cho các bên tranh chấp. Đối với tranh chấp quy định tại điểm b và điểm c khoản 2 Điều 179 của Bộ luật này mà xác định có hành vi vi phạm pháp luật thì Ban trọng tài lao động không ra quyết định giải quyết mà lập biên bản và chuyển hồ sơ, tài liệu đến cơ quan có thẩm quyền xem xét, xử lý theo quy định của pháp luật.",LEGAL_CONCEPT,nội quy lao động đã được đăng ký
chunk_00598,"Trong thời hạn 30 ngày kể từ ngày được thành lập, căn cứ vào quy định của pháp luật về lao động, thỏa ước lao động tập thể, nội quy lao động đã được đăng ký và các quy chế, thỏa thuận hợp pháp khác, Ban trọng tài phải ra quyết định về việc giải quyết tranh chấp và gửi cho các bên tranh chấp. Đối với tranh chấp quy định tại điểm b và điểm c khoản 2 Điều 179 của Bộ luật này mà xác định có hành vi vi phạm pháp luật thì Ban trọng tài lao động không ra quyết định giải quyết mà lập biên bản và chuyển hồ sơ, tài liệu đến cơ quan có thẩm quyền xem xét, xử lý theo quy định của pháp luật.",LEGAL_CONCEPT,"các quy chế, thỏa thuận hợp pháp khác"
chunk_00598,"Trong thời hạn 30 ngày kể từ ngày được thành lập, căn cứ vào quy định của pháp luật về lao động, thỏa ước lao động tập thể, nội quy lao động đã được đăng ký và các quy chế, thỏa thuận hợp pháp khác, Ban trọng tài phải ra quyết định về việc giải quyết tranh chấp và gửi cho các bên tranh chấp. Đối với tranh chấp quy định tại điểm b và điểm c khoản 2 Điều 179 của Bộ luật này mà xác định có hành vi vi phạm pháp luật thì Ban trọng tài lao động không ra quyết định giải quyết mà lập biên bản và chuyển hồ sơ, tài liệu đến cơ quan có thẩm quyền xem xét, xử lý theo quy định của pháp luật.",ACTOR,ban trọng tài
chunk_00598,"Trong thời hạn 30 ngày kể từ ngày được thành lập, căn cứ vào quy định của pháp luật về lao động, thỏa ước lao động tập thể, nội quy lao động đã được đăng ký và các quy chế, thỏa thuận hợp pháp khác, Ban trọng tài phải ra quyết định về việc giải quyết tranh chấp và gửi cho các bên tranh chấp. Đối với tranh chấp quy định tại điểm b và điểm c khoản 2 Điều 179 của Bộ luật này mà xác định có hành vi vi phạm pháp luật thì Ban trọng tài lao động không ra quyết định giải quyết mà lập biên bản và chuyển hồ sơ, tài liệu đến cơ quan có thẩm quyền xem xét, xử lý theo quy định của pháp luật.",OBLIGATION,phải ra quyết định về việc giải quyết tranh chấp
chunk_00598,"Trong thời hạn 30 ngày kể từ ngày được thành lập, căn cứ vào quy định của pháp luật về lao động, thỏa ước lao động tập thể, nội quy lao động đã được đăng ký và các quy chế, thỏa thuận hợp pháp khác, Ban trọng tài phải ra quyết định về việc giải quyết tranh chấp và gửi cho các bên tranh chấp. Đối với tranh chấp quy định tại điểm b và điểm c khoản 2 Điều 179 của Bộ luật này mà xác định có hành vi vi phạm pháp luật thì Ban trọng tài lao động không ra quyết định giải quyết mà lập biên bản và chuyển hồ sơ, tài liệu đến cơ quan có thẩm quyền xem xét, xử lý theo quy định của pháp luật.",ACTION,ra quyết định về việc giải quyết tranh chấp
chunk_00598,"Trong thời hạn 30 ngày kể từ ngày được thành lập, căn cứ vào quy định của pháp luật về lao động, thỏa ước lao động tập thể, nội quy lao động đã được đăng ký và các quy chế, thỏa thuận hợp pháp khác, Ban trọng tài phải ra quyết định về việc giải quyết tranh chấp và gửi cho các bên tranh chấp. Đối với tranh chấp quy định tại điểm b và điểm c khoản 2 Điều 179 của Bộ luật này mà xác định có hành vi vi phạm pháp luật thì Ban trọng tài lao động không ra quyết định giải quyết mà lập biên bản và chuyển hồ sơ, tài liệu đến cơ quan có thẩm quyền xem xét, xử lý theo quy định của pháp luật.",ACTION,gửi cho các bên tranh chấp
chunk_00598,"Trong thời hạn 30 ngày kể từ ngày được thành lập, căn cứ vào quy định của pháp luật về lao động, thỏa ước lao động tập thể, nội quy lao động đã được đăng ký và các quy chế, thỏa thuận hợp pháp khác, Ban trọng tài phải ra quyết định về việc giải quyết tranh chấp và gửi cho các bên tranh chấp. Đối với tranh chấp quy định tại điểm b và điểm c khoản 2 Điều 179 của Bộ luật này mà xác định có hành vi vi phạm pháp luật thì Ban trọng tài lao động không ra quyết định giải quyết mà lập biên bản và chuyển hồ sơ, tài liệu đến cơ quan có thẩm quyền xem xét, xử lý theo quy định của pháp luật.",ACTOR,các bên tranh chấp
chunk_00598,"Trong thời hạn 30 ngày kể từ ngày được thành lập, căn cứ vào quy định của pháp luật về lao động, thỏa ước lao động tập thể, nội quy lao động đã được đăng ký và các quy chế, thỏa thuận hợp pháp khác, Ban trọng tài phải ra quyết định về việc giải quyết tranh chấp và gửi cho các bên tranh chấp. Đối với tranh chấp quy định tại điểm b và điểm c khoản 2 Điều 179 của Bộ luật này mà xác định có hành vi vi phạm pháp luật thì Ban trọng tài lao động không ra quyết định giải quyết mà lập biên bản và chuyển hồ sơ, tài liệu đến cơ quan có thẩm quyền xem xét, xử lý theo quy định của pháp luật.",LEGAL_CONCEPT,tranh chấp
chunk_00598,"Trong thời hạn 30 ngày kể từ ngày được thành lập, căn cứ vào quy định của pháp luật về lao động, thỏa ước lao động tập thể, nội quy lao động đã được đăng ký và các quy chế, thỏa thuận hợp pháp khác, Ban trọng tài phải ra quyết định về việc giải quyết tranh chấp và gửi cho các bên tranh chấp. Đối với tranh chấp quy định tại điểm b và điểm c khoản 2 Điều 179 của Bộ luật này mà xác định có hành vi vi phạm pháp luật thì Ban trọng tài lao động không ra quyết định giải quyết mà lập biên bản và chuyển hồ sơ, tài liệu đến cơ quan có thẩm quyền xem xét, xử lý theo quy định của pháp luật.",CONDITION,đối với tranh chấp quy định tại điểm b khoản 2 điều 179 của bộ luật này
chunk_00598,"Trong thời hạn 30 ngày kể từ ngày được thành lập, căn cứ vào quy định của pháp luật về lao động, thỏa ước lao động tập thể, nội quy lao động đã được đăng ký và các quy chế, thỏa thuận hợp pháp khác, Ban trọng tài phải ra quyết định về việc giải quyết tranh chấp và gửi cho các bên tranh chấp. Đối với tranh chấp quy định tại điểm b và điểm c khoản 2 Điều 179 của Bộ luật này mà xác định có hành vi vi phạm pháp luật thì Ban trọng tài lao động không ra quyết định giải quyết mà lập biên bản và chuyển hồ sơ, tài liệu đến cơ quan có thẩm quyền xem xét, xử lý theo quy định của pháp luật.",CONDITION,đối với tranh chấp quy định tại điểm c khoản 2 điều 179 của bộ luật này
chunk_00598,"Trong thời hạn 30 ngày kể từ ngày được thành lập, căn cứ vào quy định của pháp luật về lao động, thỏa ước lao động tập thể, nội quy lao động đã được đăng ký và các quy chế, thỏa thuận hợp pháp khác, Ban trọng tài phải ra quyết định về việc giải quyết tranh chấp và gửi cho các bên tranh chấp. Đối với tranh chấp quy định tại điểm b và điểm c khoản 2 Điều 179 của Bộ luật này mà xác định có hành vi vi phạm pháp luật thì Ban trọng tài lao động không ra quyết định giải quyết mà lập biên bản và chuyển hồ sơ, tài liệu đến cơ quan có thẩm quyền xem xét, xử lý theo quy định của pháp luật.",LEGAL_REF,điểm b khoản 2 điều 179 của bộ luật này
chunk_00598,"Trong thời hạn 30 ngày kể từ ngày được thành lập, căn cứ vào quy định của pháp luật về lao động, thỏa ước lao động tập thể, nội quy lao động đã được đăng ký và các quy chế, thỏa thuận hợp pháp khác, Ban trọng tài phải ra quyết định về việc giải quyết tranh chấp và gửi cho các bên tranh chấp. Đối với tranh chấp quy định tại điểm b và điểm c khoản 2 Điều 179 của Bộ luật này mà xác định có hành vi vi phạm pháp luật thì Ban trọng tài lao động không ra quyết định giải quyết mà lập biên bản và chuyển hồ sơ, tài liệu đến cơ quan có thẩm quyền xem xét, xử lý theo quy định của pháp luật.",LEGAL_REF,điểm c khoản 2 điều 179 của bộ luật này
chunk_00598,"Trong thời hạn 30 ngày kể từ ngày được thành lập, căn cứ vào quy định của pháp luật về lao động, thỏa ước lao động tập thể, nội quy lao động đã được đăng ký và các quy chế, thỏa thuận hợp pháp khác, Ban trọng tài phải ra quyết định về việc giải quyết tranh chấp và gửi cho các bên tranh chấp. Đối với tranh chấp quy định tại điểm b và điểm c khoản 2 Điều 179 của Bộ luật này mà xác định có hành vi vi phạm pháp luật thì Ban trọng tài lao động không ra quyết định giải quyết mà lập biên bản và chuyển hồ sơ, tài liệu đến cơ quan có thẩm quyền xem xét, xử lý theo quy định của pháp luật.",CONDITION,xác định có hành vi vi phạm pháp luật
chunk_00598,"Trong thời hạn 30 ngày kể từ ngày được thành lập, căn cứ vào quy định của pháp luật về lao động, thỏa ước lao động tập thể, nội quy lao động đã được đăng ký và các quy chế, thỏa thuận hợp pháp khác, Ban trọng tài phải ra quyết định về việc giải quyết tranh chấp và gửi cho các bên tranh chấp. Đối với tranh chấp quy định tại điểm b và điểm c khoản 2 Điều 179 của Bộ luật này mà xác định có hành vi vi phạm pháp luật thì Ban trọng tài lao động không ra quyết định giải quyết mà lập biên bản và chuyển hồ sơ, tài liệu đến cơ quan có thẩm quyền xem xét, xử lý theo quy định của pháp luật.",LEGAL_CONCEPT,hành vi vi phạm pháp luật
chunk_00598,"Trong thời hạn 30 ngày kể từ ngày được thành lập, căn cứ vào quy định của pháp luật về lao động, thỏa ước lao động tập thể, nội quy lao động đã được đăng ký và các quy chế, thỏa thuận hợp pháp khác, Ban trọng tài phải ra quyết định về việc giải quyết tranh chấp và gửi cho các bên tranh chấp. Đối với tranh chấp quy định tại điểm b và điểm c khoản 2 Điều 179 của Bộ luật này mà xác định có hành vi vi phạm pháp luật thì Ban trọng tài lao động không ra quyết định giải quyết mà lập biên bản và chuyển hồ sơ, tài liệu đến cơ quan có thẩm quyền xem xét, xử lý theo quy định của pháp luật.",PROHIBITION,ban trọng tài lao động không ra quyết định giải quyết
chunk_00598,"Trong thời hạn 30 ngày kể từ ngày được thành lập, căn cứ vào quy định của pháp luật về lao động, thỏa ước lao động tập thể, nội quy lao động đã được đăng ký và các quy chế, thỏa thuận hợp pháp khác, Ban trọng tài phải ra quyết định về việc giải quyết tranh chấp và gửi cho các bên tranh chấp. Đối với tranh chấp quy định tại điểm b và điểm c khoản 2 Điều 179 của Bộ luật này mà xác định có hành vi vi phạm pháp luật thì Ban trọng tài lao động không ra quyết định giải quyết mà lập biên bản và chuyển hồ sơ, tài liệu đến cơ quan có thẩm quyền xem xét, xử lý theo quy định của pháp luật.",ACTOR,ban trọng tài lao động
chunk_00598,"Trong thời hạn 30 ngày kể từ ngày được thành lập, căn cứ vào quy định của pháp luật về lao động, thỏa ước lao động tập thể, nội quy lao động đã được đăng ký và các quy chế, thỏa thuận hợp pháp khác, Ban trọng tài phải ra quyết định về việc giải quyết tranh chấp và gửi cho các bên tranh chấp. Đối với tranh chấp quy định tại điểm b và điểm c khoản 2 Điều 179 của Bộ luật này mà xác định có hành vi vi phạm pháp luật thì Ban trọng tài lao động không ra quyết định giải quyết mà lập biên bản và chuyển hồ sơ, tài liệu đến cơ quan có thẩm quyền xem xét, xử lý theo quy định của pháp luật.",ACTION,lập biên bản
chunk_00598,"Trong thời hạn 30 ngày kể từ ngày được thành lập, căn cứ vào quy định của pháp luật về lao động, thỏa ước lao động tập thể, nội quy lao động đã được đăng ký và các quy chế, thỏa thuận hợp pháp khác, Ban trọng tài phải ra quyết định về việc giải quyết tranh chấp và gửi cho các bên tranh chấp. Đối với tranh chấp quy định tại điểm b và điểm c khoản 2 Điều 179 của Bộ luật này mà xác định có hành vi vi phạm pháp luật thì Ban trọng tài lao động không ra quyết định giải quyết mà lập biên bản và chuyển hồ sơ, tài liệu đến cơ quan có thẩm quyền xem xét, xử lý theo quy định của pháp luật.",ACTION,"chuyển hồ sơ, tài liệu"
chunk_00598,"Trong thời hạn 30 ngày kể từ ngày được thành lập, căn cứ vào quy định của pháp luật về lao động, thỏa ước lao động tập thể, nội quy lao động đã được đăng ký và các quy chế, thỏa thuận hợp pháp khác, Ban trọng tài phải ra quyết định về việc giải quyết tranh chấp và gửi cho các bên tranh chấp. Đối với tranh chấp quy định tại điểm b và điểm c khoản 2 Điều 179 của Bộ luật này mà xác định có hành vi vi phạm pháp luật thì Ban trọng tài lao động không ra quyết định giải quyết mà lập biên bản và chuyển hồ sơ, tài liệu đến cơ quan có thẩm quyền xem xét, xử lý theo quy định của pháp luật.",ACTOR,cơ quan có thẩm quyền
chunk_00598,"Trong thời hạn 30 ngày kể từ ngày được thành lập, căn cứ vào quy định của pháp luật về lao động, thỏa ước lao động tập thể, nội quy lao động đã được đăng ký và các quy chế, thỏa thuận hợp pháp khác, Ban trọng tài phải ra quyết định về việc giải quyết tranh chấp và gửi cho các bên tranh chấp. Đối với tranh chấp quy định tại điểm b và điểm c khoản 2 Điều 179 của Bộ luật này mà xác định có hành vi vi phạm pháp luật thì Ban trọng tài lao động không ra quyết định giải quyết mà lập biên bản và chuyển hồ sơ, tài liệu đến cơ quan có thẩm quyền xem xét, xử lý theo quy định của pháp luật.",ACTION,xem xét
chunk_00598,"Trong thời hạn 30 ngày kể từ ngày được thành lập, căn cứ vào quy định của pháp luật về lao động, thỏa ước lao động tập thể, nội quy lao động đã được đăng ký và các quy chế, thỏa thuận hợp pháp khác, Ban trọng tài phải ra quyết định về việc giải quyết tranh chấp và gửi cho các bên tranh chấp. Đối với tranh chấp quy định tại điểm b và điểm c khoản 2 Điều 179 của Bộ luật này mà xác định có hành vi vi phạm pháp luật thì Ban trọng tài lao động không ra quyết định giải quyết mà lập biên bản và chuyển hồ sơ, tài liệu đến cơ quan có thẩm quyền xem xét, xử lý theo quy định của pháp luật.",ACTION,xử lý
chunk_00598,"Trong thời hạn 30 ngày kể từ ngày được thành lập, căn cứ vào quy định của pháp luật về lao động, thỏa ước lao động tập thể, nội quy lao động đã được đăng ký và các quy chế, thỏa thuận hợp pháp khác, Ban trọng tài phải ra quyết định về việc giải quyết tranh chấp và gửi cho các bên tranh chấp. Đối với tranh chấp quy định tại điểm b và điểm c khoản 2 Điều 179 của Bộ luật này mà xác định có hành vi vi phạm pháp luật thì Ban trọng tài lao động không ra quyết định giải quyết mà lập biên bản và chuyển hồ sơ, tài liệu đến cơ quan có thẩm quyền xem xét, xử lý theo quy định của pháp luật.",LEGAL_REF,theo quy định của pháp luật
chunk_00322,Thời giờ làm việc bình thường không quá 08 giờ trong 01 ngày và không quá 48 giờ trong 01 tuần.,LEGAL_CONCEPT,thời giờ làm việc bình thường
chunk_00322,Thời giờ làm việc bình thường không quá 08 giờ trong 01 ngày và không quá 48 giờ trong 01 tuần.,TIME_PERIOD,không quá 08 giờ trong 01 ngày
chunk_00322,Thời giờ làm việc bình thường không quá 08 giờ trong 01 ngày và không quá 48 giờ trong 01 tuần.,TIME_PERIOD,không quá 48 giờ trong 01 tuần
chunk_00476,"Thời hạn của giấy phép lao động Thời hạn của giấy phép lao động tối đa là 02 năm, trường hợp gia hạn thì chỉ được gia hạn một lần với thời hạn tối đa là 02 năm.",LEGAL_CONCEPT,thời hạn của giấy phép lao động
chunk_00476,"Thời hạn của giấy phép lao động Thời hạn của giấy phép lao động tối đa là 02 năm, trường hợp gia hạn thì chỉ được gia hạn một lần với thời hạn tối đa là 02 năm.",LEGAL_CONCEPT,giấy phép lao động
chunk_00476,"Thời hạn của giấy phép lao động Thời hạn của giấy phép lao động tối đa là 02 năm, trường hợp gia hạn thì chỉ được gia hạn một lần với thời hạn tối đa là 02 năm.",TIME_PERIOD,tối đa là 02 năm
chunk_00476,"Thời hạn của giấy phép lao động Thời hạn của giấy phép lao động tối đa là 02 năm, trường hợp gia hạn thì chỉ được gia hạn một lần với thời hạn tối đa là 02 năm.",CONDITION,trường hợp gia hạn
chunk_00476,"Thời hạn của giấy phép lao động Thời hạn của giấy phép lao động tối đa là 02 năm, trường hợp gia hạn thì chỉ được gia hạn một lần với thời hạn tối đa là 02 năm.",ACTION,gia hạn
chunk_00476,"Thời hạn của giấy phép lao động Thời hạn của giấy phép lao động tối đa là 02 năm, trường hợp gia hạn thì chỉ được gia hạn một lần với thời hạn tối đa là 02 năm.",OBLIGATION,chỉ được gia hạn một lần
chunk_00476,"Thời hạn của giấy phép lao động Thời hạn của giấy phép lao động tối đa là 02 năm, trường hợp gia hạn thì chỉ được gia hạn một lần với thời hạn tối đa là 02 năm.",TIME_PERIOD,một lần
chunk_00476,"Thời hạn của giấy phép lao động Thời hạn của giấy phép lao động tối đa là 02 năm, trường hợp gia hạn thì chỉ được gia hạn một lần với thời hạn tối đa là 02 năm.",TIME_PERIOD,tối đa là 02 năm
