edge_id,source_id,target_id,relation_type,graph_type
edge_smt_1,ch1_d2_k1,ent_1,mentions,semantic
edge_smt_2,ch1_d2_k1,ent_2,mentions,semantic
edge_smt_3,ch1_d2_k1,ent_3,mentions,semantic
edge_smt_4,ch1_d2_k1,ent_4,mentions,semantic
edge_smt_5,ch1_d2_k1,ent_5,mentions,semantic
edge_smt_6,ch1_d2_k1,ent_6,mentions,semantic
edge_smt_7,ch1_d2_k2,ent_7,mentions,semantic
edge_smt_8,ch1_d2_k3,ent_8,mentions,semantic
edge_smt_9,ch1_d2_k3,ent_9,mentions,semantic
edge_smt_10,ch1_d2_k3,ent_10,mentions,semantic
edge_smt_11,ch1_d2_k4,ent_11,mentions,semantic
edge_smt_12,ch1_d2_k4,ent_12,mentions,semantic
edge_smt_13,ch1_d2_k4,ent_13,mentions,semantic
edge_smt_14,ch1_d2_k4,ent_14,mentions,semantic
edge_smt_15,ch1_d3_k1,ent_15,mentions,semantic
edge_smt_16,ch1_d3_k1,ent_16,mentions,semantic
edge_smt_17,ch1_d3_k1,ent_17,mentions,semantic
edge_smt_18,ch1_d3_k1,ent_18,mentions,semantic
edge_smt_19,ch1_d3_k1,ent_19,mentions,semantic
edge_smt_20,ch1_d3_k1,ent_20,mentions,semantic
edge_smt_21,ch1_d3_k1,ent_21,mentions,semantic
edge_smt_22,ch1_d3_k1,ent_22,mentions,semantic
edge_smt_23,ch1_d3_k1,ent_23,mentions,semantic
edge_smt_24,ch1_d3_k1,ent_24,mentions,semantic
edge_smt_25,ch1_d3_k1,ent_25,mentions,semantic
edge_smt_26,ch1_d3_k1,ent_26,mentions,semantic
edge_smt_27,ch1_d3_k1,ent_27,mentions,semantic
edge_smt_28,ch1_d3_k2,ent_28,mentions,semantic
edge_smt_29,ch1_d3_k2,ent_29,mentions,semantic
edge_smt_30,ch1_d3_k2,ent_30,mentions,semantic
edge_smt_31,ch1_d3_k2,ent_31,mentions,semantic
edge_smt_32,ch1_d3_k2,ent_32,mentions,semantic
edge_smt_33,ch1_d3_k2,ent_33,mentions,semantic
edge_smt_34,ch1_d3_k2,ent_34,mentions,semantic
edge_smt_35,ch1_d3_k2,ent_35,mentions,semantic
edge_smt_36,ch1_d3_k2,ent_36,mentions,semantic
edge_smt_37,ch1_d3_k2,ent_37,mentions,semantic
edge_smt_38,ch1_d3_k2,ent_38,mentions,semantic
edge_smt_39,ch1_d3_k2,ent_39,mentions,semantic
edge_smt_40,ch1_d3_k2,ent_40,mentions,semantic
edge_smt_41,ch1_d3_k2,ent_41,mentions,semantic
edge_smt_42,ch1_d3_k2,ent_42,mentions,semantic
edge_smt_43,ch1_d3_k3,ent_43,mentions,semantic
edge_smt_44,ch1_d3_k3,ent_44,mentions,semantic
edge_smt_45,ch1_d3_k3,ent_45,mentions,semantic
edge_smt_46,ch1_d3_k3,ent_46,mentions,semantic
edge_smt_47,ch1_d3_k3,ent_47,mentions,semantic
edge_smt_48,ch1_d3_k3,ent_48,mentions,semantic
edge_smt_49,ch1_d3_k3,ent_49,mentions,semantic
edge_smt_50,ch1_d3_k3,ent_50,mentions,semantic
edge_smt_51,ch1_d3_k3,ent_51,mentions,semantic
edge_smt_52,ch1_d3_k3,ent_52,mentions,semantic
edge_smt_53,ch1_d3_k3,ent_53,mentions,semantic
edge_smt_54,ch1_d3_k3,ent_54,mentions,semantic
edge_smt_55,ch1_d3_k3,ent_55,mentions,semantic
edge_smt_56,ch1_d3_k3,ent_56,mentions,semantic
edge_smt_57,ch1_d3_k3,ent_57,mentions,semantic
edge_smt_58,ch1_d3_k3,ent_58,mentions,semantic
edge_smt_59,ch1_d3_k3,ent_59,mentions,semantic
edge_smt_60,ch1_d3_k3,ent_60,mentions,semantic
edge_smt_61,ch1_d3_k3,ent_61,mentions,semantic
edge_smt_62,ch1_d3_k3,ent_62,mentions,semantic
edge_smt_63,ch1_d3_k3,ent_63,mentions,semantic
edge_smt_64,ch1_d3_k3,ent_64,mentions,semantic
edge_smt_65,ch1_d3_k3,ent_65,mentions,semantic
edge_smt_66,ch1_d3_k3,ent_66,mentions,semantic
edge_smt_67,ch1_d3_k3,ent_67,mentions,semantic
edge_smt_68,ch1_d3_k4,ent_68,mentions,semantic
edge_smt_69,ch1_d3_k4,ent_69,mentions,semantic
edge_smt_70,ch1_d3_k4,ent_70,mentions,semantic
edge_smt_71,ch1_d3_k4,ent_71,mentions,semantic
edge_smt_72,ch1_d3_k4,ent_72,mentions,semantic
edge_smt_73,ch1_d3_k4,ent_73,mentions,semantic
edge_smt_74,ch1_d3_k4,ent_74,mentions,semantic
edge_smt_75,ch1_d3_k4,ent_75,mentions,semantic
edge_smt_76,ch1_d3_k5,ent_76,mentions,semantic
edge_smt_77,ch1_d3_k5,ent_77,mentions,semantic
edge_smt_78,ch1_d3_k5,ent_78,mentions,semantic
edge_smt_79,ch1_d3_k5,ent_79,mentions,semantic
edge_smt_80,ch1_d3_k5,ent_80,mentions,semantic
edge_smt_81,ch1_d3_k5,ent_81,mentions,semantic
edge_smt_82,ch1_d3_k5,ent_82,mentions,semantic
edge_smt_83,ch1_d3_k5,ent_83,mentions,semantic
edge_smt_84,ch1_d3_k5,ent_84,mentions,semantic
edge_smt_85,ch1_d3_k5,ent_85,mentions,semantic
edge_smt_86,ch1_d3_k5,ent_86,mentions,semantic
edge_smt_87,ch1_d3_k5,ent_87,mentions,semantic
edge_smt_88,ch1_d3_k5,ent_88,mentions,semantic
edge_smt_89,ch1_d3_k5,ent_89,mentions,semantic
edge_smt_90,ch1_d3_k5,ent_90,mentions,semantic
edge_smt_91,ch1_d3_k5,ent_91,mentions,semantic
edge_smt_92,ch1_d3_k5,ent_92,mentions,semantic
edge_smt_93,ch1_d3_k5,ent_93,mentions,semantic
edge_smt_94,ch1_d3_k5,ent_94,mentions,semantic
edge_smt_95,ch1_d3_k6,ent_95,mentions,semantic
edge_smt_96,ch1_d3_k6,ent_96,mentions,semantic
edge_smt_97,ch1_d3_k6,ent_97,mentions,semantic
edge_smt_98,ch1_d3_k6,ent_98,mentions,semantic
edge_smt_99,ch1_d3_k6,ent_99,mentions,semantic
edge_smt_100,ch1_d3_k6,ent_100,mentions,semantic
edge_smt_101,ch1_d3_k7,ent_101,mentions,semantic
edge_smt_102,ch1_d3_k7,ent_102,mentions,semantic
edge_smt_103,ch1_d3_k7,ent_103,mentions,semantic
edge_smt_104,ch1_d3_k7,ent_104,mentions,semantic
edge_smt_105,ch1_d3_k8,ent_105,mentions,semantic
edge_smt_106,ch1_d3_k8,ent_106,mentions,semantic
edge_smt_107,ch1_d3_k8,ent_107,mentions,semantic
edge_smt_108,ch1_d3_k8,ent_108,mentions,semantic
edge_smt_109,ch1_d3_k8,ent_109,mentions,semantic
edge_smt_110,ch1_d3_k8,ent_110,mentions,semantic
edge_smt_111,ch1_d3_k8,ent_111,mentions,semantic
edge_smt_112,ch1_d3_k8,ent_112,mentions,semantic
edge_smt_113,ch1_d3_k8,ent_113,mentions,semantic
edge_smt_114,ch1_d3_k8,ent_114,mentions,semantic
edge_smt_115,ch1_d3_k8,ent_115,mentions,semantic
edge_smt_116,ch1_d3_k8,ent_116,mentions,semantic
edge_smt_117,ch1_d3_k8,ent_117,mentions,semantic
edge_smt_118,ch1_d3_k8,ent_118,mentions,semantic
edge_smt_119,ch1_d3_k9,ent_119,mentions,semantic
edge_smt_120,ch1_d3_k9,ent_120,mentions,semantic
edge_smt_121,ch1_d3_k9,ent_121,mentions,semantic
edge_smt_122,ch1_d3_k9,ent_122,mentions,semantic
edge_smt_123,ch1_d3_k9,ent_123,mentions,semantic
edge_smt_124,ch1_d3_k9,ent_124,mentions,semantic
edge_smt_125,ch1_d3_k9,ent_125,mentions,semantic
edge_smt_126,ch1_d3_k9,ent_126,mentions,semantic
edge_smt_127,ch1_d3_k9,ent_127,mentions,semantic
edge_smt_128,ch1_d4_k1,ent_128,mentions,semantic
edge_smt_129,ch1_d4_k1,ent_129,mentions,semantic
edge_smt_130,ch1_d4_k1,ent_130,mentions,semantic
edge_smt_131,ch1_d4_k1,ent_131,mentions,semantic
edge_smt_132,ch1_d4_k1,ent_132,mentions,semantic
edge_smt_133,ch1_d4_k1,ent_133,mentions,semantic
edge_smt_134,ch1_d4_k1,ent_134,mentions,semantic
edge_smt_135,ch1_d4_k1,ent_135,mentions,semantic
edge_smt_136,ch1_d4_k2,ent_136,mentions,semantic
edge_smt_137,ch1_d4_k2,ent_137,mentions,semantic
edge_smt_138,ch1_d4_k2,ent_138,mentions,semantic
edge_smt_139,ch1_d4_k2,ent_139,mentions,semantic
edge_smt_140,ch1_d4_k2,ent_140,mentions,semantic
edge_smt_141,ch1_d4_k3,ent_141,mentions,semantic
edge_smt_142,ch1_d4_k3,ent_142,mentions,semantic
edge_smt_143,ch1_d4_k3,ent_143,mentions,semantic
edge_smt_144,ch1_d4_k3,ent_144,mentions,semantic
edge_smt_145,ch1_d4_k3,ent_145,mentions,semantic
edge_smt_146,ch1_d4_k3,ent_146,mentions,semantic
edge_smt_147,ch1_d4_k4,ent_147,mentions,semantic
edge_smt_148,ch1_d4_k4,ent_148,mentions,semantic
edge_smt_149,ch1_d4_k4,ent_149,mentions,semantic
edge_smt_150,ch1_d4_k4,ent_150,mentions,semantic
edge_smt_151,ch1_d4_k4,ent_151,mentions,semantic
edge_smt_152,ch1_d4_k4,ent_152,mentions,semantic
edge_smt_153,ch1_d4_k4,ent_153,mentions,semantic
edge_smt_154,ch1_d4_k4,ent_154,mentions,semantic
edge_smt_155,ch1_d4_k6,ent_155,mentions,semantic
edge_smt_156,ch1_d4_k6,ent_156,mentions,semantic
edge_smt_157,ch1_d4_k6,ent_157,mentions,semantic
edge_smt_158,ch1_d4_k6,ent_158,mentions,semantic
edge_smt_159,ch1_d4_k6,ent_159,mentions,semantic
edge_smt_160,ch1_d4_k6,ent_160,mentions,semantic
edge_smt_161,ch1_d4_k6,ent_161,mentions,semantic
edge_smt_162,ch1_d4_k7,ent_162,mentions,semantic
edge_smt_163,ch1_d4_k7,ent_163,mentions,semantic
edge_smt_164,ch1_d4_k7,ent_164,mentions,semantic
edge_smt_165,ch1_d4_k7,ent_165,mentions,semantic
edge_smt_166,ch1_d4_k7,ent_166,mentions,semantic
edge_smt_167,ch1_d4_k7,ent_167,mentions,semantic
edge_smt_168,ch1_d5_k1,ent_168,mentions,semantic
edge_smt_169,ch1_d5_k1,ent_169,mentions,semantic
edge_smt_170,ch1_d5_k1,ent_170,mentions,semantic
edge_smt_171,ch1_d5_k1,ent_171,mentions,semantic
edge_smt_172,ch1_d5_k1,ent_172,mentions,semantic
edge_smt_173,ch1_d5_k1,ent_173,mentions,semantic
edge_smt_174,ch1_d5_k1,ent_174,mentions,semantic
edge_smt_175,ch1_d5_k1,ent_175,mentions,semantic
edge_smt_176,ch1_d5_k1,ent_176,mentions,semantic
edge_smt_177,ch1_d5_k1,ent_177,mentions,semantic
edge_smt_178,ch1_d5_k1,ent_178,mentions,semantic
edge_smt_179,ch1_d5_k1,ent_179,mentions,semantic
edge_smt_180,ch1_d5_k1,ent_180,mentions,semantic
edge_smt_181,ch1_d5_k1,ent_181,mentions,semantic
edge_smt_182,ch1_d5_k1,ent_182,mentions,semantic
edge_smt_183,ch1_d5_k1,ent_183,mentions,semantic
edge_smt_184,ch1_d5_k1,ent_184,mentions,semantic
edge_smt_185,ch1_d5_k1,ent_185,mentions,semantic
edge_smt_186,ch1_d5_k1,ent_186,mentions,semantic
edge_smt_187,ch1_d5_k1,ent_187,mentions,semantic
edge_smt_188,ch1_d5_k1,ent_188,mentions,semantic
edge_smt_189,ch1_d5_k1,ent_189,mentions,semantic
edge_smt_190,ch1_d5_k1,ent_190,mentions,semantic
edge_smt_191,ch1_d5_k1,ent_191,mentions,semantic
edge_smt_192,ch1_d5_k1,ent_192,mentions,semantic
edge_smt_193,ch1_d5_k1,ent_193,mentions,semantic
edge_smt_194,ch1_d5_k1,ent_194,mentions,semantic
edge_smt_195,ch1_d5_k1,ent_195,mentions,semantic
edge_smt_196,ch1_d5_k1,ent_196,mentions,semantic
edge_smt_197,ch1_d5_k1,ent_197,mentions,semantic
edge_smt_198,ch1_d5_k1,ent_198,mentions,semantic
edge_smt_199,ch1_d5_k1,ent_199,mentions,semantic
edge_smt_200,ch1_d5_k1,ent_200,mentions,semantic
edge_smt_201,ch1_d5_k1,ent_201,mentions,semantic
edge_smt_202,ch1_d5_k1,ent_202,mentions,semantic
edge_smt_203,ch1_d5_k1,ent_203,mentions,semantic
edge_smt_204,ch1_d5_k1,ent_204,mentions,semantic
edge_smt_205,ch1_d5_k1,ent_205,mentions,semantic
edge_smt_206,ch1_d5_k1,ent_206,mentions,semantic
edge_smt_207,ch1_d5_k1,ent_207,mentions,semantic
edge_smt_208,ch1_d5_k1,ent_208,mentions,semantic
edge_smt_209,ch1_d5_k1,ent_209,mentions,semantic
edge_smt_210,ch1_d5_k1,ent_210,mentions,semantic
edge_smt_211,ch1_d5_k1_a,ent_211,mentions,semantic
edge_smt_212,ch1_d5_k1_a,ent_212,mentions,semantic
edge_smt_213,ch1_d5_k1_a,ent_213,mentions,semantic
edge_smt_214,ch1_d5_k1_a,ent_214,mentions,semantic
edge_smt_215,ch1_d5_k1_a,ent_215,mentions,semantic
edge_smt_216,ch1_d5_k1_a,ent_216,mentions,semantic
edge_smt_217,ch1_d5_k1_a,ent_217,mentions,semantic
edge_smt_218,ch1_d5_k1_a,ent_218,mentions,semantic
edge_smt_219,ch1_d5_k1_a,ent_219,mentions,semantic
edge_smt_220,ch1_d5_k1_b,ent_220,mentions,semantic
edge_smt_221,ch1_d5_k1_b,ent_221,mentions,semantic
edge_smt_222,ch1_d5_k1_b,ent_222,mentions,semantic
edge_smt_223,ch1_d5_k1_b,ent_223,mentions,semantic
edge_smt_224,ch1_d5_k1_b,ent_224,mentions,semantic
edge_smt_225,ch1_d5_k1_b,ent_225,mentions,semantic
edge_smt_226,ch1_d5_k1_b,ent_226,mentions,semantic
edge_smt_227,ch1_d5_k1_b,ent_227,mentions,semantic
edge_smt_228,ch1_d5_k1_b,ent_228,mentions,semantic
edge_smt_229,ch1_d5_k1_b,ent_229,mentions,semantic
edge_smt_230,ch1_d5_k1_b,ent_230,mentions,semantic
edge_smt_231,ch1_d5_k1_c,ent_231,mentions,semantic
edge_smt_232,ch1_d5_k1_c,ent_232,mentions,semantic
edge_smt_233,ch1_d5_k1_c,ent_233,mentions,semantic
edge_smt_234,ch1_d5_k1_c,ent_234,mentions,semantic
edge_smt_235,ch1_d5_k1_c,ent_235,mentions,semantic
edge_smt_236,ch1_d5_k1_c,ent_236,mentions,semantic
edge_smt_237,ch1_d5_k1_c,ent_237,mentions,semantic
edge_smt_238,ch1_d5_k1_c,ent_238,mentions,semantic
edge_smt_239,ch1_d5_k1_c,ent_239,mentions,semantic
edge_smt_240,ch1_d5_k1_c,ent_240,mentions,semantic
edge_smt_241,ch1_d5_k1_c,ent_241,mentions,semantic
edge_smt_242,ch1_d5_k1_c,ent_242,mentions,semantic
edge_smt_243,ch1_d5_k1_c,ent_243,mentions,semantic
edge_smt_244,ch1_d5_k1_c,ent_244,mentions,semantic
edge_smt_245,ch1_d5_k1_c,ent_245,mentions,semantic
edge_smt_246,ch1_d5_k1_c,ent_246,mentions,semantic
edge_smt_247,ch1_d5_k1_c,ent_247,mentions,semantic
edge_smt_248,ch1_d5_k1_c,ent_248,mentions,semantic
edge_smt_249,ch1_d5_k1_c,ent_249,mentions,semantic
edge_smt_250,ch1_d5_k1_d,ent_250,mentions,semantic
edge_smt_251,ch1_d5_k1_d,ent_251,mentions,semantic
edge_smt_252,ch1_d5_k1_d,ent_252,mentions,semantic
edge_smt_253,ch1_d5_k1_đ,ent_253,mentions,semantic
edge_smt_254,ch1_d5_k1_đ,ent_254,mentions,semantic
edge_smt_255,ch1_d5_k1_đ,ent_255,mentions,semantic
edge_smt_256,ch1_d5_k1_đ,ent_256,mentions,semantic
edge_smt_257,ch1_d5_k1_e,ent_257,mentions,semantic
edge_smt_258,ch1_d5_k1_g,ent_258,mentions,semantic
edge_smt_259,ch1_d5_k1_g,ent_259,mentions,semantic
edge_smt_260,ch1_d5_k2,ent_260,mentions,semantic
edge_smt_261,ch1_d5_k2,ent_261,mentions,semantic
edge_smt_262,ch1_d5_k2,ent_262,mentions,semantic
edge_smt_263,ch1_d5_k2,ent_263,mentions,semantic
edge_smt_264,ch1_d5_k2,ent_264,mentions,semantic
edge_smt_265,ch1_d5_k2,ent_265,mentions,semantic
edge_smt_266,ch1_d5_k2,ent_266,mentions,semantic
edge_smt_267,ch1_d5_k2,ent_267,mentions,semantic
edge_smt_268,ch1_d5_k2,ent_268,mentions,semantic
edge_smt_269,ch1_d5_k2,ent_269,mentions,semantic
edge_smt_270,ch1_d5_k2,ent_270,mentions,semantic
edge_smt_271,ch1_d5_k2,ent_271,mentions,semantic
edge_smt_272,ch1_d5_k2,ent_272,mentions,semantic
edge_smt_273,ch1_d5_k2,ent_273,mentions,semantic
edge_smt_274,ch1_d5_k2,ent_274,mentions,semantic
edge_smt_275,ch1_d5_k2,ent_275,mentions,semantic
edge_smt_276,ch1_d5_k2,ent_276,mentions,semantic
edge_smt_277,ch1_d5_k2,ent_277,mentions,semantic
edge_smt_278,ch1_d5_k2,ent_278,mentions,semantic
edge_smt_279,ch1_d5_k2,ent_279,mentions,semantic
edge_smt_280,ch1_d5_k2,ent_280,mentions,semantic
edge_smt_281,ch1_d5_k2_a,ent_281,mentions,semantic
edge_smt_282,ch1_d5_k2_a,ent_282,mentions,semantic
edge_smt_283,ch1_d5_k2_a,ent_283,mentions,semantic
edge_smt_284,ch1_d5_k2_a,ent_284,mentions,semantic
edge_smt_285,ch1_d5_k2_a,ent_285,mentions,semantic
edge_smt_286,ch1_d5_k2_b,ent_286,mentions,semantic
edge_smt_287,ch1_d5_k2_b,ent_287,mentions,semantic
edge_smt_288,ch1_d5_k2_b,ent_288,mentions,semantic
edge_smt_289,ch1_d5_k2_b,ent_289,mentions,semantic
edge_smt_290,ch1_d5_k2_b,ent_290,mentions,semantic
edge_smt_291,ch1_d5_k2_b,ent_291,mentions,semantic
edge_smt_292,ch1_d5_k2_c,ent_292,mentions,semantic
edge_smt_293,ch1_d5_k2_c,ent_293,mentions,semantic
edge_smt_294,ch1_d5_k2_c,ent_294,mentions,semantic
edge_smt_295,ch1_d5_k2_c,ent_295,mentions,semantic
edge_smt_296,ch1_d5_k2_c,ent_296,mentions,semantic
edge_smt_297,ch1_d5_k2_c,ent_297,mentions,semantic
edge_smt_298,ch1_d5_k2_c,ent_298,mentions,semantic
edge_smt_299,ch1_d5_k2_c,ent_299,mentions,semantic
edge_smt_300,ch1_d6_k1,ent_300,mentions,semantic
edge_smt_301,ch1_d6_k1,ent_301,mentions,semantic
edge_smt_302,ch1_d6_k1,ent_302,mentions,semantic
edge_smt_303,ch1_d6_k1,ent_303,mentions,semantic
edge_smt_304,ch1_d6_k1,ent_304,mentions,semantic
edge_smt_305,ch1_d6_k1,ent_305,mentions,semantic
edge_smt_306,ch1_d6_k1,ent_306,mentions,semantic
edge_smt_307,ch1_d6_k1,ent_307,mentions,semantic
edge_smt_308,ch1_d6_k1,ent_308,mentions,semantic
edge_smt_309,ch1_d6_k1,ent_309,mentions,semantic
edge_smt_310,ch1_d6_k1,ent_310,mentions,semantic
edge_smt_311,ch1_d6_k1,ent_311,mentions,semantic
edge_smt_312,ch1_d6_k1,ent_312,mentions,semantic
edge_smt_313,ch1_d6_k1,ent_313,mentions,semantic
edge_smt_314,ch1_d6_k1,ent_314,mentions,semantic
edge_smt_315,ch1_d6_k1,ent_315,mentions,semantic
edge_smt_316,ch1_d6_k1,ent_316,mentions,semantic
edge_smt_317,ch1_d6_k1,ent_317,mentions,semantic
edge_smt_318,ch1_d6_k1,ent_318,mentions,semantic
edge_smt_319,ch1_d6_k1,ent_319,mentions,semantic
edge_smt_320,ch1_d6_k1,ent_320,mentions,semantic
edge_smt_321,ch1_d6_k1,ent_321,mentions,semantic
edge_smt_322,ch1_d6_k1,ent_322,mentions,semantic
edge_smt_323,ch1_d6_k1,ent_323,mentions,semantic
edge_smt_324,ch1_d6_k1,ent_324,mentions,semantic
edge_smt_325,ch1_d6_k1,ent_325,mentions,semantic
edge_smt_326,ch1_d6_k1,ent_326,mentions,semantic
edge_smt_327,ch1_d6_k1,ent_327,mentions,semantic
edge_smt_328,ch1_d6_k1,ent_328,mentions,semantic
edge_smt_329,ch1_d6_k1,ent_329,mentions,semantic
edge_smt_330,ch1_d6_k1,ent_330,mentions,semantic
edge_smt_331,ch1_d6_k1,ent_331,mentions,semantic
edge_smt_332,ch1_d6_k1,ent_332,mentions,semantic
edge_smt_333,ch1_d6_k1,ent_333,mentions,semantic
edge_smt_334,ch1_d6_k1,ent_334,mentions,semantic
edge_smt_335,ch1_d6_k1_a,ent_335,mentions,semantic
edge_smt_336,ch1_d6_k1_a,ent_336,mentions,semantic
edge_smt_337,ch1_d6_k1_a,ent_337,mentions,semantic
edge_smt_338,ch1_d6_k1_b,ent_338,mentions,semantic
edge_smt_339,ch1_d6_k1_b,ent_339,mentions,semantic
edge_smt_340,ch1_d6_k1_b,ent_340,mentions,semantic
edge_smt_341,ch1_d6_k1_b,ent_341,mentions,semantic
edge_smt_342,ch1_d6_k1_b,ent_342,mentions,semantic
edge_smt_343,ch1_d6_k1_b,ent_343,mentions,semantic
edge_smt_344,ch1_d6_k1_b,ent_344,mentions,semantic
edge_smt_345,ch1_d6_k1_b,ent_345,mentions,semantic
edge_smt_346,ch1_d6_k1_b,ent_346,mentions,semantic
edge_smt_347,ch1_d6_k1_b,ent_347,mentions,semantic
edge_smt_348,ch1_d6_k1_c,ent_348,mentions,semantic
edge_smt_349,ch1_d6_k1_c,ent_349,mentions,semantic
edge_smt_350,ch1_d6_k1_c,ent_350,mentions,semantic
edge_smt_351,ch1_d6_k1_c,ent_351,mentions,semantic
edge_smt_352,ch1_d6_k1_c,ent_352,mentions,semantic
edge_smt_353,ch1_d6_k1_c,ent_353,mentions,semantic
edge_smt_354,ch1_d6_k1_c,ent_354,mentions,semantic
edge_smt_355,ch1_d6_k1_c,ent_355,mentions,semantic
edge_smt_356,ch1_d6_k1_c,ent_356,mentions,semantic
edge_smt_357,ch1_d6_k1_c,ent_357,mentions,semantic
edge_smt_358,ch1_d6_k1_c,ent_358,mentions,semantic
edge_smt_359,ch1_d6_k1_c,ent_359,mentions,semantic
edge_smt_360,ch1_d6_k1_c,ent_360,mentions,semantic
edge_smt_361,ch1_d6_k1_c,ent_361,mentions,semantic
edge_smt_362,ch1_d6_k1_c,ent_362,mentions,semantic
edge_smt_363,ch1_d6_k1_c,ent_363,mentions,semantic
edge_smt_364,ch1_d6_k1_c,ent_364,mentions,semantic
edge_smt_365,ch1_d6_k1_c,ent_365,mentions,semantic
edge_smt_366,ch1_d6_k1_c,ent_366,mentions,semantic
edge_smt_367,ch1_d6_k1_c,ent_367,mentions,semantic
edge_smt_368,ch1_d6_k1_c,ent_368,mentions,semantic
edge_smt_369,ch1_d6_k1_c,ent_369,mentions,semantic
edge_smt_370,ch1_d6_k1_d,ent_370,mentions,semantic
edge_smt_371,ch1_d6_k1_d,ent_371,mentions,semantic
edge_smt_372,ch1_d6_k1_đ,ent_372,mentions,semantic
edge_smt_373,ch1_d6_k1_đ,ent_373,mentions,semantic
edge_smt_374,ch1_d6_k2,ent_374,mentions,semantic
edge_smt_375,ch1_d6_k2,ent_375,mentions,semantic
edge_smt_376,ch1_d6_k2,ent_376,mentions,semantic
edge_smt_377,ch1_d6_k2,ent_377,mentions,semantic
edge_smt_378,ch1_d6_k2,ent_378,mentions,semantic
edge_smt_379,ch1_d6_k2,ent_379,mentions,semantic
edge_smt_380,ch1_d6_k2,ent_380,mentions,semantic
edge_smt_381,ch1_d6_k2,ent_381,mentions,semantic
edge_smt_382,ch1_d6_k2,ent_382,mentions,semantic
edge_smt_383,ch1_d6_k2,ent_383,mentions,semantic
edge_smt_384,ch1_d6_k2,ent_384,mentions,semantic
edge_smt_385,ch1_d6_k2,ent_385,mentions,semantic
edge_smt_386,ch1_d6_k2,ent_386,mentions,semantic
edge_smt_387,ch1_d6_k2,ent_387,mentions,semantic
edge_smt_388,ch1_d6_k2,ent_388,mentions,semantic
edge_smt_389,ch1_d6_k2,ent_389,mentions,semantic
edge_smt_390,ch1_d6_k2,ent_390,mentions,semantic
edge_smt_391,ch1_d6_k2,ent_391,mentions,semantic
edge_smt_392,ch1_d6_k2,ent_392,mentions,semantic
edge_smt_393,ch1_d6_k2,ent_393,mentions,semantic
edge_smt_394,ch1_d6_k2,ent_394,mentions,semantic
edge_smt_395,ch1_d6_k2,ent_395,mentions,semantic
edge_smt_396,ch1_d6_k2,ent_396,mentions,semantic
edge_smt_397,ch1_d6_k2,ent_397,mentions,semantic
edge_smt_398,ch1_d6_k2,ent_398,mentions,semantic
edge_smt_399,ch1_d6_k2,ent_399,mentions,semantic
edge_smt_400,ch1_d6_k2,ent_400,mentions,semantic
edge_smt_401,ch1_d6_k2,ent_401,mentions,semantic
edge_smt_402,ch1_d6_k2,ent_402,mentions,semantic
edge_smt_403,ch1_d6_k2,ent_403,mentions,semantic
edge_smt_404,ch1_d6_k2,ent_404,mentions,semantic
edge_smt_405,ch1_d6_k2,ent_405,mentions,semantic
edge_smt_406,ch1_d6_k2,ent_406,mentions,semantic
edge_smt_407,ch1_d6_k2,ent_407,mentions,semantic
edge_smt_408,ch1_d6_k2,ent_408,mentions,semantic
edge_smt_409,ch1_d6_k2_a,ent_409,mentions,semantic
edge_smt_410,ch1_d6_k2_a,ent_410,mentions,semantic
edge_smt_411,ch1_d6_k2_a,ent_411,mentions,semantic
edge_smt_412,ch1_d6_k2_a,ent_412,mentions,semantic
edge_smt_413,ch1_d6_k2_a,ent_413,mentions,semantic
edge_smt_414,ch1_d6_k2_a,ent_414,mentions,semantic
edge_smt_415,ch1_d6_k2_a,ent_415,mentions,semantic
edge_smt_416,ch1_d6_k2_b,ent_416,mentions,semantic
edge_smt_417,ch1_d6_k2_b,ent_417,mentions,semantic
edge_smt_418,ch1_d6_k2_b,ent_418,mentions,semantic
edge_smt_419,ch1_d6_k2_b,ent_419,mentions,semantic
edge_smt_420,ch1_d6_k2_b,ent_420,mentions,semantic
edge_smt_421,ch1_d6_k2_b,ent_421,mentions,semantic
edge_smt_422,ch1_d6_k2_b,ent_422,mentions,semantic
edge_smt_423,ch1_d6_k2_b,ent_423,mentions,semantic
edge_smt_424,ch1_d6_k2_b,ent_424,mentions,semantic
edge_smt_425,ch1_d6_k2_b,ent_425,mentions,semantic
edge_smt_426,ch1_d6_k2_b,ent_426,mentions,semantic
edge_smt_427,ch1_d6_k2_b,ent_427,mentions,semantic
edge_smt_428,ch1_d6_k2_c,ent_428,mentions,semantic
edge_smt_429,ch1_d6_k2_c,ent_429,mentions,semantic
edge_smt_430,ch1_d6_k2_c,ent_430,mentions,semantic
edge_smt_431,ch1_d6_k2_d,ent_431,mentions,semantic
edge_smt_432,ch1_d6_k2_d,ent_432,mentions,semantic
edge_smt_433,ch1_d6_k2_d,ent_433,mentions,semantic
edge_smt_434,ch1_d6_k2_d,ent_434,mentions,semantic
edge_smt_435,ch1_d6_k2_d,ent_435,mentions,semantic
edge_smt_436,ch1_d6_k2_d,ent_436,mentions,semantic
edge_smt_437,ch1_d6_k2_d,ent_437,mentions,semantic
edge_smt_438,ch1_d6_k2_d,ent_438,mentions,semantic
edge_smt_439,ch1_d6_k2_d,ent_439,mentions,semantic
edge_smt_440,ch1_d6_k2_d,ent_440,mentions,semantic
edge_smt_441,ch1_d6_k2_d,ent_441,mentions,semantic
edge_smt_442,ch1_d6_k2_d,ent_442,mentions,semantic
edge_smt_443,ch1_d6_k2_đ,ent_443,mentions,semantic
edge_smt_444,ch1_d6_k2_đ,ent_444,mentions,semantic
edge_smt_445,ch1_d7_k1,ent_445,mentions,semantic
edge_smt_446,ch1_d7_k1,ent_446,mentions,semantic
edge_smt_447,ch1_d7_k1,ent_447,mentions,semantic
edge_smt_448,ch1_d7_k1,ent_448,mentions,semantic
edge_smt_449,ch1_d7_k2,ent_449,mentions,semantic
edge_smt_450,ch1_d7_k2,ent_450,mentions,semantic
edge_smt_451,ch1_d7_k2,ent_451,mentions,semantic
edge_smt_452,ch1_d7_k2,ent_452,mentions,semantic
edge_smt_453,ch1_d7_k2,ent_453,mentions,semantic
edge_smt_454,ch1_d7_k2,ent_454,mentions,semantic
edge_smt_455,ch1_d7_k2,ent_455,mentions,semantic
edge_smt_456,ch1_d7_k2,ent_456,mentions,semantic
edge_smt_457,ch1_d7_k2,ent_457,mentions,semantic
edge_smt_458,ch1_d7_k2,ent_458,mentions,semantic
edge_smt_459,ch1_d7_k2,ent_459,mentions,semantic
edge_smt_460,ch1_d7_k2,ent_460,mentions,semantic
edge_smt_461,ch1_d7_k2,ent_461,mentions,semantic
edge_smt_462,ch1_d7_k2,ent_462,mentions,semantic
edge_smt_463,ch1_d7_k3,ent_463,mentions,semantic
edge_smt_464,ch1_d7_k3,ent_464,mentions,semantic
edge_smt_465,ch1_d7_k3,ent_465,mentions,semantic
edge_smt_466,ch1_d7_k3,ent_466,mentions,semantic
edge_smt_467,ch1_d7_k3,ent_467,mentions,semantic
edge_smt_468,ch1_d7_k3,ent_468,mentions,semantic
edge_smt_469,ch1_d7_k3,ent_469,mentions,semantic
edge_smt_470,ch1_d7_k4,ent_470,mentions,semantic
edge_smt_471,ch1_d7_k4,ent_471,mentions,semantic
edge_smt_472,ch1_d7_k4,ent_472,mentions,semantic
edge_smt_473,ch1_d7_k4,ent_473,mentions,semantic
edge_smt_474,ch1_d7_k4,ent_474,mentions,semantic
edge_smt_475,ch1_d7_k4,ent_475,mentions,semantic
edge_smt_476,ch1_d7_k4,ent_476,mentions,semantic
edge_smt_477,ch1_d7_k4,ent_477,mentions,semantic
edge_smt_478,ch1_d7_k4,ent_478,mentions,semantic
edge_smt_479,ch1_d7_k4,ent_479,mentions,semantic
edge_smt_480,ch1_d7_k4,ent_480,mentions,semantic
edge_smt_481,ch1_d8_k1,ent_481,mentions,semantic
edge_smt_482,ch1_d8_k1,ent_482,mentions,semantic
edge_smt_483,ch1_d8_k2,ent_483,mentions,semantic
edge_smt_484,ch1_d8_k2,ent_484,mentions,semantic
edge_smt_485,ch1_d8_k2,ent_485,mentions,semantic
edge_smt_486,ch1_d8_k3,ent_486,mentions,semantic
edge_smt_487,ch1_d8_k3,ent_487,mentions,semantic
edge_smt_488,ch1_d8_k4,ent_488,mentions,semantic
edge_smt_489,ch1_d8_k4,ent_489,mentions,semantic
edge_smt_490,ch1_d8_k4,ent_490,mentions,semantic
edge_smt_491,ch1_d8_k4,ent_491,mentions,semantic
edge_smt_492,ch1_d8_k4,ent_492,mentions,semantic
edge_smt_493,ch1_d8_k4,ent_493,mentions,semantic
edge_smt_494,ch1_d8_k5,ent_494,mentions,semantic
edge_smt_495,ch1_d8_k5,ent_495,mentions,semantic
edge_smt_496,ch1_d8_k5,ent_496,mentions,semantic
edge_smt_497,ch1_d8_k6,ent_497,mentions,semantic
edge_smt_498,ch1_d8_k6,ent_498,mentions,semantic
edge_smt_499,ch1_d8_k6,ent_499,mentions,semantic
edge_smt_500,ch1_d8_k6,ent_500,mentions,semantic
edge_smt_501,ch1_d8_k6,ent_501,mentions,semantic
edge_smt_502,ch1_d8_k6,ent_502,mentions,semantic
edge_smt_503,ch1_d8_k6,ent_503,mentions,semantic
edge_smt_504,ch1_d8_k6,ent_504,mentions,semantic
edge_smt_505,ch1_d8_k6,ent_505,mentions,semantic
edge_smt_506,ch1_d8_k6,ent_506,mentions,semantic
edge_smt_507,ch1_d8_k6,ent_507,mentions,semantic
edge_smt_508,ch1_d8_k6,ent_508,mentions,semantic
edge_smt_509,ch1_d8_k7,ent_509,mentions,semantic
edge_smt_510,ch2_d9_k1,ent_510,mentions,semantic
edge_smt_511,ch2_d9_k1,ent_511,mentions,semantic
edge_smt_512,ch2_d9_k2,ent_512,mentions,semantic
edge_smt_513,ch2_d9_k2,ent_513,mentions,semantic
edge_smt_514,ch2_d9_k2,ent_514,mentions,semantic
edge_smt_515,ch2_d9_k2,ent_515,mentions,semantic
edge_smt_516,ch2_d9_k2,ent_516,mentions,semantic
edge_smt_517,ch2_d10_k1,ent_517,mentions,semantic
edge_smt_518,ch2_d10_k1,ent_518,mentions,semantic
edge_smt_519,ch2_d10_k1,ent_519,mentions,semantic
edge_smt_520,ch2_d10_k1,ent_520,mentions,semantic
edge_smt_521,ch2_d10_k2,ent_521,mentions,semantic
edge_smt_522,ch2_d10_k2,ent_522,mentions,semantic
edge_smt_523,ch2_d10_k2,ent_523,mentions,semantic
edge_smt_524,ch2_d10_k2,ent_524,mentions,semantic
edge_smt_525,ch2_d10_k2,ent_525,mentions,semantic
edge_smt_526,ch2_d11_k1,ent_526,mentions,semantic
edge_smt_527,ch2_d11_k1,ent_527,mentions,semantic
edge_smt_528,ch2_d11_k1,ent_528,mentions,semantic
edge_smt_529,ch2_d11_k1,ent_529,mentions,semantic
edge_smt_530,ch2_d11_k1,ent_530,mentions,semantic
edge_smt_531,ch2_d11_k1,ent_531,mentions,semantic
edge_smt_532,ch2_d11_k2,ent_532,mentions,semantic
edge_smt_533,ch2_d11_k2,ent_533,mentions,semantic
edge_smt_534,ch2_d11_k2,ent_534,mentions,semantic
edge_smt_535,ch2_d11_k2,ent_535,mentions,semantic
edge_smt_536,ch2_d12_k1,ent_536,mentions,semantic
edge_smt_537,ch2_d12_k1,ent_537,mentions,semantic
edge_smt_538,ch2_d12_k1,ent_538,mentions,semantic
edge_smt_539,ch2_d12_k2,ent_539,mentions,semantic
edge_smt_540,ch2_d12_k2,ent_540,mentions,semantic
edge_smt_541,ch2_d12_k2,ent_541,mentions,semantic
edge_smt_542,ch2_d12_k2,ent_542,mentions,semantic
edge_smt_543,ch2_d12_k2,ent_543,mentions,semantic
edge_smt_544,ch2_d12_k2,ent_544,mentions,semantic
edge_smt_545,ch2_d12_k2,ent_545,mentions,semantic
edge_smt_546,ch2_d12_k2,ent_546,mentions,semantic
edge_smt_547,ch2_d12_k3,ent_547,mentions,semantic
edge_smt_548,ch3_muc1_d13_k1,ent_548,mentions,semantic
edge_smt_549,ch3_muc1_d13_k1,ent_549,mentions,semantic
edge_smt_550,ch3_muc1_d13_k1,ent_550,mentions,semantic
edge_smt_551,ch3_muc1_d13_k1,ent_551,mentions,semantic
edge_smt_552,ch3_muc1_d13_k1,ent_552,mentions,semantic
edge_smt_553,ch3_muc1_d13_k1,ent_553,mentions,semantic
edge_smt_554,ch3_muc1_d13_k1,ent_554,mentions,semantic
edge_smt_555,ch3_muc1_d13_k1,ent_555,mentions,semantic
edge_smt_556,ch3_muc1_d13_k1,ent_556,mentions,semantic
edge_smt_557,ch3_muc1_d13_k1,ent_557,mentions,semantic
edge_smt_558,ch3_muc1_d13_k1,ent_558,mentions,semantic
edge_smt_559,ch3_muc1_d13_k1,ent_559,mentions,semantic
edge_smt_560,ch3_muc1_d13_k1,ent_560,mentions,semantic
edge_smt_561,ch3_muc1_d13_k1,ent_561,mentions,semantic
edge_smt_562,ch3_muc1_d13_k1,ent_562,mentions,semantic
edge_smt_563,ch3_muc1_d13_k1,ent_563,mentions,semantic
edge_smt_564,ch3_muc1_d13_k1,ent_564,mentions,semantic
edge_smt_565,ch3_muc1_d13_k1,ent_565,mentions,semantic
edge_smt_566,ch3_muc1_d13_k1,ent_566,mentions,semantic
edge_smt_567,ch3_muc1_d13_k1,ent_567,mentions,semantic
edge_smt_568,ch3_muc1_d13_k1,ent_568,mentions,semantic
edge_smt_569,ch3_muc1_d13_k1,ent_569,mentions,semantic
edge_smt_570,ch3_muc1_d13_k2,ent_570,mentions,semantic
edge_smt_571,ch3_muc1_d13_k2,ent_571,mentions,semantic
edge_smt_572,ch3_muc1_d13_k2,ent_572,mentions,semantic
edge_smt_573,ch3_muc1_d13_k2,ent_573,mentions,semantic
edge_smt_574,ch3_muc1_d13_k2,ent_574,mentions,semantic
edge_smt_575,ch3_muc1_d13_k2,ent_575,mentions,semantic
edge_smt_576,ch3_muc1_d13_k2,ent_576,mentions,semantic
edge_smt_577,ch3_muc1_d13_k2,ent_577,mentions,semantic
edge_smt_578,ch3_muc1_d14_k1,ent_578,mentions,semantic
edge_smt_579,ch3_muc1_d14_k1,ent_579,mentions,semantic
edge_smt_580,ch3_muc1_d14_k1,ent_580,mentions,semantic
edge_smt_581,ch3_muc1_d14_k1,ent_581,mentions,semantic
edge_smt_582,ch3_muc1_d14_k1,ent_582,mentions,semantic
edge_smt_583,ch3_muc1_d14_k1,ent_583,mentions,semantic
edge_smt_584,ch3_muc1_d14_k1,ent_584,mentions,semantic
edge_smt_585,ch3_muc1_d14_k1,ent_585,mentions,semantic
edge_smt_586,ch3_muc1_d14_k1,ent_586,mentions,semantic
edge_smt_587,ch3_muc1_d14_k1,ent_587,mentions,semantic
edge_smt_588,ch3_muc1_d14_k1,ent_588,mentions,semantic
edge_smt_589,ch3_muc1_d14_k2,ent_589,mentions,semantic
edge_smt_590,ch3_muc1_d14_k2,ent_590,mentions,semantic
edge_smt_591,ch3_muc1_d14_k2,ent_591,mentions,semantic
edge_smt_592,ch3_muc1_d14_k2,ent_592,mentions,semantic
edge_smt_593,ch3_muc1_d14_k2,ent_593,mentions,semantic
edge_smt_594,ch3_muc1_d14_k2,ent_594,mentions,semantic
edge_smt_595,ch3_muc1_d14_k2,ent_595,mentions,semantic
edge_smt_596,ch3_muc1_d14_k2,ent_596,mentions,semantic
edge_smt_597,ch3_muc1_d14_k2,ent_597,mentions,semantic
edge_smt_598,ch3_muc1_d14_k2,ent_598,mentions,semantic
edge_smt_599,ch3_muc1_d14_k2,ent_599,mentions,semantic
edge_smt_600,ch3_muc1_d14_k2,ent_600,mentions,semantic
edge_smt_601,ch3_muc1_d14_k2,ent_601,mentions,semantic
edge_smt_602,ch3_muc1_d14_k2,ent_602,mentions,semantic
edge_smt_603,ch3_muc1_d14_k2,ent_603,mentions,semantic
edge_smt_604,ch3_muc1_d14_k2,ent_604,mentions,semantic
edge_smt_605,ch3_muc1_d14_k2,ent_605,mentions,semantic
edge_smt_606,ch3_muc1_d14_k2,ent_606,mentions,semantic
edge_smt_607,ch3_muc1_d15_k2,ent_607,mentions,semantic
edge_smt_608,ch3_muc1_d15_k2,ent_608,mentions,semantic
edge_smt_609,ch3_muc1_d15_k2,ent_609,mentions,semantic
edge_smt_610,ch3_muc1_d15_k2,ent_610,mentions,semantic
edge_smt_611,ch3_muc1_d15_k2,ent_611,mentions,semantic
edge_smt_612,ch3_muc1_d16_k1,ent_612,mentions,semantic
edge_smt_613,ch3_muc1_d16_k1,ent_613,mentions,semantic
edge_smt_614,ch3_muc1_d16_k1,ent_614,mentions,semantic
edge_smt_615,ch3_muc1_d16_k1,ent_615,mentions,semantic
edge_smt_616,ch3_muc1_d16_k1,ent_616,mentions,semantic
edge_smt_617,ch3_muc1_d16_k1,ent_617,mentions,semantic
edge_smt_618,ch3_muc1_d16_k1,ent_618,mentions,semantic
edge_smt_619,ch3_muc1_d16_k1,ent_619,mentions,semantic
edge_smt_620,ch3_muc1_d16_k1,ent_620,mentions,semantic
edge_smt_621,ch3_muc1_d16_k1,ent_621,mentions,semantic
edge_smt_622,ch3_muc1_d16_k1,ent_622,mentions,semantic
edge_smt_623,ch3_muc1_d16_k1,ent_623,mentions,semantic
edge_smt_624,ch3_muc1_d16_k1,ent_624,mentions,semantic
edge_smt_625,ch3_muc1_d16_k1,ent_625,mentions,semantic
edge_smt_626,ch3_muc1_d16_k1,ent_626,mentions,semantic
edge_smt_627,ch3_muc1_d16_k1,ent_627,mentions,semantic
edge_smt_628,ch3_muc1_d16_k1,ent_628,mentions,semantic
edge_smt_629,ch3_muc1_d16_k1,ent_629,mentions,semantic
edge_smt_630,ch3_muc1_d16_k1,ent_630,mentions,semantic
edge_smt_631,ch3_muc1_d16_k1,ent_631,mentions,semantic
edge_smt_632,ch3_muc1_d16_k1,ent_632,mentions,semantic
edge_smt_633,ch3_muc1_d16_k1,ent_633,mentions,semantic
edge_smt_634,ch3_muc1_d16_k1,ent_634,mentions,semantic
edge_smt_635,ch3_muc1_d16_k1,ent_635,mentions,semantic
edge_smt_636,ch3_muc1_d16_k1,ent_636,mentions,semantic
edge_smt_637,ch3_muc1_d16_k2,ent_637,mentions,semantic
edge_smt_638,ch3_muc1_d16_k2,ent_638,mentions,semantic
edge_smt_639,ch3_muc1_d16_k2,ent_639,mentions,semantic
edge_smt_640,ch3_muc1_d16_k2,ent_640,mentions,semantic
edge_smt_641,ch3_muc1_d16_k2,ent_641,mentions,semantic
edge_smt_642,ch3_muc1_d16_k2,ent_642,mentions,semantic
edge_smt_643,ch3_muc1_d16_k2,ent_643,mentions,semantic
edge_smt_644,ch3_muc1_d16_k2,ent_644,mentions,semantic
edge_smt_645,ch3_muc1_d17_k1,ent_645,mentions,semantic
edge_smt_646,ch3_muc1_d17_k1,ent_646,mentions,semantic
edge_smt_647,ch3_muc1_d17_k2,ent_647,mentions,semantic
edge_smt_648,ch3_muc1_d17_k2,ent_648,mentions,semantic
edge_smt_649,ch3_muc1_d17_k2,ent_649,mentions,semantic
edge_smt_650,ch3_muc1_d17_k2,ent_650,mentions,semantic
edge_smt_651,ch3_muc1_d17_k2,ent_651,mentions,semantic
edge_smt_652,ch3_muc1_d17_k2,ent_652,mentions,semantic
edge_smt_653,ch3_muc1_d17_k2,ent_653,mentions,semantic
edge_smt_654,ch3_muc1_d17_k2,ent_654,mentions,semantic
edge_smt_655,ch3_muc1_d17_k3,ent_655,mentions,semantic
edge_smt_656,ch3_muc1_d17_k3,ent_656,mentions,semantic
edge_smt_657,ch3_muc1_d17_k3,ent_657,mentions,semantic
edge_smt_658,ch3_muc1_d17_k3,ent_658,mentions,semantic
edge_smt_659,ch3_muc1_d17_k3,ent_659,mentions,semantic
edge_smt_660,ch3_muc1_d17_k3,ent_660,mentions,semantic
edge_smt_661,ch3_muc1_d18_k1,ent_661,mentions,semantic
edge_smt_662,ch3_muc1_d18_k1,ent_662,mentions,semantic
edge_smt_663,ch3_muc1_d18_k1,ent_663,mentions,semantic
edge_smt_664,ch3_muc1_d18_k1,ent_664,mentions,semantic
edge_smt_665,ch3_muc1_d18_k2,ent_665,mentions,semantic
edge_smt_666,ch3_muc1_d18_k2,ent_666,mentions,semantic
edge_smt_667,ch3_muc1_d18_k2,ent_667,mentions,semantic
edge_smt_668,ch3_muc1_d18_k2,ent_668,mentions,semantic
edge_smt_669,ch3_muc1_d18_k2,ent_669,mentions,semantic
edge_smt_670,ch3_muc1_d18_k2,ent_670,mentions,semantic
edge_smt_671,ch3_muc1_d18_k2,ent_671,mentions,semantic
edge_smt_672,ch3_muc1_d18_k2,ent_672,mentions,semantic
edge_smt_673,ch3_muc1_d18_k2,ent_673,mentions,semantic
edge_smt_674,ch3_muc1_d18_k2,ent_674,mentions,semantic
edge_smt_675,ch3_muc1_d18_k2,ent_675,mentions,semantic
edge_smt_676,ch3_muc1_d18_k2,ent_676,mentions,semantic
edge_smt_677,ch3_muc1_d18_k2,ent_677,mentions,semantic
edge_smt_678,ch3_muc1_d18_k2,ent_678,mentions,semantic
edge_smt_679,ch3_muc1_d18_k2,ent_679,mentions,semantic
edge_smt_680,ch3_muc1_d18_k2,ent_680,mentions,semantic
edge_smt_681,ch3_muc1_d18_k2,ent_681,mentions,semantic
edge_smt_682,ch3_muc1_d18_k2,ent_682,mentions,semantic
edge_smt_683,ch3_muc1_d18_k2,ent_683,mentions,semantic
edge_smt_684,ch3_muc1_d18_k2,ent_684,mentions,semantic
edge_smt_685,ch3_muc1_d18_k2,ent_685,mentions,semantic
edge_smt_686,ch3_muc1_d18_k3,ent_686,mentions,semantic
edge_smt_687,ch3_muc1_d18_k3,ent_687,mentions,semantic
edge_smt_688,ch3_muc1_d18_k3,ent_688,mentions,semantic
edge_smt_689,ch3_muc1_d18_k3,ent_689,mentions,semantic
edge_smt_690,ch3_muc1_d18_k3,ent_690,mentions,semantic
edge_smt_691,ch3_muc1_d18_k3,ent_691,mentions,semantic
edge_smt_692,ch3_muc1_d18_k3,ent_692,mentions,semantic
edge_smt_693,ch3_muc1_d18_k3,ent_693,mentions,semantic
edge_smt_694,ch3_muc1_d18_k3,ent_694,mentions,semantic
edge_smt_695,ch3_muc1_d18_k3,ent_695,mentions,semantic
edge_smt_696,ch3_muc1_d18_k3,ent_696,mentions,semantic
edge_smt_697,ch3_muc1_d18_k3,ent_697,mentions,semantic
edge_smt_698,ch3_muc1_d18_k3,ent_698,mentions,semantic
edge_smt_699,ch3_muc1_d18_k3,ent_699,mentions,semantic
edge_smt_700,ch3_muc1_d18_k3,ent_700,mentions,semantic
edge_smt_701,ch3_muc1_d18_k3,ent_701,mentions,semantic
edge_smt_702,ch3_muc1_d18_k3,ent_702,mentions,semantic
edge_smt_703,ch3_muc1_d18_k3,ent_703,mentions,semantic
edge_smt_704,ch3_muc1_d18_k3,ent_704,mentions,semantic
edge_smt_705,ch3_muc1_d18_k3_a,ent_705,mentions,semantic
edge_smt_706,ch3_muc1_d18_k3_a,ent_706,mentions,semantic
edge_smt_707,ch3_muc1_d18_k3_a,ent_707,mentions,semantic
edge_smt_708,ch3_muc1_d18_k3_b,ent_708,mentions,semantic
edge_smt_709,ch3_muc1_d18_k3_b,ent_709,mentions,semantic
edge_smt_710,ch3_muc1_d18_k3_b,ent_710,mentions,semantic
edge_smt_711,ch3_muc1_d18_k3_c,ent_711,mentions,semantic
edge_smt_712,ch3_muc1_d18_k3_c,ent_712,mentions,semantic
edge_smt_713,ch3_muc1_d18_k3_c,ent_713,mentions,semantic
edge_smt_714,ch3_muc1_d18_k3_c,ent_714,mentions,semantic
edge_smt_715,ch3_muc1_d18_k3_c,ent_715,mentions,semantic
edge_smt_716,ch3_muc1_d18_k3_c,ent_716,mentions,semantic
edge_smt_717,ch3_muc1_d18_k3_c,ent_717,mentions,semantic
edge_smt_718,ch3_muc1_d18_k3_d,ent_718,mentions,semantic
edge_smt_719,ch3_muc1_d18_k4,ent_719,mentions,semantic
edge_smt_720,ch3_muc1_d18_k4,ent_720,mentions,semantic
edge_smt_721,ch3_muc1_d18_k4,ent_721,mentions,semantic
edge_smt_722,ch3_muc1_d18_k4,ent_722,mentions,semantic
edge_smt_723,ch3_muc1_d18_k4,ent_723,mentions,semantic
edge_smt_724,ch3_muc1_d18_k4,ent_724,mentions,semantic
edge_smt_725,ch3_muc1_d18_k4,ent_725,mentions,semantic
edge_smt_726,ch3_muc1_d18_k4,ent_726,mentions,semantic
edge_smt_727,ch3_muc1_d18_k4,ent_727,mentions,semantic
edge_smt_728,ch3_muc1_d18_k4,ent_728,mentions,semantic
edge_smt_729,ch3_muc1_d18_k4,ent_729,mentions,semantic
edge_smt_730,ch3_muc1_d18_k4,ent_730,mentions,semantic
edge_smt_731,ch3_muc1_d18_k4,ent_731,mentions,semantic
edge_smt_732,ch3_muc1_d18_k4,ent_732,mentions,semantic
edge_smt_733,ch3_muc1_d18_k4,ent_733,mentions,semantic
edge_smt_734,ch3_muc1_d18_k4,ent_734,mentions,semantic
edge_smt_735,ch3_muc1_d18_k4,ent_735,mentions,semantic
edge_smt_736,ch3_muc1_d18_k4,ent_736,mentions,semantic
edge_smt_737,ch3_muc1_d18_k4_a,ent_737,mentions,semantic
edge_smt_738,ch3_muc1_d18_k4_a,ent_738,mentions,semantic
edge_smt_739,ch3_muc1_d18_k4_b,ent_739,mentions,semantic
edge_smt_740,ch3_muc1_d18_k4_b,ent_740,mentions,semantic
edge_smt_741,ch3_muc1_d18_k4_b,ent_741,mentions,semantic
edge_smt_742,ch3_muc1_d18_k4_c,ent_742,mentions,semantic
edge_smt_743,ch3_muc1_d18_k4_c,ent_743,mentions,semantic
edge_smt_744,ch3_muc1_d18_k4_d,ent_744,mentions,semantic
edge_smt_745,ch3_muc1_d18_k4_d,ent_745,mentions,semantic
edge_smt_746,ch3_muc1_d18_k4_d,ent_746,mentions,semantic
edge_smt_747,ch3_muc1_d18_k4_d,ent_747,mentions,semantic
edge_smt_748,ch3_muc1_d18_k4_d,ent_748,mentions,semantic
edge_smt_749,ch3_muc1_d18_k4_d,ent_749,mentions,semantic
edge_smt_750,ch3_muc1_d18_k5,ent_750,mentions,semantic
edge_smt_751,ch3_muc1_d18_k5,ent_751,mentions,semantic
edge_smt_752,ch3_muc1_d18_k5,ent_752,mentions,semantic
edge_smt_753,ch3_muc1_d18_k5,ent_753,mentions,semantic
edge_smt_754,ch3_muc1_d18_k5,ent_754,mentions,semantic
edge_smt_755,ch3_muc1_d19_k1,ent_755,mentions,semantic
edge_smt_756,ch3_muc1_d19_k1,ent_756,mentions,semantic
edge_smt_757,ch3_muc1_d19_k1,ent_757,mentions,semantic
edge_smt_758,ch3_muc1_d19_k1,ent_758,mentions,semantic
edge_smt_759,ch3_muc1_d19_k1,ent_759,mentions,semantic
edge_smt_760,ch3_muc1_d19_k1,ent_760,mentions,semantic
edge_smt_761,ch3_muc1_d19_k1,ent_761,mentions,semantic
edge_smt_762,ch3_muc1_d19_k1,ent_762,mentions,semantic
edge_smt_763,ch3_muc1_d19_k1,ent_763,mentions,semantic
edge_smt_764,ch3_muc1_d19_k2,ent_764,mentions,semantic
edge_smt_765,ch3_muc1_d19_k2,ent_765,mentions,semantic
edge_smt_766,ch3_muc1_d19_k2,ent_766,mentions,semantic
edge_smt_767,ch3_muc1_d19_k2,ent_767,mentions,semantic
edge_smt_768,ch3_muc1_d19_k2,ent_768,mentions,semantic
edge_smt_769,ch3_muc1_d19_k2,ent_769,mentions,semantic
edge_smt_770,ch3_muc1_d19_k2,ent_770,mentions,semantic
edge_smt_771,ch3_muc1_d19_k2,ent_771,mentions,semantic
edge_smt_772,ch3_muc1_d19_k2,ent_772,mentions,semantic
edge_smt_773,ch3_muc1_d19_k2,ent_773,mentions,semantic
edge_smt_774,ch3_muc1_d19_k2,ent_774,mentions,semantic
edge_smt_775,ch3_muc1_d19_k2,ent_775,mentions,semantic
edge_smt_776,ch3_muc1_d19_k2,ent_776,mentions,semantic
edge_smt_777,ch3_muc1_d19_k2,ent_777,mentions,semantic
edge_smt_778,ch3_muc1_d19_k2,ent_778,mentions,semantic
edge_smt_779,ch3_muc1_d19_k2,ent_779,mentions,semantic
edge_smt_780,ch3_muc1_d19_k2,ent_780,mentions,semantic
edge_smt_781,ch3_muc1_d19_k2,ent_781,mentions,semantic
edge_smt_782,ch3_muc1_d20_k1,ent_782,mentions,semantic
edge_smt_783,ch3_muc1_d20_k1,ent_783,mentions,semantic
edge_smt_784,ch3_muc1_d20_k1,ent_784,mentions,semantic
edge_smt_785,ch3_muc1_d20_k1,ent_785,mentions,semantic
edge_smt_786,ch3_muc1_d20_k1,ent_786,mentions,semantic
edge_smt_787,ch3_muc1_d20_k1,ent_787,mentions,semantic
edge_smt_788,ch3_muc1_d20_k1,ent_788,mentions,semantic
edge_smt_789,ch3_muc1_d20_k1,ent_789,mentions,semantic
edge_smt_790,ch3_muc1_d20_k1,ent_790,mentions,semantic
edge_smt_791,ch3_muc1_d20_k1,ent_791,mentions,semantic
edge_smt_792,ch3_muc1_d20_k1,ent_792,mentions,semantic
edge_smt_793,ch3_muc1_d20_k1,ent_793,mentions,semantic
edge_smt_794,ch3_muc1_d20_k1,ent_794,mentions,semantic
edge_smt_795,ch3_muc1_d20_k1_a,ent_795,mentions,semantic
edge_smt_796,ch3_muc1_d20_k1_a,ent_796,mentions,semantic
edge_smt_797,ch3_muc1_d20_k1_a,ent_797,mentions,semantic
edge_smt_798,ch3_muc1_d20_k1_a,ent_798,mentions,semantic
edge_smt_799,ch3_muc1_d20_k1_b,ent_799,mentions,semantic
edge_smt_800,ch3_muc1_d20_k1_b,ent_800,mentions,semantic
edge_smt_801,ch3_muc1_d20_k1_b,ent_801,mentions,semantic
edge_smt_802,ch3_muc1_d20_k1_b,ent_802,mentions,semantic
edge_smt_803,ch3_muc1_d20_k1_b,ent_803,mentions,semantic
edge_smt_804,ch3_muc1_d20_k1_b,ent_804,mentions,semantic
edge_smt_805,ch3_muc1_d20_k2,ent_805,mentions,semantic
edge_smt_806,ch3_muc1_d20_k2,ent_806,mentions,semantic
edge_smt_807,ch3_muc1_d20_k2,ent_807,mentions,semantic
edge_smt_808,ch3_muc1_d20_k2,ent_808,mentions,semantic
edge_smt_809,ch3_muc1_d20_k2,ent_809,mentions,semantic
edge_smt_810,ch3_muc1_d20_k2,ent_810,mentions,semantic
edge_smt_811,ch3_muc1_d20_k2,ent_811,mentions,semantic
edge_smt_812,ch3_muc1_d20_k2,ent_812,mentions,semantic
edge_smt_813,ch3_muc1_d20_k2,ent_813,mentions,semantic
edge_smt_814,ch3_muc1_d20_k2,ent_814,mentions,semantic
edge_smt_815,ch3_muc1_d20_k2,ent_815,mentions,semantic
edge_smt_816,ch3_muc1_d20_k2,ent_816,mentions,semantic
edge_smt_817,ch3_muc1_d20_k2,ent_817,mentions,semantic
edge_smt_818,ch3_muc1_d20_k2,ent_818,mentions,semantic
edge_smt_819,ch3_muc1_d20_k2,ent_819,mentions,semantic
edge_smt_820,ch3_muc1_d20_k2,ent_820,mentions,semantic
edge_smt_821,ch3_muc1_d20_k2,ent_821,mentions,semantic
edge_smt_822,ch3_muc1_d20_k2,ent_822,mentions,semantic
edge_smt_823,ch3_muc1_d20_k2,ent_823,mentions,semantic
edge_smt_824,ch3_muc1_d20_k2,ent_824,mentions,semantic
edge_smt_825,ch3_muc1_d20_k2,ent_825,mentions,semantic
edge_smt_826,ch3_muc1_d20_k2,ent_826,mentions,semantic
edge_smt_827,ch3_muc1_d20_k2,ent_827,mentions,semantic
edge_smt_828,ch3_muc1_d20_k2,ent_828,mentions,semantic
edge_smt_829,ch3_muc1_d20_k2,ent_829,mentions,semantic
edge_smt_830,ch3_muc1_d20_k2,ent_830,mentions,semantic
edge_smt_831,ch3_muc1_d20_k2,ent_831,mentions,semantic
edge_smt_832,ch3_muc1_d20_k2,ent_832,mentions,semantic
edge_smt_833,ch3_muc1_d20_k2,ent_833,mentions,semantic
edge_smt_834,ch3_muc1_d20_k2,ent_834,mentions,semantic
edge_smt_835,ch3_muc1_d20_k2,ent_835,mentions,semantic
edge_smt_836,ch3_muc1_d20_k2,ent_836,mentions,semantic
edge_smt_837,ch3_muc1_d20_k2,ent_837,mentions,semantic
edge_smt_838,ch3_muc1_d20_k2,ent_838,mentions,semantic
edge_smt_839,ch3_muc1_d20_k2,ent_839,mentions,semantic
edge_smt_840,ch3_muc1_d20_k2,ent_840,mentions,semantic
edge_smt_841,ch3_muc1_d20_k2,ent_841,mentions,semantic
edge_smt_842,ch3_muc1_d20_k2,ent_842,mentions,semantic
edge_smt_843,ch3_muc1_d20_k2,ent_843,mentions,semantic
edge_smt_844,ch3_muc1_d20_k2,ent_844,mentions,semantic
edge_smt_845,ch3_muc1_d20_k2,ent_845,mentions,semantic
edge_smt_846,ch3_muc1_d20_k2,ent_846,mentions,semantic
edge_smt_847,ch3_muc1_d20_k2,ent_847,mentions,semantic
edge_smt_848,ch3_muc1_d20_k2,ent_848,mentions,semantic
edge_smt_849,ch3_muc1_d20_k2,ent_849,mentions,semantic
edge_smt_850,ch3_muc1_d20_k2,ent_850,mentions,semantic
edge_smt_851,ch3_muc1_d20_k2,ent_851,mentions,semantic
edge_smt_852,ch3_muc1_d20_k2,ent_852,mentions,semantic
edge_smt_853,ch3_muc1_d20_k2,ent_853,mentions,semantic
edge_smt_854,ch3_muc1_d20_k2,ent_854,mentions,semantic
edge_smt_855,ch3_muc1_d20_k2,ent_855,mentions,semantic
edge_smt_856,ch3_muc1_d20_k2,ent_856,mentions,semantic
edge_smt_857,ch3_muc1_d20_k2,ent_857,mentions,semantic
edge_smt_858,ch3_muc1_d20_k2,ent_858,mentions,semantic
edge_smt_859,ch3_muc1_d20_k2,ent_859,mentions,semantic
edge_smt_860,ch3_muc1_d20_k2,ent_860,mentions,semantic
edge_smt_861,ch3_muc1_d20_k2,ent_861,mentions,semantic
edge_smt_862,ch3_muc1_d20_k2,ent_862,mentions,semantic
edge_smt_863,ch3_muc1_d20_k2,ent_863,mentions,semantic
edge_smt_864,ch3_muc1_d20_k2,ent_864,mentions,semantic
edge_smt_865,ch3_muc1_d20_k2,ent_865,mentions,semantic
edge_smt_866,ch3_muc1_d20_k2_a,ent_866,mentions,semantic
edge_smt_867,ch3_muc1_d20_k2_a,ent_867,mentions,semantic
edge_smt_868,ch3_muc1_d20_k2_a,ent_868,mentions,semantic
edge_smt_869,ch3_muc1_d20_k2_a,ent_869,mentions,semantic
edge_smt_870,ch3_muc1_d20_k2_a,ent_870,mentions,semantic
edge_smt_871,ch3_muc1_d20_k2_a,ent_871,mentions,semantic
edge_smt_872,ch3_muc1_d20_k2_a,ent_872,mentions,semantic
edge_smt_873,ch3_muc1_d20_k2_a,ent_873,mentions,semantic
edge_smt_874,ch3_muc1_d20_k2_a,ent_874,mentions,semantic
edge_smt_875,ch3_muc1_d20_k2_a,ent_875,mentions,semantic
edge_smt_876,ch3_muc1_d20_k2_a,ent_876,mentions,semantic
edge_smt_877,ch3_muc1_d20_k2_a,ent_877,mentions,semantic
edge_smt_878,ch3_muc1_d20_k2_a,ent_878,mentions,semantic
edge_smt_879,ch3_muc1_d20_k2_a,ent_879,mentions,semantic
edge_smt_880,ch3_muc1_d20_k2_a,ent_880,mentions,semantic
edge_smt_881,ch3_muc1_d20_k2_a,ent_881,mentions,semantic
edge_smt_882,ch3_muc1_d20_k2_b,ent_882,mentions,semantic
edge_smt_883,ch3_muc1_d20_k2_b,ent_883,mentions,semantic
edge_smt_884,ch3_muc1_d20_k2_b,ent_884,mentions,semantic
edge_smt_885,ch3_muc1_d20_k2_b,ent_885,mentions,semantic
edge_smt_886,ch3_muc1_d20_k2_b,ent_886,mentions,semantic
edge_smt_887,ch3_muc1_d20_k2_b,ent_887,mentions,semantic
edge_smt_888,ch3_muc1_d20_k2_b,ent_888,mentions,semantic
edge_smt_889,ch3_muc1_d20_k2_b,ent_889,mentions,semantic
edge_smt_890,ch3_muc1_d20_k2_b,ent_890,mentions,semantic
edge_smt_891,ch3_muc1_d20_k2_b,ent_891,mentions,semantic
edge_smt_892,ch3_muc1_d20_k2_b,ent_892,mentions,semantic
edge_smt_893,ch3_muc1_d20_k2_b,ent_893,mentions,semantic
edge_smt_894,ch3_muc1_d20_k2_b,ent_894,mentions,semantic
edge_smt_895,ch3_muc1_d20_k2_c,ent_895,mentions,semantic
edge_smt_896,ch3_muc1_d20_k2_c,ent_896,mentions,semantic
edge_smt_897,ch3_muc1_d20_k2_c,ent_897,mentions,semantic
edge_smt_898,ch3_muc1_d20_k2_c,ent_898,mentions,semantic
edge_smt_899,ch3_muc1_d20_k2_c,ent_899,mentions,semantic
edge_smt_900,ch3_muc1_d20_k2_c,ent_900,mentions,semantic
edge_smt_901,ch3_muc1_d20_k2_c,ent_901,mentions,semantic
edge_smt_902,ch3_muc1_d20_k2_c,ent_902,mentions,semantic
edge_smt_903,ch3_muc1_d20_k2_c,ent_903,mentions,semantic
edge_smt_904,ch3_muc1_d20_k2_c,ent_904,mentions,semantic
edge_smt_905,ch3_muc1_d20_k2_c,ent_905,mentions,semantic
edge_smt_906,ch3_muc1_d20_k2_c,ent_906,mentions,semantic
edge_smt_907,ch3_muc1_d20_k2_c,ent_907,mentions,semantic
edge_smt_908,ch3_muc1_d20_k2_c,ent_908,mentions,semantic
edge_smt_909,ch3_muc1_d20_k2_c,ent_909,mentions,semantic
edge_smt_910,ch3_muc1_d20_k2_c,ent_910,mentions,semantic
edge_smt_911,ch3_muc1_d20_k2_c,ent_911,mentions,semantic
edge_smt_912,ch3_muc1_d20_k2_c,ent_912,mentions,semantic
edge_smt_913,ch3_muc1_d20_k2_c,ent_913,mentions,semantic
edge_smt_914,ch3_muc1_d20_k2_c,ent_914,mentions,semantic
edge_smt_915,ch3_muc1_d20_k2_c,ent_915,mentions,semantic
edge_smt_916,ch3_muc1_d20_k2_c,ent_916,mentions,semantic
edge_smt_917,ch3_muc1_d20_k2_c,ent_917,mentions,semantic
edge_smt_918,ch3_muc1_d20_k2_c,ent_918,mentions,semantic
edge_smt_919,ch3_muc1_d21_k1,ent_919,mentions,semantic
edge_smt_920,ch3_muc1_d21_k1,ent_920,mentions,semantic
edge_smt_921,ch3_muc1_d21_k1,ent_921,mentions,semantic
edge_smt_922,ch3_muc1_d21_k1,ent_922,mentions,semantic
edge_smt_923,ch3_muc1_d21_k1,ent_923,mentions,semantic
edge_smt_924,ch3_muc1_d21_k1,ent_924,mentions,semantic
edge_smt_925,ch3_muc1_d21_k1,ent_925,mentions,semantic
edge_smt_926,ch3_muc1_d21_k1,ent_926,mentions,semantic
edge_smt_927,ch3_muc1_d21_k1,ent_927,mentions,semantic
edge_smt_928,ch3_muc1_d21_k1,ent_928,mentions,semantic
edge_smt_929,ch3_muc1_d21_k1,ent_929,mentions,semantic
edge_smt_930,ch3_muc1_d21_k1,ent_930,mentions,semantic
edge_smt_931,ch3_muc1_d21_k1,ent_931,mentions,semantic
edge_smt_932,ch3_muc1_d21_k1,ent_932,mentions,semantic
edge_smt_933,ch3_muc1_d21_k1,ent_933,mentions,semantic
edge_smt_934,ch3_muc1_d21_k1,ent_934,mentions,semantic
edge_smt_935,ch3_muc1_d21_k1,ent_935,mentions,semantic
edge_smt_936,ch3_muc1_d21_k1,ent_936,mentions,semantic
edge_smt_937,ch3_muc1_d21_k1,ent_937,mentions,semantic
edge_smt_938,ch3_muc1_d21_k1,ent_938,mentions,semantic
edge_smt_939,ch3_muc1_d21_k1,ent_939,mentions,semantic
edge_smt_940,ch3_muc1_d21_k1,ent_940,mentions,semantic
edge_smt_941,ch3_muc1_d21_k1,ent_941,mentions,semantic
edge_smt_942,ch3_muc1_d21_k1,ent_942,mentions,semantic
edge_smt_943,ch3_muc1_d21_k1,ent_943,mentions,semantic
edge_smt_944,ch3_muc1_d21_k1,ent_944,mentions,semantic
edge_smt_945,ch3_muc1_d21_k1,ent_945,mentions,semantic
edge_smt_946,ch3_muc1_d21_k1,ent_946,mentions,semantic
edge_smt_947,ch3_muc1_d21_k1,ent_947,mentions,semantic
edge_smt_948,ch3_muc1_d21_k1,ent_948,mentions,semantic
edge_smt_949,ch3_muc1_d21_k1,ent_949,mentions,semantic
edge_smt_950,ch3_muc1_d21_k1,ent_950,mentions,semantic
edge_smt_951,ch3_muc1_d21_k1,ent_951,mentions,semantic
edge_smt_952,ch3_muc1_d21_k1,ent_952,mentions,semantic
edge_smt_953,ch3_muc1_d21_k1,ent_953,mentions,semantic
edge_smt_954,ch3_muc1_d21_k1_a,ent_954,mentions,semantic
edge_smt_955,ch3_muc1_d21_k1_a,ent_955,mentions,semantic
edge_smt_956,ch3_muc1_d21_k1_a,ent_956,mentions,semantic
edge_smt_957,ch3_muc1_d21_k1_a,ent_957,mentions,semantic
edge_smt_958,ch3_muc1_d21_k1_a,ent_958,mentions,semantic
edge_smt_959,ch3_muc1_d21_k1_a,ent_959,mentions,semantic
edge_smt_960,ch3_muc1_d21_k1_b,ent_960,mentions,semantic
edge_smt_961,ch3_muc1_d21_k1_b,ent_961,mentions,semantic
edge_smt_962,ch3_muc1_d21_k1_b,ent_962,mentions,semantic
edge_smt_963,ch3_muc1_d21_k1_b,ent_963,mentions,semantic
edge_smt_964,ch3_muc1_d21_k1_c,ent_964,mentions,semantic
edge_smt_965,ch3_muc1_d21_k1_c,ent_965,mentions,semantic
edge_smt_966,ch3_muc1_d21_k1_d,ent_966,mentions,semantic
edge_smt_967,ch3_muc1_d21_k1_d,ent_967,mentions,semantic
edge_smt_968,ch3_muc1_d21_k1_đ,ent_968,mentions,semantic
edge_smt_969,ch3_muc1_d21_k1_đ,ent_969,mentions,semantic
edge_smt_970,ch3_muc1_d21_k1_đ,ent_970,mentions,semantic
edge_smt_971,ch3_muc1_d21_k1_đ,ent_971,mentions,semantic
edge_smt_972,ch3_muc1_d21_k1_đ,ent_972,mentions,semantic
edge_smt_973,ch3_muc1_d21_k1_đ,ent_973,mentions,semantic
edge_smt_974,ch3_muc1_d21_k1_đ,ent_974,mentions,semantic
edge_smt_975,ch3_muc1_d21_k1_đ,ent_975,mentions,semantic
edge_smt_976,ch3_muc1_d21_k1_đ,ent_976,mentions,semantic
edge_smt_977,ch3_muc1_d21_k1_đ,ent_977,mentions,semantic
edge_smt_978,ch3_muc1_d21_k1_đ,ent_978,mentions,semantic
edge_smt_979,ch3_muc1_d21_k1_đ,ent_979,mentions,semantic
edge_smt_980,ch3_muc1_d21_k1_đ,ent_980,mentions,semantic
edge_smt_981,ch3_muc1_d21_k1_e,ent_981,mentions,semantic
edge_smt_982,ch3_muc1_d21_k1_e,ent_982,mentions,semantic
edge_smt_983,ch3_muc1_d21_k1_e,ent_983,mentions,semantic
edge_smt_984,ch3_muc1_d21_k1_g,ent_984,mentions,semantic
edge_smt_985,ch3_muc1_d21_k1_g,ent_985,mentions,semantic
edge_smt_986,ch3_muc1_d21_k1_g,ent_986,mentions,semantic
edge_smt_987,ch3_muc1_d21_k1_h,ent_987,mentions,semantic
edge_smt_988,ch3_muc1_d21_k1_h,ent_988,mentions,semantic
edge_smt_989,ch3_muc1_d21_k1_i,ent_989,mentions,semantic
edge_smt_990,ch3_muc1_d21_k1_i,ent_990,mentions,semantic
edge_smt_991,ch3_muc1_d21_k1_i,ent_991,mentions,semantic
edge_smt_992,ch3_muc1_d21_k1_i,ent_992,mentions,semantic
edge_smt_993,ch3_muc1_d21_k1_i,ent_993,mentions,semantic
edge_smt_994,ch3_muc1_d21_k1_i,ent_994,mentions,semantic
edge_smt_995,ch3_muc1_d21_k1_k,ent_995,mentions,semantic
edge_smt_996,ch3_muc1_d21_k2,ent_996,mentions,semantic
edge_smt_997,ch3_muc1_d21_k2,ent_997,mentions,semantic
edge_smt_998,ch3_muc1_d21_k2,ent_998,mentions,semantic
edge_smt_999,ch3_muc1_d21_k2,ent_999,mentions,semantic
edge_smt_1000,ch3_muc1_d21_k2,ent_1000,mentions,semantic
edge_smt_1001,ch3_muc1_d21_k2,ent_1001,mentions,semantic
edge_smt_1002,ch3_muc1_d21_k2,ent_1002,mentions,semantic
edge_smt_1003,ch3_muc1_d21_k2,ent_1003,mentions,semantic
edge_smt_1004,ch3_muc1_d21_k2,ent_1004,mentions,semantic
edge_smt_1005,ch3_muc1_d21_k2,ent_1005,mentions,semantic
edge_smt_1006,ch3_muc1_d21_k2,ent_1006,mentions,semantic
edge_smt_1007,ch3_muc1_d21_k2,ent_1007,mentions,semantic
edge_smt_1008,ch3_muc1_d21_k2,ent_1008,mentions,semantic
edge_smt_1009,ch3_muc1_d21_k2,ent_1009,mentions,semantic
edge_smt_1010,ch3_muc1_d21_k2,ent_1010,mentions,semantic
edge_smt_1011,ch3_muc1_d21_k2,ent_1011,mentions,semantic
edge_smt_1012,ch3_muc1_d21_k3,ent_1012,mentions,semantic
edge_smt_1013,ch3_muc1_d21_k3,ent_1013,mentions,semantic
edge_smt_1014,ch3_muc1_d21_k3,ent_1014,mentions,semantic
edge_smt_1015,ch3_muc1_d21_k3,ent_1015,mentions,semantic
edge_smt_1016,ch3_muc1_d21_k3,ent_1016,mentions,semantic
edge_smt_1017,ch3_muc1_d21_k3,ent_1017,mentions,semantic
edge_smt_1018,ch3_muc1_d21_k3,ent_1018,mentions,semantic
edge_smt_1019,ch3_muc1_d21_k3,ent_1019,mentions,semantic
edge_smt_1020,ch3_muc1_d21_k3,ent_1020,mentions,semantic
edge_smt_1021,ch3_muc1_d21_k3,ent_1021,mentions,semantic
edge_smt_1022,ch3_muc1_d21_k3,ent_1022,mentions,semantic
edge_smt_1023,ch3_muc1_d21_k4,ent_1023,mentions,semantic
edge_smt_1024,ch3_muc1_d21_k4,ent_1024,mentions,semantic
edge_smt_1025,ch3_muc1_d21_k4,ent_1025,mentions,semantic
edge_smt_1026,ch3_muc1_d21_k4,ent_1026,mentions,semantic
edge_smt_1027,ch3_muc1_d21_k4,ent_1027,mentions,semantic
edge_smt_1028,ch3_muc1_d21_k5,ent_1028,mentions,semantic
edge_smt_1029,ch3_muc1_d21_k5,ent_1029,mentions,semantic
edge_smt_1030,ch3_muc1_d21_k5,ent_1030,mentions,semantic
edge_smt_1031,ch3_muc1_d22_k1,ent_1031,mentions,semantic
edge_smt_1032,ch3_muc1_d22_k1,ent_1032,mentions,semantic
edge_smt_1033,ch3_muc1_d22_k1,ent_1033,mentions,semantic
edge_smt_1034,ch3_muc1_d22_k2,ent_1034,mentions,semantic
edge_smt_1035,ch3_muc1_d22_k2,ent_1035,mentions,semantic
edge_smt_1036,ch3_muc1_d22_k2,ent_1036,mentions,semantic
edge_smt_1037,ch3_muc1_d22_k2,ent_1037,mentions,semantic
edge_smt_1038,ch3_muc1_d22_k2,ent_1038,mentions,semantic
edge_smt_1039,ch3_muc1_d22_k2,ent_1039,mentions,semantic
edge_smt_1040,ch3_muc1_d22_k2,ent_1040,mentions,semantic
edge_smt_1041,ch3_muc1_d22_k2,ent_1041,mentions,semantic
edge_smt_1042,ch3_muc1_d22_k2,ent_1042,mentions,semantic
edge_smt_1043,ch3_muc1_d22_k2,ent_1043,mentions,semantic
edge_smt_1044,ch3_muc1_d22_k2,ent_1044,mentions,semantic
edge_smt_1045,ch3_muc1_d22_k2,ent_1045,mentions,semantic
edge_smt_1046,ch3_muc1_d22_k2,ent_1046,mentions,semantic
edge_smt_1047,ch3_muc1_d22_k2,ent_1047,mentions,semantic
edge_smt_1048,ch3_muc1_d22_k2,ent_1048,mentions,semantic
edge_smt_1049,ch3_muc1_d22_k2,ent_1049,mentions,semantic
edge_smt_1050,ch3_muc1_d22_k2,ent_1050,mentions,semantic
edge_smt_1051,ch3_muc1_d22_k2,ent_1051,mentions,semantic
edge_smt_1052,ch3_muc1_d24_k1,ent_1052,mentions,semantic
edge_smt_1053,ch3_muc1_d24_k1,ent_1053,mentions,semantic
edge_smt_1054,ch3_muc1_d24_k1,ent_1054,mentions,semantic
edge_smt_1055,ch3_muc1_d24_k1,ent_1055,mentions,semantic
edge_smt_1056,ch3_muc1_d24_k1,ent_1056,mentions,semantic
edge_smt_1057,ch3_muc1_d24_k2,ent_1057,mentions,semantic
edge_smt_1058,ch3_muc1_d24_k2,ent_1058,mentions,semantic
edge_smt_1059,ch3_muc1_d24_k2,ent_1059,mentions,semantic
edge_smt_1060,ch3_muc1_d24_k2,ent_1060,mentions,semantic
edge_smt_1061,ch3_muc1_d24_k3,ent_1061,mentions,semantic
edge_smt_1062,ch3_muc1_d24_k3,ent_1062,mentions,semantic
edge_smt_1063,ch3_muc1_d24_k3,ent_1063,mentions,semantic
edge_smt_1064,ch3_muc1_d24_k3,ent_1064,mentions,semantic
edge_smt_1065,ch3_muc1_d24_k3,ent_1065,mentions,semantic
edge_smt_1066,ch3_muc1_d25_k1,ent_1066,mentions,semantic
edge_smt_1067,ch3_muc1_d25_k1,ent_1067,mentions,semantic
edge_smt_1068,ch3_muc1_d25_k1,ent_1068,mentions,semantic
edge_smt_1069,ch3_muc1_d25_k1,ent_1069,mentions,semantic
edge_smt_1070,ch3_muc1_d25_k1,ent_1070,mentions,semantic
edge_smt_1071,ch3_muc1_d25_k1,ent_1071,mentions,semantic
edge_smt_1072,ch3_muc1_d25_k1,ent_1072,mentions,semantic
edge_smt_1073,ch3_muc1_d25_k1,ent_1073,mentions,semantic
edge_smt_1074,ch3_muc1_d25_k1,ent_1074,mentions,semantic
edge_smt_1075,ch3_muc1_d25_k1,ent_1075,mentions,semantic
edge_smt_1076,ch3_muc1_d25_k2,ent_1076,mentions,semantic
edge_smt_1077,ch3_muc1_d25_k2,ent_1077,mentions,semantic
edge_smt_1078,ch3_muc1_d25_k2,ent_1078,mentions,semantic
edge_smt_1079,ch3_muc1_d25_k2,ent_1079,mentions,semantic
edge_smt_1080,ch3_muc1_d25_k2,ent_1080,mentions,semantic
edge_smt_1081,ch3_muc1_d25_k2,ent_1081,mentions,semantic
edge_smt_1082,ch3_muc1_d25_k3,ent_1082,mentions,semantic
edge_smt_1083,ch3_muc1_d25_k3,ent_1083,mentions,semantic
edge_smt_1084,ch3_muc1_d25_k3,ent_1084,mentions,semantic
edge_smt_1085,ch3_muc1_d25_k3,ent_1085,mentions,semantic
edge_smt_1086,ch3_muc1_d25_k3,ent_1086,mentions,semantic
edge_smt_1087,ch3_muc1_d25_k3,ent_1087,mentions,semantic
edge_smt_1088,ch3_muc1_d25_k4,ent_1088,mentions,semantic
edge_smt_1089,ch3_muc1_d25_k4,ent_1089,mentions,semantic
edge_smt_1090,ch3_muc1_d25_k4,ent_1090,mentions,semantic
edge_smt_1091,ch3_muc1_d25_k4,ent_1091,mentions,semantic
edge_smt_1092,ch3_muc1_d25_k4,ent_1092,mentions,semantic
edge_smt_1093,ch3_muc1_d27_k1,ent_1093,mentions,semantic
edge_smt_1094,ch3_muc1_d27_k1,ent_1094,mentions,semantic
edge_smt_1095,ch3_muc1_d27_k1,ent_1095,mentions,semantic
edge_smt_1096,ch3_muc1_d27_k1,ent_1096,mentions,semantic
edge_smt_1097,ch3_muc1_d27_k1,ent_1097,mentions,semantic
edge_smt_1098,ch3_muc1_d27_k1,ent_1098,mentions,semantic
edge_smt_1099,ch3_muc1_d27_k1,ent_1099,mentions,semantic
edge_smt_1100,ch3_muc1_d27_k1,ent_1100,mentions,semantic
edge_smt_1101,ch3_muc1_d27_k1,ent_1101,mentions,semantic
edge_smt_1102,ch3_muc1_d27_k1,ent_1102,mentions,semantic
edge_smt_1103,ch3_muc1_d27_k1,ent_1103,mentions,semantic
edge_smt_1104,ch3_muc1_d27_k1,ent_1104,mentions,semantic
edge_smt_1105,ch3_muc1_d27_k1,ent_1105,mentions,semantic
edge_smt_1106,ch3_muc1_d27_k1,ent_1106,mentions,semantic
edge_smt_1107,ch3_muc1_d27_k1,ent_1107,mentions,semantic
edge_smt_1108,ch3_muc1_d27_k1,ent_1108,mentions,semantic
edge_smt_1109,ch3_muc1_d27_k1,ent_1109,mentions,semantic
edge_smt_1110,ch3_muc1_d27_k1,ent_1110,mentions,semantic
edge_smt_1111,ch3_muc1_d27_k1,ent_1111,mentions,semantic
edge_smt_1112,ch3_muc1_d27_k1,ent_1112,mentions,semantic
edge_smt_1113,ch3_muc1_d27_k1,ent_1113,mentions,semantic
edge_smt_1114,ch3_muc1_d27_k1,ent_1114,mentions,semantic
edge_smt_1115,ch3_muc1_d27_k1,ent_1115,mentions,semantic
edge_smt_1116,ch3_muc1_d27_k1,ent_1116,mentions,semantic
edge_smt_1117,ch3_muc1_d27_k1,ent_1117,mentions,semantic
edge_smt_1118,ch3_muc1_d27_k1,ent_1118,mentions,semantic
edge_smt_1119,ch3_muc1_d27_k1,ent_1119,mentions,semantic
edge_smt_1120,ch3_muc1_d27_k1,ent_1120,mentions,semantic
edge_smt_1121,ch3_muc1_d27_k1,ent_1121,mentions,semantic
edge_smt_1122,ch3_muc1_d27_k1,ent_1122,mentions,semantic
edge_smt_1123,ch3_muc1_d27_k1,ent_1123,mentions,semantic
edge_smt_1124,ch3_muc1_d27_k2,ent_1124,mentions,semantic
edge_smt_1125,ch3_muc1_d27_k2,ent_1125,mentions,semantic
edge_smt_1126,ch3_muc1_d27_k2,ent_1126,mentions,semantic
edge_smt_1127,ch3_muc1_d27_k2,ent_1127,mentions,semantic
edge_smt_1128,ch3_muc1_d27_k2,ent_1128,mentions,semantic
edge_smt_1129,ch3_muc1_d27_k2,ent_1129,mentions,semantic
edge_smt_1130,ch3_muc2_d29_k1,ent_1130,mentions,semantic
edge_smt_1131,ch3_muc2_d29_k1,ent_1131,mentions,semantic
edge_smt_1132,ch3_muc2_d29_k1,ent_1132,mentions,semantic
edge_smt_1133,ch3_muc2_d29_k1,ent_1133,mentions,semantic
edge_smt_1134,ch3_muc2_d29_k1,ent_1134,mentions,semantic
edge_smt_1135,ch3_muc2_d29_k1,ent_1135,mentions,semantic
edge_smt_1136,ch3_muc2_d29_k1,ent_1136,mentions,semantic
edge_smt_1137,ch3_muc2_d29_k1,ent_1137,mentions,semantic
edge_smt_1138,ch3_muc2_d29_k1,ent_1138,mentions,semantic
edge_smt_1139,ch3_muc2_d29_k1,ent_1139,mentions,semantic
edge_smt_1140,ch3_muc2_d29_k1,ent_1140,mentions,semantic
edge_smt_1141,ch3_muc2_d29_k1,ent_1141,mentions,semantic
edge_smt_1142,ch3_muc2_d29_k1,ent_1142,mentions,semantic
edge_smt_1143,ch3_muc2_d29_k1,ent_1143,mentions,semantic
edge_smt_1144,ch3_muc2_d29_k1,ent_1144,mentions,semantic
edge_smt_1145,ch3_muc2_d29_k1,ent_1145,mentions,semantic
edge_smt_1146,ch3_muc2_d29_k1,ent_1146,mentions,semantic
edge_smt_1147,ch3_muc2_d29_k1,ent_1147,mentions,semantic
edge_smt_1148,ch3_muc2_d29_k1,ent_1148,mentions,semantic
edge_smt_1149,ch3_muc2_d29_k1,ent_1149,mentions,semantic
edge_smt_1150,ch3_muc2_d29_k1,ent_1150,mentions,semantic
edge_smt_1151,ch3_muc2_d29_k1,ent_1151,mentions,semantic
edge_smt_1152,ch3_muc2_d29_k1,ent_1152,mentions,semantic
edge_smt_1153,ch3_muc2_d29_k1,ent_1153,mentions,semantic
edge_smt_1154,ch3_muc2_d29_k1,ent_1154,mentions,semantic
edge_smt_1155,ch3_muc2_d29_k1,ent_1155,mentions,semantic
edge_smt_1156,ch3_muc2_d29_k1,ent_1156,mentions,semantic
edge_smt_1157,ch3_muc2_d29_k1,ent_1157,mentions,semantic
edge_smt_1158,ch3_muc2_d29_k1,ent_1158,mentions,semantic
edge_smt_1159,ch3_muc2_d29_k1,ent_1159,mentions,semantic
edge_smt_1160,ch3_muc2_d29_k1,ent_1160,mentions,semantic
edge_smt_1161,ch3_muc2_d29_k1,ent_1161,mentions,semantic
edge_smt_1162,ch3_muc2_d29_k2,ent_1162,mentions,semantic
edge_smt_1163,ch3_muc2_d29_k2,ent_1163,mentions,semantic
edge_smt_1164,ch3_muc2_d29_k2,ent_1164,mentions,semantic
edge_smt_1165,ch3_muc2_d29_k2,ent_1165,mentions,semantic
edge_smt_1166,ch3_muc2_d29_k2,ent_1166,mentions,semantic
edge_smt_1167,ch3_muc2_d29_k2,ent_1167,mentions,semantic
edge_smt_1168,ch3_muc2_d29_k2,ent_1168,mentions,semantic
edge_smt_1169,ch3_muc2_d29_k2,ent_1169,mentions,semantic
edge_smt_1170,ch3_muc2_d29_k2,ent_1170,mentions,semantic
edge_smt_1171,ch3_muc2_d29_k2,ent_1171,mentions,semantic
edge_smt_1172,ch3_muc2_d29_k2,ent_1172,mentions,semantic
edge_smt_1173,ch3_muc2_d29_k3,ent_1173,mentions,semantic
edge_smt_1174,ch3_muc2_d29_k3,ent_1174,mentions,semantic
edge_smt_1175,ch3_muc2_d29_k3,ent_1175,mentions,semantic
edge_smt_1176,ch3_muc2_d29_k3,ent_1176,mentions,semantic
edge_smt_1177,ch3_muc2_d29_k3,ent_1177,mentions,semantic
edge_smt_1178,ch3_muc2_d29_k3,ent_1178,mentions,semantic
edge_smt_1179,ch3_muc2_d29_k3,ent_1179,mentions,semantic
edge_smt_1180,ch3_muc2_d29_k3,ent_1180,mentions,semantic
edge_smt_1181,ch3_muc2_d29_k3,ent_1181,mentions,semantic
edge_smt_1182,ch3_muc2_d29_k3,ent_1182,mentions,semantic
edge_smt_1183,ch3_muc2_d29_k3,ent_1183,mentions,semantic
edge_smt_1184,ch3_muc2_d29_k3,ent_1184,mentions,semantic
edge_smt_1185,ch3_muc2_d29_k3,ent_1185,mentions,semantic
edge_smt_1186,ch3_muc2_d29_k3,ent_1186,mentions,semantic
edge_smt_1187,ch3_muc2_d29_k3,ent_1187,mentions,semantic
edge_smt_1188,ch3_muc2_d29_k3,ent_1188,mentions,semantic
edge_smt_1189,ch3_muc2_d29_k3,ent_1189,mentions,semantic
edge_smt_1190,ch3_muc2_d29_k3,ent_1190,mentions,semantic
edge_smt_1191,ch3_muc2_d29_k3,ent_1191,mentions,semantic
edge_smt_1192,ch3_muc2_d29_k3,ent_1192,mentions,semantic
edge_smt_1193,ch3_muc2_d29_k3,ent_1193,mentions,semantic
edge_smt_1194,ch3_muc2_d29_k3,ent_1194,mentions,semantic
edge_smt_1195,ch3_muc2_d29_k3,ent_1195,mentions,semantic
edge_smt_1196,ch3_muc2_d29_k3,ent_1196,mentions,semantic
edge_smt_1197,ch3_muc2_d29_k3,ent_1197,mentions,semantic
edge_smt_1198,ch3_muc2_d29_k3,ent_1198,mentions,semantic
edge_smt_1199,ch3_muc2_d29_k4,ent_1199,mentions,semantic
edge_smt_1200,ch3_muc2_d29_k4,ent_1200,mentions,semantic
edge_smt_1201,ch3_muc2_d29_k4,ent_1201,mentions,semantic
edge_smt_1202,ch3_muc2_d29_k4,ent_1202,mentions,semantic
edge_smt_1203,ch3_muc2_d29_k4,ent_1203,mentions,semantic
edge_smt_1204,ch3_muc2_d29_k4,ent_1204,mentions,semantic
edge_smt_1205,ch3_muc2_d29_k4,ent_1205,mentions,semantic
edge_smt_1206,ch3_muc2_d29_k4,ent_1206,mentions,semantic
edge_smt_1207,ch3_muc2_d29_k4,ent_1207,mentions,semantic
edge_smt_1208,ch3_muc2_d29_k4,ent_1208,mentions,semantic
edge_smt_1209,ch3_muc2_d29_k4,ent_1209,mentions,semantic
edge_smt_1210,ch3_muc2_d29_k4,ent_1210,mentions,semantic
edge_smt_1211,ch3_muc2_d29_k4,ent_1211,mentions,semantic
edge_smt_1212,ch3_muc2_d29_k4,ent_1212,mentions,semantic
edge_smt_1213,ch3_muc2_d29_k4,ent_1213,mentions,semantic
edge_smt_1214,ch3_muc2_d29_k4,ent_1214,mentions,semantic
edge_smt_1215,ch3_muc2_d30_k1,ent_1215,mentions,semantic
edge_smt_1216,ch3_muc2_d30_k1,ent_1216,mentions,semantic
edge_smt_1217,ch3_muc2_d30_k1,ent_1217,mentions,semantic
edge_smt_1218,ch3_muc2_d30_k1,ent_1218,mentions,semantic
edge_smt_1219,ch3_muc2_d30_k1,ent_1219,mentions,semantic
edge_smt_1220,ch3_muc2_d30_k1,ent_1220,mentions,semantic
edge_smt_1221,ch3_muc2_d30_k1,ent_1221,mentions,semantic
edge_smt_1222,ch3_muc2_d30_k1,ent_1222,mentions,semantic
edge_smt_1223,ch3_muc2_d30_k1,ent_1223,mentions,semantic
edge_smt_1224,ch3_muc2_d30_k1,ent_1224,mentions,semantic
edge_smt_1225,ch3_muc2_d30_k1,ent_1225,mentions,semantic
edge_smt_1226,ch3_muc2_d30_k1,ent_1226,mentions,semantic
edge_smt_1227,ch3_muc2_d30_k1,ent_1227,mentions,semantic
edge_smt_1228,ch3_muc2_d30_k1,ent_1228,mentions,semantic
edge_smt_1229,ch3_muc2_d30_k1,ent_1229,mentions,semantic
edge_smt_1230,ch3_muc2_d30_k1,ent_1230,mentions,semantic
edge_smt_1231,ch3_muc2_d30_k1,ent_1231,mentions,semantic
edge_smt_1232,ch3_muc2_d30_k1,ent_1232,mentions,semantic
edge_smt_1233,ch3_muc2_d30_k1,ent_1233,mentions,semantic
edge_smt_1234,ch3_muc2_d30_k1,ent_1234,mentions,semantic
edge_smt_1235,ch3_muc2_d30_k1,ent_1235,mentions,semantic
edge_smt_1236,ch3_muc2_d30_k1,ent_1236,mentions,semantic
edge_smt_1237,ch3_muc2_d30_k1,ent_1237,mentions,semantic
edge_smt_1238,ch3_muc2_d30_k1,ent_1238,mentions,semantic
edge_smt_1239,ch3_muc2_d30_k1,ent_1239,mentions,semantic
edge_smt_1240,ch3_muc2_d30_k1,ent_1240,mentions,semantic
edge_smt_1241,ch3_muc2_d30_k1,ent_1241,mentions,semantic
edge_smt_1242,ch3_muc2_d30_k1,ent_1242,mentions,semantic
edge_smt_1243,ch3_muc2_d30_k1,ent_1243,mentions,semantic
edge_smt_1244,ch3_muc2_d30_k1,ent_1244,mentions,semantic
edge_smt_1245,ch3_muc2_d30_k1,ent_1245,mentions,semantic
edge_smt_1246,ch3_muc2_d30_k1,ent_1246,mentions,semantic
edge_smt_1247,ch3_muc2_d30_k1,ent_1247,mentions,semantic
edge_smt_1248,ch3_muc2_d30_k1,ent_1248,mentions,semantic
edge_smt_1249,ch3_muc2_d30_k1,ent_1249,mentions,semantic
edge_smt_1250,ch3_muc2_d30_k1,ent_1250,mentions,semantic
edge_smt_1251,ch3_muc2_d30_k1,ent_1251,mentions,semantic
edge_smt_1252,ch3_muc2_d30_k1,ent_1252,mentions,semantic
edge_smt_1253,ch3_muc2_d30_k1,ent_1253,mentions,semantic
edge_smt_1254,ch3_muc2_d30_k1,ent_1254,mentions,semantic
edge_smt_1255,ch3_muc2_d30_k1,ent_1255,mentions,semantic
edge_smt_1256,ch3_muc2_d30_k1,ent_1256,mentions,semantic
edge_smt_1257,ch3_muc2_d30_k1,ent_1257,mentions,semantic
edge_smt_1258,ch3_muc2_d30_k1_a,ent_1258,mentions,semantic
edge_smt_1259,ch3_muc2_d30_k1_a,ent_1259,mentions,semantic
edge_smt_1260,ch3_muc2_d30_k1_a,ent_1260,mentions,semantic
edge_smt_1261,ch3_muc2_d30_k1_a,ent_1261,mentions,semantic
edge_smt_1262,ch3_muc2_d30_k1_a,ent_1262,mentions,semantic
edge_smt_1263,ch3_muc2_d30_k1_b,ent_1263,mentions,semantic
edge_smt_1264,ch3_muc2_d30_k1_b,ent_1264,mentions,semantic
edge_smt_1265,ch3_muc2_d30_k1_b,ent_1265,mentions,semantic
edge_smt_1266,ch3_muc2_d30_k1_c,ent_1266,mentions,semantic
edge_smt_1267,ch3_muc2_d30_k1_c,ent_1267,mentions,semantic
edge_smt_1268,ch3_muc2_d30_k1_c,ent_1268,mentions,semantic
edge_smt_1269,ch3_muc2_d30_k1_c,ent_1269,mentions,semantic
edge_smt_1270,ch3_muc2_d30_k1_c,ent_1270,mentions,semantic
edge_smt_1271,ch3_muc2_d30_k1_d,ent_1271,mentions,semantic
edge_smt_1272,ch3_muc2_d30_k1_d,ent_1272,mentions,semantic
edge_smt_1273,ch3_muc2_d30_k1_d,ent_1273,mentions,semantic
edge_smt_1274,ch3_muc2_d30_k1_d,ent_1274,mentions,semantic
edge_smt_1275,ch3_muc2_d30_k1_d,ent_1275,mentions,semantic
edge_smt_1276,ch3_muc2_d30_k1_d,ent_1276,mentions,semantic
edge_smt_1277,ch3_muc2_d30_k1_d,ent_1277,mentions,semantic
edge_smt_1278,ch3_muc2_d30_k1_đ,ent_1278,mentions,semantic
edge_smt_1279,ch3_muc2_d30_k1_đ,ent_1279,mentions,semantic
edge_smt_1280,ch3_muc2_d30_k1_đ,ent_1280,mentions,semantic
edge_smt_1281,ch3_muc2_d30_k1_đ,ent_1281,mentions,semantic
edge_smt_1282,ch3_muc2_d30_k1_đ,ent_1282,mentions,semantic
edge_smt_1283,ch3_muc2_d30_k1_đ,ent_1283,mentions,semantic
edge_smt_1284,ch3_muc2_d30_k1_e,ent_1284,mentions,semantic
edge_smt_1285,ch3_muc2_d30_k1_e,ent_1285,mentions,semantic
edge_smt_1286,ch3_muc2_d30_k1_e,ent_1286,mentions,semantic
edge_smt_1287,ch3_muc2_d30_k1_e,ent_1287,mentions,semantic
edge_smt_1288,ch3_muc2_d30_k1_e,ent_1288,mentions,semantic
edge_smt_1289,ch3_muc2_d30_k1_e,ent_1289,mentions,semantic
edge_smt_1290,ch3_muc2_d30_k1_g,ent_1290,mentions,semantic
edge_smt_1291,ch3_muc2_d30_k1_g,ent_1291,mentions,semantic
edge_smt_1292,ch3_muc2_d30_k1_g,ent_1292,mentions,semantic
edge_smt_1293,ch3_muc2_d30_k1_g,ent_1293,mentions,semantic
edge_smt_1294,ch3_muc2_d30_k1_g,ent_1294,mentions,semantic
edge_smt_1295,ch3_muc2_d30_k1_g,ent_1295,mentions,semantic
edge_smt_1296,ch3_muc2_d30_k1_g,ent_1296,mentions,semantic
edge_smt_1297,ch3_muc2_d30_k1_h,ent_1297,mentions,semantic
edge_smt_1298,ch3_muc2_d30_k1_h,ent_1298,mentions,semantic
edge_smt_1299,ch3_muc2_d30_k1_h,ent_1299,mentions,semantic
edge_smt_1300,ch3_muc2_d30_k2,ent_1300,mentions,semantic
edge_smt_1301,ch3_muc2_d30_k2,ent_1301,mentions,semantic
edge_smt_1302,ch3_muc2_d30_k2,ent_1302,mentions,semantic
edge_smt_1303,ch3_muc2_d30_k2,ent_1303,mentions,semantic
edge_smt_1304,ch3_muc2_d30_k2,ent_1304,mentions,semantic
edge_smt_1305,ch3_muc2_d30_k2,ent_1305,mentions,semantic
edge_smt_1306,ch3_muc2_d30_k2,ent_1306,mentions,semantic
edge_smt_1307,ch3_muc2_d30_k2,ent_1307,mentions,semantic
edge_smt_1308,ch3_muc2_d30_k2,ent_1308,mentions,semantic
edge_smt_1309,ch3_muc2_d30_k2,ent_1309,mentions,semantic
edge_smt_1310,ch3_muc2_d30_k2,ent_1310,mentions,semantic
edge_smt_1311,ch3_muc2_d30_k2,ent_1311,mentions,semantic
edge_smt_1312,ch3_muc2_d30_k2,ent_1312,mentions,semantic
edge_smt_1313,ch3_muc2_d30_k2,ent_1313,mentions,semantic
edge_smt_1314,ch3_muc2_d32_k1,ent_1314,mentions,semantic
edge_smt_1315,ch3_muc2_d32_k1,ent_1315,mentions,semantic
edge_smt_1316,ch3_muc2_d32_k1,ent_1316,mentions,semantic
edge_smt_1317,ch3_muc2_d32_k1,ent_1317,mentions,semantic
edge_smt_1318,ch3_muc2_d32_k1,ent_1318,mentions,semantic
edge_smt_1319,ch3_muc2_d32_k1,ent_1319,mentions,semantic
edge_smt_1320,ch3_muc2_d32_k2,ent_1320,mentions,semantic
edge_smt_1321,ch3_muc2_d32_k2,ent_1321,mentions,semantic
edge_smt_1322,ch3_muc2_d32_k2,ent_1322,mentions,semantic
edge_smt_1323,ch3_muc2_d32_k2,ent_1323,mentions,semantic
edge_smt_1324,ch3_muc2_d32_k2,ent_1324,mentions,semantic
edge_smt_1325,ch3_muc2_d32_k3,ent_1325,mentions,semantic
edge_smt_1326,ch3_muc2_d32_k3,ent_1326,mentions,semantic
edge_smt_1327,ch3_muc2_d32_k3,ent_1327,mentions,semantic
edge_smt_1328,ch3_muc2_d32_k3,ent_1328,mentions,semantic
edge_smt_1329,ch3_muc2_d32_k3,ent_1329,mentions,semantic
edge_smt_1330,ch3_muc2_d32_k3,ent_1330,mentions,semantic
edge_smt_1331,ch3_muc2_d32_k3,ent_1331,mentions,semantic
edge_smt_1332,ch3_muc2_d32_k3,ent_1332,mentions,semantic
edge_smt_1333,ch3_muc2_d32_k3,ent_1333,mentions,semantic
edge_smt_1334,ch3_muc2_d32_k3,ent_1334,mentions,semantic
edge_smt_1335,ch3_muc2_d32_k3,ent_1335,mentions,semantic
edge_smt_1336,ch3_muc2_d32_k3,ent_1336,mentions,semantic
edge_smt_1337,ch3_muc2_d32_k3,ent_1337,mentions,semantic
edge_smt_1338,ch3_muc2_d32_k3,ent_1338,mentions,semantic
edge_smt_1339,ch3_muc2_d32_k3,ent_1339,mentions,semantic
edge_smt_1340,ch3_muc2_d33_k1,ent_1340,mentions,semantic
edge_smt_1341,ch3_muc2_d33_k1,ent_1341,mentions,semantic
edge_smt_1342,ch3_muc2_d33_k1,ent_1342,mentions,semantic
edge_smt_1343,ch3_muc2_d33_k1,ent_1343,mentions,semantic
edge_smt_1344,ch3_muc2_d33_k1,ent_1344,mentions,semantic
edge_smt_1345,ch3_muc2_d33_k1,ent_1345,mentions,semantic
edge_smt_1346,ch3_muc2_d33_k1,ent_1346,mentions,semantic
edge_smt_1347,ch3_muc2_d33_k1,ent_1347,mentions,semantic
edge_smt_1348,ch3_muc2_d33_k2,ent_1348,mentions,semantic
edge_smt_1349,ch3_muc2_d33_k2,ent_1349,mentions,semantic
edge_smt_1350,ch3_muc2_d33_k2,ent_1350,mentions,semantic
edge_smt_1351,ch3_muc2_d33_k2,ent_1351,mentions,semantic
edge_smt_1352,ch3_muc2_d33_k2,ent_1352,mentions,semantic
edge_smt_1353,ch3_muc2_d33_k2,ent_1353,mentions,semantic
edge_smt_1354,ch3_muc2_d33_k2,ent_1354,mentions,semantic
edge_smt_1355,ch3_muc2_d33_k2,ent_1355,mentions,semantic
edge_smt_1356,ch3_muc2_d33_k3,ent_1356,mentions,semantic
edge_smt_1357,ch3_muc2_d33_k3,ent_1357,mentions,semantic
edge_smt_1358,ch3_muc2_d33_k3,ent_1358,mentions,semantic
edge_smt_1359,ch3_muc2_d33_k3,ent_1359,mentions,semantic
edge_smt_1360,ch3_muc2_d33_k3,ent_1360,mentions,semantic
edge_smt_1361,ch3_muc2_d33_k3,ent_1361,mentions,semantic
edge_smt_1362,ch3_muc2_d33_k3,ent_1362,mentions,semantic
edge_smt_1363,ch3_muc2_d33_k3,ent_1363,mentions,semantic
edge_smt_1364,ch3_muc3_d34_k1,ent_1364,mentions,semantic
edge_smt_1365,ch3_muc3_d34_k1,ent_1365,mentions,semantic
edge_smt_1366,ch3_muc3_d34_k1,ent_1366,mentions,semantic
edge_smt_1367,ch3_muc3_d34_k1,ent_1367,mentions,semantic
edge_smt_1368,ch3_muc3_d34_k1,ent_1368,mentions,semantic
edge_smt_1369,ch3_muc3_d34_k1,ent_1369,mentions,semantic
edge_smt_1370,ch3_muc3_d34_k1,ent_1370,mentions,semantic
edge_smt_1371,ch3_muc3_d34_k2,ent_1371,mentions,semantic
edge_smt_1372,ch3_muc3_d34_k2,ent_1372,mentions,semantic
edge_smt_1373,ch3_muc3_d34_k3,ent_1373,mentions,semantic
edge_smt_1374,ch3_muc3_d34_k3,ent_1374,mentions,semantic
edge_smt_1375,ch3_muc3_d34_k3,ent_1375,mentions,semantic
edge_smt_1376,ch3_muc3_d34_k3,ent_1376,mentions,semantic
edge_smt_1377,ch3_muc3_d34_k4,ent_1377,mentions,semantic
edge_smt_1378,ch3_muc3_d34_k4,ent_1378,mentions,semantic
edge_smt_1379,ch3_muc3_d34_k4,ent_1379,mentions,semantic
edge_smt_1380,ch3_muc3_d34_k4,ent_1380,mentions,semantic
edge_smt_1381,ch3_muc3_d34_k4,ent_1381,mentions,semantic
edge_smt_1382,ch3_muc3_d34_k4,ent_1382,mentions,semantic
edge_smt_1383,ch3_muc3_d34_k4,ent_1383,mentions,semantic
edge_smt_1384,ch3_muc3_d34_k4,ent_1384,mentions,semantic
edge_smt_1385,ch3_muc3_d34_k4,ent_1385,mentions,semantic
edge_smt_1386,ch3_muc3_d34_k4,ent_1386,mentions,semantic
edge_smt_1387,ch3_muc3_d34_k4,ent_1387,mentions,semantic
edge_smt_1388,ch3_muc3_d34_k4,ent_1388,mentions,semantic
edge_smt_1389,ch3_muc3_d34_k4,ent_1389,mentions,semantic
edge_smt_1390,ch3_muc3_d34_k4,ent_1390,mentions,semantic
edge_smt_1391,ch3_muc3_d34_k4,ent_1391,mentions,semantic
edge_smt_1392,ch3_muc3_d34_k4,ent_1392,mentions,semantic
edge_smt_1393,ch3_muc3_d34_k4,ent_1393,mentions,semantic
edge_smt_1394,ch3_muc3_d34_k4,ent_1394,mentions,semantic
edge_smt_1395,ch3_muc3_d34_k4,ent_1395,mentions,semantic
edge_smt_1396,ch3_muc3_d34_k5,ent_1396,mentions,semantic
edge_smt_1397,ch3_muc3_d34_k5,ent_1397,mentions,semantic
edge_smt_1398,ch3_muc3_d34_k5,ent_1398,mentions,semantic
edge_smt_1399,ch3_muc3_d34_k5,ent_1399,mentions,semantic
edge_smt_1400,ch3_muc3_d34_k5,ent_1400,mentions,semantic
edge_smt_1401,ch3_muc3_d34_k5,ent_1401,mentions,semantic
edge_smt_1402,ch3_muc3_d34_k5,ent_1402,mentions,semantic
edge_smt_1403,ch3_muc3_d34_k5,ent_1403,mentions,semantic
edge_smt_1404,ch3_muc3_d34_k6,ent_1404,mentions,semantic
edge_smt_1405,ch3_muc3_d34_k6,ent_1405,mentions,semantic
edge_smt_1406,ch3_muc3_d34_k7,ent_1406,mentions,semantic
edge_smt_1407,ch3_muc3_d34_k7,ent_1407,mentions,semantic
edge_smt_1408,ch3_muc3_d34_k7,ent_1408,mentions,semantic
edge_smt_1409,ch3_muc3_d34_k7,ent_1409,mentions,semantic
edge_smt_1410,ch3_muc3_d34_k7,ent_1410,mentions,semantic
edge_smt_1411,ch3_muc3_d34_k7,ent_1411,mentions,semantic
edge_smt_1412,ch3_muc3_d34_k7,ent_1412,mentions,semantic
edge_smt_1413,ch3_muc3_d34_k7,ent_1413,mentions,semantic
edge_smt_1414,ch3_muc3_d34_k7,ent_1414,mentions,semantic
edge_smt_1415,ch3_muc3_d34_k7,ent_1415,mentions,semantic
edge_smt_1416,ch3_muc3_d34_k7,ent_1416,mentions,semantic
edge_smt_1417,ch3_muc3_d34_k7,ent_1417,mentions,semantic
edge_smt_1418,ch3_muc3_d34_k7,ent_1418,mentions,semantic
edge_smt_1419,ch3_muc3_d34_k7,ent_1419,mentions,semantic
edge_smt_1420,ch3_muc3_d34_k7,ent_1420,mentions,semantic
edge_smt_1421,ch3_muc3_d34_k7,ent_1421,mentions,semantic
edge_smt_1422,ch3_muc3_d34_k8,ent_1422,mentions,semantic
edge_smt_1423,ch3_muc3_d34_k8,ent_1423,mentions,semantic
edge_smt_1424,ch3_muc3_d34_k9,ent_1424,mentions,semantic
edge_smt_1425,ch3_muc3_d34_k9,ent_1425,mentions,semantic
edge_smt_1426,ch3_muc3_d34_k9,ent_1426,mentions,semantic
edge_smt_1427,ch3_muc3_d34_k9,ent_1427,mentions,semantic
edge_smt_1428,ch3_muc3_d34_k9,ent_1428,mentions,semantic
edge_smt_1429,ch3_muc3_d34_k9,ent_1429,mentions,semantic
edge_smt_1430,ch3_muc3_d34_k9,ent_1430,mentions,semantic
edge_smt_1431,ch3_muc3_d34_k9,ent_1431,mentions,semantic
edge_smt_1432,ch3_muc3_d34_k10,ent_1432,mentions,semantic
edge_smt_1433,ch3_muc3_d34_k10,ent_1433,mentions,semantic
edge_smt_1434,ch3_muc3_d34_k10,ent_1434,mentions,semantic
edge_smt_1435,ch3_muc3_d34_k10,ent_1435,mentions,semantic
edge_smt_1436,ch3_muc3_d34_k10,ent_1436,mentions,semantic
edge_smt_1437,ch3_muc3_d34_k10,ent_1437,mentions,semantic
edge_smt_1438,ch3_muc3_d34_k10,ent_1438,mentions,semantic
edge_smt_1439,ch3_muc3_d34_k10,ent_1439,mentions,semantic
edge_smt_1440,ch3_muc3_d34_k11,ent_1440,mentions,semantic
edge_smt_1441,ch3_muc3_d34_k11,ent_1441,mentions,semantic
edge_smt_1442,ch3_muc3_d34_k11,ent_1442,mentions,semantic
edge_smt_1443,ch3_muc3_d34_k11,ent_1443,mentions,semantic
edge_smt_1444,ch3_muc3_d34_k11,ent_1444,mentions,semantic
edge_smt_1445,ch3_muc3_d34_k11,ent_1445,mentions,semantic
edge_smt_1446,ch3_muc3_d34_k11,ent_1446,mentions,semantic
edge_smt_1447,ch3_muc3_d34_k11,ent_1447,mentions,semantic
edge_smt_1448,ch3_muc3_d34_k11,ent_1448,mentions,semantic
edge_smt_1449,ch3_muc3_d34_k11,ent_1449,mentions,semantic
edge_smt_1450,ch3_muc3_d34_k12,ent_1450,mentions,semantic
edge_smt_1451,ch3_muc3_d34_k12,ent_1451,mentions,semantic
edge_smt_1452,ch3_muc3_d34_k12,ent_1452,mentions,semantic
edge_smt_1453,ch3_muc3_d34_k12,ent_1453,mentions,semantic
edge_smt_1454,ch3_muc3_d34_k12,ent_1454,mentions,semantic
edge_smt_1455,ch3_muc3_d34_k12,ent_1455,mentions,semantic
edge_smt_1456,ch3_muc3_d34_k12,ent_1456,mentions,semantic
edge_smt_1457,ch3_muc3_d34_k12,ent_1457,mentions,semantic
edge_smt_1458,ch3_muc3_d34_k13,ent_1458,mentions,semantic
edge_smt_1459,ch3_muc3_d34_k13,ent_1459,mentions,semantic
edge_smt_1460,ch3_muc3_d34_k13,ent_1460,mentions,semantic
edge_smt_1461,ch3_muc3_d34_k13,ent_1461,mentions,semantic
edge_smt_1462,ch3_muc3_d35_k1,ent_1462,mentions,semantic
edge_smt_1463,ch3_muc3_d35_k1,ent_1463,mentions,semantic
edge_smt_1464,ch3_muc3_d35_k1,ent_1464,mentions,semantic
edge_smt_1465,ch3_muc3_d35_k1,ent_1465,mentions,semantic
edge_smt_1466,ch3_muc3_d35_k1,ent_1466,mentions,semantic
edge_smt_1467,ch3_muc3_d35_k1,ent_1467,mentions,semantic
edge_smt_1468,ch3_muc3_d35_k1,ent_1468,mentions,semantic
edge_smt_1469,ch3_muc3_d35_k1,ent_1469,mentions,semantic
edge_smt_1470,ch3_muc3_d35_k1,ent_1470,mentions,semantic
edge_smt_1471,ch3_muc3_d35_k1,ent_1471,mentions,semantic
edge_smt_1472,ch3_muc3_d35_k1,ent_1472,mentions,semantic
edge_smt_1473,ch3_muc3_d35_k1,ent_1473,mentions,semantic
edge_smt_1474,ch3_muc3_d35_k1,ent_1474,mentions,semantic
edge_smt_1475,ch3_muc3_d35_k1,ent_1475,mentions,semantic
edge_smt_1476,ch3_muc3_d35_k1,ent_1476,mentions,semantic
edge_smt_1477,ch3_muc3_d35_k1,ent_1477,mentions,semantic
edge_smt_1478,ch3_muc3_d35_k1,ent_1478,mentions,semantic
edge_smt_1479,ch3_muc3_d35_k1,ent_1479,mentions,semantic
edge_smt_1480,ch3_muc3_d35_k1,ent_1480,mentions,semantic
edge_smt_1481,ch3_muc3_d35_k1,ent_1481,mentions,semantic
edge_smt_1482,ch3_muc3_d35_k1,ent_1482,mentions,semantic
edge_smt_1483,ch3_muc3_d35_k1,ent_1483,mentions,semantic
edge_smt_1484,ch3_muc3_d35_k1,ent_1484,mentions,semantic
edge_smt_1485,ch3_muc3_d35_k1,ent_1485,mentions,semantic
edge_smt_1486,ch3_muc3_d35_k1,ent_1486,mentions,semantic
edge_smt_1487,ch3_muc3_d35_k1,ent_1487,mentions,semantic
edge_smt_1488,ch3_muc3_d35_k1,ent_1488,mentions,semantic
edge_smt_1489,ch3_muc3_d35_k1,ent_1489,mentions,semantic
edge_smt_1490,ch3_muc3_d35_k1,ent_1490,mentions,semantic
edge_smt_1491,ch3_muc3_d35_k1,ent_1491,mentions,semantic
edge_smt_1492,ch3_muc3_d35_k1,ent_1492,mentions,semantic
edge_smt_1493,ch3_muc3_d35_k1,ent_1493,mentions,semantic
edge_smt_1494,ch3_muc3_d35_k1,ent_1494,mentions,semantic
edge_smt_1495,ch3_muc3_d35_k1,ent_1495,mentions,semantic
edge_smt_1496,ch3_muc3_d35_k1_a,ent_1496,mentions,semantic
edge_smt_1497,ch3_muc3_d35_k1_a,ent_1497,mentions,semantic
edge_smt_1498,ch3_muc3_d35_k1_a,ent_1498,mentions,semantic
edge_smt_1499,ch3_muc3_d35_k1_a,ent_1499,mentions,semantic
edge_smt_1500,ch3_muc3_d35_k1_b,ent_1500,mentions,semantic
edge_smt_1501,ch3_muc3_d35_k1_b,ent_1501,mentions,semantic
edge_smt_1502,ch3_muc3_d35_k1_b,ent_1502,mentions,semantic
edge_smt_1503,ch3_muc3_d35_k1_b,ent_1503,mentions,semantic
edge_smt_1504,ch3_muc3_d35_k1_b,ent_1504,mentions,semantic
edge_smt_1505,ch3_muc3_d35_k1_b,ent_1505,mentions,semantic
edge_smt_1506,ch3_muc3_d35_k1_b,ent_1506,mentions,semantic
edge_smt_1507,ch3_muc3_d35_k1_c,ent_1507,mentions,semantic
edge_smt_1508,ch3_muc3_d35_k1_c,ent_1508,mentions,semantic
edge_smt_1509,ch3_muc3_d35_k1_c,ent_1509,mentions,semantic
edge_smt_1510,ch3_muc3_d35_k1_c,ent_1510,mentions,semantic
edge_smt_1511,ch3_muc3_d35_k1_c,ent_1511,mentions,semantic
edge_smt_1512,ch3_muc3_d35_k1_d,ent_1512,mentions,semantic
edge_smt_1513,ch3_muc3_d35_k1_d,ent_1513,mentions,semantic
edge_smt_1514,ch3_muc3_d35_k1_d,ent_1514,mentions,semantic
edge_smt_1515,ch3_muc3_d35_k1_d,ent_1515,mentions,semantic
edge_smt_1516,ch3_muc3_d35_k1_d,ent_1516,mentions,semantic
edge_smt_1517,ch3_muc3_d35_k1_d,ent_1517,mentions,semantic
edge_smt_1518,ch3_muc3_d35_k1_d,ent_1518,mentions,semantic
edge_smt_1519,ch3_muc3_d35_k1_d,ent_1519,mentions,semantic
edge_smt_1520,ch3_muc3_d35_k2,ent_1520,mentions,semantic
edge_smt_1521,ch3_muc3_d35_k2,ent_1521,mentions,semantic
edge_smt_1522,ch3_muc3_d35_k2,ent_1522,mentions,semantic
edge_smt_1523,ch3_muc3_d35_k2,ent_1523,mentions,semantic
edge_smt_1524,ch3_muc3_d35_k2,ent_1524,mentions,semantic
edge_smt_1525,ch3_muc3_d35_k2,ent_1525,mentions,semantic
edge_smt_1526,ch3_muc3_d35_k2,ent_1526,mentions,semantic
edge_smt_1527,ch3_muc3_d35_k2,ent_1527,mentions,semantic
edge_smt_1528,ch3_muc3_d35_k2,ent_1528,mentions,semantic
edge_smt_1529,ch3_muc3_d35_k2,ent_1529,mentions,semantic
edge_smt_1530,ch3_muc3_d35_k2,ent_1530,mentions,semantic
edge_smt_1531,ch3_muc3_d35_k2,ent_1531,mentions,semantic
edge_smt_1532,ch3_muc3_d35_k2,ent_1532,mentions,semantic
edge_smt_1533,ch3_muc3_d35_k2,ent_1533,mentions,semantic
edge_smt_1534,ch3_muc3_d35_k2,ent_1534,mentions,semantic
edge_smt_1535,ch3_muc3_d35_k2,ent_1535,mentions,semantic
edge_smt_1536,ch3_muc3_d35_k2,ent_1536,mentions,semantic
edge_smt_1537,ch3_muc3_d35_k2,ent_1537,mentions,semantic
edge_smt_1538,ch3_muc3_d35_k2,ent_1538,mentions,semantic
edge_smt_1539,ch3_muc3_d35_k2,ent_1539,mentions,semantic
edge_smt_1540,ch3_muc3_d35_k2,ent_1540,mentions,semantic
edge_smt_1541,ch3_muc3_d35_k2,ent_1541,mentions,semantic
edge_smt_1542,ch3_muc3_d35_k2,ent_1542,mentions,semantic
edge_smt_1543,ch3_muc3_d35_k2,ent_1543,mentions,semantic
edge_smt_1544,ch3_muc3_d35_k2,ent_1544,mentions,semantic
edge_smt_1545,ch3_muc3_d35_k2,ent_1545,mentions,semantic
edge_smt_1546,ch3_muc3_d35_k2,ent_1546,mentions,semantic
edge_smt_1547,ch3_muc3_d35_k2,ent_1547,mentions,semantic
edge_smt_1548,ch3_muc3_d35_k2,ent_1548,mentions,semantic
edge_smt_1549,ch3_muc3_d35_k2,ent_1549,mentions,semantic
edge_smt_1550,ch3_muc3_d35_k2,ent_1550,mentions,semantic
edge_smt_1551,ch3_muc3_d35_k2,ent_1551,mentions,semantic
edge_smt_1552,ch3_muc3_d35_k2,ent_1552,mentions,semantic
edge_smt_1553,ch3_muc3_d35_k2,ent_1553,mentions,semantic
edge_smt_1554,ch3_muc3_d35_k2,ent_1554,mentions,semantic
edge_smt_1555,ch3_muc3_d35_k2,ent_1555,mentions,semantic
edge_smt_1556,ch3_muc3_d35_k2,ent_1556,mentions,semantic
edge_smt_1557,ch3_muc3_d35_k2,ent_1557,mentions,semantic
edge_smt_1558,ch3_muc3_d35_k2,ent_1558,mentions,semantic
edge_smt_1559,ch3_muc3_d35_k2,ent_1559,mentions,semantic
edge_smt_1560,ch3_muc3_d35_k2,ent_1560,mentions,semantic
edge_smt_1561,ch3_muc3_d35_k2,ent_1561,mentions,semantic
edge_smt_1562,ch3_muc3_d35_k2,ent_1562,mentions,semantic
edge_smt_1563,ch3_muc3_d35_k2,ent_1563,mentions,semantic
edge_smt_1564,ch3_muc3_d35_k2,ent_1564,mentions,semantic
edge_smt_1565,ch3_muc3_d35_k2,ent_1565,mentions,semantic
edge_smt_1566,ch3_muc3_d35_k2,ent_1566,mentions,semantic
edge_smt_1567,ch3_muc3_d35_k2,ent_1567,mentions,semantic
edge_smt_1568,ch3_muc3_d35_k2,ent_1568,mentions,semantic
edge_smt_1569,ch3_muc3_d35_k2,ent_1569,mentions,semantic
edge_smt_1570,ch3_muc3_d35_k2,ent_1570,mentions,semantic
edge_smt_1571,ch3_muc3_d35_k2,ent_1571,mentions,semantic
edge_smt_1572,ch3_muc3_d35_k2,ent_1572,mentions,semantic
edge_smt_1573,ch3_muc3_d35_k2,ent_1573,mentions,semantic
edge_smt_1574,ch3_muc3_d35_k2,ent_1574,mentions,semantic
edge_smt_1575,ch3_muc3_d35_k2,ent_1575,mentions,semantic
edge_smt_1576,ch3_muc3_d35_k2,ent_1576,mentions,semantic
edge_smt_1577,ch3_muc3_d35_k2,ent_1577,mentions,semantic
edge_smt_1578,ch3_muc3_d35_k2_a,ent_1578,mentions,semantic
edge_smt_1579,ch3_muc3_d35_k2_a,ent_1579,mentions,semantic
edge_smt_1580,ch3_muc3_d35_k2_a,ent_1580,mentions,semantic
edge_smt_1581,ch3_muc3_d35_k2_a,ent_1581,mentions,semantic
edge_smt_1582,ch3_muc3_d35_k2_a,ent_1582,mentions,semantic
edge_smt_1583,ch3_muc3_d35_k2_a,ent_1583,mentions,semantic
edge_smt_1584,ch3_muc3_d35_k2_a,ent_1584,mentions,semantic
edge_smt_1585,ch3_muc3_d35_k2_a,ent_1585,mentions,semantic
edge_smt_1586,ch3_muc3_d35_k2_b,ent_1586,mentions,semantic
edge_smt_1587,ch3_muc3_d35_k2_b,ent_1587,mentions,semantic
edge_smt_1588,ch3_muc3_d35_k2_b,ent_1588,mentions,semantic
edge_smt_1589,ch3_muc3_d35_k2_b,ent_1589,mentions,semantic
edge_smt_1590,ch3_muc3_d35_k2_b,ent_1590,mentions,semantic
edge_smt_1591,ch3_muc3_d35_k2_b,ent_1591,mentions,semantic
edge_smt_1592,ch3_muc3_d35_k2_b,ent_1592,mentions,semantic
edge_smt_1593,ch3_muc3_d35_k2_b,ent_1593,mentions,semantic
edge_smt_1594,ch3_muc3_d35_k2_b,ent_1594,mentions,semantic
edge_smt_1595,ch3_muc3_d35_k2_b,ent_1595,mentions,semantic
edge_smt_1596,ch3_muc3_d35_k2_b,ent_1596,mentions,semantic
edge_smt_1597,ch3_muc3_d35_k2_c,ent_1597,mentions,semantic
edge_smt_1598,ch3_muc3_d35_k2_c,ent_1598,mentions,semantic
edge_smt_1599,ch3_muc3_d35_k2_c,ent_1599,mentions,semantic
edge_smt_1600,ch3_muc3_d35_k2_c,ent_1600,mentions,semantic
edge_smt_1601,ch3_muc3_d35_k2_d,ent_1601,mentions,semantic
edge_smt_1602,ch3_muc3_d35_k2_d,ent_1602,mentions,semantic
edge_smt_1603,ch3_muc3_d35_k2_đ,ent_1603,mentions,semantic
edge_smt_1604,ch3_muc3_d35_k2_đ,ent_1604,mentions,semantic
edge_smt_1605,ch3_muc3_d35_k2_đ,ent_1605,mentions,semantic
edge_smt_1606,ch3_muc3_d35_k2_đ,ent_1606,mentions,semantic
edge_smt_1607,ch3_muc3_d35_k2_đ,ent_1607,mentions,semantic
edge_smt_1608,ch3_muc3_d35_k2_đ,ent_1608,mentions,semantic
edge_smt_1609,ch3_muc3_d35_k2_đ,ent_1609,mentions,semantic
edge_smt_1610,ch3_muc3_d35_k2_đ,ent_1610,mentions,semantic
edge_smt_1611,ch3_muc3_d35_k2_đ,ent_1611,mentions,semantic
edge_smt_1612,ch3_muc3_d35_k2_đ,ent_1612,mentions,semantic
edge_smt_1613,ch3_muc3_d35_k2_e,ent_1613,mentions,semantic
edge_smt_1614,ch3_muc3_d35_k2_e,ent_1614,mentions,semantic
edge_smt_1615,ch3_muc3_d35_k2_e,ent_1615,mentions,semantic
edge_smt_1616,ch3_muc3_d35_k2_e,ent_1616,mentions,semantic
edge_smt_1617,ch3_muc3_d35_k2_e,ent_1617,mentions,semantic
edge_smt_1618,ch3_muc3_d35_k2_e,ent_1618,mentions,semantic
edge_smt_1619,ch3_muc3_d35_k2_e,ent_1619,mentions,semantic
edge_smt_1620,ch3_muc3_d35_k2_e,ent_1620,mentions,semantic
edge_smt_1621,ch3_muc3_d35_k2_e,ent_1621,mentions,semantic
edge_smt_1622,ch3_muc3_d35_k2_e,ent_1622,mentions,semantic
edge_smt_1623,ch3_muc3_d35_k2_e,ent_1623,mentions,semantic
edge_smt_1624,ch3_muc3_d35_k2_g,ent_1624,mentions,semantic
edge_smt_1625,ch3_muc3_d35_k2_g,ent_1625,mentions,semantic
edge_smt_1626,ch3_muc3_d35_k2_g,ent_1626,mentions,semantic
edge_smt_1627,ch3_muc3_d35_k2_g,ent_1627,mentions,semantic
edge_smt_1628,ch3_muc3_d35_k2_g,ent_1628,mentions,semantic
edge_smt_1629,ch3_muc3_d35_k2_g,ent_1629,mentions,semantic
edge_smt_1630,ch3_muc3_d35_k2_g,ent_1630,mentions,semantic
edge_smt_1631,ch3_muc3_d35_k2_g,ent_1631,mentions,semantic
edge_smt_1632,ch3_muc3_d35_k2_g,ent_1632,mentions,semantic
edge_smt_1633,ch3_muc3_d35_k2_g,ent_1633,mentions,semantic
edge_smt_1634,ch3_muc3_d36_k1,ent_1634,mentions,semantic
edge_smt_1635,ch3_muc3_d36_k1,ent_1635,mentions,semantic
edge_smt_1636,ch3_muc3_d36_k1,ent_1636,mentions,semantic
edge_smt_1637,ch3_muc3_d36_k1,ent_1637,mentions,semantic
edge_smt_1638,ch3_muc3_d36_k1,ent_1638,mentions,semantic
edge_smt_1639,ch3_muc3_d36_k1,ent_1639,mentions,semantic
edge_smt_1640,ch3_muc3_d36_k1,ent_1640,mentions,semantic
edge_smt_1641,ch3_muc3_d36_k1,ent_1641,mentions,semantic
edge_smt_1642,ch3_muc3_d36_k1,ent_1642,mentions,semantic
edge_smt_1643,ch3_muc3_d36_k1,ent_1643,mentions,semantic
edge_smt_1644,ch3_muc3_d36_k1,ent_1644,mentions,semantic
edge_smt_1645,ch3_muc3_d36_k1,ent_1645,mentions,semantic
edge_smt_1646,ch3_muc3_d36_k1,ent_1646,mentions,semantic
edge_smt_1647,ch3_muc3_d36_k1,ent_1647,mentions,semantic
edge_smt_1648,ch3_muc3_d36_k1,ent_1648,mentions,semantic
edge_smt_1649,ch3_muc3_d36_k1,ent_1649,mentions,semantic
edge_smt_1650,ch3_muc3_d36_k1,ent_1650,mentions,semantic
edge_smt_1651,ch3_muc3_d36_k1,ent_1651,mentions,semantic
edge_smt_1652,ch3_muc3_d36_k1,ent_1652,mentions,semantic
edge_smt_1653,ch3_muc3_d36_k1,ent_1653,mentions,semantic
edge_smt_1654,ch3_muc3_d36_k1,ent_1654,mentions,semantic
edge_smt_1655,ch3_muc3_d36_k1,ent_1655,mentions,semantic
edge_smt_1656,ch3_muc3_d36_k1,ent_1656,mentions,semantic
edge_smt_1657,ch3_muc3_d36_k1,ent_1657,mentions,semantic
edge_smt_1658,ch3_muc3_d36_k1,ent_1658,mentions,semantic
edge_smt_1659,ch3_muc3_d36_k1,ent_1659,mentions,semantic
edge_smt_1660,ch3_muc3_d36_k1,ent_1660,mentions,semantic
edge_smt_1661,ch3_muc3_d36_k1,ent_1661,mentions,semantic
edge_smt_1662,ch3_muc3_d36_k1,ent_1662,mentions,semantic
edge_smt_1663,ch3_muc3_d36_k1,ent_1663,mentions,semantic
edge_smt_1664,ch3_muc3_d36_k1,ent_1664,mentions,semantic
edge_smt_1665,ch3_muc3_d36_k1,ent_1665,mentions,semantic
edge_smt_1666,ch3_muc3_d36_k1,ent_1666,mentions,semantic
edge_smt_1667,ch3_muc3_d36_k1,ent_1667,mentions,semantic
edge_smt_1668,ch3_muc3_d36_k1,ent_1668,mentions,semantic
edge_smt_1669,ch3_muc3_d36_k1,ent_1669,mentions,semantic
edge_smt_1670,ch3_muc3_d36_k1,ent_1670,mentions,semantic
edge_smt_1671,ch3_muc3_d36_k1,ent_1671,mentions,semantic
edge_smt_1672,ch3_muc3_d36_k1,ent_1672,mentions,semantic
edge_smt_1673,ch3_muc3_d36_k1,ent_1673,mentions,semantic
edge_smt_1674,ch3_muc3_d36_k1,ent_1674,mentions,semantic
edge_smt_1675,ch3_muc3_d36_k1,ent_1675,mentions,semantic
edge_smt_1676,ch3_muc3_d36_k1,ent_1676,mentions,semantic
edge_smt_1677,ch3_muc3_d36_k1,ent_1677,mentions,semantic
edge_smt_1678,ch3_muc3_d36_k1,ent_1678,mentions,semantic
edge_smt_1679,ch3_muc3_d36_k1,ent_1679,mentions,semantic
edge_smt_1680,ch3_muc3_d36_k1,ent_1680,mentions,semantic
edge_smt_1681,ch3_muc3_d36_k1,ent_1681,mentions,semantic
edge_smt_1682,ch3_muc3_d36_k1,ent_1682,mentions,semantic
edge_smt_1683,ch3_muc3_d36_k1,ent_1683,mentions,semantic
edge_smt_1684,ch3_muc3_d36_k1,ent_1684,mentions,semantic
edge_smt_1685,ch3_muc3_d36_k1,ent_1685,mentions,semantic
edge_smt_1686,ch3_muc3_d36_k1,ent_1686,mentions,semantic
edge_smt_1687,ch3_muc3_d36_k1,ent_1687,mentions,semantic
edge_smt_1688,ch3_muc3_d36_k1,ent_1688,mentions,semantic
edge_smt_1689,ch3_muc3_d36_k1,ent_1689,mentions,semantic
edge_smt_1690,ch3_muc3_d36_k1,ent_1690,mentions,semantic
edge_smt_1691,ch3_muc3_d36_k1,ent_1691,mentions,semantic
edge_smt_1692,ch3_muc3_d36_k1,ent_1692,mentions,semantic
edge_smt_1693,ch3_muc3_d36_k1,ent_1693,mentions,semantic
edge_smt_1694,ch3_muc3_d36_k1,ent_1694,mentions,semantic
edge_smt_1695,ch3_muc3_d36_k1,ent_1695,mentions,semantic
edge_smt_1696,ch3_muc3_d36_k1,ent_1696,mentions,semantic
edge_smt_1697,ch3_muc3_d36_k1,ent_1697,mentions,semantic
edge_smt_1698,ch3_muc3_d36_k1,ent_1698,mentions,semantic
edge_smt_1699,ch3_muc3_d36_k1,ent_1699,mentions,semantic
edge_smt_1700,ch3_muc3_d36_k1,ent_1700,mentions,semantic
edge_smt_1701,ch3_muc3_d36_k1,ent_1701,mentions,semantic
edge_smt_1702,ch3_muc3_d36_k1,ent_1702,mentions,semantic
edge_smt_1703,ch3_muc3_d36_k1,ent_1703,mentions,semantic
edge_smt_1704,ch3_muc3_d36_k1,ent_1704,mentions,semantic
edge_smt_1705,ch3_muc3_d36_k1,ent_1705,mentions,semantic
edge_smt_1706,ch3_muc3_d36_k1,ent_1706,mentions,semantic
edge_smt_1707,ch3_muc3_d36_k1,ent_1707,mentions,semantic
edge_smt_1708,ch3_muc3_d36_k1,ent_1708,mentions,semantic
edge_smt_1709,ch3_muc3_d36_k1,ent_1709,mentions,semantic
edge_smt_1710,ch3_muc3_d36_k1,ent_1710,mentions,semantic
edge_smt_1711,ch3_muc3_d36_k1,ent_1711,mentions,semantic
edge_smt_1712,ch3_muc3_d36_k1,ent_1712,mentions,semantic
edge_smt_1713,ch3_muc3_d36_k1,ent_1713,mentions,semantic
edge_smt_1714,ch3_muc3_d36_k1,ent_1714,mentions,semantic
edge_smt_1715,ch3_muc3_d36_k1,ent_1715,mentions,semantic
edge_smt_1716,ch3_muc3_d36_k1,ent_1716,mentions,semantic
edge_smt_1717,ch3_muc3_d36_k1,ent_1717,mentions,semantic
edge_smt_1718,ch3_muc3_d36_k1,ent_1718,mentions,semantic
edge_smt_1719,ch3_muc3_d36_k1,ent_1719,mentions,semantic
edge_smt_1720,ch3_muc3_d36_k1,ent_1720,mentions,semantic
edge_smt_1721,ch3_muc3_d36_k1,ent_1721,mentions,semantic
edge_smt_1722,ch3_muc3_d36_k1,ent_1722,mentions,semantic
edge_smt_1723,ch3_muc3_d36_k1,ent_1723,mentions,semantic
edge_smt_1724,ch3_muc3_d36_k1,ent_1724,mentions,semantic
edge_smt_1725,ch3_muc3_d36_k1,ent_1725,mentions,semantic
edge_smt_1726,ch3_muc3_d36_k1,ent_1726,mentions,semantic
edge_smt_1727,ch3_muc3_d36_k1,ent_1727,mentions,semantic
edge_smt_1728,ch3_muc3_d36_k1,ent_1728,mentions,semantic
edge_smt_1729,ch3_muc3_d36_k1,ent_1729,mentions,semantic
edge_smt_1730,ch3_muc3_d36_k1,ent_1730,mentions,semantic
edge_smt_1731,ch3_muc3_d36_k1,ent_1731,mentions,semantic
edge_smt_1732,ch3_muc3_d36_k1_a,ent_1732,mentions,semantic
edge_smt_1733,ch3_muc3_d36_k1_a,ent_1733,mentions,semantic
edge_smt_1734,ch3_muc3_d36_k1_a,ent_1734,mentions,semantic
edge_smt_1735,ch3_muc3_d36_k1_a,ent_1735,mentions,semantic
edge_smt_1736,ch3_muc3_d36_k1_a,ent_1736,mentions,semantic
edge_smt_1737,ch3_muc3_d36_k1_a,ent_1737,mentions,semantic
edge_smt_1738,ch3_muc3_d36_k1_a,ent_1738,mentions,semantic
edge_smt_1739,ch3_muc3_d36_k1_a,ent_1739,mentions,semantic
edge_smt_1740,ch3_muc3_d36_k1_a,ent_1740,mentions,semantic
edge_smt_1741,ch3_muc3_d36_k1_a,ent_1741,mentions,semantic
edge_smt_1742,ch3_muc3_d36_k1_a,ent_1742,mentions,semantic
edge_smt_1743,ch3_muc3_d36_k1_a,ent_1743,mentions,semantic
edge_smt_1744,ch3_muc3_d36_k1_a,ent_1744,mentions,semantic
edge_smt_1745,ch3_muc3_d36_k1_a,ent_1745,mentions,semantic
edge_smt_1746,ch3_muc3_d36_k1_a,ent_1746,mentions,semantic
edge_smt_1747,ch3_muc3_d36_k1_a,ent_1747,mentions,semantic
edge_smt_1748,ch3_muc3_d36_k1_a,ent_1748,mentions,semantic
edge_smt_1749,ch3_muc3_d36_k1_a,ent_1749,mentions,semantic
edge_smt_1750,ch3_muc3_d36_k1_a,ent_1750,mentions,semantic
edge_smt_1751,ch3_muc3_d36_k1_a,ent_1751,mentions,semantic
edge_smt_1752,ch3_muc3_d36_k1_a,ent_1752,mentions,semantic
edge_smt_1753,ch3_muc3_d36_k1_a,ent_1753,mentions,semantic
edge_smt_1754,ch3_muc3_d36_k1_b,ent_1754,mentions,semantic
edge_smt_1755,ch3_muc3_d36_k1_b,ent_1755,mentions,semantic
edge_smt_1756,ch3_muc3_d36_k1_b,ent_1756,mentions,semantic
edge_smt_1757,ch3_muc3_d36_k1_b,ent_1757,mentions,semantic
edge_smt_1758,ch3_muc3_d36_k1_b,ent_1758,mentions,semantic
edge_smt_1759,ch3_muc3_d36_k1_b,ent_1759,mentions,semantic
edge_smt_1760,ch3_muc3_d36_k1_b,ent_1760,mentions,semantic
edge_smt_1761,ch3_muc3_d36_k1_b,ent_1761,mentions,semantic
edge_smt_1762,ch3_muc3_d36_k1_b,ent_1762,mentions,semantic
edge_smt_1763,ch3_muc3_d36_k1_b,ent_1763,mentions,semantic
edge_smt_1764,ch3_muc3_d36_k1_b,ent_1764,mentions,semantic
edge_smt_1765,ch3_muc3_d36_k1_b,ent_1765,mentions,semantic
edge_smt_1766,ch3_muc3_d36_k1_b,ent_1766,mentions,semantic
edge_smt_1767,ch3_muc3_d36_k1_b,ent_1767,mentions,semantic
edge_smt_1768,ch3_muc3_d36_k1_b,ent_1768,mentions,semantic
edge_smt_1769,ch3_muc3_d36_k1_b,ent_1769,mentions,semantic
edge_smt_1770,ch3_muc3_d36_k1_b,ent_1770,mentions,semantic
edge_smt_1771,ch3_muc3_d36_k1_b,ent_1771,mentions,semantic
edge_smt_1772,ch3_muc3_d36_k1_b,ent_1772,mentions,semantic
edge_smt_1773,ch3_muc3_d36_k1_b,ent_1773,mentions,semantic
edge_smt_1774,ch3_muc3_d36_k1_b,ent_1774,mentions,semantic
edge_smt_1775,ch3_muc3_d36_k1_b,ent_1775,mentions,semantic
edge_smt_1776,ch3_muc3_d36_k1_b,ent_1776,mentions,semantic
edge_smt_1777,ch3_muc3_d36_k1_b,ent_1777,mentions,semantic
edge_smt_1778,ch3_muc3_d36_k1_b,ent_1778,mentions,semantic
edge_smt_1779,ch3_muc3_d36_k1_b,ent_1779,mentions,semantic
edge_smt_1780,ch3_muc3_d36_k1_b,ent_1780,mentions,semantic
edge_smt_1781,ch3_muc3_d36_k1_b,ent_1781,mentions,semantic
edge_smt_1782,ch3_muc3_d36_k1_b,ent_1782,mentions,semantic
edge_smt_1783,ch3_muc3_d36_k1_c,ent_1783,mentions,semantic
edge_smt_1784,ch3_muc3_d36_k1_c,ent_1784,mentions,semantic
edge_smt_1785,ch3_muc3_d36_k1_c,ent_1785,mentions,semantic
edge_smt_1786,ch3_muc3_d36_k1_c,ent_1786,mentions,semantic
edge_smt_1787,ch3_muc3_d36_k1_c,ent_1787,mentions,semantic
edge_smt_1788,ch3_muc3_d36_k1_c,ent_1788,mentions,semantic
edge_smt_1789,ch3_muc3_d36_k1_c,ent_1789,mentions,semantic
edge_smt_1790,ch3_muc3_d36_k1_d,ent_1790,mentions,semantic
edge_smt_1791,ch3_muc3_d36_k1_d,ent_1791,mentions,semantic
edge_smt_1792,ch3_muc3_d36_k1_d,ent_1792,mentions,semantic
edge_smt_1793,ch3_muc3_d36_k1_d,ent_1793,mentions,semantic
edge_smt_1794,ch3_muc3_d36_k1_d,ent_1794,mentions,semantic
edge_smt_1795,ch3_muc3_d36_k1_d,ent_1795,mentions,semantic
edge_smt_1796,ch3_muc3_d36_k1_d,ent_1796,mentions,semantic
edge_smt_1797,ch3_muc3_d36_k1_đ,ent_1797,mentions,semantic
edge_smt_1798,ch3_muc3_d36_k1_đ,ent_1798,mentions,semantic
edge_smt_1799,ch3_muc3_d36_k1_đ,ent_1799,mentions,semantic
edge_smt_1800,ch3_muc3_d36_k1_đ,ent_1800,mentions,semantic
edge_smt_1801,ch3_muc3_d36_k1_đ,ent_1801,mentions,semantic
edge_smt_1802,ch3_muc3_d36_k1_đ,ent_1802,mentions,semantic
edge_smt_1803,ch3_muc3_d36_k1_đ,ent_1803,mentions,semantic
edge_smt_1804,ch3_muc3_d36_k1_đ,ent_1804,mentions,semantic
edge_smt_1805,ch3_muc3_d36_k1_đ,ent_1805,mentions,semantic
edge_smt_1806,ch3_muc3_d36_k1_đ,ent_1806,mentions,semantic
edge_smt_1807,ch3_muc3_d36_k1_đ,ent_1807,mentions,semantic
edge_smt_1808,ch3_muc3_d36_k1_e,ent_1808,mentions,semantic
edge_smt_1809,ch3_muc3_d36_k1_e,ent_1809,mentions,semantic
edge_smt_1810,ch3_muc3_d36_k1_e,ent_1810,mentions,semantic
edge_smt_1811,ch3_muc3_d36_k1_e,ent_1811,mentions,semantic
edge_smt_1812,ch3_muc3_d36_k1_e,ent_1812,mentions,semantic
edge_smt_1813,ch3_muc3_d36_k1_g,ent_1813,mentions,semantic
edge_smt_1814,ch3_muc3_d36_k1_g,ent_1814,mentions,semantic
edge_smt_1815,ch3_muc3_d36_k1_g,ent_1815,mentions,semantic
edge_smt_1816,ch3_muc3_d36_k1_g,ent_1816,mentions,semantic
edge_smt_1817,ch3_muc3_d36_k1_g,ent_1817,mentions,semantic
edge_smt_1818,ch3_muc3_d36_k1_g,ent_1818,mentions,semantic
edge_smt_1819,ch3_muc3_d36_k1_g,ent_1819,mentions,semantic
edge_smt_1820,ch3_muc3_d36_k1_g,ent_1820,mentions,semantic
edge_smt_1821,ch3_muc3_d36_k1_g,ent_1821,mentions,semantic
edge_smt_1822,ch3_muc3_d36_k1_g,ent_1822,mentions,semantic
edge_smt_1823,ch3_muc3_d36_k1_g,ent_1823,mentions,semantic
edge_smt_1824,ch3_muc3_d36_k2,ent_1824,mentions,semantic
edge_smt_1825,ch3_muc3_d36_k2,ent_1825,mentions,semantic
edge_smt_1826,ch3_muc3_d36_k2,ent_1826,mentions,semantic
edge_smt_1827,ch3_muc3_d36_k2,ent_1827,mentions,semantic
edge_smt_1828,ch3_muc3_d36_k2,ent_1828,mentions,semantic
edge_smt_1829,ch3_muc3_d36_k2,ent_1829,mentions,semantic
edge_smt_1830,ch3_muc3_d36_k2,ent_1830,mentions,semantic
edge_smt_1831,ch3_muc3_d36_k2,ent_1831,mentions,semantic
edge_smt_1832,ch3_muc3_d36_k2,ent_1832,mentions,semantic
edge_smt_1833,ch3_muc3_d36_k2,ent_1833,mentions,semantic
edge_smt_1834,ch3_muc3_d36_k2,ent_1834,mentions,semantic
edge_smt_1835,ch3_muc3_d36_k2,ent_1835,mentions,semantic
edge_smt_1836,ch3_muc3_d36_k2,ent_1836,mentions,semantic
edge_smt_1837,ch3_muc3_d36_k2,ent_1837,mentions,semantic
edge_smt_1838,ch3_muc3_d36_k2,ent_1838,mentions,semantic
edge_smt_1839,ch3_muc3_d36_k2,ent_1839,mentions,semantic
edge_smt_1840,ch3_muc3_d36_k2,ent_1840,mentions,semantic
edge_smt_1841,ch3_muc3_d36_k2,ent_1841,mentions,semantic
edge_smt_1842,ch3_muc3_d36_k2,ent_1842,mentions,semantic
edge_smt_1843,ch3_muc3_d36_k2,ent_1843,mentions,semantic
edge_smt_1844,ch3_muc3_d36_k2,ent_1844,mentions,semantic
edge_smt_1845,ch3_muc3_d36_k2,ent_1845,mentions,semantic
edge_smt_1846,ch3_muc3_d36_k2,ent_1846,mentions,semantic
edge_smt_1847,ch3_muc3_d36_k2,ent_1847,mentions,semantic
edge_smt_1848,ch3_muc3_d36_k2,ent_1848,mentions,semantic
edge_smt_1849,ch3_muc3_d36_k2,ent_1849,mentions,semantic
edge_smt_1850,ch3_muc3_d36_k2,ent_1850,mentions,semantic
edge_smt_1851,ch3_muc3_d36_k2,ent_1851,mentions,semantic
edge_smt_1852,ch3_muc3_d36_k2,ent_1852,mentions,semantic
edge_smt_1853,ch3_muc3_d36_k2,ent_1853,mentions,semantic
edge_smt_1854,ch3_muc3_d36_k2,ent_1854,mentions,semantic
edge_smt_1855,ch3_muc3_d36_k2,ent_1855,mentions,semantic
edge_smt_1856,ch3_muc3_d36_k2,ent_1856,mentions,semantic
edge_smt_1857,ch3_muc3_d36_k2,ent_1857,mentions,semantic
edge_smt_1858,ch3_muc3_d36_k2,ent_1858,mentions,semantic
edge_smt_1859,ch3_muc3_d36_k2,ent_1859,mentions,semantic
edge_smt_1860,ch3_muc3_d36_k2,ent_1860,mentions,semantic
edge_smt_1861,ch3_muc3_d36_k2,ent_1861,mentions,semantic
edge_smt_1862,ch3_muc3_d36_k2,ent_1862,mentions,semantic
edge_smt_1863,ch3_muc3_d36_k2,ent_1863,mentions,semantic
edge_smt_1864,ch3_muc3_d36_k2,ent_1864,mentions,semantic
edge_smt_1865,ch3_muc3_d36_k2_a,ent_1865,mentions,semantic
edge_smt_1866,ch3_muc3_d36_k2_a,ent_1866,mentions,semantic
edge_smt_1867,ch3_muc3_d36_k2_a,ent_1867,mentions,semantic
edge_smt_1868,ch3_muc3_d36_k2_a,ent_1868,mentions,semantic
edge_smt_1869,ch3_muc3_d36_k2_a,ent_1869,mentions,semantic
edge_smt_1870,ch3_muc3_d36_k2_b,ent_1870,mentions,semantic
edge_smt_1871,ch3_muc3_d36_k2_b,ent_1871,mentions,semantic
edge_smt_1872,ch3_muc3_d36_k2_b,ent_1872,mentions,semantic
edge_smt_1873,ch3_muc3_d36_k2_b,ent_1873,mentions,semantic
edge_smt_1874,ch3_muc3_d36_k2_b,ent_1874,mentions,semantic
edge_smt_1875,ch3_muc3_d36_k2_b,ent_1875,mentions,semantic
edge_smt_1876,ch3_muc3_d36_k2_b,ent_1876,mentions,semantic
edge_smt_1877,ch3_muc3_d36_k2_b,ent_1877,mentions,semantic
edge_smt_1878,ch3_muc3_d36_k2_c,ent_1878,mentions,semantic
edge_smt_1879,ch3_muc3_d36_k2_c,ent_1879,mentions,semantic
edge_smt_1880,ch3_muc3_d36_k2_c,ent_1880,mentions,semantic
edge_smt_1881,ch3_muc3_d36_k2_c,ent_1881,mentions,semantic
edge_smt_1882,ch3_muc3_d36_k2_c,ent_1882,mentions,semantic
edge_smt_1883,ch3_muc3_d36_k2_c,ent_1883,mentions,semantic
edge_smt_1884,ch3_muc3_d36_k2_c,ent_1884,mentions,semantic
edge_smt_1885,ch3_muc3_d36_k2_c,ent_1885,mentions,semantic
edge_smt_1886,ch3_muc3_d36_k2_c,ent_1886,mentions,semantic
edge_smt_1887,ch3_muc3_d36_k2_d,ent_1887,mentions,semantic
edge_smt_1888,ch3_muc3_d36_k2_d,ent_1888,mentions,semantic
edge_smt_1889,ch3_muc3_d36_k2_d,ent_1889,mentions,semantic
edge_smt_1890,ch3_muc3_d36_k2_d,ent_1890,mentions,semantic
edge_smt_1891,ch3_muc3_d36_k2_d,ent_1891,mentions,semantic
edge_smt_1892,ch3_muc3_d36_k2_d,ent_1892,mentions,semantic
edge_smt_1893,ch3_muc3_d36_k2_d,ent_1893,mentions,semantic
edge_smt_1894,ch3_muc3_d36_k3,ent_1894,mentions,semantic
edge_smt_1895,ch3_muc3_d36_k3,ent_1895,mentions,semantic
edge_smt_1896,ch3_muc3_d36_k3,ent_1896,mentions,semantic
edge_smt_1897,ch3_muc3_d36_k3,ent_1897,mentions,semantic
edge_smt_1898,ch3_muc3_d36_k3,ent_1898,mentions,semantic
edge_smt_1899,ch3_muc3_d36_k3,ent_1899,mentions,semantic
edge_smt_1900,ch3_muc3_d36_k3,ent_1900,mentions,semantic
edge_smt_1901,ch3_muc3_d36_k3,ent_1901,mentions,semantic
edge_smt_1902,ch3_muc3_d36_k3,ent_1902,mentions,semantic
edge_smt_1903,ch3_muc3_d36_k3,ent_1903,mentions,semantic
edge_smt_1904,ch3_muc3_d36_k3,ent_1904,mentions,semantic
edge_smt_1905,ch3_muc3_d36_k3,ent_1905,mentions,semantic
edge_smt_1906,ch3_muc3_d37_k1,ent_1906,mentions,semantic
edge_smt_1907,ch3_muc3_d37_k1,ent_1907,mentions,semantic
edge_smt_1908,ch3_muc3_d37_k1,ent_1908,mentions,semantic
edge_smt_1909,ch3_muc3_d37_k1,ent_1909,mentions,semantic
edge_smt_1910,ch3_muc3_d37_k1,ent_1910,mentions,semantic
edge_smt_1911,ch3_muc3_d37_k1,ent_1911,mentions,semantic
edge_smt_1912,ch3_muc3_d37_k1,ent_1912,mentions,semantic
edge_smt_1913,ch3_muc3_d37_k1,ent_1913,mentions,semantic
edge_smt_1914,ch3_muc3_d37_k1,ent_1914,mentions,semantic
edge_smt_1915,ch3_muc3_d37_k2,ent_1915,mentions,semantic
edge_smt_1916,ch3_muc3_d37_k2,ent_1916,mentions,semantic
edge_smt_1917,ch3_muc3_d37_k2,ent_1917,mentions,semantic
edge_smt_1918,ch3_muc3_d37_k2,ent_1918,mentions,semantic
edge_smt_1919,ch3_muc3_d37_k2,ent_1919,mentions,semantic
edge_smt_1920,ch3_muc3_d37_k2,ent_1920,mentions,semantic
edge_smt_1921,ch3_muc3_d37_k2,ent_1921,mentions,semantic
edge_smt_1922,ch3_muc3_d37_k3,ent_1922,mentions,semantic
edge_smt_1923,ch3_muc3_d37_k3,ent_1923,mentions,semantic
edge_smt_1924,ch3_muc3_d37_k3,ent_1924,mentions,semantic
edge_smt_1925,ch3_muc3_d37_k3,ent_1925,mentions,semantic
edge_smt_1926,ch3_muc3_d37_k3,ent_1926,mentions,semantic
edge_smt_1927,ch3_muc3_d37_k3,ent_1927,mentions,semantic
edge_smt_1928,ch3_muc3_d37_k3,ent_1928,mentions,semantic
edge_smt_1929,ch3_muc3_d37_k3,ent_1929,mentions,semantic
edge_smt_1930,ch3_muc3_d37_k3,ent_1930,mentions,semantic
edge_smt_1931,ch3_muc3_d37_k3,ent_1931,mentions,semantic
edge_smt_1932,ch3_muc3_d37_k3,ent_1932,mentions,semantic
edge_smt_1933,ch3_muc3_d37_k3,ent_1933,mentions,semantic
edge_smt_1934,ch3_muc3_d40_k1,ent_1934,mentions,semantic
edge_smt_1935,ch3_muc3_d40_k1,ent_1935,mentions,semantic
edge_smt_1936,ch3_muc3_d40_k1,ent_1936,mentions,semantic
edge_smt_1937,ch3_muc3_d40_k1,ent_1937,mentions,semantic
edge_smt_1938,ch3_muc3_d40_k2,ent_1938,mentions,semantic
edge_smt_1939,ch3_muc3_d40_k2,ent_1939,mentions,semantic
edge_smt_1940,ch3_muc3_d40_k2,ent_1940,mentions,semantic
edge_smt_1941,ch3_muc3_d40_k2,ent_1941,mentions,semantic
edge_smt_1942,ch3_muc3_d40_k2,ent_1942,mentions,semantic
edge_smt_1943,ch3_muc3_d40_k2,ent_1943,mentions,semantic
edge_smt_1944,ch3_muc3_d40_k2,ent_1944,mentions,semantic
edge_smt_1945,ch3_muc3_d40_k3,ent_1945,mentions,semantic
edge_smt_1946,ch3_muc3_d40_k3,ent_1946,mentions,semantic
edge_smt_1947,ch3_muc3_d40_k3,ent_1947,mentions,semantic
edge_smt_1948,ch3_muc3_d40_k3,ent_1948,mentions,semantic
edge_smt_1949,ch3_muc3_d40_k3,ent_1949,mentions,semantic
edge_smt_1950,ch3_muc3_d40_k3,ent_1950,mentions,semantic
edge_smt_1951,ch3_muc3_d41_k1,ent_1951,mentions,semantic
edge_smt_1952,ch3_muc3_d41_k1,ent_1952,mentions,semantic
edge_smt_1953,ch3_muc3_d41_k1,ent_1953,mentions,semantic
edge_smt_1954,ch3_muc3_d41_k1,ent_1954,mentions,semantic
edge_smt_1955,ch3_muc3_d41_k1,ent_1955,mentions,semantic
edge_smt_1956,ch3_muc3_d41_k1,ent_1956,mentions,semantic
edge_smt_1957,ch3_muc3_d41_k1,ent_1957,mentions,semantic
edge_smt_1958,ch3_muc3_d41_k1,ent_1958,mentions,semantic
edge_smt_1959,ch3_muc3_d41_k1,ent_1959,mentions,semantic
edge_smt_1960,ch3_muc3_d41_k1,ent_1960,mentions,semantic
edge_smt_1961,ch3_muc3_d41_k1,ent_1961,mentions,semantic
edge_smt_1962,ch3_muc3_d41_k1,ent_1962,mentions,semantic
edge_smt_1963,ch3_muc3_d41_k1,ent_1963,mentions,semantic
edge_smt_1964,ch3_muc3_d41_k1,ent_1964,mentions,semantic
edge_smt_1965,ch3_muc3_d41_k1,ent_1965,mentions,semantic
edge_smt_1966,ch3_muc3_d41_k1,ent_1966,mentions,semantic
edge_smt_1967,ch3_muc3_d41_k1,ent_1967,mentions,semantic
edge_smt_1968,ch3_muc3_d41_k1,ent_1968,mentions,semantic
edge_smt_1969,ch3_muc3_d41_k1,ent_1969,mentions,semantic
edge_smt_1970,ch3_muc3_d41_k1,ent_1970,mentions,semantic
edge_smt_1971,ch3_muc3_d41_k1,ent_1971,mentions,semantic
edge_smt_1972,ch3_muc3_d41_k1,ent_1972,mentions,semantic
edge_smt_1973,ch3_muc3_d41_k1,ent_1973,mentions,semantic
edge_smt_1974,ch3_muc3_d41_k1,ent_1974,mentions,semantic
edge_smt_1975,ch3_muc3_d41_k1,ent_1975,mentions,semantic
edge_smt_1976,ch3_muc3_d41_k1,ent_1976,mentions,semantic
edge_smt_1977,ch3_muc3_d41_k1,ent_1977,mentions,semantic
edge_smt_1978,ch3_muc3_d41_k1,ent_1978,mentions,semantic
edge_smt_1979,ch3_muc3_d41_k1,ent_1979,mentions,semantic
edge_smt_1980,ch3_muc3_d41_k1,ent_1980,mentions,semantic
edge_smt_1981,ch3_muc3_d41_k1,ent_1981,mentions,semantic
edge_smt_1982,ch3_muc3_d41_k1,ent_1982,mentions,semantic
edge_smt_1983,ch3_muc3_d41_k1,ent_1983,mentions,semantic
edge_smt_1984,ch3_muc3_d41_k1,ent_1984,mentions,semantic
edge_smt_1985,ch3_muc3_d41_k1,ent_1985,mentions,semantic
edge_smt_1986,ch3_muc3_d41_k1,ent_1986,mentions,semantic
edge_smt_1987,ch3_muc3_d41_k1,ent_1987,mentions,semantic
edge_smt_1988,ch3_muc3_d41_k1,ent_1988,mentions,semantic
edge_smt_1989,ch3_muc3_d41_k1,ent_1989,mentions,semantic
edge_smt_1990,ch3_muc3_d41_k1,ent_1990,mentions,semantic
edge_smt_1991,ch3_muc3_d41_k1,ent_1991,mentions,semantic
edge_smt_1992,ch3_muc3_d41_k1,ent_1992,mentions,semantic
edge_smt_1993,ch3_muc3_d41_k1,ent_1993,mentions,semantic
edge_smt_1994,ch3_muc3_d41_k1,ent_1994,mentions,semantic
edge_smt_1995,ch3_muc3_d41_k1,ent_1995,mentions,semantic
edge_smt_1996,ch3_muc3_d41_k1,ent_1996,mentions,semantic
edge_smt_1997,ch3_muc3_d41_k1,ent_1997,mentions,semantic
edge_smt_1998,ch3_muc3_d41_k1,ent_1998,mentions,semantic
edge_smt_1999,ch3_muc3_d41_k1,ent_1999,mentions,semantic
edge_smt_2000,ch3_muc3_d41_k1,ent_2000,mentions,semantic
edge_smt_2001,ch3_muc3_d41_k1,ent_2001,mentions,semantic
edge_smt_2002,ch3_muc3_d41_k1,ent_2002,mentions,semantic
edge_smt_2003,ch3_muc3_d41_k1,ent_2003,mentions,semantic
edge_smt_2004,ch3_muc3_d41_k1,ent_2004,mentions,semantic
edge_smt_2005,ch3_muc3_d41_k1,ent_2005,mentions,semantic
edge_smt_2006,ch3_muc3_d41_k1,ent_2006,mentions,semantic
edge_smt_2007,ch3_muc3_d41_k1,ent_2007,mentions,semantic
edge_smt_2008,ch3_muc3_d41_k1,ent_2008,mentions,semantic
edge_smt_2009,ch3_muc3_d41_k1,ent_2009,mentions,semantic
edge_smt_2010,ch3_muc3_d41_k1,ent_2010,mentions,semantic
edge_smt_2011,ch3_muc3_d41_k2,ent_2011,mentions,semantic
edge_smt_2012,ch3_muc3_d41_k2,ent_2012,mentions,semantic
edge_smt_2013,ch3_muc3_d41_k2,ent_2013,mentions,semantic
edge_smt_2014,ch3_muc3_d41_k2,ent_2014,mentions,semantic
edge_smt_2015,ch3_muc3_d41_k2,ent_2015,mentions,semantic
edge_smt_2016,ch3_muc3_d41_k2,ent_2016,mentions,semantic
edge_smt_2017,ch3_muc3_d41_k2,ent_2017,mentions,semantic
edge_smt_2018,ch3_muc3_d41_k2,ent_2018,mentions,semantic
edge_smt_2019,ch3_muc3_d41_k2,ent_2019,mentions,semantic
edge_smt_2020,ch3_muc3_d41_k2,ent_2020,mentions,semantic
edge_smt_2021,ch3_muc3_d41_k2,ent_2021,mentions,semantic
edge_smt_2022,ch3_muc3_d41_k2,ent_2022,mentions,semantic
edge_smt_2023,ch3_muc3_d41_k2,ent_2023,mentions,semantic
edge_smt_2024,ch3_muc3_d41_k2,ent_2024,mentions,semantic
edge_smt_2025,ch3_muc3_d41_k3,ent_2025,mentions,semantic
edge_smt_2026,ch3_muc3_d41_k3,ent_2026,mentions,semantic
edge_smt_2027,ch3_muc3_d41_k3,ent_2027,mentions,semantic
edge_smt_2028,ch3_muc3_d41_k3,ent_2028,mentions,semantic
edge_smt_2029,ch3_muc3_d41_k3,ent_2029,mentions,semantic
edge_smt_2030,ch3_muc3_d41_k3,ent_2030,mentions,semantic
edge_smt_2031,ch3_muc3_d41_k3,ent_2031,mentions,semantic
edge_smt_2032,ch3_muc3_d41_k3,ent_2032,mentions,semantic
edge_smt_2033,ch3_muc3_d41_k3,ent_2033,mentions,semantic
edge_smt_2034,ch3_muc3_d41_k3,ent_2034,mentions,semantic
edge_smt_2035,ch3_muc3_d41_k3,ent_2035,mentions,semantic
edge_smt_2036,ch3_muc3_d41_k3,ent_2036,mentions,semantic
edge_smt_2037,ch3_muc3_d41_k3,ent_2037,mentions,semantic
edge_smt_2038,ch3_muc3_d41_k3,ent_2038,mentions,semantic
edge_smt_2039,ch3_muc3_d41_k3,ent_2039,mentions,semantic
edge_smt_2040,ch3_muc3_d41_k3,ent_2040,mentions,semantic
edge_smt_2041,ch3_muc3_d41_k3,ent_2041,mentions,semantic
edge_smt_2042,ch3_muc3_d41_k3,ent_2042,mentions,semantic
edge_smt_2043,ch3_muc3_d41_k3,ent_2043,mentions,semantic
edge_smt_2044,ch3_muc3_d41_k3,ent_2044,mentions,semantic
edge_smt_2045,ch3_muc3_d41_k3,ent_2045,mentions,semantic
edge_smt_2046,ch3_muc3_d41_k3,ent_2046,mentions,semantic
edge_smt_2047,ch3_muc3_d41_k3,ent_2047,mentions,semantic
edge_smt_2048,ch3_muc3_d42_k1,ent_2048,mentions,semantic
edge_smt_2049,ch3_muc3_d42_k1,ent_2049,mentions,semantic
edge_smt_2050,ch3_muc3_d42_k1,ent_2050,mentions,semantic
edge_smt_2051,ch3_muc3_d42_k1,ent_2051,mentions,semantic
edge_smt_2052,ch3_muc3_d42_k1,ent_2052,mentions,semantic
edge_smt_2053,ch3_muc3_d42_k1,ent_2053,mentions,semantic
edge_smt_2054,ch3_muc3_d42_k1,ent_2054,mentions,semantic
edge_smt_2055,ch3_muc3_d42_k1,ent_2055,mentions,semantic
edge_smt_2056,ch3_muc3_d42_k1,ent_2056,mentions,semantic
edge_smt_2057,ch3_muc3_d42_k1_a,ent_2057,mentions,semantic
edge_smt_2058,ch3_muc3_d42_k1_a,ent_2058,mentions,semantic
edge_smt_2059,ch3_muc3_d42_k1_a,ent_2059,mentions,semantic
edge_smt_2060,ch3_muc3_d42_k1_b,ent_2060,mentions,semantic
edge_smt_2061,ch3_muc3_d42_k1_b,ent_2061,mentions,semantic
edge_smt_2062,ch3_muc3_d42_k1_c,ent_2062,mentions,semantic
edge_smt_2063,ch3_muc3_d42_k2,ent_2063,mentions,semantic
edge_smt_2064,ch3_muc3_d42_k2,ent_2064,mentions,semantic
edge_smt_2065,ch3_muc3_d42_k2,ent_2065,mentions,semantic
edge_smt_2066,ch3_muc3_d42_k2,ent_2066,mentions,semantic
edge_smt_2067,ch3_muc3_d42_k2,ent_2067,mentions,semantic
edge_smt_2068,ch3_muc3_d42_k2,ent_2068,mentions,semantic
edge_smt_2069,ch3_muc3_d42_k2,ent_2069,mentions,semantic
edge_smt_2070,ch3_muc3_d42_k2_b,ent_2070,mentions,semantic
edge_smt_2071,ch3_muc3_d42_k2_b,ent_2071,mentions,semantic
edge_smt_2072,ch3_muc3_d42_k3,ent_2072,mentions,semantic
edge_smt_2073,ch3_muc3_d42_k3,ent_2073,mentions,semantic
edge_smt_2074,ch3_muc3_d42_k3,ent_2074,mentions,semantic
edge_smt_2075,ch3_muc3_d42_k3,ent_2075,mentions,semantic
edge_smt_2076,ch3_muc3_d42_k3,ent_2076,mentions,semantic
edge_smt_2077,ch3_muc3_d42_k3,ent_2077,mentions,semantic
edge_smt_2078,ch3_muc3_d42_k3,ent_2078,mentions,semantic
edge_smt_2079,ch3_muc3_d42_k3,ent_2079,mentions,semantic
edge_smt_2080,ch3_muc3_d42_k3,ent_2080,mentions,semantic
edge_smt_2081,ch3_muc3_d42_k3,ent_2081,mentions,semantic
edge_smt_2082,ch3_muc3_d42_k3,ent_2082,mentions,semantic
edge_smt_2083,ch3_muc3_d42_k3,ent_2083,mentions,semantic
edge_smt_2084,ch3_muc3_d42_k3,ent_2084,mentions,semantic
edge_smt_2085,ch3_muc3_d42_k3,ent_2085,mentions,semantic
edge_smt_2086,ch3_muc3_d42_k3,ent_2086,mentions,semantic
edge_smt_2087,ch3_muc3_d42_k4,ent_2087,mentions,semantic
edge_smt_2088,ch3_muc3_d42_k4,ent_2088,mentions,semantic
edge_smt_2089,ch3_muc3_d42_k4,ent_2089,mentions,semantic
edge_smt_2090,ch3_muc3_d42_k4,ent_2090,mentions,semantic
edge_smt_2091,ch3_muc3_d42_k4,ent_2091,mentions,semantic
edge_smt_2092,ch3_muc3_d42_k4,ent_2092,mentions,semantic
edge_smt_2093,ch3_muc3_d42_k4,ent_2093,mentions,semantic
edge_smt_2094,ch3_muc3_d42_k4,ent_2094,mentions,semantic
edge_smt_2095,ch3_muc3_d42_k4,ent_2095,mentions,semantic
edge_smt_2096,ch3_muc3_d42_k4,ent_2096,mentions,semantic
edge_smt_2097,ch3_muc3_d42_k4,ent_2097,mentions,semantic
edge_smt_2098,ch3_muc3_d42_k4,ent_2098,mentions,semantic
edge_smt_2099,ch3_muc3_d42_k4,ent_2099,mentions,semantic
edge_smt_2100,ch3_muc3_d42_k4,ent_2100,mentions,semantic
edge_smt_2101,ch3_muc3_d42_k4,ent_2101,mentions,semantic
edge_smt_2102,ch3_muc3_d42_k5,ent_2102,mentions,semantic
edge_smt_2103,ch3_muc3_d42_k5,ent_2103,mentions,semantic
edge_smt_2104,ch3_muc3_d42_k5,ent_2104,mentions,semantic
edge_smt_2105,ch3_muc3_d42_k5,ent_2105,mentions,semantic
edge_smt_2106,ch3_muc3_d42_k5,ent_2106,mentions,semantic
edge_smt_2107,ch3_muc3_d42_k5,ent_2107,mentions,semantic
edge_smt_2108,ch3_muc3_d42_k5,ent_2108,mentions,semantic
edge_smt_2109,ch3_muc3_d42_k5,ent_2109,mentions,semantic
edge_smt_2110,ch3_muc3_d42_k5,ent_2110,mentions,semantic
edge_smt_2111,ch3_muc3_d42_k5,ent_2111,mentions,semantic
edge_smt_2112,ch3_muc3_d42_k5,ent_2112,mentions,semantic
edge_smt_2113,ch3_muc3_d42_k5,ent_2113,mentions,semantic
edge_smt_2114,ch3_muc3_d42_k5,ent_2114,mentions,semantic
edge_smt_2115,ch3_muc3_d42_k5,ent_2115,mentions,semantic
edge_smt_2116,ch3_muc3_d42_k5,ent_2116,mentions,semantic
edge_smt_2117,ch3_muc3_d42_k5,ent_2117,mentions,semantic
edge_smt_2118,ch3_muc3_d42_k5,ent_2118,mentions,semantic
edge_smt_2119,ch3_muc3_d42_k5,ent_2119,mentions,semantic
edge_smt_2120,ch3_muc3_d42_k6,ent_2120,mentions,semantic
edge_smt_2121,ch3_muc3_d42_k6,ent_2121,mentions,semantic
edge_smt_2122,ch3_muc3_d42_k6,ent_2122,mentions,semantic
edge_smt_2123,ch3_muc3_d42_k6,ent_2123,mentions,semantic
edge_smt_2124,ch3_muc3_d42_k6,ent_2124,mentions,semantic
edge_smt_2125,ch3_muc3_d42_k6,ent_2125,mentions,semantic
edge_smt_2126,ch3_muc3_d42_k6,ent_2126,mentions,semantic
edge_smt_2127,ch3_muc3_d42_k6,ent_2127,mentions,semantic
edge_smt_2128,ch3_muc3_d42_k6,ent_2128,mentions,semantic
edge_smt_2129,ch3_muc3_d42_k6,ent_2129,mentions,semantic
edge_smt_2130,ch3_muc3_d42_k6,ent_2130,mentions,semantic
edge_smt_2131,ch3_muc3_d42_k6,ent_2131,mentions,semantic
edge_smt_2132,ch3_muc3_d42_k6,ent_2132,mentions,semantic
edge_smt_2133,ch3_muc3_d42_k6,ent_2133,mentions,semantic
edge_smt_2134,ch3_muc3_d42_k6,ent_2134,mentions,semantic
edge_smt_2135,ch3_muc3_d42_k6,ent_2135,mentions,semantic
edge_smt_2136,ch3_muc3_d42_k6,ent_2136,mentions,semantic
edge_smt_2137,ch3_muc3_d42_k6,ent_2137,mentions,semantic
edge_smt_2138,ch3_muc3_d42_k6,ent_2138,mentions,semantic
edge_smt_2139,ch3_muc3_d42_k6,ent_2139,mentions,semantic
edge_smt_2140,ch3_muc3_d42_k6,ent_2140,mentions,semantic
edge_smt_2141,ch3_muc3_d43_k1,ent_2141,mentions,semantic
edge_smt_2142,ch3_muc3_d43_k1,ent_2142,mentions,semantic
edge_smt_2143,ch3_muc3_d43_k1,ent_2143,mentions,semantic
edge_smt_2144,ch3_muc3_d43_k1,ent_2144,mentions,semantic
edge_smt_2145,ch3_muc3_d43_k1,ent_2145,mentions,semantic
edge_smt_2146,ch3_muc3_d43_k1,ent_2146,mentions,semantic
edge_smt_2147,ch3_muc3_d43_k1,ent_2147,mentions,semantic
edge_smt_2148,ch3_muc3_d43_k1,ent_2148,mentions,semantic
edge_smt_2149,ch3_muc3_d43_k1,ent_2149,mentions,semantic
edge_smt_2150,ch3_muc3_d43_k1,ent_2150,mentions,semantic
edge_smt_2151,ch3_muc3_d43_k1,ent_2151,mentions,semantic
edge_smt_2152,ch3_muc3_d43_k1,ent_2152,mentions,semantic
edge_smt_2153,ch3_muc3_d43_k1,ent_2153,mentions,semantic
edge_smt_2154,ch3_muc3_d43_k1,ent_2154,mentions,semantic
edge_smt_2155,ch3_muc3_d43_k1,ent_2155,mentions,semantic
edge_smt_2156,ch3_muc3_d43_k1,ent_2156,mentions,semantic
edge_smt_2157,ch3_muc3_d43_k1,ent_2157,mentions,semantic
edge_smt_2158,ch3_muc3_d43_k1,ent_2158,mentions,semantic
edge_smt_2159,ch3_muc3_d43_k1,ent_2159,mentions,semantic
edge_smt_2160,ch3_muc3_d43_k1,ent_2160,mentions,semantic
edge_smt_2161,ch3_muc3_d43_k1,ent_2161,mentions,semantic
edge_smt_2162,ch3_muc3_d43_k2,ent_2162,mentions,semantic
edge_smt_2163,ch3_muc3_d43_k2,ent_2163,mentions,semantic
edge_smt_2164,ch3_muc3_d43_k2,ent_2164,mentions,semantic
edge_smt_2165,ch3_muc3_d43_k2,ent_2165,mentions,semantic
edge_smt_2166,ch3_muc3_d43_k3,ent_2166,mentions,semantic
edge_smt_2167,ch3_muc3_d43_k3,ent_2167,mentions,semantic
edge_smt_2168,ch3_muc3_d43_k3,ent_2168,mentions,semantic
edge_smt_2169,ch3_muc3_d43_k3,ent_2169,mentions,semantic
edge_smt_2170,ch3_muc3_d43_k3,ent_2170,mentions,semantic
edge_smt_2171,ch3_muc3_d43_k3,ent_2171,mentions,semantic
edge_smt_2172,ch3_muc3_d43_k3,ent_2172,mentions,semantic
edge_smt_2173,ch3_muc3_d43_k3,ent_2173,mentions,semantic
edge_smt_2174,ch3_muc3_d43_k3,ent_2174,mentions,semantic
edge_smt_2175,ch3_muc3_d43_k3,ent_2175,mentions,semantic
edge_smt_2176,ch3_muc3_d43_k3,ent_2176,mentions,semantic
edge_smt_2177,ch3_muc3_d44_k1,ent_2177,mentions,semantic
edge_smt_2178,ch3_muc3_d44_k1,ent_2178,mentions,semantic
edge_smt_2179,ch3_muc3_d44_k1,ent_2179,mentions,semantic
edge_smt_2180,ch3_muc3_d44_k1,ent_2180,mentions,semantic
edge_smt_2181,ch3_muc3_d44_k1,ent_2181,mentions,semantic
edge_smt_2182,ch3_muc3_d44_k1,ent_2182,mentions,semantic
edge_smt_2183,ch3_muc3_d44_k1,ent_2183,mentions,semantic
edge_smt_2184,ch3_muc3_d44_k1,ent_2184,mentions,semantic
edge_smt_2185,ch3_muc3_d44_k1,ent_2185,mentions,semantic
edge_smt_2186,ch3_muc3_d44_k1,ent_2186,mentions,semantic
edge_smt_2187,ch3_muc3_d44_k1,ent_2187,mentions,semantic
edge_smt_2188,ch3_muc3_d44_k1,ent_2188,mentions,semantic
edge_smt_2189,ch3_muc3_d44_k1,ent_2189,mentions,semantic
edge_smt_2190,ch3_muc3_d44_k1,ent_2190,mentions,semantic
edge_smt_2191,ch3_muc3_d44_k1,ent_2191,mentions,semantic
edge_smt_2192,ch3_muc3_d44_k1,ent_2192,mentions,semantic
edge_smt_2193,ch3_muc3_d44_k1,ent_2193,mentions,semantic
edge_smt_2194,ch3_muc3_d44_k1,ent_2194,mentions,semantic
edge_smt_2195,ch3_muc3_d44_k1,ent_2195,mentions,semantic
edge_smt_2196,ch3_muc3_d44_k1_a,ent_2196,mentions,semantic
edge_smt_2197,ch3_muc3_d44_k1_a,ent_2197,mentions,semantic
edge_smt_2198,ch3_muc3_d44_k1_a,ent_2198,mentions,semantic
edge_smt_2199,ch3_muc3_d44_k1_a,ent_2199,mentions,semantic
edge_smt_2200,ch3_muc3_d44_k1_b,ent_2200,mentions,semantic
edge_smt_2201,ch3_muc3_d44_k1_b,ent_2201,mentions,semantic
edge_smt_2202,ch3_muc3_d44_k1_c,ent_2202,mentions,semantic
edge_smt_2203,ch3_muc3_d44_k1_c,ent_2203,mentions,semantic
edge_smt_2204,ch3_muc3_d44_k1_c,ent_2204,mentions,semantic
edge_smt_2205,ch3_muc3_d44_k1_c,ent_2205,mentions,semantic
edge_smt_2206,ch3_muc3_d44_k1_d,ent_2206,mentions,semantic
edge_smt_2207,ch3_muc3_d44_k1_d,ent_2207,mentions,semantic
edge_smt_2208,ch3_muc3_d44_k1_d,ent_2208,mentions,semantic
edge_smt_2209,ch3_muc3_d44_k1_d,ent_2209,mentions,semantic
edge_smt_2210,ch3_muc3_d44_k1_d,ent_2210,mentions,semantic
edge_smt_2211,ch3_muc3_d44_k1_d,ent_2211,mentions,semantic
edge_smt_2212,ch3_muc3_d44_k1_d,ent_2212,mentions,semantic
edge_smt_2213,ch3_muc3_d44_k1_đ,ent_2213,mentions,semantic
edge_smt_2214,ch3_muc3_d44_k1_đ,ent_2214,mentions,semantic
edge_smt_2215,ch3_muc3_d44_k1_đ,ent_2215,mentions,semantic
edge_smt_2216,ch3_muc3_d44_k1_đ,ent_2216,mentions,semantic
edge_smt_2217,ch3_muc3_d44_k2,ent_2217,mentions,semantic
edge_smt_2218,ch3_muc3_d44_k2,ent_2218,mentions,semantic
edge_smt_2219,ch3_muc3_d44_k2,ent_2219,mentions,semantic
edge_smt_2220,ch3_muc3_d44_k2,ent_2220,mentions,semantic
edge_smt_2221,ch3_muc3_d44_k2,ent_2221,mentions,semantic
edge_smt_2222,ch3_muc3_d44_k2,ent_2222,mentions,semantic
edge_smt_2223,ch3_muc3_d44_k2,ent_2223,mentions,semantic
edge_smt_2224,ch3_muc3_d44_k2,ent_2224,mentions,semantic
edge_smt_2225,ch3_muc3_d44_k2,ent_2225,mentions,semantic
edge_smt_2226,ch3_muc3_d44_k2,ent_2226,mentions,semantic
edge_smt_2227,ch3_muc3_d44_k2,ent_2227,mentions,semantic
edge_smt_2228,ch3_muc3_d44_k2,ent_2228,mentions,semantic
edge_smt_2229,ch3_muc3_d44_k2,ent_2229,mentions,semantic
edge_smt_2230,ch3_muc3_d44_k2,ent_2230,mentions,semantic
edge_smt_2231,ch3_muc3_d44_k2,ent_2231,mentions,semantic
edge_smt_2232,ch3_muc3_d44_k2,ent_2232,mentions,semantic
edge_smt_2233,ch3_muc3_d44_k2,ent_2233,mentions,semantic
edge_smt_2234,ch3_muc3_d44_k2,ent_2234,mentions,semantic
edge_smt_2235,ch3_muc3_d44_k2,ent_2235,mentions,semantic
edge_smt_2236,ch3_muc3_d44_k2,ent_2236,mentions,semantic
edge_smt_2237,ch3_muc3_d44_k2,ent_2237,mentions,semantic
edge_smt_2238,ch3_muc3_d44_k2,ent_2238,mentions,semantic
edge_smt_2239,ch3_muc3_d44_k2,ent_2239,mentions,semantic
edge_smt_2240,ch3_muc3_d45_k1,ent_2240,mentions,semantic
edge_smt_2241,ch3_muc3_d45_k1,ent_2241,mentions,semantic
edge_smt_2242,ch3_muc3_d45_k1,ent_2242,mentions,semantic
edge_smt_2243,ch3_muc3_d45_k1,ent_2243,mentions,semantic
edge_smt_2244,ch3_muc3_d45_k1,ent_2244,mentions,semantic
edge_smt_2245,ch3_muc3_d45_k1,ent_2245,mentions,semantic
edge_smt_2246,ch3_muc3_d45_k1,ent_2246,mentions,semantic
edge_smt_2247,ch3_muc3_d45_k1,ent_2247,mentions,semantic
edge_smt_2248,ch3_muc3_d45_k1,ent_2248,mentions,semantic
edge_smt_2249,ch3_muc3_d45_k1,ent_2249,mentions,semantic
edge_smt_2250,ch3_muc3_d45_k1,ent_2250,mentions,semantic
edge_smt_2251,ch3_muc3_d45_k1,ent_2251,mentions,semantic
edge_smt_2252,ch3_muc3_d45_k2,ent_2252,mentions,semantic
edge_smt_2253,ch3_muc3_d45_k2,ent_2253,mentions,semantic
edge_smt_2254,ch3_muc3_d45_k2,ent_2254,mentions,semantic
edge_smt_2255,ch3_muc3_d45_k2,ent_2255,mentions,semantic
edge_smt_2256,ch3_muc3_d45_k2,ent_2256,mentions,semantic
edge_smt_2257,ch3_muc3_d45_k2,ent_2257,mentions,semantic
edge_smt_2258,ch3_muc3_d45_k2,ent_2258,mentions,semantic
edge_smt_2259,ch3_muc3_d45_k2,ent_2259,mentions,semantic
edge_smt_2260,ch3_muc3_d45_k2,ent_2260,mentions,semantic
edge_smt_2261,ch3_muc3_d45_k2,ent_2261,mentions,semantic
edge_smt_2262,ch3_muc3_d45_k2,ent_2262,mentions,semantic
edge_smt_2263,ch3_muc3_d45_k2,ent_2263,mentions,semantic
edge_smt_2264,ch3_muc3_d45_k2,ent_2264,mentions,semantic
edge_smt_2265,ch3_muc3_d45_k2,ent_2265,mentions,semantic
edge_smt_2266,ch3_muc3_d45_k2,ent_2266,mentions,semantic
edge_smt_2267,ch3_muc3_d45_k2,ent_2267,mentions,semantic
edge_smt_2268,ch3_muc3_d45_k2,ent_2268,mentions,semantic
edge_smt_2269,ch3_muc3_d45_k2,ent_2269,mentions,semantic
edge_smt_2270,ch3_muc3_d45_k2,ent_2270,mentions,semantic
edge_smt_2271,ch3_muc3_d45_k2,ent_2271,mentions,semantic
edge_smt_2272,ch3_muc3_d45_k2,ent_2272,mentions,semantic
edge_smt_2273,ch3_muc3_d45_k2,ent_2273,mentions,semantic
edge_smt_2274,ch3_muc3_d45_k2,ent_2274,mentions,semantic
edge_smt_2275,ch3_muc3_d45_k2,ent_2275,mentions,semantic
edge_smt_2276,ch3_muc3_d45_k2,ent_2276,mentions,semantic
edge_smt_2277,ch3_muc3_d45_k2,ent_2277,mentions,semantic
edge_smt_2278,ch3_muc3_d45_k2,ent_2278,mentions,semantic
edge_smt_2279,ch3_muc3_d45_k2,ent_2279,mentions,semantic
edge_smt_2280,ch3_muc3_d45_k2,ent_2280,mentions,semantic
edge_smt_2281,ch3_muc3_d45_k2,ent_2281,mentions,semantic
edge_smt_2282,ch3_muc3_d45_k2,ent_2282,mentions,semantic
edge_smt_2283,ch3_muc3_d45_k2,ent_2283,mentions,semantic
edge_smt_2284,ch3_muc3_d45_k2,ent_2284,mentions,semantic
edge_smt_2285,ch3_muc3_d45_k2,ent_2285,mentions,semantic
edge_smt_2286,ch3_muc3_d46_k1,ent_2286,mentions,semantic
edge_smt_2287,ch3_muc3_d46_k1,ent_2287,mentions,semantic
edge_smt_2288,ch3_muc3_d46_k1,ent_2288,mentions,semantic
edge_smt_2289,ch3_muc3_d46_k1,ent_2289,mentions,semantic
edge_smt_2290,ch3_muc3_d46_k1,ent_2290,mentions,semantic
edge_smt_2291,ch3_muc3_d46_k1,ent_2291,mentions,semantic
edge_smt_2292,ch3_muc3_d46_k1,ent_2292,mentions,semantic
edge_smt_2293,ch3_muc3_d46_k1,ent_2293,mentions,semantic
edge_smt_2294,ch3_muc3_d46_k1,ent_2294,mentions,semantic
edge_smt_2295,ch3_muc3_d46_k1,ent_2295,mentions,semantic
edge_smt_2296,ch3_muc3_d46_k1,ent_2296,mentions,semantic
edge_smt_2297,ch3_muc3_d46_k1,ent_2297,mentions,semantic
edge_smt_2298,ch3_muc3_d46_k1,ent_2298,mentions,semantic
edge_smt_2299,ch3_muc3_d46_k1,ent_2299,mentions,semantic
edge_smt_2300,ch3_muc3_d46_k1,ent_2300,mentions,semantic
edge_smt_2301,ch3_muc3_d46_k1,ent_2301,mentions,semantic
edge_smt_2302,ch3_muc3_d46_k1,ent_2302,mentions,semantic
edge_smt_2303,ch3_muc3_d46_k1,ent_2303,mentions,semantic
edge_smt_2304,ch3_muc3_d46_k1,ent_2304,mentions,semantic
edge_smt_2305,ch3_muc3_d46_k1,ent_2305,mentions,semantic
edge_smt_2306,ch3_muc3_d46_k1,ent_2306,mentions,semantic
edge_smt_2307,ch3_muc3_d46_k1,ent_2307,mentions,semantic
edge_smt_2308,ch3_muc3_d46_k1,ent_2308,mentions,semantic
edge_smt_2309,ch3_muc3_d46_k1,ent_2309,mentions,semantic
edge_smt_2310,ch3_muc3_d46_k1,ent_2310,mentions,semantic
edge_smt_2311,ch3_muc3_d46_k2,ent_2311,mentions,semantic
edge_smt_2312,ch3_muc3_d46_k2,ent_2312,mentions,semantic
edge_smt_2313,ch3_muc3_d46_k2,ent_2313,mentions,semantic
edge_smt_2314,ch3_muc3_d46_k2,ent_2314,mentions,semantic
edge_smt_2315,ch3_muc3_d46_k2,ent_2315,mentions,semantic
edge_smt_2316,ch3_muc3_d46_k2,ent_2316,mentions,semantic
edge_smt_2317,ch3_muc3_d46_k2,ent_2317,mentions,semantic
edge_smt_2318,ch3_muc3_d46_k2,ent_2318,mentions,semantic
edge_smt_2319,ch3_muc3_d46_k2,ent_2319,mentions,semantic
edge_smt_2320,ch3_muc3_d46_k2,ent_2320,mentions,semantic
edge_smt_2321,ch3_muc3_d46_k2,ent_2321,mentions,semantic
edge_smt_2322,ch3_muc3_d46_k2,ent_2322,mentions,semantic
edge_smt_2323,ch3_muc3_d46_k2,ent_2323,mentions,semantic
edge_smt_2324,ch3_muc3_d46_k2,ent_2324,mentions,semantic
edge_smt_2325,ch3_muc3_d46_k2,ent_2325,mentions,semantic
edge_smt_2326,ch3_muc3_d46_k2,ent_2326,mentions,semantic
edge_smt_2327,ch3_muc3_d46_k2,ent_2327,mentions,semantic
edge_smt_2328,ch3_muc3_d46_k2,ent_2328,mentions,semantic
edge_smt_2329,ch3_muc3_d46_k2,ent_2329,mentions,semantic
edge_smt_2330,ch3_muc3_d46_k3,ent_2330,mentions,semantic
edge_smt_2331,ch3_muc3_d46_k3,ent_2331,mentions,semantic
edge_smt_2332,ch3_muc3_d46_k3,ent_2332,mentions,semantic
edge_smt_2333,ch3_muc3_d46_k3,ent_2333,mentions,semantic
edge_smt_2334,ch3_muc3_d46_k3,ent_2334,mentions,semantic
edge_smt_2335,ch3_muc3_d46_k3,ent_2335,mentions,semantic
edge_smt_2336,ch3_muc3_d46_k3,ent_2336,mentions,semantic
edge_smt_2337,ch3_muc3_d46_k3,ent_2337,mentions,semantic
edge_smt_2338,ch3_muc3_d46_k3,ent_2338,mentions,semantic
edge_smt_2339,ch3_muc3_d46_k3,ent_2339,mentions,semantic
edge_smt_2340,ch3_muc3_d46_k4,ent_2340,mentions,semantic
edge_smt_2341,ch3_muc3_d47_k1,ent_2341,mentions,semantic
edge_smt_2342,ch3_muc3_d47_k1,ent_2342,mentions,semantic
edge_smt_2343,ch3_muc3_d47_k1,ent_2343,mentions,semantic
edge_smt_2344,ch3_muc3_d47_k1,ent_2344,mentions,semantic
edge_smt_2345,ch3_muc3_d47_k1,ent_2345,mentions,semantic
edge_smt_2346,ch3_muc3_d47_k1,ent_2346,mentions,semantic
edge_smt_2347,ch3_muc3_d47_k1,ent_2347,mentions,semantic
edge_smt_2348,ch3_muc3_d47_k1,ent_2348,mentions,semantic
edge_smt_2349,ch3_muc3_d47_k1,ent_2349,mentions,semantic
edge_smt_2350,ch3_muc3_d47_k1,ent_2350,mentions,semantic
edge_smt_2351,ch3_muc3_d47_k1,ent_2351,mentions,semantic
edge_smt_2352,ch3_muc3_d47_k1,ent_2352,mentions,semantic
edge_smt_2353,ch3_muc3_d47_k1,ent_2353,mentions,semantic
edge_smt_2354,ch3_muc3_d47_k1,ent_2354,mentions,semantic
edge_smt_2355,ch3_muc3_d47_k1,ent_2355,mentions,semantic
edge_smt_2356,ch3_muc3_d47_k1,ent_2356,mentions,semantic
edge_smt_2357,ch3_muc3_d47_k1,ent_2357,mentions,semantic
edge_smt_2358,ch3_muc3_d47_k1,ent_2358,mentions,semantic
edge_smt_2359,ch3_muc3_d47_k1,ent_2359,mentions,semantic
edge_smt_2360,ch3_muc3_d47_k2,ent_2360,mentions,semantic
edge_smt_2361,ch3_muc3_d47_k2,ent_2361,mentions,semantic
edge_smt_2362,ch3_muc3_d47_k2,ent_2362,mentions,semantic
edge_smt_2363,ch3_muc3_d47_k2,ent_2363,mentions,semantic
edge_smt_2364,ch3_muc3_d47_k2,ent_2364,mentions,semantic
edge_smt_2365,ch3_muc3_d47_k2,ent_2365,mentions,semantic
edge_smt_2366,ch3_muc3_d47_k2,ent_2366,mentions,semantic
edge_smt_2367,ch3_muc3_d47_k2,ent_2367,mentions,semantic
edge_smt_2368,ch3_muc3_d47_k2,ent_2368,mentions,semantic
edge_smt_2369,ch3_muc3_d47_k2,ent_2369,mentions,semantic
edge_smt_2370,ch3_muc3_d47_k2,ent_2370,mentions,semantic
edge_smt_2371,ch3_muc3_d47_k2,ent_2371,mentions,semantic
edge_smt_2372,ch3_muc3_d47_k2,ent_2372,mentions,semantic
edge_smt_2373,ch3_muc3_d47_k2,ent_2373,mentions,semantic
edge_smt_2374,ch3_muc3_d47_k2,ent_2374,mentions,semantic
edge_smt_2375,ch3_muc3_d47_k2,ent_2375,mentions,semantic
edge_smt_2376,ch3_muc3_d47_k2,ent_2376,mentions,semantic
edge_smt_2377,ch3_muc3_d47_k2,ent_2377,mentions,semantic
edge_smt_2378,ch3_muc3_d47_k3,ent_2378,mentions,semantic
edge_smt_2379,ch3_muc3_d47_k3,ent_2379,mentions,semantic
edge_smt_2380,ch3_muc3_d47_k3,ent_2380,mentions,semantic
edge_smt_2381,ch3_muc3_d47_k3,ent_2381,mentions,semantic
edge_smt_2382,ch3_muc3_d47_k3,ent_2382,mentions,semantic
edge_smt_2383,ch3_muc3_d47_k3,ent_2383,mentions,semantic
edge_smt_2384,ch3_muc3_d47_k3,ent_2384,mentions,semantic
edge_smt_2385,ch3_muc3_d47_k3,ent_2385,mentions,semantic
edge_smt_2386,ch3_muc3_d47_k3,ent_2386,mentions,semantic
edge_smt_2387,ch3_muc3_d47_k3,ent_2387,mentions,semantic
edge_smt_2388,ch3_muc3_d47_k4,ent_2388,mentions,semantic
edge_smt_2389,ch3_muc3_d48_k1,ent_2389,mentions,semantic
edge_smt_2390,ch3_muc3_d48_k1,ent_2390,mentions,semantic
edge_smt_2391,ch3_muc3_d48_k1,ent_2391,mentions,semantic
edge_smt_2392,ch3_muc3_d48_k1,ent_2392,mentions,semantic
edge_smt_2393,ch3_muc3_d48_k1,ent_2393,mentions,semantic
edge_smt_2394,ch3_muc3_d48_k1,ent_2394,mentions,semantic
edge_smt_2395,ch3_muc3_d48_k1,ent_2395,mentions,semantic
edge_smt_2396,ch3_muc3_d48_k1,ent_2396,mentions,semantic
edge_smt_2397,ch3_muc3_d48_k1,ent_2397,mentions,semantic
edge_smt_2398,ch3_muc3_d48_k1,ent_2398,mentions,semantic
edge_smt_2399,ch3_muc3_d48_k1,ent_2399,mentions,semantic
edge_smt_2400,ch3_muc3_d48_k1,ent_2400,mentions,semantic
edge_smt_2401,ch3_muc3_d48_k1,ent_2401,mentions,semantic
edge_smt_2402,ch3_muc3_d48_k1,ent_2402,mentions,semantic
edge_smt_2403,ch3_muc3_d48_k1,ent_2403,mentions,semantic
edge_smt_2404,ch3_muc3_d48_k1,ent_2404,mentions,semantic
edge_smt_2405,ch3_muc3_d48_k1,ent_2405,mentions,semantic
edge_smt_2406,ch3_muc3_d48_k1,ent_2406,mentions,semantic
edge_smt_2407,ch3_muc3_d48_k1,ent_2407,mentions,semantic
edge_smt_2408,ch3_muc3_d48_k1,ent_2408,mentions,semantic
edge_smt_2409,ch3_muc3_d48_k1,ent_2409,mentions,semantic
edge_smt_2410,ch3_muc3_d48_k1,ent_2410,mentions,semantic
edge_smt_2411,ch3_muc3_d48_k1,ent_2411,mentions,semantic
edge_smt_2412,ch3_muc3_d48_k1,ent_2412,mentions,semantic
edge_smt_2413,ch3_muc3_d48_k1,ent_2413,mentions,semantic
edge_smt_2414,ch3_muc3_d48_k1,ent_2414,mentions,semantic
edge_smt_2415,ch3_muc3_d48_k1,ent_2415,mentions,semantic
edge_smt_2416,ch3_muc3_d48_k1,ent_2416,mentions,semantic
edge_smt_2417,ch3_muc3_d48_k1,ent_2417,mentions,semantic
edge_smt_2418,ch3_muc3_d48_k1,ent_2418,mentions,semantic
edge_smt_2419,ch3_muc3_d48_k1_a,ent_2419,mentions,semantic
edge_smt_2420,ch3_muc3_d48_k1_a,ent_2420,mentions,semantic
edge_smt_2421,ch3_muc3_d48_k1_a,ent_2421,mentions,semantic
edge_smt_2422,ch3_muc3_d48_k1_a,ent_2422,mentions,semantic
edge_smt_2423,ch3_muc3_d48_k1_a,ent_2423,mentions,semantic
edge_smt_2424,ch3_muc3_d48_k1_a,ent_2424,mentions,semantic
edge_smt_2425,ch3_muc3_d48_k1_a,ent_2425,mentions,semantic
edge_smt_2426,ch3_muc3_d48_k1_b,ent_2426,mentions,semantic
edge_smt_2427,ch3_muc3_d48_k1_b,ent_2427,mentions,semantic
edge_smt_2428,ch3_muc3_d48_k1_c,ent_2428,mentions,semantic
edge_smt_2429,ch3_muc3_d48_k1_c,ent_2429,mentions,semantic
edge_smt_2430,ch3_muc3_d48_k1_c,ent_2430,mentions,semantic
edge_smt_2431,ch3_muc3_d48_k1_c,ent_2431,mentions,semantic
edge_smt_2432,ch3_muc3_d48_k1_c,ent_2432,mentions,semantic
edge_smt_2433,ch3_muc3_d48_k1_c,ent_2433,mentions,semantic
edge_smt_2434,ch3_muc3_d48_k1_d,ent_2434,mentions,semantic
edge_smt_2435,ch3_muc3_d48_k2,ent_2435,mentions,semantic
edge_smt_2436,ch3_muc3_d48_k2,ent_2436,mentions,semantic
edge_smt_2437,ch3_muc3_d48_k2,ent_2437,mentions,semantic
edge_smt_2438,ch3_muc3_d48_k2,ent_2438,mentions,semantic
edge_smt_2439,ch3_muc3_d48_k2,ent_2439,mentions,semantic
edge_smt_2440,ch3_muc3_d48_k2,ent_2440,mentions,semantic
edge_smt_2441,ch3_muc3_d48_k2,ent_2441,mentions,semantic
edge_smt_2442,ch3_muc3_d48_k2,ent_2442,mentions,semantic
edge_smt_2443,ch3_muc3_d48_k2,ent_2443,mentions,semantic
edge_smt_2444,ch3_muc3_d48_k2,ent_2444,mentions,semantic
edge_smt_2445,ch3_muc3_d48_k2,ent_2445,mentions,semantic
edge_smt_2446,ch3_muc3_d48_k2,ent_2446,mentions,semantic
edge_smt_2447,ch3_muc3_d48_k2,ent_2447,mentions,semantic
edge_smt_2448,ch3_muc3_d48_k2,ent_2448,mentions,semantic
edge_smt_2449,ch3_muc3_d48_k2,ent_2449,mentions,semantic
edge_smt_2450,ch3_muc3_d48_k2,ent_2450,mentions,semantic
edge_smt_2451,ch3_muc3_d48_k2,ent_2451,mentions,semantic
edge_smt_2452,ch3_muc3_d48_k2,ent_2452,mentions,semantic
edge_smt_2453,ch3_muc3_d48_k2,ent_2453,mentions,semantic
edge_smt_2454,ch3_muc3_d48_k3,ent_2454,mentions,semantic
edge_smt_2455,ch3_muc3_d48_k3,ent_2455,mentions,semantic
edge_smt_2456,ch3_muc3_d48_k3,ent_2456,mentions,semantic
edge_smt_2457,ch3_muc3_d48_k3,ent_2457,mentions,semantic
edge_smt_2458,ch3_muc3_d48_k3,ent_2458,mentions,semantic
edge_smt_2459,ch3_muc3_d48_k3,ent_2459,mentions,semantic
edge_smt_2460,ch3_muc3_d48_k3,ent_2460,mentions,semantic
edge_smt_2461,ch3_muc3_d48_k3,ent_2461,mentions,semantic
edge_smt_2462,ch3_muc3_d48_k3,ent_2462,mentions,semantic
edge_smt_2463,ch3_muc3_d48_k3,ent_2463,mentions,semantic
edge_smt_2464,ch3_muc3_d48_k3,ent_2464,mentions,semantic
edge_smt_2465,ch3_muc3_d48_k3,ent_2465,mentions,semantic
edge_smt_2466,ch3_muc3_d48_k3,ent_2466,mentions,semantic
edge_smt_2467,ch3_muc3_d48_k3,ent_2467,mentions,semantic
edge_smt_2468,ch3_muc3_d48_k3,ent_2468,mentions,semantic
edge_smt_2469,ch3_muc3_d48_k3,ent_2469,mentions,semantic
edge_smt_2470,ch3_muc3_d48_k3,ent_2470,mentions,semantic
edge_smt_2471,ch3_muc3_d48_k3_a,ent_2471,mentions,semantic
edge_smt_2472,ch3_muc3_d48_k3_a,ent_2472,mentions,semantic
edge_smt_2473,ch3_muc3_d48_k3_a,ent_2473,mentions,semantic
edge_smt_2474,ch3_muc3_d48_k3_a,ent_2474,mentions,semantic
edge_smt_2475,ch3_muc3_d48_k3_a,ent_2475,mentions,semantic
edge_smt_2476,ch3_muc3_d48_k3_a,ent_2476,mentions,semantic
edge_smt_2477,ch3_muc3_d48_k3_a,ent_2477,mentions,semantic
edge_smt_2478,ch3_muc3_d48_k3_a,ent_2478,mentions,semantic
edge_smt_2479,ch3_muc3_d48_k3_a,ent_2479,mentions,semantic
edge_smt_2480,ch3_muc3_d48_k3_a,ent_2480,mentions,semantic
edge_smt_2481,ch3_muc3_d48_k3_a,ent_2481,mentions,semantic
edge_smt_2482,ch3_muc3_d48_k3_b,ent_2482,mentions,semantic
edge_smt_2483,ch3_muc3_d48_k3_b,ent_2483,mentions,semantic
edge_smt_2484,ch3_muc3_d48_k3_b,ent_2484,mentions,semantic
edge_smt_2485,ch3_muc3_d48_k3_b,ent_2485,mentions,semantic
edge_smt_2486,ch3_muc3_d48_k3_b,ent_2486,mentions,semantic
edge_smt_2487,ch3_muc3_d48_k3_b,ent_2487,mentions,semantic
edge_smt_2488,ch3_muc4_d49_k1,ent_2488,mentions,semantic
edge_smt_2489,ch3_muc4_d49_k1,ent_2489,mentions,semantic
edge_smt_2490,ch3_muc4_d49_k1,ent_2490,mentions,semantic
edge_smt_2491,ch3_muc4_d49_k1,ent_2491,mentions,semantic
edge_smt_2492,ch3_muc4_d49_k1,ent_2492,mentions,semantic
edge_smt_2493,ch3_muc4_d49_k1,ent_2493,mentions,semantic
edge_smt_2494,ch3_muc4_d49_k1,ent_2494,mentions,semantic
edge_smt_2495,ch3_muc4_d49_k1,ent_2495,mentions,semantic
edge_smt_2496,ch3_muc4_d49_k1,ent_2496,mentions,semantic
edge_smt_2497,ch3_muc4_d49_k1,ent_2497,mentions,semantic
edge_smt_2498,ch3_muc4_d49_k1,ent_2498,mentions,semantic
edge_smt_2499,ch3_muc4_d49_k1,ent_2499,mentions,semantic
edge_smt_2500,ch3_muc4_d49_k1,ent_2500,mentions,semantic
edge_smt_2501,ch3_muc4_d49_k1,ent_2501,mentions,semantic
edge_smt_2502,ch3_muc4_d49_k1,ent_2502,mentions,semantic
edge_smt_2503,ch3_muc4_d49_k1,ent_2503,mentions,semantic
edge_smt_2504,ch3_muc4_d49_k1,ent_2504,mentions,semantic
edge_smt_2505,ch3_muc4_d49_k1,ent_2505,mentions,semantic
edge_smt_2506,ch3_muc4_d49_k1,ent_2506,mentions,semantic
edge_smt_2507,ch3_muc4_d49_k1,ent_2507,mentions,semantic
edge_smt_2508,ch3_muc4_d49_k1,ent_2508,mentions,semantic
edge_smt_2509,ch3_muc4_d49_k1,ent_2509,mentions,semantic
edge_smt_2510,ch3_muc4_d49_k1,ent_2510,mentions,semantic
edge_smt_2511,ch3_muc4_d49_k1_a,ent_2511,mentions,semantic
edge_smt_2512,ch3_muc4_d49_k1_a,ent_2512,mentions,semantic
edge_smt_2513,ch3_muc4_d49_k1_a,ent_2513,mentions,semantic
edge_smt_2514,ch3_muc4_d49_k1_b,ent_2514,mentions,semantic
edge_smt_2515,ch3_muc4_d49_k1_b,ent_2515,mentions,semantic
edge_smt_2516,ch3_muc4_d49_k1_b,ent_2516,mentions,semantic
edge_smt_2517,ch3_muc4_d49_k1_b,ent_2517,mentions,semantic
edge_smt_2518,ch3_muc4_d49_k1_b,ent_2518,mentions,semantic
edge_smt_2519,ch3_muc4_d49_k1_b,ent_2519,mentions,semantic
edge_smt_2520,ch3_muc4_d49_k1_b,ent_2520,mentions,semantic
edge_smt_2521,ch3_muc4_d49_k1_b,ent_2521,mentions,semantic
edge_smt_2522,ch3_muc4_d49_k1_b,ent_2522,mentions,semantic
edge_smt_2523,ch3_muc4_d49_k1_c,ent_2523,mentions,semantic
edge_smt_2524,ch3_muc4_d49_k1_c,ent_2524,mentions,semantic
edge_smt_2525,ch3_muc4_d49_k1_c,ent_2525,mentions,semantic
edge_smt_2526,ch3_muc4_d49_k1_c,ent_2526,mentions,semantic
edge_smt_2527,ch3_muc4_d49_k1_c,ent_2527,mentions,semantic
edge_smt_2528,ch3_muc4_d49_k2,ent_2528,mentions,semantic
edge_smt_2529,ch3_muc4_d49_k2,ent_2529,mentions,semantic
edge_smt_2530,ch3_muc4_d49_k2,ent_2530,mentions,semantic
edge_smt_2531,ch3_muc4_d49_k2,ent_2531,mentions,semantic
edge_smt_2532,ch3_muc4_d51_k1,ent_2532,mentions,semantic
edge_smt_2533,ch3_muc4_d51_k1,ent_2533,mentions,semantic
edge_smt_2534,ch3_muc4_d51_k1,ent_2534,mentions,semantic
edge_smt_2535,ch3_muc4_d51_k1,ent_2535,mentions,semantic
edge_smt_2536,ch3_muc4_d51_k1,ent_2536,mentions,semantic
edge_smt_2537,ch3_muc4_d51_k1,ent_2537,mentions,semantic
edge_smt_2538,ch3_muc4_d51_k1,ent_2538,mentions,semantic
edge_smt_2539,ch3_muc4_d51_k1,ent_2539,mentions,semantic
edge_smt_2540,ch3_muc4_d51_k1,ent_2540,mentions,semantic
edge_smt_2541,ch3_muc4_d51_k1,ent_2541,mentions,semantic
edge_smt_2542,ch3_muc4_d51_k1,ent_2542,mentions,semantic
edge_smt_2543,ch3_muc4_d51_k1,ent_2543,mentions,semantic
edge_smt_2544,ch3_muc4_d51_k1,ent_2544,mentions,semantic
edge_smt_2545,ch3_muc4_d51_k1,ent_2545,mentions,semantic
edge_smt_2546,ch3_muc4_d51_k1,ent_2546,mentions,semantic
edge_smt_2547,ch3_muc4_d51_k1_a,ent_2547,mentions,semantic
edge_smt_2548,ch3_muc4_d51_k1_a,ent_2548,mentions,semantic
edge_smt_2549,ch3_muc4_d51_k1_a,ent_2549,mentions,semantic
edge_smt_2550,ch3_muc4_d51_k1_a,ent_2550,mentions,semantic
edge_smt_2551,ch3_muc4_d51_k1_a,ent_2551,mentions,semantic
edge_smt_2552,ch3_muc4_d51_k1_a,ent_2552,mentions,semantic
edge_smt_2553,ch3_muc4_d51_k1_a,ent_2553,mentions,semantic
edge_smt_2554,ch3_muc4_d51_k1_a,ent_2554,mentions,semantic
edge_smt_2555,ch3_muc4_d51_k1_a,ent_2555,mentions,semantic
edge_smt_2556,ch3_muc4_d51_k1_a,ent_2556,mentions,semantic
edge_smt_2557,ch3_muc4_d51_k1_b,ent_2557,mentions,semantic
edge_smt_2558,ch3_muc4_d51_k1_b,ent_2558,mentions,semantic
edge_smt_2559,ch3_muc4_d51_k1_b,ent_2559,mentions,semantic
edge_smt_2560,ch3_muc4_d51_k1_b,ent_2560,mentions,semantic
edge_smt_2561,ch3_muc4_d51_k2,ent_2561,mentions,semantic
edge_smt_2562,ch3_muc4_d51_k2,ent_2562,mentions,semantic
edge_smt_2563,ch3_muc4_d51_k2,ent_2563,mentions,semantic
edge_smt_2564,ch3_muc4_d51_k2,ent_2564,mentions,semantic
edge_smt_2565,ch3_muc4_d51_k2,ent_2565,mentions,semantic
edge_smt_2566,ch3_muc4_d51_k2,ent_2566,mentions,semantic
edge_smt_2567,ch3_muc4_d51_k2,ent_2567,mentions,semantic
edge_smt_2568,ch3_muc4_d51_k2,ent_2568,mentions,semantic
edge_smt_2569,ch3_muc4_d51_k2,ent_2569,mentions,semantic
edge_smt_2570,ch3_muc4_d51_k2,ent_2570,mentions,semantic
edge_smt_2571,ch3_muc4_d51_k3,ent_2571,mentions,semantic
edge_smt_2572,ch3_muc5_d52_k1,ent_2572,mentions,semantic
edge_smt_2573,ch3_muc5_d52_k1,ent_2573,mentions,semantic
edge_smt_2574,ch3_muc5_d52_k1,ent_2574,mentions,semantic
edge_smt_2575,ch3_muc5_d52_k1,ent_2575,mentions,semantic
edge_smt_2576,ch3_muc5_d52_k1,ent_2576,mentions,semantic
edge_smt_2577,ch3_muc5_d52_k1,ent_2577,mentions,semantic
edge_smt_2578,ch3_muc5_d52_k1,ent_2578,mentions,semantic
edge_smt_2579,ch3_muc5_d52_k1,ent_2579,mentions,semantic
edge_smt_2580,ch3_muc5_d52_k1,ent_2580,mentions,semantic
edge_smt_2581,ch3_muc5_d52_k1,ent_2581,mentions,semantic
edge_smt_2582,ch3_muc5_d52_k1,ent_2582,mentions,semantic
edge_smt_2583,ch3_muc5_d52_k1,ent_2583,mentions,semantic
edge_smt_2584,ch3_muc5_d52_k1,ent_2584,mentions,semantic
edge_smt_2585,ch3_muc5_d52_k2,ent_2585,mentions,semantic
edge_smt_2586,ch3_muc5_d52_k2,ent_2586,mentions,semantic
edge_smt_2587,ch3_muc5_d52_k2,ent_2587,mentions,semantic
edge_smt_2588,ch3_muc5_d52_k2,ent_2588,mentions,semantic
edge_smt_2589,ch3_muc5_d53_k1,ent_2589,mentions,semantic
edge_smt_2590,ch3_muc5_d53_k1,ent_2590,mentions,semantic
edge_smt_2591,ch3_muc5_d53_k1,ent_2591,mentions,semantic
edge_smt_2592,ch3_muc5_d53_k2,ent_2592,mentions,semantic
edge_smt_2593,ch3_muc5_d53_k2,ent_2593,mentions,semantic
edge_smt_2594,ch3_muc5_d53_k2,ent_2594,mentions,semantic
edge_smt_2595,ch3_muc5_d53_k2,ent_2595,mentions,semantic
edge_smt_2596,ch3_muc5_d53_k2,ent_2596,mentions,semantic
edge_smt_2597,ch3_muc5_d53_k2,ent_2597,mentions,semantic
edge_smt_2598,ch3_muc5_d53_k2,ent_2598,mentions,semantic
edge_smt_2599,ch3_muc5_d53_k2,ent_2599,mentions,semantic
edge_smt_2600,ch3_muc5_d53_k2,ent_2600,mentions,semantic
edge_smt_2601,ch3_muc5_d53_k2,ent_2601,mentions,semantic
edge_smt_2602,ch3_muc5_d53_k2,ent_2602,mentions,semantic
edge_smt_2603,ch3_muc5_d53_k2,ent_2603,mentions,semantic
edge_smt_2604,ch3_muc5_d53_k2_a,ent_2604,mentions,semantic
edge_smt_2605,ch3_muc5_d53_k2_b,ent_2605,mentions,semantic
edge_smt_2606,ch3_muc5_d53_k2_b,ent_2606,mentions,semantic
edge_smt_2607,ch3_muc5_d53_k2_b,ent_2607,mentions,semantic
edge_smt_2608,ch3_muc5_d53_k2_b,ent_2608,mentions,semantic
edge_smt_2609,ch3_muc5_d53_k2_b,ent_2609,mentions,semantic
edge_smt_2610,ch3_muc5_d53_k2_b,ent_2610,mentions,semantic
edge_smt_2611,ch3_muc5_d53_k2_b,ent_2611,mentions,semantic
edge_smt_2612,ch3_muc5_d53_k2_c,ent_2612,mentions,semantic
edge_smt_2613,ch3_muc5_d53_k3,ent_2613,mentions,semantic
edge_smt_2614,ch3_muc5_d53_k3,ent_2614,mentions,semantic
edge_smt_2615,ch3_muc5_d53_k3,ent_2615,mentions,semantic
edge_smt_2616,ch3_muc5_d53_k3,ent_2616,mentions,semantic
edge_smt_2617,ch3_muc5_d53_k3,ent_2617,mentions,semantic
edge_smt_2618,ch3_muc5_d53_k3,ent_2618,mentions,semantic
edge_smt_2619,ch3_muc5_d53_k3,ent_2619,mentions,semantic
edge_smt_2620,ch3_muc5_d53_k3,ent_2620,mentions,semantic
edge_smt_2621,ch3_muc5_d53_k3,ent_2621,mentions,semantic
edge_smt_2622,ch3_muc5_d53_k3,ent_2622,mentions,semantic
edge_smt_2623,ch3_muc5_d53_k3,ent_2623,mentions,semantic
edge_smt_2624,ch3_muc5_d53_k3,ent_2624,mentions,semantic
edge_smt_2625,ch3_muc5_d53_k3,ent_2625,mentions,semantic
edge_smt_2626,ch3_muc5_d53_k3,ent_2626,mentions,semantic
edge_smt_2627,ch3_muc5_d53_k3,ent_2627,mentions,semantic
edge_smt_2628,ch3_muc5_d53_k3,ent_2628,mentions,semantic
edge_smt_2629,ch3_muc5_d53_k3,ent_2629,mentions,semantic
edge_smt_2630,ch3_muc5_d53_k3,ent_2630,mentions,semantic
edge_smt_2631,ch3_muc5_d53_k3,ent_2631,mentions,semantic
edge_smt_2632,ch3_muc5_d53_k3,ent_2632,mentions,semantic
edge_smt_2633,ch3_muc5_d53_k3,ent_2633,mentions,semantic
edge_smt_2634,ch3_muc5_d53_k3_a,ent_2634,mentions,semantic
edge_smt_2635,ch3_muc5_d53_k3_a,ent_2635,mentions,semantic
edge_smt_2636,ch3_muc5_d53_k3_a,ent_2636,mentions,semantic
edge_smt_2637,ch3_muc5_d53_k3_a,ent_2637,mentions,semantic
edge_smt_2638,ch3_muc5_d53_k3_a,ent_2638,mentions,semantic
edge_smt_2639,ch3_muc5_d53_k3_a,ent_2639,mentions,semantic
edge_smt_2640,ch3_muc5_d53_k3_b,ent_2640,mentions,semantic
edge_smt_2641,ch3_muc5_d53_k3_b,ent_2641,mentions,semantic
edge_smt_2642,ch3_muc5_d53_k3_b,ent_2642,mentions,semantic
edge_smt_2643,ch3_muc5_d53_k3_b,ent_2643,mentions,semantic
edge_smt_2644,ch3_muc5_d53_k3_b,ent_2644,mentions,semantic
edge_smt_2645,ch3_muc5_d53_k3_b,ent_2645,mentions,semantic
edge_smt_2646,ch3_muc5_d53_k3_b,ent_2646,mentions,semantic
edge_smt_2647,ch3_muc5_d53_k3_b,ent_2647,mentions,semantic
edge_smt_2648,ch3_muc5_d53_k3_b,ent_2648,mentions,semantic
edge_smt_2649,ch3_muc5_d53_k3_c,ent_2649,mentions,semantic
edge_smt_2650,ch3_muc5_d53_k3_c,ent_2650,mentions,semantic
edge_smt_2651,ch3_muc5_d53_k3_c,ent_2651,mentions,semantic
edge_smt_2652,ch3_muc5_d53_k4,ent_2652,mentions,semantic
edge_smt_2653,ch3_muc5_d53_k4,ent_2653,mentions,semantic
edge_smt_2654,ch3_muc5_d53_k4,ent_2654,mentions,semantic
edge_smt_2655,ch3_muc5_d53_k4,ent_2655,mentions,semantic
edge_smt_2656,ch3_muc5_d53_k4,ent_2656,mentions,semantic
edge_smt_2657,ch3_muc5_d53_k4,ent_2657,mentions,semantic
edge_smt_2658,ch3_muc5_d53_k4,ent_2658,mentions,semantic
edge_smt_2659,ch3_muc5_d53_k4,ent_2659,mentions,semantic
edge_smt_2660,ch3_muc5_d53_k4,ent_2660,mentions,semantic
edge_smt_2661,ch3_muc5_d53_k4,ent_2661,mentions,semantic
edge_smt_2662,ch3_muc5_d53_k4,ent_2662,mentions,semantic
edge_smt_2663,ch3_muc5_d54_k1,ent_2663,mentions,semantic
edge_smt_2664,ch3_muc5_d54_k1,ent_2664,mentions,semantic
edge_smt_2665,ch3_muc5_d54_k1,ent_2665,mentions,semantic
edge_smt_2666,ch3_muc5_d54_k2,ent_2666,mentions,semantic
edge_smt_2667,ch3_muc5_d54_k2,ent_2667,mentions,semantic
edge_smt_2668,ch3_muc5_d54_k2,ent_2668,mentions,semantic
edge_smt_2669,ch3_muc5_d54_k2,ent_2669,mentions,semantic
edge_smt_2670,ch3_muc5_d54_k2,ent_2670,mentions,semantic
edge_smt_2671,ch3_muc5_d55_k1,ent_2671,mentions,semantic
edge_smt_2672,ch3_muc5_d55_k1,ent_2672,mentions,semantic
edge_smt_2673,ch3_muc5_d55_k1,ent_2673,mentions,semantic
edge_smt_2674,ch3_muc5_d55_k1,ent_2674,mentions,semantic
edge_smt_2675,ch3_muc5_d55_k1,ent_2675,mentions,semantic
edge_smt_2676,ch3_muc5_d55_k2,ent_2676,mentions,semantic
edge_smt_2677,ch3_muc5_d55_k2,ent_2677,mentions,semantic
edge_smt_2678,ch3_muc5_d55_k2,ent_2678,mentions,semantic
edge_smt_2679,ch3_muc5_d55_k2,ent_2679,mentions,semantic
edge_smt_2680,ch3_muc5_d55_k2,ent_2680,mentions,semantic
edge_smt_2681,ch3_muc5_d55_k2,ent_2681,mentions,semantic
edge_smt_2682,ch3_muc5_d55_k2,ent_2682,mentions,semantic
edge_smt_2683,ch3_muc5_d55_k2,ent_2683,mentions,semantic
edge_smt_2684,ch3_muc5_d55_k2,ent_2684,mentions,semantic
edge_smt_2685,ch3_muc5_d55_k2,ent_2685,mentions,semantic
edge_smt_2686,ch3_muc5_d55_k2,ent_2686,mentions,semantic
edge_smt_2687,ch3_muc5_d55_k2,ent_2687,mentions,semantic
edge_smt_2688,ch3_muc5_d55_k2,ent_2688,mentions,semantic
edge_smt_2689,ch3_muc5_d55_k2,ent_2689,mentions,semantic
edge_smt_2690,ch3_muc5_d55_k2,ent_2690,mentions,semantic
edge_smt_2691,ch3_muc5_d55_k2,ent_2691,mentions,semantic
edge_smt_2692,ch3_muc5_d55_k2,ent_2692,mentions,semantic
edge_smt_2693,ch3_muc5_d55_k2,ent_2693,mentions,semantic
edge_smt_2694,ch3_muc5_d55_k2,ent_2694,mentions,semantic
edge_smt_2695,ch3_muc5_d55_k2,ent_2695,mentions,semantic
edge_smt_2696,ch3_muc5_d55_k2,ent_2696,mentions,semantic
edge_smt_2697,ch3_muc5_d55_k2,ent_2697,mentions,semantic
edge_smt_2698,ch3_muc5_d55_k2,ent_2698,mentions,semantic
edge_smt_2699,ch3_muc5_d55_k2_a,ent_2699,mentions,semantic
edge_smt_2700,ch3_muc5_d55_k2_a,ent_2700,mentions,semantic
edge_smt_2701,ch3_muc5_d55_k2_a,ent_2701,mentions,semantic
edge_smt_2702,ch3_muc5_d55_k2_a,ent_2702,mentions,semantic
edge_smt_2703,ch3_muc5_d55_k2_a,ent_2703,mentions,semantic
edge_smt_2704,ch3_muc5_d55_k2_a,ent_2704,mentions,semantic
edge_smt_2705,ch3_muc5_d55_k2_a,ent_2705,mentions,semantic
edge_smt_2706,ch3_muc5_d55_k2_b,ent_2706,mentions,semantic
edge_smt_2707,ch3_muc5_d55_k2_b,ent_2707,mentions,semantic
edge_smt_2708,ch3_muc5_d55_k2_b,ent_2708,mentions,semantic
edge_smt_2709,ch3_muc5_d55_k2_b,ent_2709,mentions,semantic
edge_smt_2710,ch3_muc5_d55_k2_c,ent_2710,mentions,semantic
edge_smt_2711,ch3_muc5_d55_k2_c,ent_2711,mentions,semantic
edge_smt_2712,ch3_muc5_d55_k2_c,ent_2712,mentions,semantic
edge_smt_2713,ch3_muc5_d55_k2_c,ent_2713,mentions,semantic
edge_smt_2714,ch3_muc5_d55_k2_c,ent_2714,mentions,semantic
edge_smt_2715,ch3_muc5_d55_k2_d,ent_2715,mentions,semantic
edge_smt_2716,ch3_muc5_d55_k2_d,ent_2716,mentions,semantic
edge_smt_2717,ch3_muc5_d55_k2_d,ent_2717,mentions,semantic
edge_smt_2718,ch3_muc5_d55_k2_d,ent_2718,mentions,semantic
edge_smt_2719,ch3_muc5_d55_k2_đ,ent_2719,mentions,semantic
edge_smt_2720,ch3_muc5_d55_k2_đ,ent_2720,mentions,semantic
edge_smt_2721,ch3_muc5_d55_k2_đ,ent_2721,mentions,semantic
edge_smt_2722,ch3_muc5_d55_k2_đ,ent_2722,mentions,semantic
edge_smt_2723,ch3_muc5_d55_k3,ent_2723,mentions,semantic
edge_smt_2724,ch3_muc5_d55_k3,ent_2724,mentions,semantic
edge_smt_2725,ch3_muc5_d55_k3,ent_2725,mentions,semantic
edge_smt_2726,ch3_muc5_d55_k3,ent_2726,mentions,semantic
edge_smt_2727,ch3_muc5_d55_k3,ent_2727,mentions,semantic
edge_smt_2728,ch3_muc5_d55_k3,ent_2728,mentions,semantic
edge_smt_2729,ch3_muc5_d55_k3,ent_2729,mentions,semantic
edge_smt_2730,ch3_muc5_d56_k1,ent_2730,mentions,semantic
edge_smt_2731,ch3_muc5_d56_k1,ent_2731,mentions,semantic
edge_smt_2732,ch3_muc5_d56_k1,ent_2732,mentions,semantic
edge_smt_2733,ch3_muc5_d56_k1,ent_2733,mentions,semantic
edge_smt_2734,ch3_muc5_d56_k1,ent_2734,mentions,semantic
edge_smt_2735,ch3_muc5_d56_k1,ent_2735,mentions,semantic
edge_smt_2736,ch3_muc5_d56_k1,ent_2736,mentions,semantic
edge_smt_2737,ch3_muc5_d56_k2,ent_2737,mentions,semantic
edge_smt_2738,ch3_muc5_d56_k2,ent_2738,mentions,semantic
edge_smt_2739,ch3_muc5_d56_k2,ent_2739,mentions,semantic
edge_smt_2740,ch3_muc5_d56_k3,ent_2740,mentions,semantic
edge_smt_2741,ch3_muc5_d56_k3,ent_2741,mentions,semantic
edge_smt_2742,ch3_muc5_d56_k3,ent_2742,mentions,semantic
edge_smt_2743,ch3_muc5_d56_k3,ent_2743,mentions,semantic
edge_smt_2744,ch3_muc5_d56_k3,ent_2744,mentions,semantic
edge_smt_2745,ch3_muc5_d56_k3,ent_2745,mentions,semantic
edge_smt_2746,ch3_muc5_d56_k4,ent_2746,mentions,semantic
edge_smt_2747,ch3_muc5_d56_k4,ent_2747,mentions,semantic
edge_smt_2748,ch3_muc5_d56_k4,ent_2748,mentions,semantic
edge_smt_2749,ch3_muc5_d56_k4,ent_2749,mentions,semantic
edge_smt_2750,ch3_muc5_d56_k4,ent_2750,mentions,semantic
edge_smt_2751,ch3_muc5_d56_k4,ent_2751,mentions,semantic
edge_smt_2752,ch3_muc5_d56_k4,ent_2752,mentions,semantic
edge_smt_2753,ch3_muc5_d56_k4,ent_2753,mentions,semantic
edge_smt_2754,ch3_muc5_d56_k4,ent_2754,mentions,semantic
edge_smt_2755,ch3_muc5_d56_k4,ent_2755,mentions,semantic
edge_smt_2756,ch3_muc5_d56_k4,ent_2756,mentions,semantic
edge_smt_2757,ch3_muc5_d56_k5,ent_2757,mentions,semantic
edge_smt_2758,ch3_muc5_d56_k5,ent_2758,mentions,semantic
edge_smt_2759,ch3_muc5_d56_k5,ent_2759,mentions,semantic
edge_smt_2760,ch3_muc5_d56_k6,ent_2760,mentions,semantic
edge_smt_2761,ch3_muc5_d56_k6,ent_2761,mentions,semantic
edge_smt_2762,ch3_muc5_d56_k6,ent_2762,mentions,semantic
edge_smt_2763,ch3_muc5_d56_k6,ent_2763,mentions,semantic
edge_smt_2764,ch3_muc5_d56_k6,ent_2764,mentions,semantic
edge_smt_2765,ch3_muc5_d56_k6,ent_2765,mentions,semantic
edge_smt_2766,ch3_muc5_d56_k6,ent_2766,mentions,semantic
edge_smt_2767,ch3_muc5_d57_k1,ent_2767,mentions,semantic
edge_smt_2768,ch3_muc5_d57_k1,ent_2768,mentions,semantic
edge_smt_2769,ch3_muc5_d57_k1,ent_2769,mentions,semantic
edge_smt_2770,ch3_muc5_d57_k1,ent_2770,mentions,semantic
edge_smt_2771,ch3_muc5_d57_k1,ent_2771,mentions,semantic
edge_smt_2772,ch3_muc5_d57_k2,ent_2772,mentions,semantic
edge_smt_2773,ch3_muc5_d57_k2,ent_2773,mentions,semantic
edge_smt_2774,ch3_muc5_d57_k2,ent_2774,mentions,semantic
edge_smt_2775,ch3_muc5_d57_k2,ent_2775,mentions,semantic
edge_smt_2776,ch3_muc5_d57_k2,ent_2776,mentions,semantic
edge_smt_2777,ch3_muc5_d57_k2,ent_2777,mentions,semantic
edge_smt_2778,ch3_muc5_d57_k2,ent_2778,mentions,semantic
edge_smt_2779,ch3_muc5_d57_k3,ent_2779,mentions,semantic
edge_smt_2780,ch3_muc5_d57_k3,ent_2780,mentions,semantic
edge_smt_2781,ch3_muc5_d57_k3,ent_2781,mentions,semantic
edge_smt_2782,ch3_muc5_d57_k3,ent_2782,mentions,semantic
edge_smt_2783,ch3_muc5_d57_k3,ent_2783,mentions,semantic
edge_smt_2784,ch3_muc5_d57_k3,ent_2784,mentions,semantic
edge_smt_2785,ch3_muc5_d57_k3,ent_2785,mentions,semantic
edge_smt_2786,ch3_muc5_d57_k3,ent_2786,mentions,semantic
edge_smt_2787,ch3_muc5_d57_k4,ent_2787,mentions,semantic
edge_smt_2788,ch3_muc5_d57_k4,ent_2788,mentions,semantic
edge_smt_2789,ch3_muc5_d57_k4,ent_2789,mentions,semantic
edge_smt_2790,ch3_muc5_d57_k4,ent_2790,mentions,semantic
edge_smt_2791,ch3_muc5_d57_k4,ent_2791,mentions,semantic
edge_smt_2792,ch3_muc5_d57_k4,ent_2792,mentions,semantic
edge_smt_2793,ch3_muc5_d57_k4,ent_2793,mentions,semantic
edge_smt_2794,ch3_muc5_d57_k4,ent_2794,mentions,semantic
edge_smt_2795,ch3_muc5_d57_k4,ent_2795,mentions,semantic
edge_smt_2796,ch3_muc5_d57_k4,ent_2796,mentions,semantic
edge_smt_2797,ch3_muc5_d57_k4,ent_2797,mentions,semantic
edge_smt_2798,ch3_muc5_d57_k4,ent_2798,mentions,semantic
edge_smt_2799,ch3_muc5_d57_k4,ent_2799,mentions,semantic
edge_smt_2800,ch3_muc5_d57_k4,ent_2800,mentions,semantic
edge_smt_2801,ch3_muc5_d57_k4,ent_2801,mentions,semantic
edge_smt_2802,ch3_muc5_d57_k5,ent_2802,mentions,semantic
edge_smt_2803,ch3_muc5_d57_k5,ent_2803,mentions,semantic
edge_smt_2804,ch3_muc5_d57_k5,ent_2804,mentions,semantic
edge_smt_2805,ch3_muc5_d57_k5,ent_2805,mentions,semantic
edge_smt_2806,ch3_muc5_d57_k5,ent_2806,mentions,semantic
edge_smt_2807,ch3_muc5_d57_k5,ent_2807,mentions,semantic
edge_smt_2808,ch3_muc5_d57_k5,ent_2808,mentions,semantic
edge_smt_2809,ch3_muc5_d57_k5,ent_2809,mentions,semantic
edge_smt_2810,ch3_muc5_d57_k5,ent_2810,mentions,semantic
edge_smt_2811,ch3_muc5_d57_k6,ent_2811,mentions,semantic
edge_smt_2812,ch3_muc5_d57_k6,ent_2812,mentions,semantic
edge_smt_2813,ch3_muc5_d57_k6,ent_2813,mentions,semantic
edge_smt_2814,ch3_muc5_d57_k6,ent_2814,mentions,semantic
edge_smt_2815,ch3_muc5_d57_k6,ent_2815,mentions,semantic
edge_smt_2816,ch3_muc5_d57_k6,ent_2816,mentions,semantic
edge_smt_2817,ch3_muc5_d58_k1,ent_2817,mentions,semantic
edge_smt_2818,ch3_muc5_d58_k1,ent_2818,mentions,semantic
edge_smt_2819,ch3_muc5_d58_k1,ent_2819,mentions,semantic
edge_smt_2820,ch3_muc5_d58_k1,ent_2820,mentions,semantic
edge_smt_2821,ch3_muc5_d58_k1,ent_2821,mentions,semantic
edge_smt_2822,ch3_muc5_d58_k2,ent_2822,mentions,semantic
edge_smt_2823,ch3_muc5_d58_k2,ent_2823,mentions,semantic
edge_smt_2824,ch3_muc5_d58_k2,ent_2824,mentions,semantic
edge_smt_2825,ch3_muc5_d58_k2,ent_2825,mentions,semantic
edge_smt_2826,ch3_muc5_d58_k2,ent_2826,mentions,semantic
edge_smt_2827,ch3_muc5_d58_k2,ent_2827,mentions,semantic
edge_smt_2828,ch3_muc5_d58_k3,ent_2828,mentions,semantic
edge_smt_2829,ch3_muc5_d58_k3,ent_2829,mentions,semantic
edge_smt_2830,ch3_muc5_d58_k3,ent_2830,mentions,semantic
edge_smt_2831,ch3_muc5_d58_k3,ent_2831,mentions,semantic
edge_smt_2832,ch3_muc5_d58_k3,ent_2832,mentions,semantic
edge_smt_2833,ch3_muc5_d58_k3,ent_2833,mentions,semantic
edge_smt_2834,ch3_muc5_d58_k3,ent_2834,mentions,semantic
edge_smt_2835,ch3_muc5_d58_k3,ent_2835,mentions,semantic
edge_smt_2836,ch3_muc5_d58_k3,ent_2836,mentions,semantic
edge_smt_2837,ch3_muc5_d58_k4,ent_2837,mentions,semantic
edge_smt_2838,ch3_muc5_d58_k4,ent_2838,mentions,semantic
edge_smt_2839,ch3_muc5_d58_k4,ent_2839,mentions,semantic
edge_smt_2840,ch3_muc5_d58_k4,ent_2840,mentions,semantic
edge_smt_2841,ch3_muc5_d58_k4,ent_2841,mentions,semantic
edge_smt_2842,ch3_muc5_d58_k4,ent_2842,mentions,semantic
edge_smt_2843,ch3_muc5_d58_k4,ent_2843,mentions,semantic
edge_smt_2844,ch3_muc5_d58_k5,ent_2844,mentions,semantic
edge_smt_2845,ch3_muc5_d58_k5,ent_2845,mentions,semantic
edge_smt_2846,ch3_muc5_d58_k5,ent_2846,mentions,semantic
edge_smt_2847,ch3_muc5_d58_k5,ent_2847,mentions,semantic
edge_smt_2848,ch3_muc5_d58_k5,ent_2848,mentions,semantic
edge_smt_2849,ch3_muc5_d58_k5,ent_2849,mentions,semantic
edge_smt_2850,ch3_muc5_d58_k5,ent_2850,mentions,semantic
edge_smt_2851,ch3_muc5_d58_k5,ent_2851,mentions,semantic
edge_smt_2852,ch3_muc5_d58_k5,ent_2852,mentions,semantic
edge_smt_2853,ch4_d59_k1,ent_2853,mentions,semantic
edge_smt_2854,ch4_d59_k1,ent_2854,mentions,semantic
edge_smt_2855,ch4_d59_k1,ent_2855,mentions,semantic
edge_smt_2856,ch4_d59_k1,ent_2856,mentions,semantic
edge_smt_2857,ch4_d59_k2,ent_2857,mentions,semantic
edge_smt_2858,ch4_d59_k2,ent_2858,mentions,semantic
edge_smt_2859,ch4_d59_k2,ent_2859,mentions,semantic
edge_smt_2860,ch4_d59_k2,ent_2860,mentions,semantic
edge_smt_2861,ch4_d59_k2,ent_2861,mentions,semantic
edge_smt_2862,ch4_d59_k2,ent_2862,mentions,semantic
edge_smt_2863,ch4_d59_k2,ent_2863,mentions,semantic
edge_smt_2864,ch4_d59_k2,ent_2864,mentions,semantic
edge_smt_2865,ch4_d59_k2,ent_2865,mentions,semantic
edge_smt_2866,ch4_d59_k2,ent_2866,mentions,semantic
edge_smt_2867,ch4_d59_k2,ent_2867,mentions,semantic
edge_smt_2868,ch4_d59_k2,ent_2868,mentions,semantic
edge_smt_2869,ch4_d59_k2,ent_2869,mentions,semantic
edge_smt_2870,ch4_d59_k2,ent_2870,mentions,semantic
edge_smt_2871,ch4_d59_k2_a,ent_2871,mentions,semantic
edge_smt_2872,ch4_d59_k2_a,ent_2872,mentions,semantic
edge_smt_2873,ch4_d59_k2_a,ent_2873,mentions,semantic
edge_smt_2874,ch4_d59_k2_a,ent_2874,mentions,semantic
edge_smt_2875,ch4_d59_k2_b,ent_2875,mentions,semantic
edge_smt_2876,ch4_d59_k2_b,ent_2876,mentions,semantic
edge_smt_2877,ch4_d59_k2_b,ent_2877,mentions,semantic
edge_smt_2878,ch4_d59_k2_b,ent_2878,mentions,semantic
edge_smt_2879,ch4_d59_k2_b,ent_2879,mentions,semantic
edge_smt_2880,ch4_d59_k2_b,ent_2880,mentions,semantic
edge_smt_2881,ch4_d59_k2_b,ent_2881,mentions,semantic
edge_smt_2882,ch4_d59_k2_b,ent_2882,mentions,semantic
edge_smt_2883,ch4_d59_k2_b,ent_2883,mentions,semantic
edge_smt_2884,ch4_d59_k2_b,ent_2884,mentions,semantic
edge_smt_2885,ch4_d59_k2_b,ent_2885,mentions,semantic
edge_smt_2886,ch4_d60_k1,ent_2886,mentions,semantic
edge_smt_2887,ch4_d60_k1,ent_2887,mentions,semantic
edge_smt_2888,ch4_d60_k1,ent_2888,mentions,semantic
edge_smt_2889,ch4_d60_k1,ent_2889,mentions,semantic
edge_smt_2890,ch4_d60_k1,ent_2890,mentions,semantic
edge_smt_2891,ch4_d60_k1,ent_2891,mentions,semantic
edge_smt_2892,ch4_d60_k1,ent_2892,mentions,semantic
edge_smt_2893,ch4_d60_k1,ent_2893,mentions,semantic
edge_smt_2894,ch4_d60_k2,ent_2894,mentions,semantic
edge_smt_2895,ch4_d60_k2,ent_2895,mentions,semantic
edge_smt_2896,ch4_d60_k2,ent_2896,mentions,semantic
edge_smt_2897,ch4_d60_k2,ent_2897,mentions,semantic
edge_smt_2898,ch4_d61_k1,ent_2898,mentions,semantic
edge_smt_2899,ch4_d61_k1,ent_2899,mentions,semantic
edge_smt_2900,ch4_d61_k1,ent_2900,mentions,semantic
edge_smt_2901,ch4_d61_k1,ent_2901,mentions,semantic
edge_smt_2902,ch4_d61_k2,ent_2902,mentions,semantic
edge_smt_2903,ch4_d61_k2,ent_2903,mentions,semantic
edge_smt_2904,ch4_d61_k2,ent_2904,mentions,semantic
edge_smt_2905,ch4_d61_k2,ent_2905,mentions,semantic
edge_smt_2906,ch4_d61_k2,ent_2906,mentions,semantic
edge_smt_2907,ch4_d61_k2,ent_2907,mentions,semantic
edge_smt_2908,ch4_d61_k2,ent_2908,mentions,semantic
edge_smt_2909,ch4_d61_k2,ent_2909,mentions,semantic
edge_smt_2910,ch4_d61_k3,ent_2910,mentions,semantic
edge_smt_2911,ch4_d61_k3,ent_2911,mentions,semantic
edge_smt_2912,ch4_d61_k3,ent_2912,mentions,semantic
edge_smt_2913,ch4_d61_k3,ent_2913,mentions,semantic
edge_smt_2914,ch4_d61_k3,ent_2914,mentions,semantic
edge_smt_2915,ch4_d61_k3,ent_2915,mentions,semantic
edge_smt_2916,ch4_d61_k3,ent_2916,mentions,semantic
edge_smt_2917,ch4_d61_k4,ent_2917,mentions,semantic
edge_smt_2918,ch4_d61_k4,ent_2918,mentions,semantic
edge_smt_2919,ch4_d61_k4,ent_2919,mentions,semantic
edge_smt_2920,ch4_d61_k4,ent_2920,mentions,semantic
edge_smt_2921,ch4_d61_k4,ent_2921,mentions,semantic
edge_smt_2922,ch4_d61_k4,ent_2922,mentions,semantic
edge_smt_2923,ch4_d61_k4,ent_2923,mentions,semantic
edge_smt_2924,ch4_d61_k4,ent_2924,mentions,semantic
edge_smt_2925,ch4_d61_k4,ent_2925,mentions,semantic
edge_smt_2926,ch4_d61_k4,ent_2926,mentions,semantic
edge_smt_2927,ch4_d61_k4,ent_2927,mentions,semantic
edge_smt_2928,ch4_d61_k4,ent_2928,mentions,semantic
edge_smt_2929,ch4_d61_k4,ent_2929,mentions,semantic
edge_smt_2930,ch4_d61_k4,ent_2930,mentions,semantic
edge_smt_2931,ch4_d61_k4,ent_2931,mentions,semantic
edge_smt_2932,ch4_d61_k4,ent_2932,mentions,semantic
edge_smt_2933,ch4_d61_k5,ent_2933,mentions,semantic
edge_smt_2934,ch4_d61_k5,ent_2934,mentions,semantic
edge_smt_2935,ch4_d61_k5,ent_2935,mentions,semantic
edge_smt_2936,ch4_d61_k5,ent_2936,mentions,semantic
edge_smt_2937,ch4_d61_k5,ent_2937,mentions,semantic
edge_smt_2938,ch4_d61_k5,ent_2938,mentions,semantic
edge_smt_2939,ch4_d61_k5,ent_2939,mentions,semantic
edge_smt_2940,ch4_d61_k5,ent_2940,mentions,semantic
edge_smt_2941,ch4_d61_k5,ent_2941,mentions,semantic
edge_smt_2942,ch4_d61_k5,ent_2942,mentions,semantic
edge_smt_2943,ch4_d61_k6,ent_2943,mentions,semantic
edge_smt_2944,ch4_d61_k6,ent_2944,mentions,semantic
edge_smt_2945,ch4_d61_k6,ent_2945,mentions,semantic
edge_smt_2946,ch4_d61_k6,ent_2946,mentions,semantic
edge_smt_2947,ch4_d61_k6,ent_2947,mentions,semantic
edge_smt_2948,ch4_d62_k1,ent_2948,mentions,semantic
edge_smt_2949,ch4_d62_k1,ent_2949,mentions,semantic
edge_smt_2950,ch4_d62_k1,ent_2950,mentions,semantic
edge_smt_2951,ch4_d62_k1,ent_2951,mentions,semantic
edge_smt_2952,ch4_d62_k1,ent_2952,mentions,semantic
edge_smt_2953,ch4_d62_k1,ent_2953,mentions,semantic
edge_smt_2954,ch4_d62_k1,ent_2954,mentions,semantic
edge_smt_2955,ch4_d62_k1,ent_2955,mentions,semantic
edge_smt_2956,ch4_d62_k2,ent_2956,mentions,semantic
edge_smt_2957,ch4_d62_k2,ent_2957,mentions,semantic
edge_smt_2958,ch4_d62_k2,ent_2958,mentions,semantic
edge_smt_2959,ch4_d62_k2,ent_2959,mentions,semantic
edge_smt_2960,ch4_d62_k2,ent_2960,mentions,semantic
edge_smt_2961,ch4_d62_k2,ent_2961,mentions,semantic
edge_smt_2962,ch4_d62_k2,ent_2962,mentions,semantic
edge_smt_2963,ch4_d62_k2,ent_2963,mentions,semantic
edge_smt_2964,ch4_d62_k2_a,ent_2964,mentions,semantic
edge_smt_2965,ch4_d62_k2_b,ent_2965,mentions,semantic
edge_smt_2966,ch4_d62_k2_b,ent_2966,mentions,semantic
edge_smt_2967,ch4_d62_k2_c,ent_2967,mentions,semantic
edge_smt_2968,ch4_d62_k2_c,ent_2968,mentions,semantic
edge_smt_2969,ch4_d62_k2_d,ent_2969,mentions,semantic
edge_smt_2970,ch4_d62_k2_d,ent_2970,mentions,semantic
edge_smt_2971,ch4_d62_k2_đ,ent_2971,mentions,semantic
edge_smt_2972,ch4_d62_k2_đ,ent_2972,mentions,semantic
edge_smt_2973,ch4_d62_k2_e,ent_2973,mentions,semantic
edge_smt_2974,ch4_d62_k2_e,ent_2974,mentions,semantic
edge_smt_2975,ch4_d62_k3,ent_2975,mentions,semantic
edge_smt_2976,ch4_d62_k3,ent_2976,mentions,semantic
edge_smt_2977,ch4_d62_k3,ent_2977,mentions,semantic
edge_smt_2978,ch4_d62_k3,ent_2978,mentions,semantic
edge_smt_2979,ch4_d62_k3,ent_2979,mentions,semantic
edge_smt_2980,ch4_d62_k3,ent_2980,mentions,semantic
edge_smt_2981,ch4_d62_k3,ent_2981,mentions,semantic
edge_smt_2982,ch4_d62_k3,ent_2982,mentions,semantic
edge_smt_2983,ch4_d62_k3,ent_2983,mentions,semantic
edge_smt_2984,ch4_d62_k3,ent_2984,mentions,semantic
edge_smt_2985,ch4_d62_k3,ent_2985,mentions,semantic
edge_smt_2986,ch4_d62_k3,ent_2986,mentions,semantic
edge_smt_2987,ch5_muc1_d63_k1,ent_2987,mentions,semantic
edge_smt_2988,ch5_muc1_d63_k1,ent_2988,mentions,semantic
edge_smt_2989,ch5_muc1_d63_k1,ent_2989,mentions,semantic
edge_smt_2990,ch5_muc1_d63_k1,ent_2990,mentions,semantic
edge_smt_2991,ch5_muc1_d63_k1,ent_2991,mentions,semantic
edge_smt_2992,ch5_muc1_d63_k1,ent_2992,mentions,semantic
edge_smt_2993,ch5_muc1_d63_k1,ent_2993,mentions,semantic
edge_smt_2994,ch5_muc1_d63_k1,ent_2994,mentions,semantic
edge_smt_2995,ch5_muc1_d63_k1,ent_2995,mentions,semantic
edge_smt_2996,ch5_muc1_d63_k1,ent_2996,mentions,semantic
edge_smt_2997,ch5_muc1_d63_k1,ent_2997,mentions,semantic
edge_smt_2998,ch5_muc1_d63_k1,ent_2998,mentions,semantic
edge_smt_2999,ch5_muc1_d63_k1,ent_2999,mentions,semantic
edge_smt_3000,ch5_muc1_d63_k1,ent_3000,mentions,semantic
edge_smt_3001,ch5_muc1_d63_k2,ent_3001,mentions,semantic
edge_smt_3002,ch5_muc1_d63_k2,ent_3002,mentions,semantic
edge_smt_3003,ch5_muc1_d63_k2,ent_3003,mentions,semantic
edge_smt_3004,ch5_muc1_d63_k2,ent_3004,mentions,semantic
edge_smt_3005,ch5_muc1_d63_k2,ent_3005,mentions,semantic
edge_smt_3006,ch5_muc1_d63_k2,ent_3006,mentions,semantic
edge_smt_3007,ch5_muc1_d63_k2,ent_3007,mentions,semantic
edge_smt_3008,ch5_muc1_d63_k2,ent_3008,mentions,semantic
edge_smt_3009,ch5_muc1_d63_k2,ent_3009,mentions,semantic
edge_smt_3010,ch5_muc1_d63_k2,ent_3010,mentions,semantic
edge_smt_3011,ch5_muc1_d63_k2,ent_3011,mentions,semantic
edge_smt_3012,ch5_muc1_d63_k2,ent_3012,mentions,semantic
edge_smt_3013,ch5_muc1_d63_k2,ent_3013,mentions,semantic
edge_smt_3014,ch5_muc1_d63_k2,ent_3014,mentions,semantic
edge_smt_3015,ch5_muc1_d63_k2,ent_3015,mentions,semantic
edge_smt_3016,ch5_muc1_d63_k2,ent_3016,mentions,semantic
edge_smt_3017,ch5_muc1_d63_k2,ent_3017,mentions,semantic
edge_smt_3018,ch5_muc1_d63_k2,ent_3018,mentions,semantic
edge_smt_3019,ch5_muc1_d63_k2,ent_3019,mentions,semantic
edge_smt_3020,ch5_muc1_d63_k2,ent_3020,mentions,semantic
edge_smt_3021,ch5_muc1_d63_k2,ent_3021,mentions,semantic
edge_smt_3022,ch5_muc1_d63_k2,ent_3022,mentions,semantic
edge_smt_3023,ch5_muc1_d63_k2,ent_3023,mentions,semantic
edge_smt_3024,ch5_muc1_d63_k2,ent_3024,mentions,semantic
edge_smt_3025,ch5_muc1_d63_k2,ent_3025,mentions,semantic
edge_smt_3026,ch5_muc1_d63_k2_a,ent_3026,mentions,semantic
edge_smt_3027,ch5_muc1_d63_k2_a,ent_3027,mentions,semantic
edge_smt_3028,ch5_muc1_d63_k2_b,ent_3028,mentions,semantic
edge_smt_3029,ch5_muc1_d63_k2_b,ent_3029,mentions,semantic
edge_smt_3030,ch5_muc1_d63_k2_c,ent_3030,mentions,semantic
edge_smt_3031,ch5_muc1_d63_k2_c,ent_3031,mentions,semantic
edge_smt_3032,ch5_muc1_d63_k2_c,ent_3032,mentions,semantic
edge_smt_3033,ch5_muc1_d63_k2_c,ent_3033,mentions,semantic
edge_smt_3034,ch5_muc1_d63_k2_c,ent_3034,mentions,semantic
edge_smt_3035,ch5_muc1_d63_k2_c,ent_3035,mentions,semantic
edge_smt_3036,ch5_muc1_d63_k2_c,ent_3036,mentions,semantic
edge_smt_3037,ch5_muc1_d63_k2_c,ent_3037,mentions,semantic
edge_smt_3038,ch5_muc1_d63_k2_c,ent_3038,mentions,semantic
edge_smt_3039,ch5_muc1_d63_k2_c,ent_3039,mentions,semantic
edge_smt_3040,ch5_muc1_d63_k2_c,ent_3040,mentions,semantic
edge_smt_3041,ch5_muc1_d63_k2_c,ent_3041,mentions,semantic
edge_smt_3042,ch5_muc1_d63_k2_c,ent_3042,mentions,semantic
edge_smt_3043,ch5_muc1_d63_k3,ent_3043,mentions,semantic
edge_smt_3044,ch5_muc1_d63_k3,ent_3044,mentions,semantic
edge_smt_3045,ch5_muc1_d63_k3,ent_3045,mentions,semantic
edge_smt_3046,ch5_muc1_d63_k3,ent_3046,mentions,semantic
edge_smt_3047,ch5_muc1_d63_k3,ent_3047,mentions,semantic
edge_smt_3048,ch5_muc1_d63_k3,ent_3048,mentions,semantic
edge_smt_3049,ch5_muc1_d63_k3,ent_3049,mentions,semantic
edge_smt_3050,ch5_muc1_d63_k3,ent_3050,mentions,semantic
edge_smt_3051,ch5_muc1_d63_k3,ent_3051,mentions,semantic
edge_smt_3052,ch5_muc1_d63_k4,ent_3052,mentions,semantic
edge_smt_3053,ch5_muc1_d63_k4,ent_3053,mentions,semantic
edge_smt_3054,ch5_muc1_d63_k4,ent_3054,mentions,semantic
edge_smt_3055,ch5_muc1_d63_k4,ent_3055,mentions,semantic
edge_smt_3056,ch5_muc1_d63_k4,ent_3056,mentions,semantic
edge_smt_3057,ch5_muc1_d64_k1,ent_3057,mentions,semantic
edge_smt_3058,ch5_muc1_d64_k1,ent_3058,mentions,semantic
edge_smt_3059,ch5_muc1_d64_k1,ent_3059,mentions,semantic
edge_smt_3060,ch5_muc1_d64_k1,ent_3060,mentions,semantic
edge_smt_3061,ch5_muc1_d64_k1,ent_3061,mentions,semantic
edge_smt_3062,ch5_muc1_d64_k1,ent_3062,mentions,semantic
edge_smt_3063,ch5_muc1_d64_k1,ent_3063,mentions,semantic
edge_smt_3064,ch5_muc1_d64_k1,ent_3064,mentions,semantic
edge_smt_3065,ch5_muc1_d64_k2,ent_3065,mentions,semantic
edge_smt_3066,ch5_muc1_d64_k2,ent_3066,mentions,semantic
edge_smt_3067,ch5_muc1_d64_k2,ent_3067,mentions,semantic
edge_smt_3068,ch5_muc1_d64_k2,ent_3068,mentions,semantic
edge_smt_3069,ch5_muc1_d64_k2,ent_3069,mentions,semantic
edge_smt_3070,ch5_muc1_d64_k2,ent_3070,mentions,semantic
edge_smt_3071,ch5_muc1_d64_k2,ent_3071,mentions,semantic
edge_smt_3072,ch5_muc1_d64_k2,ent_3072,mentions,semantic
edge_smt_3073,ch5_muc1_d64_k2,ent_3073,mentions,semantic
edge_smt_3074,ch5_muc1_d64_k2,ent_3074,mentions,semantic
edge_smt_3075,ch5_muc1_d64_k2,ent_3075,mentions,semantic
edge_smt_3076,ch5_muc1_d64_k2,ent_3076,mentions,semantic
edge_smt_3077,ch5_muc1_d64_k2,ent_3077,mentions,semantic
edge_smt_3078,ch5_muc1_d64_k2,ent_3078,mentions,semantic
edge_smt_3079,ch5_muc1_d64_k2,ent_3079,mentions,semantic
edge_smt_3080,ch5_muc1_d64_k2,ent_3080,mentions,semantic
edge_smt_3081,ch5_muc1_d64_k2,ent_3081,mentions,semantic
edge_smt_3082,ch5_muc1_d64_k2,ent_3082,mentions,semantic
edge_smt_3083,ch5_muc1_d64_k2,ent_3083,mentions,semantic
edge_smt_3084,ch5_muc1_d64_k2,ent_3084,mentions,semantic
edge_smt_3085,ch5_muc1_d64_k2,ent_3085,mentions,semantic
edge_smt_3086,ch5_muc1_d64_k2,ent_3086,mentions,semantic
edge_smt_3087,ch5_muc1_d64_k2,ent_3087,mentions,semantic
edge_smt_3088,ch5_muc1_d64_k2,ent_3088,mentions,semantic
edge_smt_3089,ch5_muc1_d64_k2,ent_3089,mentions,semantic
edge_smt_3090,ch5_muc1_d64_k2,ent_3090,mentions,semantic
edge_smt_3091,ch5_muc1_d64_k2,ent_3091,mentions,semantic
edge_smt_3092,ch5_muc1_d64_k2,ent_3092,mentions,semantic
edge_smt_3093,ch5_muc1_d64_k2,ent_3093,mentions,semantic
edge_smt_3094,ch5_muc1_d64_k2,ent_3094,mentions,semantic
edge_smt_3095,ch5_muc1_d64_k2,ent_3095,mentions,semantic
edge_smt_3096,ch5_muc1_d64_k2_a,ent_3096,mentions,semantic
edge_smt_3097,ch5_muc1_d64_k2_a,ent_3097,mentions,semantic
edge_smt_3098,ch5_muc1_d64_k2_a,ent_3098,mentions,semantic
edge_smt_3099,ch5_muc1_d64_k2_b,ent_3099,mentions,semantic
edge_smt_3100,ch5_muc1_d64_k2_b,ent_3100,mentions,semantic
edge_smt_3101,ch5_muc1_d64_k2_b,ent_3101,mentions,semantic
edge_smt_3102,ch5_muc1_d64_k2_b,ent_3102,mentions,semantic
edge_smt_3103,ch5_muc1_d64_k2_b,ent_3103,mentions,semantic
edge_smt_3104,ch5_muc1_d64_k2_b,ent_3104,mentions,semantic
edge_smt_3105,ch5_muc1_d64_k2_b,ent_3105,mentions,semantic
edge_smt_3106,ch5_muc1_d64_k2_c,ent_3106,mentions,semantic
edge_smt_3107,ch5_muc1_d64_k2_c,ent_3107,mentions,semantic
edge_smt_3108,ch5_muc1_d64_k2_d,ent_3108,mentions,semantic
edge_smt_3109,ch5_muc1_d64_k2_d,ent_3109,mentions,semantic
edge_smt_3110,ch5_muc1_d64_k2_d,ent_3110,mentions,semantic
edge_smt_3111,ch5_muc1_d64_k2_d,ent_3111,mentions,semantic
edge_smt_3112,ch5_muc1_d64_k2_d,ent_3112,mentions,semantic
edge_smt_3113,ch5_muc1_d64_k2_d,ent_3113,mentions,semantic
edge_smt_3114,ch5_muc1_d64_k2_d,ent_3114,mentions,semantic
edge_smt_3115,ch5_muc1_d64_k2_d,ent_3115,mentions,semantic
edge_smt_3116,ch5_muc1_d64_k2_đ,ent_3116,mentions,semantic
edge_smt_3117,ch5_muc1_d64_k2_đ,ent_3117,mentions,semantic
edge_smt_3118,ch5_muc1_d64_k2_đ,ent_3118,mentions,semantic
edge_smt_3119,ch5_muc1_d64_k2_đ,ent_3119,mentions,semantic
edge_smt_3120,ch5_muc1_d64_k2_đ,ent_3120,mentions,semantic
edge_smt_3121,ch5_muc1_d64_k2_đ,ent_3121,mentions,semantic
edge_smt_3122,ch5_muc1_d64_k2_đ,ent_3122,mentions,semantic
edge_smt_3123,ch5_muc1_d64_k2_đ,ent_3123,mentions,semantic
edge_smt_3124,ch5_muc1_d64_k2_e,ent_3124,mentions,semantic
edge_smt_3125,ch5_muc1_d64_k2_e,ent_3125,mentions,semantic
edge_smt_3126,ch5_muc2_d67_k1,ent_3126,mentions,semantic
edge_smt_3127,ch5_muc2_d67_k1,ent_3127,mentions,semantic
edge_smt_3128,ch5_muc2_d67_k1,ent_3128,mentions,semantic
edge_smt_3129,ch5_muc2_d67_k1,ent_3129,mentions,semantic
edge_smt_3130,ch5_muc2_d67_k1,ent_3130,mentions,semantic
edge_smt_3131,ch5_muc2_d67_k1,ent_3131,mentions,semantic
edge_smt_3132,ch5_muc2_d67_k1,ent_3132,mentions,semantic
edge_smt_3133,ch5_muc2_d67_k1,ent_3133,mentions,semantic
edge_smt_3134,ch5_muc2_d67_k2,ent_3134,mentions,semantic
edge_smt_3135,ch5_muc2_d67_k2,ent_3135,mentions,semantic
edge_smt_3136,ch5_muc2_d67_k2,ent_3136,mentions,semantic
edge_smt_3137,ch5_muc2_d67_k2,ent_3137,mentions,semantic
edge_smt_3138,ch5_muc2_d67_k3,ent_3138,mentions,semantic
edge_smt_3139,ch5_muc2_d67_k3,ent_3139,mentions,semantic
edge_smt_3140,ch5_muc2_d67_k3,ent_3140,mentions,semantic
edge_smt_3141,ch5_muc2_d67_k3,ent_3141,mentions,semantic
edge_smt_3142,ch5_muc2_d67_k4,ent_3142,mentions,semantic
edge_smt_3143,ch5_muc2_d67_k4,ent_3143,mentions,semantic
edge_smt_3144,ch5_muc2_d67_k4,ent_3144,mentions,semantic
edge_smt_3145,ch5_muc2_d67_k4,ent_3145,mentions,semantic
edge_smt_3146,ch5_muc2_d67_k5,ent_3146,mentions,semantic
edge_smt_3147,ch5_muc2_d67_k5,ent_3147,mentions,semantic
edge_smt_3148,ch5_muc2_d67_k5,ent_3148,mentions,semantic
edge_smt_3149,ch5_muc2_d67_k5,ent_3149,mentions,semantic
edge_smt_3150,ch5_muc2_d67_k5,ent_3150,mentions,semantic
edge_smt_3151,ch5_muc2_d67_k5,ent_3151,mentions,semantic
edge_smt_3152,ch5_muc2_d67_k5,ent_3152,mentions,semantic
edge_smt_3153,ch5_muc2_d67_k5,ent_3153,mentions,semantic
edge_smt_3154,ch5_muc2_d67_k5,ent_3154,mentions,semantic
edge_smt_3155,ch5_muc2_d67_k6,ent_3155,mentions,semantic
edge_smt_3156,ch5_muc2_d67_k6,ent_3156,mentions,semantic
edge_smt_3157,ch5_muc2_d67_k6,ent_3157,mentions,semantic
edge_smt_3158,ch5_muc2_d67_k7,ent_3158,mentions,semantic
edge_smt_3159,ch5_muc2_d67_k7,ent_3159,mentions,semantic
edge_smt_3160,ch5_muc2_d67_k7,ent_3160,mentions,semantic
edge_smt_3161,ch5_muc2_d67_k7,ent_3161,mentions,semantic
edge_smt_3162,ch5_muc2_d67_k8,ent_3162,mentions,semantic
edge_smt_3163,ch5_muc2_d68_k1,ent_3163,mentions,semantic
edge_smt_3164,ch5_muc2_d68_k1,ent_3164,mentions,semantic
edge_smt_3165,ch5_muc2_d68_k1,ent_3165,mentions,semantic
edge_smt_3166,ch5_muc2_d68_k1,ent_3166,mentions,semantic
edge_smt_3167,ch5_muc2_d68_k1,ent_3167,mentions,semantic
edge_smt_3168,ch5_muc2_d68_k1,ent_3168,mentions,semantic
edge_smt_3169,ch5_muc2_d68_k1,ent_3169,mentions,semantic
edge_smt_3170,ch5_muc2_d68_k1,ent_3170,mentions,semantic
edge_smt_3171,ch5_muc2_d68_k1,ent_3171,mentions,semantic
edge_smt_3172,ch5_muc2_d68_k1,ent_3172,mentions,semantic
edge_smt_3173,ch5_muc2_d68_k1,ent_3173,mentions,semantic
edge_smt_3174,ch5_muc2_d68_k1,ent_3174,mentions,semantic
edge_smt_3175,ch5_muc2_d68_k1,ent_3175,mentions,semantic
edge_smt_3176,ch5_muc2_d68_k1,ent_3176,mentions,semantic
edge_smt_3177,ch5_muc2_d68_k2,ent_3177,mentions,semantic
edge_smt_3178,ch5_muc2_d68_k2,ent_3178,mentions,semantic
edge_smt_3179,ch5_muc2_d68_k2,ent_3179,mentions,semantic
edge_smt_3180,ch5_muc2_d68_k2,ent_3180,mentions,semantic
edge_smt_3181,ch5_muc2_d68_k2,ent_3181,mentions,semantic
edge_smt_3182,ch5_muc2_d68_k2,ent_3182,mentions,semantic
edge_smt_3183,ch5_muc2_d68_k2,ent_3183,mentions,semantic
edge_smt_3184,ch5_muc2_d68_k2,ent_3184,mentions,semantic
edge_smt_3185,ch5_muc2_d68_k2,ent_3185,mentions,semantic
edge_smt_3186,ch5_muc2_d68_k2,ent_3186,mentions,semantic
edge_smt_3187,ch5_muc2_d68_k2,ent_3187,mentions,semantic
edge_smt_3188,ch5_muc2_d68_k2,ent_3188,mentions,semantic
edge_smt_3189,ch5_muc2_d68_k2,ent_3189,mentions,semantic
edge_smt_3190,ch5_muc2_d68_k2,ent_3190,mentions,semantic
edge_smt_3191,ch5_muc2_d68_k2,ent_3191,mentions,semantic
edge_smt_3192,ch5_muc2_d68_k2,ent_3192,mentions,semantic
edge_smt_3193,ch5_muc2_d68_k2,ent_3193,mentions,semantic
edge_smt_3194,ch5_muc2_d68_k2,ent_3194,mentions,semantic
edge_smt_3195,ch5_muc2_d68_k2,ent_3195,mentions,semantic
edge_smt_3196,ch5_muc2_d68_k2,ent_3196,mentions,semantic
edge_smt_3197,ch5_muc2_d68_k2,ent_3197,mentions,semantic
edge_smt_3198,ch5_muc2_d68_k2,ent_3198,mentions,semantic
edge_smt_3199,ch5_muc2_d68_k2,ent_3199,mentions,semantic
edge_smt_3200,ch5_muc2_d68_k2,ent_3200,mentions,semantic
edge_smt_3201,ch5_muc2_d68_k2,ent_3201,mentions,semantic
edge_smt_3202,ch5_muc2_d68_k2,ent_3202,mentions,semantic
edge_smt_3203,ch5_muc2_d68_k2,ent_3203,mentions,semantic
edge_smt_3204,ch5_muc2_d68_k2,ent_3204,mentions,semantic
edge_smt_3205,ch5_muc2_d68_k2,ent_3205,mentions,semantic
edge_smt_3206,ch5_muc2_d68_k2,ent_3206,mentions,semantic
edge_smt_3207,ch5_muc2_d68_k3,ent_3207,mentions,semantic
edge_smt_3208,ch5_muc2_d68_k3,ent_3208,mentions,semantic
edge_smt_3209,ch5_muc2_d68_k3,ent_3209,mentions,semantic
edge_smt_3210,ch5_muc2_d68_k3,ent_3210,mentions,semantic
edge_smt_3211,ch5_muc2_d68_k3,ent_3211,mentions,semantic
edge_smt_3212,ch5_muc2_d68_k3,ent_3212,mentions,semantic
edge_smt_3213,ch5_muc2_d68_k3,ent_3213,mentions,semantic
edge_smt_3214,ch5_muc2_d68_k3,ent_3214,mentions,semantic
edge_smt_3215,ch5_muc2_d68_k3,ent_3215,mentions,semantic
edge_smt_3216,ch5_muc2_d68_k3,ent_3216,mentions,semantic
edge_smt_3217,ch5_muc2_d68_k3,ent_3217,mentions,semantic
edge_smt_3218,ch5_muc2_d68_k3,ent_3218,mentions,semantic
edge_smt_3219,ch5_muc2_d68_k3,ent_3219,mentions,semantic
edge_smt_3220,ch5_muc2_d68_k3,ent_3220,mentions,semantic
edge_smt_3221,ch5_muc2_d68_k3,ent_3221,mentions,semantic
edge_smt_3222,ch5_muc2_d68_k3,ent_3222,mentions,semantic
edge_smt_3223,ch5_muc2_d68_k4,ent_3223,mentions,semantic
edge_smt_3224,ch5_muc2_d68_k4,ent_3224,mentions,semantic
edge_smt_3225,ch5_muc2_d68_k4,ent_3225,mentions,semantic
edge_smt_3226,ch5_muc2_d68_k4,ent_3226,mentions,semantic
edge_smt_3227,ch5_muc2_d68_k4,ent_3227,mentions,semantic
edge_smt_3228,ch5_muc2_d68_k4,ent_3228,mentions,semantic
edge_smt_3229,ch5_muc2_d69_k1,ent_3229,mentions,semantic
edge_smt_3230,ch5_muc2_d69_k1,ent_3230,mentions,semantic
edge_smt_3231,ch5_muc2_d69_k1,ent_3231,mentions,semantic
edge_smt_3232,ch5_muc2_d69_k2,ent_3232,mentions,semantic
edge_smt_3233,ch5_muc2_d69_k2,ent_3233,mentions,semantic
edge_smt_3234,ch5_muc2_d69_k2,ent_3234,mentions,semantic
edge_smt_3235,ch5_muc2_d69_k2,ent_3235,mentions,semantic
edge_smt_3236,ch5_muc2_d69_k2,ent_3236,mentions,semantic
edge_smt_3237,ch5_muc2_d69_k2,ent_3237,mentions,semantic
edge_smt_3238,ch5_muc2_d69_k2,ent_3238,mentions,semantic
edge_smt_3239,ch5_muc2_d69_k2,ent_3239,mentions,semantic
edge_smt_3240,ch5_muc2_d69_k2,ent_3240,mentions,semantic
edge_smt_3241,ch5_muc2_d69_k2,ent_3241,mentions,semantic
edge_smt_3242,ch5_muc2_d69_k2,ent_3242,mentions,semantic
edge_smt_3243,ch5_muc2_d69_k2,ent_3243,mentions,semantic
edge_smt_3244,ch5_muc2_d69_k2,ent_3244,mentions,semantic
edge_smt_3245,ch5_muc2_d69_k2,ent_3245,mentions,semantic
edge_smt_3246,ch5_muc2_d69_k2,ent_3246,mentions,semantic
edge_smt_3247,ch5_muc2_d69_k2,ent_3247,mentions,semantic
edge_smt_3248,ch5_muc2_d69_k2,ent_3248,mentions,semantic
edge_smt_3249,ch5_muc2_d69_k2,ent_3249,mentions,semantic
edge_smt_3250,ch5_muc2_d69_k2,ent_3250,mentions,semantic
edge_smt_3251,ch5_muc2_d69_k2,ent_3251,mentions,semantic
edge_smt_3252,ch5_muc2_d69_k2,ent_3252,mentions,semantic
edge_smt_3253,ch5_muc2_d69_k2,ent_3253,mentions,semantic
edge_smt_3254,ch5_muc2_d69_k2,ent_3254,mentions,semantic
edge_smt_3255,ch5_muc2_d69_k2,ent_3255,mentions,semantic
edge_smt_3256,ch5_muc2_d69_k2,ent_3256,mentions,semantic
edge_smt_3257,ch5_muc2_d69_k2,ent_3257,mentions,semantic
edge_smt_3258,ch5_muc2_d69_k2,ent_3258,mentions,semantic
edge_smt_3259,ch5_muc2_d69_k2,ent_3259,mentions,semantic
edge_smt_3260,ch5_muc2_d69_k2,ent_3260,mentions,semantic
edge_smt_3261,ch5_muc2_d69_k2,ent_3261,mentions,semantic
edge_smt_3262,ch5_muc2_d69_k2,ent_3262,mentions,semantic
edge_smt_3263,ch5_muc2_d69_k2,ent_3263,mentions,semantic
edge_smt_3264,ch5_muc2_d69_k2,ent_3264,mentions,semantic
edge_smt_3265,ch5_muc2_d69_k2,ent_3265,mentions,semantic
edge_smt_3266,ch5_muc2_d69_k2,ent_3266,mentions,semantic
edge_smt_3267,ch5_muc2_d69_k2,ent_3267,mentions,semantic
edge_smt_3268,ch5_muc2_d69_k2,ent_3268,mentions,semantic
edge_smt_3269,ch5_muc2_d69_k2,ent_3269,mentions,semantic
edge_smt_3270,ch5_muc2_d69_k2,ent_3270,mentions,semantic
edge_smt_3271,ch5_muc2_d69_k2,ent_3271,mentions,semantic
edge_smt_3272,ch5_muc2_d69_k2,ent_3272,mentions,semantic
edge_smt_3273,ch5_muc2_d69_k2,ent_3273,mentions,semantic
edge_smt_3274,ch5_muc2_d69_k2,ent_3274,mentions,semantic
edge_smt_3275,ch5_muc2_d69_k3,ent_3275,mentions,semantic
edge_smt_3276,ch5_muc2_d69_k3,ent_3276,mentions,semantic
edge_smt_3277,ch5_muc2_d69_k3,ent_3277,mentions,semantic
edge_smt_3278,ch5_muc2_d69_k3,ent_3278,mentions,semantic
edge_smt_3279,ch5_muc2_d69_k3,ent_3279,mentions,semantic
edge_smt_3280,ch5_muc2_d69_k3,ent_3280,mentions,semantic
edge_smt_3281,ch5_muc2_d69_k3,ent_3281,mentions,semantic
edge_smt_3282,ch5_muc2_d69_k3,ent_3282,mentions,semantic
edge_smt_3283,ch5_muc2_d69_k3,ent_3283,mentions,semantic
edge_smt_3284,ch5_muc2_d69_k3,ent_3284,mentions,semantic
edge_smt_3285,ch5_muc2_d69_k3,ent_3285,mentions,semantic
edge_smt_3286,ch5_muc2_d69_k3,ent_3286,mentions,semantic
edge_smt_3287,ch5_muc2_d69_k3,ent_3287,mentions,semantic
edge_smt_3288,ch5_muc2_d69_k3,ent_3288,mentions,semantic
edge_smt_3289,ch5_muc2_d69_k3,ent_3289,mentions,semantic
edge_smt_3290,ch5_muc2_d69_k3,ent_3290,mentions,semantic
edge_smt_3291,ch5_muc2_d70_k1,ent_3291,mentions,semantic
edge_smt_3292,ch5_muc2_d70_k1,ent_3292,mentions,semantic
edge_smt_3293,ch5_muc2_d70_k1,ent_3293,mentions,semantic
edge_smt_3294,ch5_muc2_d70_k1,ent_3294,mentions,semantic
edge_smt_3295,ch5_muc2_d70_k1,ent_3295,mentions,semantic
edge_smt_3296,ch5_muc2_d70_k1,ent_3296,mentions,semantic
edge_smt_3297,ch5_muc2_d70_k1,ent_3297,mentions,semantic
edge_smt_3298,ch5_muc2_d70_k1,ent_3298,mentions,semantic
edge_smt_3299,ch5_muc2_d70_k1,ent_3299,mentions,semantic
edge_smt_3300,ch5_muc2_d70_k1,ent_3300,mentions,semantic
edge_smt_3301,ch5_muc2_d70_k1,ent_3301,mentions,semantic
edge_smt_3302,ch5_muc2_d70_k1,ent_3302,mentions,semantic
edge_smt_3303,ch5_muc2_d70_k1,ent_3303,mentions,semantic
edge_smt_3304,ch5_muc2_d70_k1,ent_3304,mentions,semantic
edge_smt_3305,ch5_muc2_d70_k1,ent_3305,mentions,semantic
edge_smt_3306,ch5_muc2_d70_k1,ent_3306,mentions,semantic
edge_smt_3307,ch5_muc2_d70_k1,ent_3307,mentions,semantic
edge_smt_3308,ch5_muc2_d70_k1,ent_3308,mentions,semantic
edge_smt_3309,ch5_muc2_d70_k1,ent_3309,mentions,semantic
edge_smt_3310,ch5_muc2_d70_k1,ent_3310,mentions,semantic
edge_smt_3311,ch5_muc2_d70_k1,ent_3311,mentions,semantic
edge_smt_3312,ch5_muc2_d70_k1,ent_3312,mentions,semantic
edge_smt_3313,ch5_muc2_d70_k1,ent_3313,mentions,semantic
edge_smt_3314,ch5_muc2_d70_k1,ent_3314,mentions,semantic
edge_smt_3315,ch5_muc2_d70_k1,ent_3315,mentions,semantic
edge_smt_3316,ch5_muc2_d70_k1,ent_3316,mentions,semantic
edge_smt_3317,ch5_muc2_d70_k1,ent_3317,mentions,semantic
edge_smt_3318,ch5_muc2_d70_k1,ent_3318,mentions,semantic
edge_smt_3319,ch5_muc2_d70_k1,ent_3319,mentions,semantic
edge_smt_3320,ch5_muc2_d70_k1,ent_3320,mentions,semantic
edge_smt_3321,ch5_muc2_d70_k1,ent_3321,mentions,semantic
edge_smt_3322,ch5_muc2_d70_k1,ent_3322,mentions,semantic
edge_smt_3323,ch5_muc2_d70_k1,ent_3323,mentions,semantic
edge_smt_3324,ch5_muc2_d70_k1,ent_3324,mentions,semantic
edge_smt_3325,ch5_muc2_d70_k1,ent_3325,mentions,semantic
edge_smt_3326,ch5_muc2_d70_k1,ent_3326,mentions,semantic
edge_smt_3327,ch5_muc2_d70_k1,ent_3327,mentions,semantic
edge_smt_3328,ch5_muc2_d70_k1,ent_3328,mentions,semantic
edge_smt_3329,ch5_muc2_d70_k1,ent_3329,mentions,semantic
edge_smt_3330,ch5_muc2_d70_k1,ent_3330,mentions,semantic
edge_smt_3331,ch5_muc2_d70_k1,ent_3331,mentions,semantic
edge_smt_3332,ch5_muc2_d70_k2,ent_3332,mentions,semantic
edge_smt_3333,ch5_muc2_d70_k2,ent_3333,mentions,semantic
edge_smt_3334,ch5_muc2_d70_k2,ent_3334,mentions,semantic
edge_smt_3335,ch5_muc2_d70_k2,ent_3335,mentions,semantic
edge_smt_3336,ch5_muc2_d70_k2,ent_3336,mentions,semantic
edge_smt_3337,ch5_muc2_d70_k2,ent_3337,mentions,semantic
edge_smt_3338,ch5_muc2_d70_k2,ent_3338,mentions,semantic
edge_smt_3339,ch5_muc2_d70_k2,ent_3339,mentions,semantic
edge_smt_3340,ch5_muc2_d70_k2,ent_3340,mentions,semantic
edge_smt_3341,ch5_muc2_d70_k2,ent_3341,mentions,semantic
edge_smt_3342,ch5_muc2_d70_k2,ent_3342,mentions,semantic
edge_smt_3343,ch5_muc2_d70_k2,ent_3343,mentions,semantic
edge_smt_3344,ch5_muc2_d70_k2,ent_3344,mentions,semantic
edge_smt_3345,ch5_muc2_d70_k2,ent_3345,mentions,semantic
edge_smt_3346,ch5_muc2_d70_k2,ent_3346,mentions,semantic
edge_smt_3347,ch5_muc2_d70_k2,ent_3347,mentions,semantic
edge_smt_3348,ch5_muc2_d70_k2,ent_3348,mentions,semantic
edge_smt_3349,ch5_muc2_d70_k2,ent_3349,mentions,semantic
edge_smt_3350,ch5_muc2_d70_k2,ent_3350,mentions,semantic
edge_smt_3351,ch5_muc2_d70_k2,ent_3351,mentions,semantic
edge_smt_3352,ch5_muc2_d70_k2,ent_3352,mentions,semantic
edge_smt_3353,ch5_muc2_d70_k2,ent_3353,mentions,semantic
edge_smt_3354,ch5_muc2_d70_k2,ent_3354,mentions,semantic
edge_smt_3355,ch5_muc2_d70_k2,ent_3355,mentions,semantic
edge_smt_3356,ch5_muc2_d70_k2,ent_3356,mentions,semantic
edge_smt_3357,ch5_muc2_d70_k2,ent_3357,mentions,semantic
edge_smt_3358,ch5_muc2_d70_k2,ent_3358,mentions,semantic
edge_smt_3359,ch5_muc2_d70_k2,ent_3359,mentions,semantic
edge_smt_3360,ch5_muc2_d70_k2,ent_3360,mentions,semantic
edge_smt_3361,ch5_muc2_d70_k2,ent_3361,mentions,semantic
edge_smt_3362,ch5_muc2_d70_k2,ent_3362,mentions,semantic
edge_smt_3363,ch5_muc2_d70_k2,ent_3363,mentions,semantic
edge_smt_3364,ch5_muc2_d70_k2,ent_3364,mentions,semantic
edge_smt_3365,ch5_muc2_d70_k2,ent_3365,mentions,semantic
edge_smt_3366,ch5_muc2_d70_k3,ent_3366,mentions,semantic
edge_smt_3367,ch5_muc2_d70_k3,ent_3367,mentions,semantic
edge_smt_3368,ch5_muc2_d70_k3,ent_3368,mentions,semantic
edge_smt_3369,ch5_muc2_d70_k3,ent_3369,mentions,semantic
edge_smt_3370,ch5_muc2_d70_k3,ent_3370,mentions,semantic
edge_smt_3371,ch5_muc2_d70_k3,ent_3371,mentions,semantic
edge_smt_3372,ch5_muc2_d70_k3,ent_3372,mentions,semantic
edge_smt_3373,ch5_muc2_d70_k3,ent_3373,mentions,semantic
edge_smt_3374,ch5_muc2_d70_k3,ent_3374,mentions,semantic
edge_smt_3375,ch5_muc2_d70_k3,ent_3375,mentions,semantic
edge_smt_3376,ch5_muc2_d70_k3,ent_3376,mentions,semantic
edge_smt_3377,ch5_muc2_d70_k3,ent_3377,mentions,semantic
edge_smt_3378,ch5_muc2_d70_k3,ent_3378,mentions,semantic
edge_smt_3379,ch5_muc2_d70_k3,ent_3379,mentions,semantic
edge_smt_3380,ch5_muc2_d70_k3,ent_3380,mentions,semantic
edge_smt_3381,ch5_muc2_d70_k3,ent_3381,mentions,semantic
edge_smt_3382,ch5_muc2_d70_k3,ent_3382,mentions,semantic
edge_smt_3383,ch5_muc2_d70_k3,ent_3383,mentions,semantic
edge_smt_3384,ch5_muc2_d70_k3,ent_3384,mentions,semantic
edge_smt_3385,ch5_muc2_d70_k4,ent_3385,mentions,semantic
edge_smt_3386,ch5_muc2_d70_k4,ent_3386,mentions,semantic
edge_smt_3387,ch5_muc2_d70_k4,ent_3387,mentions,semantic
edge_smt_3388,ch5_muc2_d70_k4,ent_3388,mentions,semantic
edge_smt_3389,ch5_muc2_d70_k4,ent_3389,mentions,semantic
edge_smt_3390,ch5_muc2_d70_k4,ent_3390,mentions,semantic
edge_smt_3391,ch5_muc2_d70_k4,ent_3391,mentions,semantic
edge_smt_3392,ch5_muc2_d70_k4,ent_3392,mentions,semantic
edge_smt_3393,ch5_muc2_d70_k4,ent_3393,mentions,semantic
edge_smt_3394,ch5_muc2_d70_k4,ent_3394,mentions,semantic
edge_smt_3395,ch5_muc2_d70_k4,ent_3395,mentions,semantic
edge_smt_3396,ch5_muc2_d70_k4,ent_3396,mentions,semantic
edge_smt_3397,ch5_muc2_d70_k4,ent_3397,mentions,semantic
edge_smt_3398,ch5_muc2_d70_k4,ent_3398,mentions,semantic
edge_smt_3399,ch5_muc2_d70_k4,ent_3399,mentions,semantic
edge_smt_3400,ch5_muc2_d70_k4,ent_3400,mentions,semantic
edge_smt_3401,ch5_muc2_d70_k4,ent_3401,mentions,semantic
edge_smt_3402,ch5_muc2_d70_k4,ent_3402,mentions,semantic
edge_smt_3403,ch5_muc2_d70_k4,ent_3403,mentions,semantic
edge_smt_3404,ch5_muc2_d70_k4,ent_3404,mentions,semantic
edge_smt_3405,ch5_muc2_d70_k4,ent_3405,mentions,semantic
edge_smt_3406,ch5_muc2_d70_k4,ent_3406,mentions,semantic
edge_smt_3407,ch5_muc2_d70_k4,ent_3407,mentions,semantic
edge_smt_3408,ch5_muc2_d70_k4,ent_3408,mentions,semantic
edge_smt_3409,ch5_muc2_d70_k4,ent_3409,mentions,semantic
edge_smt_3410,ch5_muc2_d70_k4,ent_3410,mentions,semantic
edge_smt_3411,ch5_muc2_d70_k4,ent_3411,mentions,semantic
edge_smt_3412,ch5_muc2_d70_k4,ent_3412,mentions,semantic
edge_smt_3413,ch5_muc2_d70_k4,ent_3413,mentions,semantic
edge_smt_3414,ch5_muc2_d70_k4,ent_3414,mentions,semantic
edge_smt_3415,ch5_muc2_d70_k4,ent_3415,mentions,semantic
edge_smt_3416,ch5_muc2_d70_k4,ent_3416,mentions,semantic
edge_smt_3417,ch5_muc2_d70_k5,ent_3417,mentions,semantic
edge_smt_3418,ch5_muc2_d70_k5,ent_3418,mentions,semantic
edge_smt_3419,ch5_muc2_d70_k5,ent_3419,mentions,semantic
edge_smt_3420,ch5_muc2_d70_k5,ent_3420,mentions,semantic
edge_smt_3421,ch5_muc2_d70_k5,ent_3421,mentions,semantic
edge_smt_3422,ch5_muc2_d70_k5,ent_3422,mentions,semantic
edge_smt_3423,ch5_muc2_d70_k5,ent_3423,mentions,semantic
edge_smt_3424,ch5_muc2_d70_k5,ent_3424,mentions,semantic
edge_smt_3425,ch5_muc2_d70_k5,ent_3425,mentions,semantic
edge_smt_3426,ch5_muc2_d70_k5,ent_3426,mentions,semantic
edge_smt_3427,ch5_muc2_d70_k5,ent_3427,mentions,semantic
edge_smt_3428,ch5_muc2_d70_k5,ent_3428,mentions,semantic
edge_smt_3429,ch5_muc2_d70_k5,ent_3429,mentions,semantic
edge_smt_3430,ch5_muc2_d70_k5,ent_3430,mentions,semantic
edge_smt_3431,ch5_muc2_d70_k5,ent_3431,mentions,semantic
edge_smt_3432,ch5_muc2_d70_k5,ent_3432,mentions,semantic
edge_smt_3433,ch5_muc2_d70_k5,ent_3433,mentions,semantic
edge_smt_3434,ch5_muc2_d70_k5,ent_3434,mentions,semantic
edge_smt_3435,ch5_muc2_d70_k5,ent_3435,mentions,semantic
edge_smt_3436,ch5_muc2_d71_k1,ent_3436,mentions,semantic
edge_smt_3437,ch5_muc2_d71_k1,ent_3437,mentions,semantic
edge_smt_3438,ch5_muc2_d71_k1,ent_3438,mentions,semantic
edge_smt_3439,ch5_muc2_d71_k1,ent_3439,mentions,semantic
edge_smt_3440,ch5_muc2_d71_k1,ent_3440,mentions,semantic
edge_smt_3441,ch5_muc2_d71_k1,ent_3441,mentions,semantic
edge_smt_3442,ch5_muc2_d71_k1,ent_3442,mentions,semantic
edge_smt_3443,ch5_muc2_d71_k1,ent_3443,mentions,semantic
edge_smt_3444,ch5_muc2_d71_k1,ent_3444,mentions,semantic
edge_smt_3445,ch5_muc2_d71_k1,ent_3445,mentions,semantic
edge_smt_3446,ch5_muc2_d71_k1,ent_3446,mentions,semantic
edge_smt_3447,ch5_muc2_d71_k1,ent_3447,mentions,semantic
edge_smt_3448,ch5_muc2_d71_k1,ent_3448,mentions,semantic
edge_smt_3449,ch5_muc2_d71_k1,ent_3449,mentions,semantic
edge_smt_3450,ch5_muc2_d71_k1,ent_3450,mentions,semantic
edge_smt_3451,ch5_muc2_d71_k1,ent_3451,mentions,semantic
edge_smt_3452,ch5_muc2_d71_k1,ent_3452,mentions,semantic
edge_smt_3453,ch5_muc2_d71_k1,ent_3453,mentions,semantic
edge_smt_3454,ch5_muc2_d71_k1,ent_3454,mentions,semantic
edge_smt_3455,ch5_muc2_d71_k1,ent_3455,mentions,semantic
edge_smt_3456,ch5_muc2_d71_k1,ent_3456,mentions,semantic
edge_smt_3457,ch5_muc2_d71_k1,ent_3457,mentions,semantic
edge_smt_3458,ch5_muc2_d71_k1_a,ent_3458,mentions,semantic
edge_smt_3459,ch5_muc2_d71_k1_a,ent_3459,mentions,semantic
edge_smt_3460,ch5_muc2_d71_k1_a,ent_3460,mentions,semantic
edge_smt_3461,ch5_muc2_d71_k1_a,ent_3461,mentions,semantic
edge_smt_3462,ch5_muc2_d71_k1_a,ent_3462,mentions,semantic
edge_smt_3463,ch5_muc2_d71_k1_a,ent_3463,mentions,semantic
edge_smt_3464,ch5_muc2_d71_k1_b,ent_3464,mentions,semantic
edge_smt_3465,ch5_muc2_d71_k1_b,ent_3465,mentions,semantic
edge_smt_3466,ch5_muc2_d71_k1_b,ent_3466,mentions,semantic
edge_smt_3467,ch5_muc2_d71_k1_b,ent_3467,mentions,semantic
edge_smt_3468,ch5_muc2_d71_k1_b,ent_3468,mentions,semantic
edge_smt_3469,ch5_muc2_d71_k1_c,ent_3469,mentions,semantic
edge_smt_3470,ch5_muc2_d71_k1_c,ent_3470,mentions,semantic
edge_smt_3471,ch5_muc2_d71_k1_c,ent_3471,mentions,semantic
edge_smt_3472,ch5_muc2_d71_k1_c,ent_3472,mentions,semantic
edge_smt_3473,ch5_muc2_d71_k1_c,ent_3473,mentions,semantic
edge_smt_3474,ch5_muc2_d71_k1_c,ent_3474,mentions,semantic
edge_smt_3475,ch5_muc2_d71_k1_c,ent_3475,mentions,semantic
edge_smt_3476,ch5_muc2_d71_k2,ent_3476,mentions,semantic
edge_smt_3477,ch5_muc2_d71_k2,ent_3477,mentions,semantic
edge_smt_3478,ch5_muc2_d71_k2,ent_3478,mentions,semantic
edge_smt_3479,ch5_muc2_d71_k2,ent_3479,mentions,semantic
edge_smt_3480,ch5_muc2_d71_k2,ent_3480,mentions,semantic
edge_smt_3481,ch5_muc2_d71_k2,ent_3481,mentions,semantic
edge_smt_3482,ch5_muc2_d71_k2,ent_3482,mentions,semantic
edge_smt_3483,ch5_muc2_d71_k2,ent_3483,mentions,semantic
edge_smt_3484,ch5_muc2_d71_k2,ent_3484,mentions,semantic
edge_smt_3485,ch5_muc2_d71_k2,ent_3485,mentions,semantic
edge_smt_3486,ch5_muc2_d71_k2,ent_3486,mentions,semantic
edge_smt_3487,ch5_muc2_d71_k2,ent_3487,mentions,semantic
edge_smt_3488,ch5_muc2_d71_k2,ent_3488,mentions,semantic
edge_smt_3489,ch5_muc2_d71_k2,ent_3489,mentions,semantic
edge_smt_3490,ch5_muc2_d71_k2,ent_3490,mentions,semantic
edge_smt_3491,ch5_muc2_d71_k2,ent_3491,mentions,semantic
edge_smt_3492,ch5_muc2_d71_k2,ent_3492,mentions,semantic
edge_smt_3493,ch5_muc2_d72_k1,ent_3493,mentions,semantic
edge_smt_3494,ch5_muc2_d72_k1,ent_3494,mentions,semantic
edge_smt_3495,ch5_muc2_d72_k1,ent_3495,mentions,semantic
edge_smt_3496,ch5_muc2_d72_k1,ent_3496,mentions,semantic
edge_smt_3497,ch5_muc2_d72_k1,ent_3497,mentions,semantic
edge_smt_3498,ch5_muc2_d72_k1,ent_3498,mentions,semantic
edge_smt_3499,ch5_muc2_d72_k1,ent_3499,mentions,semantic
edge_smt_3500,ch5_muc2_d72_k1,ent_3500,mentions,semantic
edge_smt_3501,ch5_muc2_d72_k1,ent_3501,mentions,semantic
edge_smt_3502,ch5_muc2_d72_k1,ent_3502,mentions,semantic
edge_smt_3503,ch5_muc2_d72_k1,ent_3503,mentions,semantic
edge_smt_3504,ch5_muc2_d72_k1,ent_3504,mentions,semantic
edge_smt_3505,ch5_muc2_d72_k1,ent_3505,mentions,semantic
edge_smt_3506,ch5_muc2_d72_k2,ent_3506,mentions,semantic
edge_smt_3507,ch5_muc2_d72_k2,ent_3507,mentions,semantic
edge_smt_3508,ch5_muc2_d72_k2,ent_3508,mentions,semantic
edge_smt_3509,ch5_muc2_d72_k2,ent_3509,mentions,semantic
edge_smt_3510,ch5_muc2_d72_k2,ent_3510,mentions,semantic
edge_smt_3511,ch5_muc2_d72_k2,ent_3511,mentions,semantic
edge_smt_3512,ch5_muc2_d72_k2,ent_3512,mentions,semantic
edge_smt_3513,ch5_muc2_d72_k2,ent_3513,mentions,semantic
edge_smt_3514,ch5_muc2_d72_k2,ent_3514,mentions,semantic
edge_smt_3515,ch5_muc2_d72_k2,ent_3515,mentions,semantic
edge_smt_3516,ch5_muc2_d72_k2,ent_3516,mentions,semantic
edge_smt_3517,ch5_muc2_d72_k2,ent_3517,mentions,semantic
edge_smt_3518,ch5_muc2_d72_k2,ent_3518,mentions,semantic
edge_smt_3519,ch5_muc2_d72_k3,ent_3519,mentions,semantic
edge_smt_3520,ch5_muc2_d72_k3,ent_3520,mentions,semantic
edge_smt_3521,ch5_muc2_d72_k3,ent_3521,mentions,semantic
edge_smt_3522,ch5_muc2_d72_k3,ent_3522,mentions,semantic
edge_smt_3523,ch5_muc2_d72_k3,ent_3523,mentions,semantic
edge_smt_3524,ch5_muc2_d72_k3,ent_3524,mentions,semantic
edge_smt_3525,ch5_muc2_d72_k3,ent_3525,mentions,semantic
edge_smt_3526,ch5_muc2_d72_k3,ent_3526,mentions,semantic
edge_smt_3527,ch5_muc2_d72_k3,ent_3527,mentions,semantic
edge_smt_3528,ch5_muc2_d72_k3,ent_3528,mentions,semantic
edge_smt_3529,ch5_muc2_d72_k3,ent_3529,mentions,semantic
edge_smt_3530,ch5_muc2_d72_k3,ent_3530,mentions,semantic
edge_smt_3531,ch5_muc2_d72_k3,ent_3531,mentions,semantic
edge_smt_3532,ch5_muc2_d72_k3,ent_3532,mentions,semantic
edge_smt_3533,ch5_muc2_d72_k3,ent_3533,mentions,semantic
edge_smt_3534,ch5_muc2_d72_k3,ent_3534,mentions,semantic
edge_smt_3535,ch5_muc2_d72_k3,ent_3535,mentions,semantic
edge_smt_3536,ch5_muc2_d72_k3,ent_3536,mentions,semantic
edge_smt_3537,ch5_muc2_d72_k3,ent_3537,mentions,semantic
edge_smt_3538,ch5_muc2_d73_k1,ent_3538,mentions,semantic
edge_smt_3539,ch5_muc2_d73_k1,ent_3539,mentions,semantic
edge_smt_3540,ch5_muc2_d73_k1,ent_3540,mentions,semantic
edge_smt_3541,ch5_muc2_d73_k1,ent_3541,mentions,semantic
edge_smt_3542,ch5_muc2_d73_k1,ent_3542,mentions,semantic
edge_smt_3543,ch5_muc2_d73_k1,ent_3543,mentions,semantic
edge_smt_3544,ch5_muc2_d73_k1,ent_3544,mentions,semantic
edge_smt_3545,ch5_muc2_d73_k1,ent_3545,mentions,semantic
edge_smt_3546,ch5_muc2_d73_k1,ent_3546,mentions,semantic
edge_smt_3547,ch5_muc2_d73_k1,ent_3547,mentions,semantic
edge_smt_3548,ch5_muc2_d73_k1,ent_3548,mentions,semantic
edge_smt_3549,ch5_muc2_d73_k1,ent_3549,mentions,semantic
edge_smt_3550,ch5_muc2_d73_k1,ent_3550,mentions,semantic
edge_smt_3551,ch5_muc2_d73_k1,ent_3551,mentions,semantic
edge_smt_3552,ch5_muc2_d73_k1,ent_3552,mentions,semantic
edge_smt_3553,ch5_muc2_d73_k1,ent_3553,mentions,semantic
edge_smt_3554,ch5_muc2_d73_k1,ent_3554,mentions,semantic
edge_smt_3555,ch5_muc2_d73_k2,ent_3555,mentions,semantic
edge_smt_3556,ch5_muc2_d73_k2,ent_3556,mentions,semantic
edge_smt_3557,ch5_muc2_d73_k2,ent_3557,mentions,semantic
edge_smt_3558,ch5_muc2_d73_k2,ent_3558,mentions,semantic
edge_smt_3559,ch5_muc2_d73_k2,ent_3559,mentions,semantic
edge_smt_3560,ch5_muc2_d73_k2,ent_3560,mentions,semantic
edge_smt_3561,ch5_muc2_d73_k2,ent_3561,mentions,semantic
edge_smt_3562,ch5_muc2_d73_k2,ent_3562,mentions,semantic
edge_smt_3563,ch5_muc2_d73_k2,ent_3563,mentions,semantic
edge_smt_3564,ch5_muc2_d73_k2,ent_3564,mentions,semantic
edge_smt_3565,ch5_muc2_d73_k2,ent_3565,mentions,semantic
edge_smt_3566,ch5_muc2_d73_k2,ent_3566,mentions,semantic
edge_smt_3567,ch5_muc2_d73_k2,ent_3567,mentions,semantic
edge_smt_3568,ch5_muc2_d73_k2,ent_3568,mentions,semantic
edge_smt_3569,ch5_muc2_d73_k2,ent_3569,mentions,semantic
edge_smt_3570,ch5_muc2_d73_k2,ent_3570,mentions,semantic
edge_smt_3571,ch5_muc2_d73_k2,ent_3571,mentions,semantic
edge_smt_3572,ch5_muc2_d73_k2,ent_3572,mentions,semantic
edge_smt_3573,ch5_muc2_d73_k2,ent_3573,mentions,semantic
edge_smt_3574,ch5_muc2_d73_k2,ent_3574,mentions,semantic
edge_smt_3575,ch5_muc2_d73_k2,ent_3575,mentions,semantic
edge_smt_3576,ch5_muc2_d73_k2,ent_3576,mentions,semantic
edge_smt_3577,ch5_muc2_d73_k2,ent_3577,mentions,semantic
edge_smt_3578,ch5_muc2_d73_k2,ent_3578,mentions,semantic
edge_smt_3579,ch5_muc2_d73_k2_a,ent_3579,mentions,semantic
edge_smt_3580,ch5_muc2_d73_k2_a,ent_3580,mentions,semantic
edge_smt_3581,ch5_muc2_d73_k2_a,ent_3581,mentions,semantic
edge_smt_3582,ch5_muc2_d73_k2_a,ent_3582,mentions,semantic
edge_smt_3583,ch5_muc2_d73_k2_a,ent_3583,mentions,semantic
edge_smt_3584,ch5_muc2_d73_k2_a,ent_3584,mentions,semantic
edge_smt_3585,ch5_muc2_d73_k2_a,ent_3585,mentions,semantic
edge_smt_3586,ch5_muc2_d73_k2_b,ent_3586,mentions,semantic
edge_smt_3587,ch5_muc2_d73_k2_b,ent_3587,mentions,semantic
edge_smt_3588,ch5_muc2_d73_k2_b,ent_3588,mentions,semantic
edge_smt_3589,ch5_muc2_d73_k2_b,ent_3589,mentions,semantic
edge_smt_3590,ch5_muc2_d73_k2_b,ent_3590,mentions,semantic
edge_smt_3591,ch5_muc2_d73_k2_b,ent_3591,mentions,semantic
edge_smt_3592,ch5_muc2_d73_k2_b,ent_3592,mentions,semantic
edge_smt_3593,ch5_muc2_d73_k2_c,ent_3593,mentions,semantic
edge_smt_3594,ch5_muc2_d73_k3,ent_3594,mentions,semantic
edge_smt_3595,ch5_muc2_d73_k3,ent_3595,mentions,semantic
edge_smt_3596,ch5_muc2_d73_k3,ent_3596,mentions,semantic
edge_smt_3597,ch5_muc2_d73_k3,ent_3597,mentions,semantic
edge_smt_3598,ch5_muc2_d73_k3,ent_3598,mentions,semantic
edge_smt_3599,ch5_muc2_d73_k3,ent_3599,mentions,semantic
edge_smt_3600,ch5_muc2_d73_k3,ent_3600,mentions,semantic
edge_smt_3601,ch5_muc2_d73_k3,ent_3601,mentions,semantic
edge_smt_3602,ch5_muc2_d73_k3,ent_3602,mentions,semantic
edge_smt_3603,ch5_muc2_d73_k3,ent_3603,mentions,semantic
edge_smt_3604,ch5_muc2_d73_k3,ent_3604,mentions,semantic
edge_smt_3605,ch5_muc2_d73_k4,ent_3605,mentions,semantic
edge_smt_3606,ch5_muc2_d73_k4,ent_3606,mentions,semantic
edge_smt_3607,ch5_muc2_d73_k4,ent_3607,mentions,semantic
edge_smt_3608,ch5_muc2_d73_k4,ent_3608,mentions,semantic
edge_smt_3609,ch5_muc2_d73_k4,ent_3609,mentions,semantic
edge_smt_3610,ch5_muc2_d74_k1,ent_3610,mentions,semantic
edge_smt_3611,ch5_muc2_d74_k1,ent_3611,mentions,semantic
edge_smt_3612,ch5_muc2_d74_k1,ent_3612,mentions,semantic
edge_smt_3613,ch5_muc2_d74_k1,ent_3613,mentions,semantic
edge_smt_3614,ch5_muc2_d74_k1,ent_3614,mentions,semantic
edge_smt_3615,ch5_muc2_d74_k1,ent_3615,mentions,semantic
edge_smt_3616,ch5_muc2_d74_k2,ent_3616,mentions,semantic
edge_smt_3617,ch5_muc2_d74_k2,ent_3617,mentions,semantic
edge_smt_3618,ch5_muc2_d74_k2,ent_3618,mentions,semantic
edge_smt_3619,ch5_muc2_d74_k2,ent_3619,mentions,semantic
edge_smt_3620,ch5_muc2_d74_k2,ent_3620,mentions,semantic
edge_smt_3621,ch5_muc2_d74_k3,ent_3621,mentions,semantic
edge_smt_3622,ch5_muc2_d74_k3,ent_3622,mentions,semantic
edge_smt_3623,ch5_muc2_d74_k3,ent_3623,mentions,semantic
edge_smt_3624,ch5_muc2_d74_k3,ent_3624,mentions,semantic
edge_smt_3625,ch5_muc2_d74_k3,ent_3625,mentions,semantic
edge_smt_3626,ch5_muc2_d74_k3,ent_3626,mentions,semantic
edge_smt_3627,ch5_muc2_d74_k3,ent_3627,mentions,semantic
edge_smt_3628,ch5_muc2_d74_k3,ent_3628,mentions,semantic
edge_smt_3629,ch5_muc2_d74_k3,ent_3629,mentions,semantic
edge_smt_3630,ch5_muc2_d74_k4,ent_3630,mentions,semantic
edge_smt_3631,ch5_muc2_d74_k4,ent_3631,mentions,semantic
edge_smt_3632,ch5_muc2_d74_k4,ent_3632,mentions,semantic
edge_smt_3633,ch5_muc2_d74_k4,ent_3633,mentions,semantic
edge_smt_3634,ch5_muc2_d74_k4,ent_3634,mentions,semantic
edge_smt_3635,ch5_muc2_d74_k4,ent_3635,mentions,semantic
edge_smt_3636,ch5_muc2_d74_k4,ent_3636,mentions,semantic
edge_smt_3637,ch5_muc2_d74_k4,ent_3637,mentions,semantic
edge_smt_3638,ch5_muc2_d74_k4,ent_3638,mentions,semantic
edge_smt_3639,ch5_muc2_d74_k4,ent_3639,mentions,semantic
edge_smt_3640,ch5_muc2_d74_k4,ent_3640,mentions,semantic
edge_smt_3641,ch5_muc2_d74_k4,ent_3641,mentions,semantic
edge_smt_3642,ch5_muc3_d75_k1,ent_3642,mentions,semantic
edge_smt_3643,ch5_muc3_d75_k1,ent_3643,mentions,semantic
edge_smt_3644,ch5_muc3_d75_k1,ent_3644,mentions,semantic
edge_smt_3645,ch5_muc3_d75_k1,ent_3645,mentions,semantic
edge_smt_3646,ch5_muc3_d75_k1,ent_3646,mentions,semantic
edge_smt_3647,ch5_muc3_d75_k1,ent_3647,mentions,semantic
edge_smt_3648,ch5_muc3_d75_k1,ent_3648,mentions,semantic
edge_smt_3649,ch5_muc3_d75_k1,ent_3649,mentions,semantic
edge_smt_3650,ch5_muc3_d75_k1,ent_3650,mentions,semantic
edge_smt_3651,ch5_muc3_d75_k1,ent_3651,mentions,semantic
edge_smt_3652,ch5_muc3_d75_k1,ent_3652,mentions,semantic
edge_smt_3653,ch5_muc3_d75_k1,ent_3653,mentions,semantic
edge_smt_3654,ch5_muc3_d75_k1,ent_3654,mentions,semantic
edge_smt_3655,ch5_muc3_d75_k1,ent_3655,mentions,semantic
edge_smt_3656,ch5_muc3_d75_k1,ent_3656,mentions,semantic
edge_smt_3657,ch5_muc3_d75_k1,ent_3657,mentions,semantic
edge_smt_3658,ch5_muc3_d75_k2,ent_3658,mentions,semantic
edge_smt_3659,ch5_muc3_d75_k2,ent_3659,mentions,semantic
edge_smt_3660,ch5_muc3_d75_k2,ent_3660,mentions,semantic
edge_smt_3661,ch5_muc3_d76_k1,ent_3661,mentions,semantic
edge_smt_3662,ch5_muc3_d76_k1,ent_3662,mentions,semantic
edge_smt_3663,ch5_muc3_d76_k1,ent_3663,mentions,semantic
edge_smt_3664,ch5_muc3_d76_k1,ent_3664,mentions,semantic
edge_smt_3665,ch5_muc3_d76_k1,ent_3665,mentions,semantic
edge_smt_3666,ch5_muc3_d76_k1,ent_3666,mentions,semantic
edge_smt_3667,ch5_muc3_d76_k1,ent_3667,mentions,semantic
edge_smt_3668,ch5_muc3_d76_k1,ent_3668,mentions,semantic
edge_smt_3669,ch5_muc3_d76_k1,ent_3669,mentions,semantic
edge_smt_3670,ch5_muc3_d76_k1,ent_3670,mentions,semantic
edge_smt_3671,ch5_muc3_d76_k1,ent_3671,mentions,semantic
edge_smt_3672,ch5_muc3_d76_k1,ent_3672,mentions,semantic
edge_smt_3673,ch5_muc3_d76_k1,ent_3673,mentions,semantic
edge_smt_3674,ch5_muc3_d76_k1,ent_3674,mentions,semantic
edge_smt_3675,ch5_muc3_d76_k1,ent_3675,mentions,semantic
edge_smt_3676,ch5_muc3_d76_k1,ent_3676,mentions,semantic
edge_smt_3677,ch5_muc3_d76_k1,ent_3677,mentions,semantic
edge_smt_3678,ch5_muc3_d76_k1,ent_3678,mentions,semantic
edge_smt_3679,ch5_muc3_d76_k1,ent_3679,mentions,semantic
edge_smt_3680,ch5_muc3_d76_k1,ent_3680,mentions,semantic
edge_smt_3681,ch5_muc3_d76_k2,ent_3681,mentions,semantic
edge_smt_3682,ch5_muc3_d76_k2,ent_3682,mentions,semantic
edge_smt_3683,ch5_muc3_d76_k2,ent_3683,mentions,semantic
edge_smt_3684,ch5_muc3_d76_k2,ent_3684,mentions,semantic
edge_smt_3685,ch5_muc3_d76_k2,ent_3685,mentions,semantic
edge_smt_3686,ch5_muc3_d76_k2,ent_3686,mentions,semantic
edge_smt_3687,ch5_muc3_d76_k2,ent_3687,mentions,semantic
edge_smt_3688,ch5_muc3_d76_k2,ent_3688,mentions,semantic
edge_smt_3689,ch5_muc3_d76_k2,ent_3689,mentions,semantic
edge_smt_3690,ch5_muc3_d76_k2,ent_3690,mentions,semantic
edge_smt_3691,ch5_muc3_d76_k2,ent_3691,mentions,semantic
edge_smt_3692,ch5_muc3_d76_k2,ent_3692,mentions,semantic
edge_smt_3693,ch5_muc3_d76_k2,ent_3693,mentions,semantic
edge_smt_3694,ch5_muc3_d76_k2,ent_3694,mentions,semantic
edge_smt_3695,ch5_muc3_d76_k2,ent_3695,mentions,semantic
edge_smt_3696,ch5_muc3_d76_k2,ent_3696,mentions,semantic
edge_smt_3697,ch5_muc3_d76_k2,ent_3697,mentions,semantic
edge_smt_3698,ch5_muc3_d76_k2,ent_3698,mentions,semantic
edge_smt_3699,ch5_muc3_d76_k2,ent_3699,mentions,semantic
edge_smt_3700,ch5_muc3_d76_k2,ent_3700,mentions,semantic
edge_smt_3701,ch5_muc3_d76_k2,ent_3701,mentions,semantic
edge_smt_3702,ch5_muc3_d76_k2,ent_3702,mentions,semantic
edge_smt_3703,ch5_muc3_d76_k2,ent_3703,mentions,semantic
edge_smt_3704,ch5_muc3_d76_k2,ent_3704,mentions,semantic
edge_smt_3705,ch5_muc3_d76_k2,ent_3705,mentions,semantic
edge_smt_3706,ch5_muc3_d76_k2,ent_3706,mentions,semantic
edge_smt_3707,ch5_muc3_d76_k2,ent_3707,mentions,semantic
edge_smt_3708,ch5_muc3_d76_k2,ent_3708,mentions,semantic
edge_smt_3709,ch5_muc3_d76_k2,ent_3709,mentions,semantic
edge_smt_3710,ch5_muc3_d76_k2,ent_3710,mentions,semantic
edge_smt_3711,ch5_muc3_d76_k2,ent_3711,mentions,semantic
edge_smt_3712,ch5_muc3_d76_k2,ent_3712,mentions,semantic
edge_smt_3713,ch5_muc3_d76_k2,ent_3713,mentions,semantic
edge_smt_3714,ch5_muc3_d76_k2,ent_3714,mentions,semantic
edge_smt_3715,ch5_muc3_d76_k2,ent_3715,mentions,semantic
edge_smt_3716,ch5_muc3_d76_k2,ent_3716,mentions,semantic
edge_smt_3717,ch5_muc3_d76_k2,ent_3717,mentions,semantic
edge_smt_3718,ch5_muc3_d76_k2,ent_3718,mentions,semantic
edge_smt_3719,ch5_muc3_d76_k2,ent_3719,mentions,semantic
edge_smt_3720,ch5_muc3_d76_k2,ent_3720,mentions,semantic
edge_smt_3721,ch5_muc3_d76_k2,ent_3721,mentions,semantic
edge_smt_3722,ch5_muc3_d76_k2,ent_3722,mentions,semantic
edge_smt_3723,ch5_muc3_d76_k2,ent_3723,mentions,semantic
edge_smt_3724,ch5_muc3_d76_k2,ent_3724,mentions,semantic
edge_smt_3725,ch5_muc3_d76_k2,ent_3725,mentions,semantic
edge_smt_3726,ch5_muc3_d76_k2,ent_3726,mentions,semantic
edge_smt_3727,ch5_muc3_d76_k3,ent_3727,mentions,semantic
edge_smt_3728,ch5_muc3_d76_k3,ent_3728,mentions,semantic
edge_smt_3729,ch5_muc3_d76_k3,ent_3729,mentions,semantic
edge_smt_3730,ch5_muc3_d76_k3,ent_3730,mentions,semantic
edge_smt_3731,ch5_muc3_d76_k3,ent_3731,mentions,semantic
edge_smt_3732,ch5_muc3_d76_k3,ent_3732,mentions,semantic
edge_smt_3733,ch5_muc3_d76_k3,ent_3733,mentions,semantic
edge_smt_3734,ch5_muc3_d76_k3,ent_3734,mentions,semantic
edge_smt_3735,ch5_muc3_d76_k3,ent_3735,mentions,semantic
edge_smt_3736,ch5_muc3_d76_k3,ent_3736,mentions,semantic
edge_smt_3737,ch5_muc3_d76_k3,ent_3737,mentions,semantic
edge_smt_3738,ch5_muc3_d76_k3,ent_3738,mentions,semantic
edge_smt_3739,ch5_muc3_d76_k3,ent_3739,mentions,semantic
edge_smt_3740,ch5_muc3_d76_k3,ent_3740,mentions,semantic
edge_smt_3741,ch5_muc3_d76_k3,ent_3741,mentions,semantic
edge_smt_3742,ch5_muc3_d76_k3,ent_3742,mentions,semantic
edge_smt_3743,ch5_muc3_d76_k3,ent_3743,mentions,semantic
edge_smt_3744,ch5_muc3_d76_k3,ent_3744,mentions,semantic
edge_smt_3745,ch5_muc3_d76_k3,ent_3745,mentions,semantic
edge_smt_3746,ch5_muc3_d76_k3,ent_3746,mentions,semantic
edge_smt_3747,ch5_muc3_d76_k3,ent_3747,mentions,semantic
edge_smt_3748,ch5_muc3_d76_k3,ent_3748,mentions,semantic
edge_smt_3749,ch5_muc3_d76_k4,ent_3749,mentions,semantic
edge_smt_3750,ch5_muc3_d76_k4,ent_3750,mentions,semantic
edge_smt_3751,ch5_muc3_d76_k4,ent_3751,mentions,semantic
edge_smt_3752,ch5_muc3_d76_k4,ent_3752,mentions,semantic
edge_smt_3753,ch5_muc3_d76_k4,ent_3753,mentions,semantic
edge_smt_3754,ch5_muc3_d76_k4,ent_3754,mentions,semantic
edge_smt_3755,ch5_muc3_d76_k4,ent_3755,mentions,semantic
edge_smt_3756,ch5_muc3_d76_k4,ent_3756,mentions,semantic
edge_smt_3757,ch5_muc3_d76_k4,ent_3757,mentions,semantic
edge_smt_3758,ch5_muc3_d76_k4,ent_3758,mentions,semantic
edge_smt_3759,ch5_muc3_d76_k4,ent_3759,mentions,semantic
edge_smt_3760,ch5_muc3_d76_k4,ent_3760,mentions,semantic
edge_smt_3761,ch5_muc3_d76_k4,ent_3761,mentions,semantic
edge_smt_3762,ch5_muc3_d76_k4,ent_3762,mentions,semantic
edge_smt_3763,ch5_muc3_d76_k4,ent_3763,mentions,semantic
edge_smt_3764,ch5_muc3_d76_k5,ent_3764,mentions,semantic
edge_smt_3765,ch5_muc3_d76_k5,ent_3765,mentions,semantic
edge_smt_3766,ch5_muc3_d76_k5,ent_3766,mentions,semantic
edge_smt_3767,ch5_muc3_d76_k5,ent_3767,mentions,semantic
edge_smt_3768,ch5_muc3_d76_k5,ent_3768,mentions,semantic
edge_smt_3769,ch5_muc3_d76_k5,ent_3769,mentions,semantic
edge_smt_3770,ch5_muc3_d76_k5,ent_3770,mentions,semantic
edge_smt_3771,ch5_muc3_d76_k5,ent_3771,mentions,semantic
edge_smt_3772,ch5_muc3_d76_k5,ent_3772,mentions,semantic
edge_smt_3773,ch5_muc3_d76_k5,ent_3773,mentions,semantic
edge_smt_3774,ch5_muc3_d76_k5,ent_3774,mentions,semantic
edge_smt_3775,ch5_muc3_d76_k5,ent_3775,mentions,semantic
edge_smt_3776,ch5_muc3_d76_k5,ent_3776,mentions,semantic
edge_smt_3777,ch5_muc3_d76_k5,ent_3777,mentions,semantic
edge_smt_3778,ch5_muc3_d76_k5,ent_3778,mentions,semantic
edge_smt_3779,ch5_muc3_d76_k5,ent_3779,mentions,semantic
edge_smt_3780,ch5_muc3_d76_k5,ent_3780,mentions,semantic
edge_smt_3781,ch5_muc3_d76_k5,ent_3781,mentions,semantic
edge_smt_3782,ch5_muc3_d76_k5,ent_3782,mentions,semantic
edge_smt_3783,ch5_muc3_d76_k5,ent_3783,mentions,semantic
edge_smt_3784,ch5_muc3_d76_k5,ent_3784,mentions,semantic
edge_smt_3785,ch5_muc3_d76_k5,ent_3785,mentions,semantic
edge_smt_3786,ch5_muc3_d76_k6,ent_3786,mentions,semantic
edge_smt_3787,ch5_muc3_d76_k6,ent_3787,mentions,semantic
edge_smt_3788,ch5_muc3_d76_k6,ent_3788,mentions,semantic
edge_smt_3789,ch5_muc3_d76_k6,ent_3789,mentions,semantic
edge_smt_3790,ch5_muc3_d76_k6,ent_3790,mentions,semantic
edge_smt_3791,ch5_muc3_d76_k6,ent_3791,mentions,semantic
edge_smt_3792,ch5_muc3_d76_k7,ent_3792,mentions,semantic
edge_smt_3793,ch5_muc3_d78_k1,ent_3793,mentions,semantic
edge_smt_3794,ch5_muc3_d78_k1,ent_3794,mentions,semantic
edge_smt_3795,ch5_muc3_d78_k1,ent_3795,mentions,semantic
edge_smt_3796,ch5_muc3_d78_k1,ent_3796,mentions,semantic
edge_smt_3797,ch5_muc3_d78_k1,ent_3797,mentions,semantic
edge_smt_3798,ch5_muc3_d78_k1,ent_3798,mentions,semantic
edge_smt_3799,ch5_muc3_d78_k1,ent_3799,mentions,semantic
edge_smt_3800,ch5_muc3_d78_k1,ent_3800,mentions,semantic
edge_smt_3801,ch5_muc3_d78_k1,ent_3801,mentions,semantic
edge_smt_3802,ch5_muc3_d78_k1,ent_3802,mentions,semantic
edge_smt_3803,ch5_muc3_d78_k1,ent_3803,mentions,semantic
edge_smt_3804,ch5_muc3_d78_k1,ent_3804,mentions,semantic
edge_smt_3805,ch5_muc3_d78_k1,ent_3805,mentions,semantic
edge_smt_3806,ch5_muc3_d78_k1,ent_3806,mentions,semantic
edge_smt_3807,ch5_muc3_d78_k2,ent_3807,mentions,semantic
edge_smt_3808,ch5_muc3_d78_k2,ent_3808,mentions,semantic
edge_smt_3809,ch5_muc3_d78_k2,ent_3809,mentions,semantic
edge_smt_3810,ch5_muc3_d78_k2,ent_3810,mentions,semantic
edge_smt_3811,ch5_muc3_d78_k2,ent_3811,mentions,semantic
edge_smt_3812,ch5_muc3_d78_k2,ent_3812,mentions,semantic
edge_smt_3813,ch5_muc3_d78_k2,ent_3813,mentions,semantic
edge_smt_3814,ch5_muc3_d78_k2,ent_3814,mentions,semantic
edge_smt_3815,ch5_muc3_d78_k2,ent_3815,mentions,semantic
edge_smt_3816,ch5_muc3_d78_k2,ent_3816,mentions,semantic
edge_smt_3817,ch5_muc3_d78_k2,ent_3817,mentions,semantic
edge_smt_3818,ch5_muc3_d78_k2,ent_3818,mentions,semantic
edge_smt_3819,ch5_muc3_d78_k2,ent_3819,mentions,semantic
edge_smt_3820,ch5_muc3_d78_k2,ent_3820,mentions,semantic
edge_smt_3821,ch5_muc3_d78_k2,ent_3821,mentions,semantic
edge_smt_3822,ch5_muc3_d78_k2,ent_3822,mentions,semantic
edge_smt_3823,ch5_muc3_d78_k2,ent_3823,mentions,semantic
edge_smt_3824,ch5_muc3_d78_k2,ent_3824,mentions,semantic
edge_smt_3825,ch5_muc3_d78_k2,ent_3825,mentions,semantic
edge_smt_3826,ch5_muc3_d78_k2,ent_3826,mentions,semantic
edge_smt_3827,ch5_muc3_d78_k2,ent_3827,mentions,semantic
edge_smt_3828,ch5_muc3_d78_k2,ent_3828,mentions,semantic
edge_smt_3829,ch5_muc3_d78_k2,ent_3829,mentions,semantic
edge_smt_3830,ch5_muc3_d78_k3,ent_3830,mentions,semantic
edge_smt_3831,ch5_muc3_d78_k3,ent_3831,mentions,semantic
edge_smt_3832,ch5_muc3_d78_k3,ent_3832,mentions,semantic
edge_smt_3833,ch5_muc3_d78_k3,ent_3833,mentions,semantic
edge_smt_3834,ch5_muc3_d78_k3,ent_3834,mentions,semantic
edge_smt_3835,ch5_muc3_d78_k3,ent_3835,mentions,semantic
edge_smt_3836,ch5_muc3_d78_k3,ent_3836,mentions,semantic
edge_smt_3837,ch5_muc3_d78_k3,ent_3837,mentions,semantic
edge_smt_3838,ch5_muc3_d78_k3,ent_3838,mentions,semantic
edge_smt_3839,ch5_muc3_d78_k3,ent_3839,mentions,semantic
edge_smt_3840,ch5_muc3_d78_k3,ent_3840,mentions,semantic
edge_smt_3841,ch5_muc3_d78_k3,ent_3841,mentions,semantic
edge_smt_3842,ch5_muc3_d79_k1,ent_3842,mentions,semantic
edge_smt_3843,ch5_muc3_d79_k1,ent_3843,mentions,semantic
edge_smt_3844,ch5_muc3_d79_k1,ent_3844,mentions,semantic
edge_smt_3845,ch5_muc3_d79_k1,ent_3845,mentions,semantic
edge_smt_3846,ch5_muc3_d79_k1,ent_3846,mentions,semantic
edge_smt_3847,ch5_muc3_d79_k1,ent_3847,mentions,semantic
edge_smt_3848,ch5_muc3_d79_k1,ent_3848,mentions,semantic
edge_smt_3849,ch5_muc3_d79_k1,ent_3849,mentions,semantic
edge_smt_3850,ch5_muc3_d79_k1,ent_3850,mentions,semantic
edge_smt_3851,ch5_muc3_d79_k1,ent_3851,mentions,semantic
edge_smt_3852,ch5_muc3_d79_k2,ent_3852,mentions,semantic
edge_smt_3853,ch5_muc3_d79_k2,ent_3853,mentions,semantic
edge_smt_3854,ch5_muc3_d79_k2,ent_3854,mentions,semantic
edge_smt_3855,ch5_muc3_d79_k2,ent_3855,mentions,semantic
edge_smt_3856,ch5_muc3_d79_k2,ent_3856,mentions,semantic
edge_smt_3857,ch5_muc3_d79_k2,ent_3857,mentions,semantic
edge_smt_3858,ch5_muc3_d79_k2,ent_3858,mentions,semantic
edge_smt_3859,ch5_muc3_d79_k2,ent_3859,mentions,semantic
edge_smt_3860,ch5_muc3_d79_k2,ent_3860,mentions,semantic
edge_smt_3861,ch5_muc3_d79_k2,ent_3861,mentions,semantic
edge_smt_3862,ch5_muc3_d79_k2,ent_3862,mentions,semantic
edge_smt_3863,ch5_muc3_d79_k2,ent_3863,mentions,semantic
edge_smt_3864,ch5_muc3_d79_k2,ent_3864,mentions,semantic
edge_smt_3865,ch5_muc3_d79_k2,ent_3865,mentions,semantic
edge_smt_3866,ch5_muc3_d79_k2,ent_3866,mentions,semantic
edge_smt_3867,ch5_muc3_d79_k2,ent_3867,mentions,semantic
edge_smt_3868,ch5_muc3_d79_k2,ent_3868,mentions,semantic
edge_smt_3869,ch5_muc3_d79_k2,ent_3869,mentions,semantic
edge_smt_3870,ch5_muc3_d79_k3,ent_3870,mentions,semantic
edge_smt_3871,ch5_muc3_d79_k3,ent_3871,mentions,semantic
edge_smt_3872,ch5_muc3_d79_k3,ent_3872,mentions,semantic
edge_smt_3873,ch5_muc3_d79_k3,ent_3873,mentions,semantic
edge_smt_3874,ch5_muc3_d79_k3,ent_3874,mentions,semantic
edge_smt_3875,ch5_muc3_d79_k3,ent_3875,mentions,semantic
edge_smt_3876,ch5_muc3_d79_k3,ent_3876,mentions,semantic
edge_smt_3877,ch5_muc3_d79_k3,ent_3877,mentions,semantic
edge_smt_3878,ch5_muc3_d79_k3,ent_3878,mentions,semantic
edge_smt_3879,ch5_muc3_d79_k3,ent_3879,mentions,semantic
edge_smt_3880,ch5_muc3_d79_k3,ent_3880,mentions,semantic
edge_smt_3881,ch5_muc3_d79_k3,ent_3881,mentions,semantic
edge_smt_3882,ch5_muc3_d79_k3,ent_3882,mentions,semantic
edge_smt_3883,ch5_muc3_d79_k3,ent_3883,mentions,semantic
edge_smt_3884,ch5_muc3_d79_k3,ent_3884,mentions,semantic
edge_smt_3885,ch5_muc3_d79_k3,ent_3885,mentions,semantic
edge_smt_3886,ch5_muc3_d79_k3,ent_3886,mentions,semantic
edge_smt_3887,ch5_muc3_d79_k3,ent_3887,mentions,semantic
edge_smt_3888,ch5_muc3_d79_k3,ent_3888,mentions,semantic
edge_smt_3889,ch5_muc3_d80_k1,ent_3889,mentions,semantic
edge_smt_3890,ch5_muc3_d80_k1,ent_3890,mentions,semantic
edge_smt_3891,ch5_muc3_d80_k1,ent_3891,mentions,semantic
edge_smt_3892,ch5_muc3_d80_k1,ent_3892,mentions,semantic
edge_smt_3893,ch5_muc3_d80_k1,ent_3893,mentions,semantic
edge_smt_3894,ch5_muc3_d80_k1,ent_3894,mentions,semantic
edge_smt_3895,ch5_muc3_d80_k1,ent_3895,mentions,semantic
edge_smt_3896,ch5_muc3_d80_k1,ent_3896,mentions,semantic
edge_smt_3897,ch5_muc3_d80_k1,ent_3897,mentions,semantic
edge_smt_3898,ch5_muc3_d80_k1,ent_3898,mentions,semantic
edge_smt_3899,ch5_muc3_d80_k1,ent_3899,mentions,semantic
edge_smt_3900,ch5_muc3_d80_k1,ent_3900,mentions,semantic
edge_smt_3901,ch5_muc3_d80_k1,ent_3901,mentions,semantic
edge_smt_3902,ch5_muc3_d80_k1,ent_3902,mentions,semantic
edge_smt_3903,ch5_muc3_d80_k1,ent_3903,mentions,semantic
edge_smt_3904,ch5_muc3_d80_k1,ent_3904,mentions,semantic
edge_smt_3905,ch5_muc3_d80_k1,ent_3905,mentions,semantic
edge_smt_3906,ch5_muc3_d80_k1,ent_3906,mentions,semantic
edge_smt_3907,ch5_muc3_d80_k1,ent_3907,mentions,semantic
edge_smt_3908,ch5_muc3_d80_k1,ent_3908,mentions,semantic
edge_smt_3909,ch5_muc3_d80_k1,ent_3909,mentions,semantic
edge_smt_3910,ch5_muc3_d80_k1,ent_3910,mentions,semantic
edge_smt_3911,ch5_muc3_d80_k1,ent_3911,mentions,semantic
edge_smt_3912,ch5_muc3_d80_k2,ent_3912,mentions,semantic
edge_smt_3913,ch5_muc3_d80_k2,ent_3913,mentions,semantic
edge_smt_3914,ch5_muc3_d80_k2,ent_3914,mentions,semantic
edge_smt_3915,ch5_muc3_d80_k2,ent_3915,mentions,semantic
edge_smt_3916,ch5_muc3_d80_k2,ent_3916,mentions,semantic
edge_smt_3917,ch5_muc3_d80_k2,ent_3917,mentions,semantic
edge_smt_3918,ch5_muc3_d80_k2,ent_3918,mentions,semantic
edge_smt_3919,ch5_muc3_d80_k2,ent_3919,mentions,semantic
edge_smt_3920,ch5_muc3_d80_k2,ent_3920,mentions,semantic
edge_smt_3921,ch5_muc3_d80_k2,ent_3921,mentions,semantic
edge_smt_3922,ch5_muc3_d81_k1,ent_3922,mentions,semantic
edge_smt_3923,ch5_muc3_d81_k1,ent_3923,mentions,semantic
edge_smt_3924,ch5_muc3_d81_k1,ent_3924,mentions,semantic
edge_smt_3925,ch5_muc3_d81_k1,ent_3925,mentions,semantic
edge_smt_3926,ch5_muc3_d81_k1,ent_3926,mentions,semantic
edge_smt_3927,ch5_muc3_d81_k1,ent_3927,mentions,semantic
edge_smt_3928,ch5_muc3_d81_k1,ent_3928,mentions,semantic
edge_smt_3929,ch5_muc3_d81_k1,ent_3929,mentions,semantic
edge_smt_3930,ch5_muc3_d81_k1,ent_3930,mentions,semantic
edge_smt_3931,ch5_muc3_d81_k1,ent_3931,mentions,semantic
edge_smt_3932,ch5_muc3_d81_k1,ent_3932,mentions,semantic
edge_smt_3933,ch5_muc3_d81_k1,ent_3933,mentions,semantic
edge_smt_3934,ch5_muc3_d81_k1,ent_3934,mentions,semantic
edge_smt_3935,ch5_muc3_d81_k1,ent_3935,mentions,semantic
edge_smt_3936,ch5_muc3_d81_k1,ent_3936,mentions,semantic
edge_smt_3937,ch5_muc3_d81_k1,ent_3937,mentions,semantic
edge_smt_3938,ch5_muc3_d81_k2,ent_3938,mentions,semantic
edge_smt_3939,ch5_muc3_d81_k2,ent_3939,mentions,semantic
edge_smt_3940,ch5_muc3_d81_k2,ent_3940,mentions,semantic
edge_smt_3941,ch5_muc3_d81_k2,ent_3941,mentions,semantic
edge_smt_3942,ch5_muc3_d81_k2,ent_3942,mentions,semantic
edge_smt_3943,ch5_muc3_d81_k2,ent_3943,mentions,semantic
edge_smt_3944,ch5_muc3_d81_k2,ent_3944,mentions,semantic
edge_smt_3945,ch5_muc3_d81_k2,ent_3945,mentions,semantic
edge_smt_3946,ch5_muc3_d81_k2,ent_3946,mentions,semantic
edge_smt_3947,ch5_muc3_d81_k2,ent_3947,mentions,semantic
edge_smt_3948,ch5_muc3_d81_k2,ent_3948,mentions,semantic
edge_smt_3949,ch5_muc3_d81_k2,ent_3949,mentions,semantic
edge_smt_3950,ch5_muc3_d81_k2,ent_3950,mentions,semantic
edge_smt_3951,ch5_muc3_d81_k2,ent_3951,mentions,semantic
edge_smt_3952,ch5_muc3_d81_k2,ent_3952,mentions,semantic
edge_smt_3953,ch5_muc3_d81_k2,ent_3953,mentions,semantic
edge_smt_3954,ch5_muc3_d81_k2,ent_3954,mentions,semantic
edge_smt_3955,ch5_muc3_d81_k2,ent_3955,mentions,semantic
edge_smt_3956,ch5_muc3_d81_k2,ent_3956,mentions,semantic
edge_smt_3957,ch5_muc3_d81_k2,ent_3957,mentions,semantic
edge_smt_3958,ch5_muc3_d81_k2,ent_3958,mentions,semantic
edge_smt_3959,ch5_muc3_d81_k2,ent_3959,mentions,semantic
edge_smt_3960,ch5_muc3_d81_k3,ent_3960,mentions,semantic
edge_smt_3961,ch5_muc3_d81_k3,ent_3961,mentions,semantic
edge_smt_3962,ch5_muc3_d81_k3,ent_3962,mentions,semantic
edge_smt_3963,ch5_muc3_d81_k3,ent_3963,mentions,semantic
edge_smt_3964,ch5_muc3_d81_k3,ent_3964,mentions,semantic
edge_smt_3965,ch5_muc3_d81_k3,ent_3965,mentions,semantic
edge_smt_3966,ch5_muc3_d81_k3,ent_3966,mentions,semantic
edge_smt_3967,ch5_muc3_d81_k3,ent_3967,mentions,semantic
edge_smt_3968,ch5_muc3_d81_k3,ent_3968,mentions,semantic
edge_smt_3969,ch5_muc3_d81_k3,ent_3969,mentions,semantic
edge_smt_3970,ch5_muc3_d81_k3,ent_3970,mentions,semantic
edge_smt_3971,ch5_muc3_d81_k3,ent_3971,mentions,semantic
edge_smt_3972,ch5_muc3_d81_k3,ent_3972,mentions,semantic
edge_smt_3973,ch5_muc3_d81_k3,ent_3973,mentions,semantic
edge_smt_3974,ch5_muc3_d81_k3,ent_3974,mentions,semantic
edge_smt_3975,ch5_muc3_d81_k3,ent_3975,mentions,semantic
edge_smt_3976,ch5_muc3_d82_k1,ent_3976,mentions,semantic
edge_smt_3977,ch5_muc3_d82_k1,ent_3977,mentions,semantic
edge_smt_3978,ch5_muc3_d82_k1,ent_3978,mentions,semantic
edge_smt_3979,ch5_muc3_d82_k1,ent_3979,mentions,semantic
edge_smt_3980,ch5_muc3_d82_k1,ent_3980,mentions,semantic
edge_smt_3981,ch5_muc3_d82_k1,ent_3981,mentions,semantic
edge_smt_3982,ch5_muc3_d82_k1,ent_3982,mentions,semantic
edge_smt_3983,ch5_muc3_d82_k1,ent_3983,mentions,semantic
edge_smt_3984,ch5_muc3_d82_k1,ent_3984,mentions,semantic
edge_smt_3985,ch5_muc3_d82_k2,ent_3985,mentions,semantic
edge_smt_3986,ch5_muc3_d82_k2,ent_3986,mentions,semantic
edge_smt_3987,ch5_muc3_d82_k2,ent_3987,mentions,semantic
edge_smt_3988,ch5_muc3_d82_k2,ent_3988,mentions,semantic
edge_smt_3989,ch5_muc3_d82_k2,ent_3989,mentions,semantic
edge_smt_3990,ch5_muc3_d82_k2,ent_3990,mentions,semantic
edge_smt_3991,ch5_muc3_d82_k2,ent_3991,mentions,semantic
edge_smt_3992,ch5_muc3_d82_k2,ent_3992,mentions,semantic
edge_smt_3993,ch5_muc3_d82_k2,ent_3993,mentions,semantic
edge_smt_3994,ch5_muc3_d82_k2,ent_3994,mentions,semantic
edge_smt_3995,ch5_muc3_d82_k2,ent_3995,mentions,semantic
edge_smt_3996,ch5_muc3_d84_k1,ent_3996,mentions,semantic
edge_smt_3997,ch5_muc3_d84_k1,ent_3997,mentions,semantic
edge_smt_3998,ch5_muc3_d84_k1,ent_3998,mentions,semantic
edge_smt_3999,ch5_muc3_d84_k1,ent_3999,mentions,semantic
edge_smt_4000,ch5_muc3_d84_k1,ent_4000,mentions,semantic
edge_smt_4001,ch5_muc3_d84_k1,ent_4001,mentions,semantic
edge_smt_4002,ch5_muc3_d84_k1,ent_4002,mentions,semantic
edge_smt_4003,ch5_muc3_d84_k1,ent_4003,mentions,semantic
edge_smt_4004,ch5_muc3_d84_k1,ent_4004,mentions,semantic
edge_smt_4005,ch5_muc3_d84_k1,ent_4005,mentions,semantic
edge_smt_4006,ch5_muc3_d84_k1,ent_4006,mentions,semantic
edge_smt_4007,ch5_muc3_d84_k1,ent_4007,mentions,semantic
edge_smt_4008,ch5_muc3_d84_k1,ent_4008,mentions,semantic
edge_smt_4009,ch5_muc3_d84_k1,ent_4009,mentions,semantic
edge_smt_4010,ch5_muc3_d84_k1,ent_4010,mentions,semantic
edge_smt_4011,ch5_muc3_d84_k1,ent_4011,mentions,semantic
edge_smt_4012,ch5_muc3_d84_k1,ent_4012,mentions,semantic
edge_smt_4013,ch5_muc3_d84_k1,ent_4013,mentions,semantic
edge_smt_4014,ch5_muc3_d84_k1,ent_4014,mentions,semantic
edge_smt_4015,ch5_muc3_d84_k2,ent_4015,mentions,semantic
edge_smt_4016,ch5_muc3_d84_k2,ent_4016,mentions,semantic
edge_smt_4017,ch5_muc3_d84_k2,ent_4017,mentions,semantic
edge_smt_4018,ch5_muc3_d84_k2,ent_4018,mentions,semantic
edge_smt_4019,ch5_muc3_d85_k1,ent_4019,mentions,semantic
edge_smt_4020,ch5_muc3_d85_k1,ent_4020,mentions,semantic
edge_smt_4021,ch5_muc3_d85_k1,ent_4021,mentions,semantic
edge_smt_4022,ch5_muc3_d85_k1,ent_4022,mentions,semantic
edge_smt_4023,ch5_muc3_d85_k1,ent_4023,mentions,semantic
edge_smt_4024,ch5_muc3_d85_k1,ent_4024,mentions,semantic
edge_smt_4025,ch5_muc3_d85_k1,ent_4025,mentions,semantic
edge_smt_4026,ch5_muc3_d85_k1,ent_4026,mentions,semantic
edge_smt_4027,ch5_muc3_d85_k1,ent_4027,mentions,semantic
edge_smt_4028,ch5_muc3_d85_k1,ent_4028,mentions,semantic
edge_smt_4029,ch5_muc3_d85_k1,ent_4029,mentions,semantic
edge_smt_4030,ch5_muc3_d85_k1,ent_4030,mentions,semantic
edge_smt_4031,ch5_muc3_d85_k1,ent_4031,mentions,semantic
edge_smt_4032,ch5_muc3_d85_k1,ent_4032,mentions,semantic
edge_smt_4033,ch5_muc3_d85_k1,ent_4033,mentions,semantic
edge_smt_4034,ch5_muc3_d85_k1,ent_4034,mentions,semantic
edge_smt_4035,ch5_muc3_d85_k1,ent_4035,mentions,semantic
edge_smt_4036,ch5_muc3_d85_k1,ent_4036,mentions,semantic
edge_smt_4037,ch5_muc3_d85_k1,ent_4037,mentions,semantic
edge_smt_4038,ch5_muc3_d85_k2,ent_4038,mentions,semantic
edge_smt_4039,ch5_muc3_d85_k2,ent_4039,mentions,semantic
edge_smt_4040,ch5_muc3_d85_k2,ent_4040,mentions,semantic
edge_smt_4041,ch5_muc3_d85_k2,ent_4041,mentions,semantic
edge_smt_4042,ch5_muc3_d85_k2,ent_4042,mentions,semantic
edge_smt_4043,ch5_muc3_d85_k2,ent_4043,mentions,semantic
edge_smt_4044,ch5_muc3_d85_k2,ent_4044,mentions,semantic
edge_smt_4045,ch5_muc3_d85_k2,ent_4045,mentions,semantic
edge_smt_4046,ch5_muc3_d85_k2,ent_4046,mentions,semantic
edge_smt_4047,ch5_muc3_d85_k2,ent_4047,mentions,semantic
edge_smt_4048,ch5_muc3_d85_k2,ent_4048,mentions,semantic
edge_smt_4049,ch5_muc3_d85_k2,ent_4049,mentions,semantic
edge_smt_4050,ch5_muc3_d85_k2,ent_4050,mentions,semantic
edge_smt_4051,ch5_muc3_d85_k2,ent_4051,mentions,semantic
edge_smt_4052,ch5_muc3_d85_k2,ent_4052,mentions,semantic
edge_smt_4053,ch5_muc3_d85_k2,ent_4053,mentions,semantic
edge_smt_4054,ch5_muc3_d85_k2,ent_4054,mentions,semantic
edge_smt_4055,ch5_muc3_d85_k2,ent_4055,mentions,semantic
edge_smt_4056,ch5_muc3_d85_k3,ent_4056,mentions,semantic
edge_smt_4057,ch5_muc3_d86_k1,ent_4057,mentions,semantic
edge_smt_4058,ch5_muc3_d86_k1,ent_4058,mentions,semantic
edge_smt_4059,ch5_muc3_d86_k1,ent_4059,mentions,semantic
edge_smt_4060,ch5_muc3_d86_k1,ent_4060,mentions,semantic
edge_smt_4061,ch5_muc3_d86_k2,ent_4061,mentions,semantic
edge_smt_4062,ch5_muc3_d86_k2,ent_4062,mentions,semantic
edge_smt_4063,ch5_muc3_d86_k2,ent_4063,mentions,semantic
edge_smt_4064,ch5_muc3_d86_k2,ent_4064,mentions,semantic
edge_smt_4065,ch5_muc3_d86_k2,ent_4065,mentions,semantic
edge_smt_4066,ch5_muc3_d86_k2,ent_4066,mentions,semantic
edge_smt_4067,ch5_muc3_d86_k2,ent_4067,mentions,semantic
edge_smt_4068,ch5_muc3_d86_k2,ent_4068,mentions,semantic
edge_smt_4069,ch5_muc3_d86_k2_a,ent_4069,mentions,semantic
edge_smt_4070,ch5_muc3_d86_k2_a,ent_4070,mentions,semantic
edge_smt_4071,ch5_muc3_d86_k2_a,ent_4071,mentions,semantic
edge_smt_4072,ch5_muc3_d86_k2_b,ent_4072,mentions,semantic
edge_smt_4073,ch5_muc3_d86_k2_c,ent_4073,mentions,semantic
edge_smt_4074,ch5_muc3_d86_k2_c,ent_4074,mentions,semantic
edge_smt_4075,ch5_muc3_d86_k2_c,ent_4075,mentions,semantic
edge_smt_4076,ch6_d90_k1,ent_4076,mentions,semantic
edge_smt_4077,ch6_d90_k1,ent_4077,mentions,semantic
edge_smt_4078,ch6_d90_k1,ent_4078,mentions,semantic
edge_smt_4079,ch6_d90_k1,ent_4079,mentions,semantic
edge_smt_4080,ch6_d90_k1,ent_4080,mentions,semantic
edge_smt_4081,ch6_d90_k1,ent_4081,mentions,semantic
edge_smt_4082,ch6_d90_k1,ent_4082,mentions,semantic
edge_smt_4083,ch6_d90_k1,ent_4083,mentions,semantic
edge_smt_4084,ch6_d90_k1,ent_4084,mentions,semantic
edge_smt_4085,ch6_d90_k1,ent_4085,mentions,semantic
edge_smt_4086,ch6_d90_k1,ent_4086,mentions,semantic
edge_smt_4087,ch6_d90_k1,ent_4087,mentions,semantic
edge_smt_4088,ch6_d90_k1,ent_4088,mentions,semantic
edge_smt_4089,ch6_d90_k1,ent_4089,mentions,semantic
edge_smt_4090,ch6_d90_k2,ent_4090,mentions,semantic
edge_smt_4091,ch6_d90_k2,ent_4091,mentions,semantic
edge_smt_4092,ch6_d90_k2,ent_4092,mentions,semantic
edge_smt_4093,ch6_d90_k2,ent_4093,mentions,semantic
edge_smt_4094,ch6_d90_k2,ent_4094,mentions,semantic
edge_smt_4095,ch6_d90_k3,ent_4095,mentions,semantic
edge_smt_4096,ch6_d90_k3,ent_4096,mentions,semantic
edge_smt_4097,ch6_d90_k3,ent_4097,mentions,semantic
edge_smt_4098,ch6_d90_k3,ent_4098,mentions,semantic
edge_smt_4099,ch6_d90_k3,ent_4099,mentions,semantic
edge_smt_4100,ch6_d90_k3,ent_4100,mentions,semantic
edge_smt_4101,ch6_d90_k3,ent_4101,mentions,semantic
edge_smt_4102,ch6_d90_k3,ent_4102,mentions,semantic
edge_smt_4103,ch6_d91_k1,ent_4103,mentions,semantic
edge_smt_4104,ch6_d91_k1,ent_4104,mentions,semantic
edge_smt_4105,ch6_d91_k1,ent_4105,mentions,semantic
edge_smt_4106,ch6_d91_k1,ent_4106,mentions,semantic
edge_smt_4107,ch6_d91_k1,ent_4107,mentions,semantic
edge_smt_4108,ch6_d91_k1,ent_4108,mentions,semantic
edge_smt_4109,ch6_d91_k1,ent_4109,mentions,semantic
edge_smt_4110,ch6_d91_k1,ent_4110,mentions,semantic
edge_smt_4111,ch6_d91_k1,ent_4111,mentions,semantic
edge_smt_4112,ch6_d91_k1,ent_4112,mentions,semantic
edge_smt_4113,ch6_d91_k2,ent_4113,mentions,semantic
edge_smt_4114,ch6_d91_k2,ent_4114,mentions,semantic
edge_smt_4115,ch6_d91_k3,ent_4115,mentions,semantic
edge_smt_4116,ch6_d91_k3,ent_4116,mentions,semantic
edge_smt_4117,ch6_d91_k3,ent_4117,mentions,semantic
edge_smt_4118,ch6_d91_k3,ent_4118,mentions,semantic
edge_smt_4119,ch6_d91_k3,ent_4119,mentions,semantic
edge_smt_4120,ch6_d91_k3,ent_4120,mentions,semantic
edge_smt_4121,ch6_d91_k3,ent_4121,mentions,semantic
edge_smt_4122,ch6_d91_k3,ent_4122,mentions,semantic
edge_smt_4123,ch6_d91_k3,ent_4123,mentions,semantic
edge_smt_4124,ch6_d91_k3,ent_4124,mentions,semantic
edge_smt_4125,ch6_d91_k4,ent_4125,mentions,semantic
edge_smt_4126,ch6_d91_k4,ent_4126,mentions,semantic
edge_smt_4127,ch6_d91_k4,ent_4127,mentions,semantic
edge_smt_4128,ch6_d92_k1,ent_4128,mentions,semantic
edge_smt_4129,ch6_d92_k1,ent_4129,mentions,semantic
edge_smt_4130,ch6_d92_k1,ent_4130,mentions,semantic
edge_smt_4131,ch6_d92_k1,ent_4131,mentions,semantic
edge_smt_4132,ch6_d92_k1,ent_4132,mentions,semantic
edge_smt_4133,ch6_d92_k1,ent_4133,mentions,semantic
edge_smt_4134,ch6_d92_k1,ent_4134,mentions,semantic
edge_smt_4135,ch6_d92_k2,ent_4135,mentions,semantic
edge_smt_4136,ch6_d92_k2,ent_4136,mentions,semantic
edge_smt_4137,ch6_d92_k2,ent_4137,mentions,semantic
edge_smt_4138,ch6_d92_k2,ent_4138,mentions,semantic
edge_smt_4139,ch6_d92_k2,ent_4139,mentions,semantic
edge_smt_4140,ch6_d92_k2,ent_4140,mentions,semantic
edge_smt_4141,ch6_d92_k2,ent_4141,mentions,semantic
edge_smt_4142,ch6_d92_k2,ent_4142,mentions,semantic
edge_smt_4143,ch6_d92_k2,ent_4143,mentions,semantic
edge_smt_4144,ch6_d92_k3,ent_4144,mentions,semantic
edge_smt_4145,ch6_d92_k3,ent_4145,mentions,semantic
edge_smt_4146,ch6_d92_k3,ent_4146,mentions,semantic
edge_smt_4147,ch6_d92_k3,ent_4147,mentions,semantic
edge_smt_4148,ch6_d93_k1,ent_4148,mentions,semantic
edge_smt_4149,ch6_d93_k1,ent_4149,mentions,semantic
edge_smt_4150,ch6_d93_k1,ent_4150,mentions,semantic
edge_smt_4151,ch6_d93_k1,ent_4151,mentions,semantic
edge_smt_4152,ch6_d93_k1,ent_4152,mentions,semantic
edge_smt_4153,ch6_d93_k1,ent_4153,mentions,semantic
edge_smt_4154,ch6_d93_k1,ent_4154,mentions,semantic
edge_smt_4155,ch6_d93_k1,ent_4155,mentions,semantic
edge_smt_4156,ch6_d93_k1,ent_4156,mentions,semantic
edge_smt_4157,ch6_d93_k1,ent_4157,mentions,semantic
edge_smt_4158,ch6_d93_k1,ent_4158,mentions,semantic
edge_smt_4159,ch6_d93_k1,ent_4159,mentions,semantic
edge_smt_4160,ch6_d93_k1,ent_4160,mentions,semantic
edge_smt_4161,ch6_d93_k1,ent_4161,mentions,semantic
edge_smt_4162,ch6_d93_k1,ent_4162,mentions,semantic
edge_smt_4163,ch6_d93_k2,ent_4163,mentions,semantic
edge_smt_4164,ch6_d93_k2,ent_4164,mentions,semantic
edge_smt_4165,ch6_d93_k2,ent_4165,mentions,semantic
edge_smt_4166,ch6_d93_k2,ent_4166,mentions,semantic
edge_smt_4167,ch6_d93_k2,ent_4167,mentions,semantic
edge_smt_4168,ch6_d93_k2,ent_4168,mentions,semantic
edge_smt_4169,ch6_d93_k2,ent_4169,mentions,semantic
edge_smt_4170,ch6_d93_k2,ent_4170,mentions,semantic
edge_smt_4171,ch6_d93_k2,ent_4171,mentions,semantic
edge_smt_4172,ch6_d93_k2,ent_4172,mentions,semantic
edge_smt_4173,ch6_d93_k3,ent_4173,mentions,semantic
edge_smt_4174,ch6_d93_k3,ent_4174,mentions,semantic
edge_smt_4175,ch6_d93_k3,ent_4175,mentions,semantic
edge_smt_4176,ch6_d93_k3,ent_4176,mentions,semantic
edge_smt_4177,ch6_d93_k3,ent_4177,mentions,semantic
edge_smt_4178,ch6_d93_k3,ent_4178,mentions,semantic
edge_smt_4179,ch6_d93_k3,ent_4179,mentions,semantic
edge_smt_4180,ch6_d93_k3,ent_4180,mentions,semantic
edge_smt_4181,ch6_d93_k3,ent_4181,mentions,semantic
edge_smt_4182,ch6_d93_k3,ent_4182,mentions,semantic
edge_smt_4183,ch6_d93_k3,ent_4183,mentions,semantic
edge_smt_4184,ch6_d93_k3,ent_4184,mentions,semantic
edge_smt_4185,ch6_d93_k3,ent_4185,mentions,semantic
edge_smt_4186,ch6_d93_k3,ent_4186,mentions,semantic
edge_smt_4187,ch6_d93_k3,ent_4187,mentions,semantic
edge_smt_4188,ch6_d93_k3,ent_4188,mentions,semantic
edge_smt_4189,ch6_d93_k3,ent_4189,mentions,semantic
edge_smt_4190,ch6_d93_k3,ent_4190,mentions,semantic
edge_smt_4191,ch6_d93_k3,ent_4191,mentions,semantic
edge_smt_4192,ch6_d93_k3,ent_4192,mentions,semantic
edge_smt_4193,ch6_d93_k3,ent_4193,mentions,semantic
edge_smt_4194,ch6_d93_k3,ent_4194,mentions,semantic
edge_smt_4195,ch6_d93_k3,ent_4195,mentions,semantic
edge_smt_4196,ch6_d93_k3,ent_4196,mentions,semantic
edge_smt_4197,ch6_d93_k3,ent_4197,mentions,semantic
edge_smt_4198,ch6_d94_k1,ent_4198,mentions,semantic
edge_smt_4199,ch6_d94_k1,ent_4199,mentions,semantic
edge_smt_4200,ch6_d94_k1,ent_4200,mentions,semantic
edge_smt_4201,ch6_d94_k1,ent_4201,mentions,semantic
edge_smt_4202,ch6_d94_k1,ent_4202,mentions,semantic
edge_smt_4203,ch6_d94_k1,ent_4203,mentions,semantic
edge_smt_4204,ch6_d94_k1,ent_4204,mentions,semantic
edge_smt_4205,ch6_d94_k1,ent_4205,mentions,semantic
edge_smt_4206,ch6_d94_k1,ent_4206,mentions,semantic
edge_smt_4207,ch6_d94_k1,ent_4207,mentions,semantic
edge_smt_4208,ch6_d94_k1,ent_4208,mentions,semantic
edge_smt_4209,ch6_d94_k1,ent_4209,mentions,semantic
edge_smt_4210,ch6_d94_k1,ent_4210,mentions,semantic
edge_smt_4211,ch6_d94_k1,ent_4211,mentions,semantic
edge_smt_4212,ch6_d94_k1,ent_4212,mentions,semantic
edge_smt_4213,ch6_d94_k2,ent_4213,mentions,semantic
edge_smt_4214,ch6_d94_k2,ent_4214,mentions,semantic
edge_smt_4215,ch6_d94_k2,ent_4215,mentions,semantic
edge_smt_4216,ch6_d94_k2,ent_4216,mentions,semantic
edge_smt_4217,ch6_d94_k2,ent_4217,mentions,semantic
edge_smt_4218,ch6_d94_k2,ent_4218,mentions,semantic
edge_smt_4219,ch6_d94_k2,ent_4219,mentions,semantic
edge_smt_4220,ch6_d94_k2,ent_4220,mentions,semantic
edge_smt_4221,ch6_d94_k2,ent_4221,mentions,semantic
edge_smt_4222,ch6_d95_k1,ent_4222,mentions,semantic
edge_smt_4223,ch6_d95_k1,ent_4223,mentions,semantic
edge_smt_4224,ch6_d95_k1,ent_4224,mentions,semantic
edge_smt_4225,ch6_d95_k1,ent_4225,mentions,semantic
edge_smt_4226,ch6_d95_k1,ent_4226,mentions,semantic
edge_smt_4227,ch6_d95_k1,ent_4227,mentions,semantic
edge_smt_4228,ch6_d95_k1,ent_4228,mentions,semantic
edge_smt_4229,ch6_d95_k1,ent_4229,mentions,semantic
edge_smt_4230,ch6_d95_k1,ent_4230,mentions,semantic
edge_smt_4231,ch6_d95_k1,ent_4231,mentions,semantic
edge_smt_4232,ch6_d95_k2,ent_4232,mentions,semantic
edge_smt_4233,ch6_d95_k2,ent_4233,mentions,semantic
edge_smt_4234,ch6_d95_k2,ent_4234,mentions,semantic
edge_smt_4235,ch6_d95_k2,ent_4235,mentions,semantic
edge_smt_4236,ch6_d95_k2,ent_4236,mentions,semantic
edge_smt_4237,ch6_d95_k2,ent_4237,mentions,semantic
edge_smt_4238,ch6_d95_k2,ent_4238,mentions,semantic
edge_smt_4239,ch6_d95_k2,ent_4239,mentions,semantic
edge_smt_4240,ch6_d95_k2,ent_4240,mentions,semantic
edge_smt_4241,ch6_d95_k2,ent_4241,mentions,semantic
edge_smt_4242,ch6_d95_k2,ent_4242,mentions,semantic
edge_smt_4243,ch6_d95_k2,ent_4243,mentions,semantic
edge_smt_4244,ch6_d95_k3,ent_4244,mentions,semantic
edge_smt_4245,ch6_d95_k3,ent_4245,mentions,semantic
edge_smt_4246,ch6_d95_k3,ent_4246,mentions,semantic
edge_smt_4247,ch6_d95_k3,ent_4247,mentions,semantic
edge_smt_4248,ch6_d95_k3,ent_4248,mentions,semantic
edge_smt_4249,ch6_d95_k3,ent_4249,mentions,semantic
edge_smt_4250,ch6_d95_k3,ent_4250,mentions,semantic
edge_smt_4251,ch6_d95_k3,ent_4251,mentions,semantic
edge_smt_4252,ch6_d95_k3,ent_4252,mentions,semantic
edge_smt_4253,ch6_d95_k3,ent_4253,mentions,semantic
edge_smt_4254,ch6_d95_k3,ent_4254,mentions,semantic
edge_smt_4255,ch6_d95_k3,ent_4255,mentions,semantic
edge_smt_4256,ch6_d95_k3,ent_4256,mentions,semantic
edge_smt_4257,ch6_d96_k1,ent_4257,mentions,semantic
edge_smt_4258,ch6_d96_k1,ent_4258,mentions,semantic
edge_smt_4259,ch6_d96_k1,ent_4259,mentions,semantic
edge_smt_4260,ch6_d96_k1,ent_4260,mentions,semantic
edge_smt_4261,ch6_d96_k1,ent_4261,mentions,semantic
edge_smt_4262,ch6_d96_k1,ent_4262,mentions,semantic
edge_smt_4263,ch6_d96_k2,ent_4263,mentions,semantic
edge_smt_4264,ch6_d96_k2,ent_4264,mentions,semantic
edge_smt_4265,ch6_d96_k2,ent_4265,mentions,semantic
edge_smt_4266,ch6_d96_k2,ent_4266,mentions,semantic
edge_smt_4267,ch6_d96_k2,ent_4267,mentions,semantic
edge_smt_4268,ch6_d96_k2,ent_4268,mentions,semantic
edge_smt_4269,ch6_d96_k2,ent_4269,mentions,semantic
edge_smt_4270,ch6_d96_k2,ent_4270,mentions,semantic
edge_smt_4271,ch6_d96_k2,ent_4271,mentions,semantic
edge_smt_4272,ch6_d96_k2,ent_4272,mentions,semantic
edge_smt_4273,ch6_d96_k2,ent_4273,mentions,semantic
edge_smt_4274,ch6_d96_k2,ent_4274,mentions,semantic
edge_smt_4275,ch6_d96_k2,ent_4275,mentions,semantic
edge_smt_4276,ch6_d96_k2,ent_4276,mentions,semantic
edge_smt_4277,ch6_d96_k2,ent_4277,mentions,semantic
edge_smt_4278,ch6_d96_k2,ent_4278,mentions,semantic
edge_smt_4279,ch6_d96_k2,ent_4279,mentions,semantic
edge_smt_4280,ch6_d96_k3,ent_4280,mentions,semantic
edge_smt_4281,ch6_d97_k1,ent_4281,mentions,semantic
edge_smt_4282,ch6_d97_k1,ent_4282,mentions,semantic
edge_smt_4283,ch6_d97_k1,ent_4283,mentions,semantic
edge_smt_4284,ch6_d97_k1,ent_4284,mentions,semantic
edge_smt_4285,ch6_d97_k1,ent_4285,mentions,semantic
edge_smt_4286,ch6_d97_k1,ent_4286,mentions,semantic
edge_smt_4287,ch6_d97_k1,ent_4287,mentions,semantic
edge_smt_4288,ch6_d97_k1,ent_4288,mentions,semantic
edge_smt_4289,ch6_d97_k1,ent_4289,mentions,semantic
edge_smt_4290,ch6_d97_k1,ent_4290,mentions,semantic
edge_smt_4291,ch6_d97_k1,ent_4291,mentions,semantic
edge_smt_4292,ch6_d97_k1,ent_4292,mentions,semantic
edge_smt_4293,ch6_d97_k1,ent_4293,mentions,semantic
edge_smt_4294,ch6_d97_k1,ent_4294,mentions,semantic
edge_smt_4295,ch6_d97_k1,ent_4295,mentions,semantic
edge_smt_4296,ch6_d97_k2,ent_4296,mentions,semantic
edge_smt_4297,ch6_d97_k2,ent_4297,mentions,semantic
edge_smt_4298,ch6_d97_k2,ent_4298,mentions,semantic
edge_smt_4299,ch6_d97_k2,ent_4299,mentions,semantic
edge_smt_4300,ch6_d97_k2,ent_4300,mentions,semantic
edge_smt_4301,ch6_d97_k2,ent_4301,mentions,semantic
edge_smt_4302,ch6_d97_k2,ent_4302,mentions,semantic
edge_smt_4303,ch6_d97_k2,ent_4303,mentions,semantic
edge_smt_4304,ch6_d97_k2,ent_4304,mentions,semantic
edge_smt_4305,ch6_d97_k2,ent_4305,mentions,semantic
edge_smt_4306,ch6_d97_k3,ent_4306,mentions,semantic
edge_smt_4307,ch6_d97_k3,ent_4307,mentions,semantic
edge_smt_4308,ch6_d97_k3,ent_4308,mentions,semantic
edge_smt_4309,ch6_d97_k3,ent_4309,mentions,semantic
edge_smt_4310,ch6_d97_k3,ent_4310,mentions,semantic
edge_smt_4311,ch6_d97_k3,ent_4311,mentions,semantic
edge_smt_4312,ch6_d97_k3,ent_4312,mentions,semantic
edge_smt_4313,ch6_d97_k3,ent_4313,mentions,semantic
edge_smt_4314,ch6_d97_k3,ent_4314,mentions,semantic
edge_smt_4315,ch6_d97_k3,ent_4315,mentions,semantic
edge_smt_4316,ch6_d97_k3,ent_4316,mentions,semantic
edge_smt_4317,ch6_d97_k3,ent_4317,mentions,semantic
edge_smt_4318,ch6_d97_k3,ent_4318,mentions,semantic
edge_smt_4319,ch6_d97_k3,ent_4319,mentions,semantic
edge_smt_4320,ch6_d97_k3,ent_4320,mentions,semantic
edge_smt_4321,ch6_d97_k3,ent_4321,mentions,semantic
edge_smt_4322,ch6_d97_k3,ent_4322,mentions,semantic
edge_smt_4323,ch6_d97_k4,ent_4323,mentions,semantic
edge_smt_4324,ch6_d97_k4,ent_4324,mentions,semantic
edge_smt_4325,ch6_d97_k4,ent_4325,mentions,semantic
edge_smt_4326,ch6_d97_k4,ent_4326,mentions,semantic
edge_smt_4327,ch6_d97_k4,ent_4327,mentions,semantic
edge_smt_4328,ch6_d97_k4,ent_4328,mentions,semantic
edge_smt_4329,ch6_d97_k4,ent_4329,mentions,semantic
edge_smt_4330,ch6_d97_k4,ent_4330,mentions,semantic
edge_smt_4331,ch6_d97_k4,ent_4331,mentions,semantic
edge_smt_4332,ch6_d97_k4,ent_4332,mentions,semantic
edge_smt_4333,ch6_d97_k4,ent_4333,mentions,semantic
edge_smt_4334,ch6_d97_k4,ent_4334,mentions,semantic
edge_smt_4335,ch6_d97_k4,ent_4335,mentions,semantic
edge_smt_4336,ch6_d97_k4,ent_4336,mentions,semantic
edge_smt_4337,ch6_d97_k4,ent_4337,mentions,semantic
edge_smt_4338,ch6_d97_k4,ent_4338,mentions,semantic
edge_smt_4339,ch6_d97_k4,ent_4339,mentions,semantic
edge_smt_4340,ch6_d97_k4,ent_4340,mentions,semantic
edge_smt_4341,ch6_d97_k4,ent_4341,mentions,semantic
edge_smt_4342,ch6_d97_k4,ent_4342,mentions,semantic
edge_smt_4343,ch6_d97_k4,ent_4343,mentions,semantic
edge_smt_4344,ch6_d97_k4,ent_4344,mentions,semantic
edge_smt_4345,ch6_d97_k4,ent_4345,mentions,semantic
edge_smt_4346,ch6_d97_k4,ent_4346,mentions,semantic
edge_smt_4347,ch6_d97_k4,ent_4347,mentions,semantic
edge_smt_4348,ch6_d98_k1,ent_4348,mentions,semantic
edge_smt_4349,ch6_d98_k1,ent_4349,mentions,semantic
edge_smt_4350,ch6_d98_k1,ent_4350,mentions,semantic
edge_smt_4351,ch6_d98_k1,ent_4351,mentions,semantic
edge_smt_4352,ch6_d98_k1,ent_4352,mentions,semantic
edge_smt_4353,ch6_d98_k1,ent_4353,mentions,semantic
edge_smt_4354,ch6_d98_k1,ent_4354,mentions,semantic
edge_smt_4355,ch6_d98_k1,ent_4355,mentions,semantic
edge_smt_4356,ch6_d98_k1,ent_4356,mentions,semantic
edge_smt_4357,ch6_d98_k1,ent_4357,mentions,semantic
edge_smt_4358,ch6_d98_k1,ent_4358,mentions,semantic
edge_smt_4359,ch6_d98_k1,ent_4359,mentions,semantic
edge_smt_4360,ch6_d98_k1,ent_4360,mentions,semantic
edge_smt_4361,ch6_d98_k1,ent_4361,mentions,semantic
edge_smt_4362,ch6_d98_k1,ent_4362,mentions,semantic
edge_smt_4363,ch6_d98_k1,ent_4363,mentions,semantic
edge_smt_4364,ch6_d98_k1,ent_4364,mentions,semantic
edge_smt_4365,ch6_d98_k1,ent_4365,mentions,semantic
edge_smt_4366,ch6_d98_k1,ent_4366,mentions,semantic
edge_smt_4367,ch6_d98_k1_c,ent_4367,mentions,semantic
edge_smt_4368,ch6_d98_k1_c,ent_4368,mentions,semantic
edge_smt_4369,ch6_d98_k1_c,ent_4369,mentions,semantic
edge_smt_4370,ch6_d98_k1_c,ent_4370,mentions,semantic
edge_smt_4371,ch6_d98_k1_c,ent_4371,mentions,semantic
edge_smt_4372,ch6_d98_k1_c,ent_4372,mentions,semantic
edge_smt_4373,ch6_d98_k1_c,ent_4373,mentions,semantic
edge_smt_4374,ch6_d98_k1_c,ent_4374,mentions,semantic
edge_smt_4375,ch6_d98_k2,ent_4375,mentions,semantic
edge_smt_4376,ch6_d98_k2,ent_4376,mentions,semantic
edge_smt_4377,ch6_d98_k2,ent_4377,mentions,semantic
edge_smt_4378,ch6_d98_k2,ent_4378,mentions,semantic
edge_smt_4379,ch6_d98_k2,ent_4379,mentions,semantic
edge_smt_4380,ch6_d98_k2,ent_4380,mentions,semantic
edge_smt_4381,ch6_d98_k2,ent_4381,mentions,semantic
edge_smt_4382,ch6_d98_k2,ent_4382,mentions,semantic
edge_smt_4383,ch6_d98_k2,ent_4383,mentions,semantic
edge_smt_4384,ch6_d98_k2,ent_4384,mentions,semantic
edge_smt_4385,ch6_d98_k3,ent_4385,mentions,semantic
edge_smt_4386,ch6_d98_k3,ent_4386,mentions,semantic
edge_smt_4387,ch6_d98_k3,ent_4387,mentions,semantic
edge_smt_4388,ch6_d98_k3,ent_4388,mentions,semantic
edge_smt_4389,ch6_d98_k3,ent_4389,mentions,semantic
edge_smt_4390,ch6_d98_k3,ent_4390,mentions,semantic
edge_smt_4391,ch6_d98_k3,ent_4391,mentions,semantic
edge_smt_4392,ch6_d98_k3,ent_4392,mentions,semantic
edge_smt_4393,ch6_d98_k3,ent_4393,mentions,semantic
edge_smt_4394,ch6_d98_k3,ent_4394,mentions,semantic
edge_smt_4395,ch6_d98_k3,ent_4395,mentions,semantic
edge_smt_4396,ch6_d98_k3,ent_4396,mentions,semantic
edge_smt_4397,ch6_d98_k3,ent_4397,mentions,semantic
edge_smt_4398,ch6_d98_k4,ent_4398,mentions,semantic
edge_smt_4399,ch6_d99_k1,ent_4399,mentions,semantic
edge_smt_4400,ch6_d99_k1,ent_4400,mentions,semantic
edge_smt_4401,ch6_d99_k1,ent_4401,mentions,semantic
edge_smt_4402,ch6_d99_k1,ent_4402,mentions,semantic
edge_smt_4403,ch6_d99_k1,ent_4403,mentions,semantic
edge_smt_4404,ch6_d99_k1,ent_4404,mentions,semantic
edge_smt_4405,ch6_d99_k1,ent_4405,mentions,semantic
edge_smt_4406,ch6_d99_k2,ent_4406,mentions,semantic
edge_smt_4407,ch6_d99_k2,ent_4407,mentions,semantic
edge_smt_4408,ch6_d99_k2,ent_4408,mentions,semantic
edge_smt_4409,ch6_d99_k2,ent_4409,mentions,semantic
edge_smt_4410,ch6_d99_k2,ent_4410,mentions,semantic
edge_smt_4411,ch6_d99_k2,ent_4411,mentions,semantic
edge_smt_4412,ch6_d99_k2,ent_4412,mentions,semantic
edge_smt_4413,ch6_d99_k2,ent_4413,mentions,semantic
edge_smt_4414,ch6_d99_k2,ent_4414,mentions,semantic
edge_smt_4415,ch6_d99_k2,ent_4415,mentions,semantic
edge_smt_4416,ch6_d99_k2,ent_4416,mentions,semantic
edge_smt_4417,ch6_d99_k2,ent_4417,mentions,semantic
edge_smt_4418,ch6_d99_k2,ent_4418,mentions,semantic
edge_smt_4419,ch6_d99_k2,ent_4419,mentions,semantic
edge_smt_4420,ch6_d99_k2,ent_4420,mentions,semantic
edge_smt_4421,ch6_d99_k2,ent_4421,mentions,semantic
edge_smt_4422,ch6_d99_k2,ent_4422,mentions,semantic
edge_smt_4423,ch6_d99_k3,ent_4423,mentions,semantic
edge_smt_4424,ch6_d99_k3,ent_4424,mentions,semantic
edge_smt_4425,ch6_d99_k3,ent_4425,mentions,semantic
edge_smt_4426,ch6_d99_k3,ent_4426,mentions,semantic
edge_smt_4427,ch6_d99_k3,ent_4427,mentions,semantic
edge_smt_4428,ch6_d99_k3,ent_4428,mentions,semantic
edge_smt_4429,ch6_d99_k3,ent_4429,mentions,semantic
edge_smt_4430,ch6_d99_k3,ent_4430,mentions,semantic
edge_smt_4431,ch6_d99_k3,ent_4431,mentions,semantic
edge_smt_4432,ch6_d99_k3,ent_4432,mentions,semantic
edge_smt_4433,ch6_d99_k3,ent_4433,mentions,semantic
edge_smt_4434,ch6_d99_k3,ent_4434,mentions,semantic
edge_smt_4435,ch6_d99_k3,ent_4435,mentions,semantic
edge_smt_4436,ch6_d99_k3,ent_4436,mentions,semantic
edge_smt_4437,ch6_d99_k3,ent_4437,mentions,semantic
edge_smt_4438,ch6_d99_k3,ent_4438,mentions,semantic
edge_smt_4439,ch6_d99_k3,ent_4439,mentions,semantic
edge_smt_4440,ch6_d99_k3,ent_4440,mentions,semantic
edge_smt_4441,ch6_d99_k3,ent_4441,mentions,semantic
edge_smt_4442,ch6_d99_k3,ent_4442,mentions,semantic
edge_smt_4443,ch6_d99_k3,ent_4443,mentions,semantic
edge_smt_4444,ch6_d99_k3,ent_4444,mentions,semantic
edge_smt_4445,ch6_d99_k3,ent_4445,mentions,semantic
edge_smt_4446,ch6_d99_k3,ent_4446,mentions,semantic
edge_smt_4447,ch6_d99_k3,ent_4447,mentions,semantic
edge_smt_4448,ch6_d99_k3,ent_4448,mentions,semantic
edge_smt_4449,ch6_d99_k3,ent_4449,mentions,semantic
edge_smt_4450,ch6_d99_k3,ent_4450,mentions,semantic
edge_smt_4451,ch6_d99_k3,ent_4451,mentions,semantic
edge_smt_4452,ch6_d99_k3,ent_4452,mentions,semantic
edge_smt_4453,ch6_d99_k3,ent_4453,mentions,semantic
edge_smt_4454,ch6_d99_k3_a,ent_4454,mentions,semantic
edge_smt_4455,ch6_d99_k3_a,ent_4455,mentions,semantic
edge_smt_4456,ch6_d99_k3_a,ent_4456,mentions,semantic
edge_smt_4457,ch6_d99_k3_a,ent_4457,mentions,semantic
edge_smt_4458,ch6_d99_k3_a,ent_4458,mentions,semantic
edge_smt_4459,ch6_d99_k3_a,ent_4459,mentions,semantic
edge_smt_4460,ch6_d99_k3_a,ent_4460,mentions,semantic
edge_smt_4461,ch6_d99_k3_a,ent_4461,mentions,semantic
edge_smt_4462,ch6_d99_k3_b,ent_4462,mentions,semantic
edge_smt_4463,ch6_d99_k3_b,ent_4463,mentions,semantic
edge_smt_4464,ch6_d99_k3_b,ent_4464,mentions,semantic
edge_smt_4465,ch6_d99_k3_b,ent_4465,mentions,semantic
edge_smt_4466,ch6_d99_k3_b,ent_4466,mentions,semantic
edge_smt_4467,ch6_d99_k3_b,ent_4467,mentions,semantic
edge_smt_4468,ch6_d99_k3_b,ent_4468,mentions,semantic
edge_smt_4469,ch6_d99_k3_b,ent_4469,mentions,semantic
edge_smt_4470,ch6_d99_k3_b,ent_4470,mentions,semantic
edge_smt_4471,ch6_d99_k3_b,ent_4471,mentions,semantic
edge_smt_4472,ch6_d99_k3_b,ent_4472,mentions,semantic
edge_smt_4473,ch6_d99_k3_b,ent_4473,mentions,semantic
edge_smt_4474,ch6_d99_k3_b,ent_4474,mentions,semantic
edge_smt_4475,ch6_d99_k3_b,ent_4475,mentions,semantic
edge_smt_4476,ch6_d100_k1,ent_4476,mentions,semantic
edge_smt_4477,ch6_d100_k1,ent_4477,mentions,semantic
edge_smt_4478,ch6_d100_k1,ent_4478,mentions,semantic
edge_smt_4479,ch6_d100_k1,ent_4479,mentions,semantic
edge_smt_4480,ch6_d100_k1,ent_4480,mentions,semantic
edge_smt_4481,ch6_d100_k1,ent_4481,mentions,semantic
edge_smt_4482,ch6_d100_k1,ent_4482,mentions,semantic
edge_smt_4483,ch6_d100_k2,ent_4483,mentions,semantic
edge_smt_4484,ch6_d100_k2,ent_4484,mentions,semantic
edge_smt_4485,ch6_d100_k2,ent_4485,mentions,semantic
edge_smt_4486,ch6_d100_k2,ent_4486,mentions,semantic
edge_smt_4487,ch6_d100_k2,ent_4487,mentions,semantic
edge_smt_4488,ch6_d100_k2,ent_4488,mentions,semantic
edge_smt_4489,ch6_d100_k2,ent_4489,mentions,semantic
edge_smt_4490,ch6_d100_k2,ent_4490,mentions,semantic
edge_smt_4491,ch6_d100_k2,ent_4491,mentions,semantic
edge_smt_4492,ch6_d100_k2,ent_4492,mentions,semantic
edge_smt_4493,ch6_d100_k2,ent_4493,mentions,semantic
edge_smt_4494,ch6_d100_k2,ent_4494,mentions,semantic
edge_smt_4495,ch6_d100_k2,ent_4495,mentions,semantic
edge_smt_4496,ch6_d100_k2,ent_4496,mentions,semantic
edge_smt_4497,ch6_d100_k2,ent_4497,mentions,semantic
edge_smt_4498,ch6_d100_k2,ent_4498,mentions,semantic
edge_smt_4499,ch6_d100_k2,ent_4499,mentions,semantic
edge_smt_4500,ch6_d100_k2,ent_4500,mentions,semantic
edge_smt_4501,ch6_d100_k2,ent_4501,mentions,semantic
edge_smt_4502,ch6_d100_k2,ent_4502,mentions,semantic
edge_smt_4503,ch6_d100_k2,ent_4503,mentions,semantic
edge_smt_4504,ch6_d100_k2,ent_4504,mentions,semantic
edge_smt_4505,ch6_d100_k2,ent_4505,mentions,semantic
edge_smt_4506,ch6_d100_k2,ent_4506,mentions,semantic
edge_smt_4507,ch6_d100_k2,ent_4507,mentions,semantic
edge_smt_4508,ch6_d100_k2,ent_4508,mentions,semantic
edge_smt_4509,ch6_d100_k2,ent_4509,mentions,semantic
edge_smt_4510,ch6_d101_k1,ent_4510,mentions,semantic
edge_smt_4511,ch6_d101_k1,ent_4511,mentions,semantic
edge_smt_4512,ch6_d101_k1,ent_4512,mentions,semantic
edge_smt_4513,ch6_d101_k1,ent_4513,mentions,semantic
edge_smt_4514,ch6_d101_k1,ent_4514,mentions,semantic
edge_smt_4515,ch6_d101_k2,ent_4515,mentions,semantic
edge_smt_4516,ch6_d101_k2,ent_4516,mentions,semantic
edge_smt_4517,ch6_d101_k2,ent_4517,mentions,semantic
edge_smt_4518,ch6_d101_k2,ent_4518,mentions,semantic
edge_smt_4519,ch6_d101_k2,ent_4519,mentions,semantic
edge_smt_4520,ch6_d101_k2,ent_4520,mentions,semantic
edge_smt_4521,ch6_d101_k2,ent_4521,mentions,semantic
edge_smt_4522,ch6_d101_k2,ent_4522,mentions,semantic
edge_smt_4523,ch6_d101_k2,ent_4523,mentions,semantic
edge_smt_4524,ch6_d101_k2,ent_4524,mentions,semantic
edge_smt_4525,ch6_d101_k2,ent_4525,mentions,semantic
edge_smt_4526,ch6_d101_k2,ent_4526,mentions,semantic
edge_smt_4527,ch6_d101_k2,ent_4527,mentions,semantic
edge_smt_4528,ch6_d101_k2,ent_4528,mentions,semantic
edge_smt_4529,ch6_d101_k2,ent_4529,mentions,semantic
edge_smt_4530,ch6_d101_k2,ent_4530,mentions,semantic
edge_smt_4531,ch6_d101_k2,ent_4531,mentions,semantic
edge_smt_4532,ch6_d101_k2,ent_4532,mentions,semantic
edge_smt_4533,ch6_d101_k2,ent_4533,mentions,semantic
edge_smt_4534,ch6_d101_k2,ent_4534,mentions,semantic
edge_smt_4535,ch6_d101_k2,ent_4535,mentions,semantic
edge_smt_4536,ch6_d101_k2,ent_4536,mentions,semantic
edge_smt_4537,ch6_d101_k2,ent_4537,mentions,semantic
edge_smt_4538,ch6_d101_k2,ent_4538,mentions,semantic
edge_smt_4539,ch6_d101_k2,ent_4539,mentions,semantic
edge_smt_4540,ch6_d101_k2,ent_4540,mentions,semantic
edge_smt_4541,ch6_d101_k3,ent_4541,mentions,semantic
edge_smt_4542,ch6_d101_k3,ent_4542,mentions,semantic
edge_smt_4543,ch6_d101_k3,ent_4543,mentions,semantic
edge_smt_4544,ch6_d102_k1,ent_4544,mentions,semantic
edge_smt_4545,ch6_d102_k1,ent_4545,mentions,semantic
edge_smt_4546,ch6_d102_k1,ent_4546,mentions,semantic
edge_smt_4547,ch6_d102_k1,ent_4547,mentions,semantic
edge_smt_4548,ch6_d102_k1,ent_4548,mentions,semantic
edge_smt_4549,ch6_d102_k1,ent_4549,mentions,semantic
edge_smt_4550,ch6_d102_k1,ent_4550,mentions,semantic
edge_smt_4551,ch6_d102_k1,ent_4551,mentions,semantic
edge_smt_4552,ch6_d102_k1,ent_4552,mentions,semantic
edge_smt_4553,ch6_d102_k1,ent_4553,mentions,semantic
edge_smt_4554,ch6_d102_k1,ent_4554,mentions,semantic
edge_smt_4555,ch6_d102_k2,ent_4555,mentions,semantic
edge_smt_4556,ch6_d102_k2,ent_4556,mentions,semantic
edge_smt_4557,ch6_d102_k2,ent_4557,mentions,semantic
edge_smt_4558,ch6_d102_k2,ent_4558,mentions,semantic
edge_smt_4559,ch6_d102_k3,ent_4559,mentions,semantic
edge_smt_4560,ch6_d102_k3,ent_4560,mentions,semantic
edge_smt_4561,ch6_d102_k3,ent_4561,mentions,semantic
edge_smt_4562,ch6_d102_k3,ent_4562,mentions,semantic
edge_smt_4563,ch6_d102_k3,ent_4563,mentions,semantic
edge_smt_4564,ch6_d102_k3,ent_4564,mentions,semantic
edge_smt_4565,ch6_d102_k3,ent_4565,mentions,semantic
edge_smt_4566,ch6_d102_k3,ent_4566,mentions,semantic
edge_smt_4567,ch6_d102_k3,ent_4567,mentions,semantic
edge_smt_4568,ch6_d102_k3,ent_4568,mentions,semantic
edge_smt_4569,ch6_d102_k3,ent_4569,mentions,semantic
edge_smt_4570,ch6_d102_k3,ent_4570,mentions,semantic
edge_smt_4571,ch6_d102_k3,ent_4571,mentions,semantic
edge_smt_4572,ch6_d102_k3,ent_4572,mentions,semantic
edge_smt_4573,ch6_d102_k3,ent_4573,mentions,semantic
edge_smt_4574,ch6_d104_k1,ent_4574,mentions,semantic
edge_smt_4575,ch6_d104_k1,ent_4575,mentions,semantic
edge_smt_4576,ch6_d104_k1,ent_4576,mentions,semantic
edge_smt_4577,ch6_d104_k1,ent_4577,mentions,semantic
edge_smt_4578,ch6_d104_k1,ent_4578,mentions,semantic
edge_smt_4579,ch6_d104_k1,ent_4579,mentions,semantic
edge_smt_4580,ch6_d104_k2,ent_4580,mentions,semantic
edge_smt_4581,ch6_d104_k2,ent_4581,mentions,semantic
edge_smt_4582,ch6_d104_k2,ent_4582,mentions,semantic
edge_smt_4583,ch6_d104_k2,ent_4583,mentions,semantic
edge_smt_4584,ch6_d104_k2,ent_4584,mentions,semantic
edge_smt_4585,ch6_d104_k2,ent_4585,mentions,semantic
edge_smt_4586,ch6_d104_k2,ent_4586,mentions,semantic
edge_smt_4587,ch6_d104_k2,ent_4587,mentions,semantic
edge_smt_4588,ch6_d104_k2,ent_4588,mentions,semantic
edge_smt_4589,ch6_d104_k2,ent_4589,mentions,semantic
edge_smt_4590,ch6_d104_k2,ent_4590,mentions,semantic
edge_smt_4591,ch6_d104_k2,ent_4591,mentions,semantic
edge_smt_4592,ch6_d104_k2,ent_4592,mentions,semantic
edge_smt_4593,ch6_d104_k2,ent_4593,mentions,semantic
edge_smt_4594,ch6_d104_k2,ent_4594,mentions,semantic
edge_smt_4595,ch6_d104_k2,ent_4595,mentions,semantic
edge_smt_4596,ch7_muc1_d105_k1,ent_4596,mentions,semantic
edge_smt_4597,ch7_muc1_d105_k1,ent_4597,mentions,semantic
edge_smt_4598,ch7_muc1_d105_k1,ent_4598,mentions,semantic
edge_smt_4599,ch7_muc1_d105_k1,ent_4599,mentions,semantic
edge_smt_4600,ch7_muc1_d105_k1,ent_4600,mentions,semantic
edge_smt_4601,ch7_muc1_d105_k1,ent_4601,mentions,semantic
edge_smt_4602,ch7_muc1_d105_k1,ent_4602,mentions,semantic
edge_smt_4603,ch7_muc1_d105_k1,ent_4603,mentions,semantic
edge_smt_4604,ch7_muc1_d105_k1,ent_4604,mentions,semantic
edge_smt_4605,ch7_muc1_d105_k2,ent_4605,mentions,semantic
edge_smt_4606,ch7_muc1_d105_k2,ent_4606,mentions,semantic
edge_smt_4607,ch7_muc1_d105_k2,ent_4607,mentions,semantic
edge_smt_4608,ch7_muc1_d105_k2,ent_4608,mentions,semantic
edge_smt_4609,ch7_muc1_d105_k2,ent_4609,mentions,semantic
edge_smt_4610,ch7_muc1_d105_k2,ent_4610,mentions,semantic
edge_smt_4611,ch7_muc1_d105_k2,ent_4611,mentions,semantic
edge_smt_4612,ch7_muc1_d105_k2,ent_4612,mentions,semantic
edge_smt_4613,ch7_muc1_d105_k2,ent_4613,mentions,semantic
edge_smt_4614,ch7_muc1_d105_k2,ent_4614,mentions,semantic
edge_smt_4615,ch7_muc1_d105_k2,ent_4615,mentions,semantic
edge_smt_4616,ch7_muc1_d105_k2,ent_4616,mentions,semantic
edge_smt_4617,ch7_muc1_d105_k2,ent_4617,mentions,semantic
edge_smt_4618,ch7_muc1_d105_k2,ent_4618,mentions,semantic
edge_smt_4619,ch7_muc1_d105_k2,ent_4619,mentions,semantic
edge_smt_4620,ch7_muc1_d105_k2,ent_4620,mentions,semantic
edge_smt_4621,ch7_muc1_d105_k2,ent_4621,mentions,semantic
edge_smt_4622,ch7_muc1_d105_k2,ent_4622,mentions,semantic
edge_smt_4623,ch7_muc1_d105_k2,ent_4623,mentions,semantic
edge_smt_4624,ch7_muc1_d105_k2,ent_4624,mentions,semantic
edge_smt_4625,ch7_muc1_d105_k2,ent_4625,mentions,semantic
edge_smt_4626,ch7_muc1_d105_k2,ent_4626,mentions,semantic
edge_smt_4627,ch7_muc1_d105_k3,ent_4627,mentions,semantic
edge_smt_4628,ch7_muc1_d105_k3,ent_4628,mentions,semantic
edge_smt_4629,ch7_muc1_d105_k3,ent_4629,mentions,semantic
edge_smt_4630,ch7_muc1_d107_k1,ent_4630,mentions,semantic
edge_smt_4631,ch7_muc1_d107_k1,ent_4631,mentions,semantic
edge_smt_4632,ch7_muc1_d107_k1,ent_4632,mentions,semantic
edge_smt_4633,ch7_muc1_d107_k1,ent_4633,mentions,semantic
edge_smt_4634,ch7_muc1_d107_k1,ent_4634,mentions,semantic
edge_smt_4635,ch7_muc1_d107_k1,ent_4635,mentions,semantic
edge_smt_4636,ch7_muc1_d107_k2,ent_4636,mentions,semantic
edge_smt_4637,ch7_muc1_d107_k2,ent_4637,mentions,semantic
edge_smt_4638,ch7_muc1_d107_k2,ent_4638,mentions,semantic
edge_smt_4639,ch7_muc1_d107_k2,ent_4639,mentions,semantic
edge_smt_4640,ch7_muc1_d107_k2,ent_4640,mentions,semantic
edge_smt_4641,ch7_muc1_d107_k2,ent_4641,mentions,semantic
edge_smt_4642,ch7_muc1_d107_k2,ent_4642,mentions,semantic
edge_smt_4643,ch7_muc1_d107_k2,ent_4643,mentions,semantic
edge_smt_4644,ch7_muc1_d107_k2,ent_4644,mentions,semantic
edge_smt_4645,ch7_muc1_d107_k2,ent_4645,mentions,semantic
edge_smt_4646,ch7_muc1_d107_k2,ent_4646,mentions,semantic
edge_smt_4647,ch7_muc1_d107_k2,ent_4647,mentions,semantic
edge_smt_4648,ch7_muc1_d107_k2,ent_4648,mentions,semantic
edge_smt_4649,ch7_muc1_d107_k2,ent_4649,mentions,semantic
edge_smt_4650,ch7_muc1_d107_k2,ent_4650,mentions,semantic
edge_smt_4651,ch7_muc1_d107_k2,ent_4651,mentions,semantic
edge_smt_4652,ch7_muc1_d107_k2,ent_4652,mentions,semantic
edge_smt_4653,ch7_muc1_d107_k2,ent_4653,mentions,semantic
edge_smt_4654,ch7_muc1_d107_k2,ent_4654,mentions,semantic
edge_smt_4655,ch7_muc1_d107_k2,ent_4655,mentions,semantic
edge_smt_4656,ch7_muc1_d107_k2,ent_4656,mentions,semantic
edge_smt_4657,ch7_muc1_d107_k2,ent_4657,mentions,semantic
edge_smt_4658,ch7_muc1_d107_k2,ent_4658,mentions,semantic
edge_smt_4659,ch7_muc1_d107_k2,ent_4659,mentions,semantic
edge_smt_4660,ch7_muc1_d107_k2,ent_4660,mentions,semantic
edge_smt_4661,ch7_muc1_d107_k2,ent_4661,mentions,semantic
edge_smt_4662,ch7_muc1_d107_k2,ent_4662,mentions,semantic
edge_smt_4663,ch7_muc1_d107_k2,ent_4663,mentions,semantic
edge_smt_4664,ch7_muc1_d107_k2,ent_4664,mentions,semantic
edge_smt_4665,ch7_muc1_d107_k2,ent_4665,mentions,semantic
edge_smt_4666,ch7_muc1_d107_k2,ent_4666,mentions,semantic
edge_smt_4667,ch7_muc1_d107_k2,ent_4667,mentions,semantic
edge_smt_4668,ch7_muc1_d107_k2,ent_4668,mentions,semantic
edge_smt_4669,ch7_muc1_d107_k2,ent_4669,mentions,semantic
edge_smt_4670,ch7_muc1_d107_k2_a,ent_4670,mentions,semantic
edge_smt_4671,ch7_muc1_d107_k2_a,ent_4671,mentions,semantic
edge_smt_4672,ch7_muc1_d107_k2_b,ent_4672,mentions,semantic
edge_smt_4673,ch7_muc1_d107_k2_b,ent_4673,mentions,semantic
edge_smt_4674,ch7_muc1_d107_k2_b,ent_4674,mentions,semantic
edge_smt_4675,ch7_muc1_d107_k2_b,ent_4675,mentions,semantic
edge_smt_4676,ch7_muc1_d107_k2_b,ent_4676,mentions,semantic
edge_smt_4677,ch7_muc1_d107_k2_b,ent_4677,mentions,semantic
edge_smt_4678,ch7_muc1_d107_k2_b,ent_4678,mentions,semantic
edge_smt_4679,ch7_muc1_d107_k2_b,ent_4679,mentions,semantic
edge_smt_4680,ch7_muc1_d107_k2_b,ent_4680,mentions,semantic
edge_smt_4681,ch7_muc1_d107_k2_b,ent_4681,mentions,semantic
edge_smt_4682,ch7_muc1_d107_k2_b,ent_4682,mentions,semantic
edge_smt_4683,ch7_muc1_d107_k2_b,ent_4683,mentions,semantic
edge_smt_4684,ch7_muc1_d107_k2_b,ent_4684,mentions,semantic
edge_smt_4685,ch7_muc1_d107_k2_b,ent_4685,mentions,semantic
edge_smt_4686,ch7_muc1_d107_k2_b,ent_4686,mentions,semantic
edge_smt_4687,ch7_muc1_d107_k2_b,ent_4687,mentions,semantic
edge_smt_4688,ch7_muc1_d107_k2_c,ent_4688,mentions,semantic
edge_smt_4689,ch7_muc1_d107_k2_c,ent_4689,mentions,semantic
edge_smt_4690,ch7_muc1_d107_k2_c,ent_4690,mentions,semantic
edge_smt_4691,ch7_muc1_d107_k2_c,ent_4691,mentions,semantic
edge_smt_4692,ch7_muc1_d107_k2_c,ent_4692,mentions,semantic
edge_smt_4693,ch7_muc1_d107_k2_c,ent_4693,mentions,semantic
edge_smt_4694,ch7_muc1_d107_k2_c,ent_4694,mentions,semantic
edge_smt_4695,ch7_muc1_d107_k2_c,ent_4695,mentions,semantic
edge_smt_4696,ch7_muc1_d107_k3,ent_4696,mentions,semantic
edge_smt_4697,ch7_muc1_d107_k3,ent_4697,mentions,semantic
edge_smt_4698,ch7_muc1_d107_k3,ent_4698,mentions,semantic
edge_smt_4699,ch7_muc1_d107_k3,ent_4699,mentions,semantic
edge_smt_4700,ch7_muc1_d107_k3,ent_4700,mentions,semantic
edge_smt_4701,ch7_muc1_d107_k3,ent_4701,mentions,semantic
edge_smt_4702,ch7_muc1_d107_k3,ent_4702,mentions,semantic
edge_smt_4703,ch7_muc1_d107_k3,ent_4703,mentions,semantic
edge_smt_4704,ch7_muc1_d107_k3,ent_4704,mentions,semantic
edge_smt_4705,ch7_muc1_d107_k3,ent_4705,mentions,semantic
edge_smt_4706,ch7_muc1_d107_k3,ent_4706,mentions,semantic
edge_smt_4707,ch7_muc1_d107_k3,ent_4707,mentions,semantic
edge_smt_4708,ch7_muc1_d107_k3,ent_4708,mentions,semantic
edge_smt_4709,ch7_muc1_d107_k3,ent_4709,mentions,semantic
edge_smt_4710,ch7_muc1_d107_k3,ent_4710,mentions,semantic
edge_smt_4711,ch7_muc1_d107_k3,ent_4711,mentions,semantic
edge_smt_4712,ch7_muc1_d107_k3,ent_4712,mentions,semantic
edge_smt_4713,ch7_muc1_d107_k3,ent_4713,mentions,semantic
edge_smt_4714,ch7_muc1_d107_k3,ent_4714,mentions,semantic
edge_smt_4715,ch7_muc1_d107_k3,ent_4715,mentions,semantic
edge_smt_4716,ch7_muc1_d107_k3,ent_4716,mentions,semantic
edge_smt_4717,ch7_muc1_d107_k3,ent_4717,mentions,semantic
edge_smt_4718,ch7_muc1_d107_k3,ent_4718,mentions,semantic
edge_smt_4719,ch7_muc1_d107_k3,ent_4719,mentions,semantic
edge_smt_4720,ch7_muc1_d107_k3_a,ent_4720,mentions,semantic
edge_smt_4721,ch7_muc1_d107_k3_b,ent_4721,mentions,semantic
edge_smt_4722,ch7_muc1_d107_k3_b,ent_4722,mentions,semantic
edge_smt_4723,ch7_muc1_d107_k3_b,ent_4723,mentions,semantic
edge_smt_4724,ch7_muc1_d107_k3_c,ent_4724,mentions,semantic
edge_smt_4725,ch7_muc1_d107_k3_c,ent_4725,mentions,semantic
edge_smt_4726,ch7_muc1_d107_k3_c,ent_4726,mentions,semantic
edge_smt_4727,ch7_muc1_d107_k3_c,ent_4727,mentions,semantic
edge_smt_4728,ch7_muc1_d107_k3_c,ent_4728,mentions,semantic
edge_smt_4729,ch7_muc1_d107_k3_d,ent_4729,mentions,semantic
edge_smt_4730,ch7_muc1_d107_k3_d,ent_4730,mentions,semantic
edge_smt_4731,ch7_muc1_d107_k3_d,ent_4731,mentions,semantic
edge_smt_4732,ch7_muc1_d107_k3_d,ent_4732,mentions,semantic
edge_smt_4733,ch7_muc1_d107_k3_d,ent_4733,mentions,semantic
edge_smt_4734,ch7_muc1_d107_k3_d,ent_4734,mentions,semantic
edge_smt_4735,ch7_muc1_d107_k3_d,ent_4735,mentions,semantic
edge_smt_4736,ch7_muc1_d107_k3_đ,ent_4736,mentions,semantic
edge_smt_4737,ch7_muc1_d107_k3_đ,ent_4737,mentions,semantic
edge_smt_4738,ch7_muc1_d107_k3_đ,ent_4738,mentions,semantic
edge_smt_4739,ch7_muc1_d107_k4,ent_4739,mentions,semantic
edge_smt_4740,ch7_muc1_d107_k4,ent_4740,mentions,semantic
edge_smt_4741,ch7_muc1_d107_k4,ent_4741,mentions,semantic
edge_smt_4742,ch7_muc1_d107_k4,ent_4742,mentions,semantic
edge_smt_4743,ch7_muc1_d107_k4,ent_4743,mentions,semantic
edge_smt_4744,ch7_muc1_d107_k4,ent_4744,mentions,semantic
edge_smt_4745,ch7_muc1_d107_k5,ent_4745,mentions,semantic
edge_smt_4746,ch7_muc1_d108_k1,ent_4746,mentions,semantic
edge_smt_4747,ch7_muc1_d108_k1,ent_4747,mentions,semantic
edge_smt_4748,ch7_muc1_d108_k1,ent_4748,mentions,semantic
edge_smt_4749,ch7_muc1_d108_k1,ent_4749,mentions,semantic
edge_smt_4750,ch7_muc1_d108_k2,ent_4750,mentions,semantic
edge_smt_4751,ch7_muc1_d108_k2,ent_4751,mentions,semantic
edge_smt_4752,ch7_muc1_d108_k2,ent_4752,mentions,semantic
edge_smt_4753,ch7_muc1_d108_k2,ent_4753,mentions,semantic
edge_smt_4754,ch7_muc1_d108_k2,ent_4754,mentions,semantic
edge_smt_4755,ch7_muc1_d108_k2,ent_4755,mentions,semantic
edge_smt_4756,ch7_muc1_d108_k2,ent_4756,mentions,semantic
edge_smt_4757,ch7_muc1_d108_k2,ent_4757,mentions,semantic
edge_smt_4758,ch7_muc1_d108_k2,ent_4758,mentions,semantic
edge_smt_4759,ch7_muc1_d108_k2,ent_4759,mentions,semantic
edge_smt_4760,ch7_muc1_d108_k2,ent_4760,mentions,semantic
edge_smt_4761,ch7_muc2_d109_k1,ent_4761,mentions,semantic
edge_smt_4762,ch7_muc2_d109_k1,ent_4762,mentions,semantic
edge_smt_4763,ch7_muc2_d109_k1,ent_4763,mentions,semantic
edge_smt_4764,ch7_muc2_d109_k1,ent_4764,mentions,semantic
edge_smt_4765,ch7_muc2_d109_k1,ent_4765,mentions,semantic
edge_smt_4766,ch7_muc2_d109_k1,ent_4766,mentions,semantic
edge_smt_4767,ch7_muc2_d109_k1,ent_4767,mentions,semantic
edge_smt_4768,ch7_muc2_d109_k1,ent_4768,mentions,semantic
edge_smt_4769,ch7_muc2_d109_k1,ent_4769,mentions,semantic
edge_smt_4770,ch7_muc2_d109_k1,ent_4770,mentions,semantic
edge_smt_4771,ch7_muc2_d109_k1,ent_4771,mentions,semantic
edge_smt_4772,ch7_muc2_d109_k1,ent_4772,mentions,semantic
edge_smt_4773,ch7_muc2_d109_k1,ent_4773,mentions,semantic
edge_smt_4774,ch7_muc2_d109_k1,ent_4774,mentions,semantic
edge_smt_4775,ch7_muc2_d109_k1,ent_4775,mentions,semantic
edge_smt_4776,ch7_muc2_d109_k1,ent_4776,mentions,semantic
edge_smt_4777,ch7_muc2_d109_k1,ent_4777,mentions,semantic
edge_smt_4778,ch7_muc2_d109_k1,ent_4778,mentions,semantic
edge_smt_4779,ch7_muc2_d109_k1,ent_4779,mentions,semantic
edge_smt_4780,ch7_muc2_d109_k1,ent_4780,mentions,semantic
edge_smt_4781,ch7_muc2_d109_k2,ent_4781,mentions,semantic
edge_smt_4782,ch7_muc2_d109_k2,ent_4782,mentions,semantic
edge_smt_4783,ch7_muc2_d109_k2,ent_4783,mentions,semantic
edge_smt_4784,ch7_muc2_d109_k2,ent_4784,mentions,semantic
edge_smt_4785,ch7_muc2_d111_k1,ent_4785,mentions,semantic
edge_smt_4786,ch7_muc2_d111_k1,ent_4786,mentions,semantic
edge_smt_4787,ch7_muc2_d111_k1,ent_4787,mentions,semantic
edge_smt_4788,ch7_muc2_d111_k1,ent_4788,mentions,semantic
edge_smt_4789,ch7_muc2_d111_k1,ent_4789,mentions,semantic
edge_smt_4790,ch7_muc2_d111_k1,ent_4790,mentions,semantic
edge_smt_4791,ch7_muc2_d111_k1,ent_4791,mentions,semantic
edge_smt_4792,ch7_muc2_d111_k1,ent_4792,mentions,semantic
edge_smt_4793,ch7_muc2_d111_k1,ent_4793,mentions,semantic
edge_smt_4794,ch7_muc2_d111_k1,ent_4794,mentions,semantic
edge_smt_4795,ch7_muc2_d111_k1,ent_4795,mentions,semantic
edge_smt_4796,ch7_muc2_d111_k1,ent_4796,mentions,semantic
edge_smt_4797,ch7_muc2_d111_k1,ent_4797,mentions,semantic
edge_smt_4798,ch7_muc2_d111_k1,ent_4798,mentions,semantic
edge_smt_4799,ch7_muc2_d111_k2,ent_4799,mentions,semantic
edge_smt_4800,ch7_muc2_d111_k2,ent_4800,mentions,semantic
edge_smt_4801,ch7_muc2_d111_k2,ent_4801,mentions,semantic
edge_smt_4802,ch7_muc2_d111_k2,ent_4802,mentions,semantic
edge_smt_4803,ch7_muc2_d111_k3,ent_4803,mentions,semantic
edge_smt_4804,ch7_muc2_d111_k3,ent_4804,mentions,semantic
edge_smt_4805,ch7_muc2_d111_k3,ent_4805,mentions,semantic
edge_smt_4806,ch7_muc2_d111_k3,ent_4806,mentions,semantic
edge_smt_4807,ch7_muc2_d111_k3,ent_4807,mentions,semantic
edge_smt_4808,ch7_muc2_d111_k3,ent_4808,mentions,semantic
edge_smt_4809,ch7_muc2_d111_k3,ent_4809,mentions,semantic
edge_smt_4810,ch7_muc2_d111_k3,ent_4810,mentions,semantic
edge_smt_4811,ch7_muc2_d112_k1,ent_4811,mentions,semantic
edge_smt_4812,ch7_muc2_d112_k1,ent_4812,mentions,semantic
edge_smt_4813,ch7_muc2_d112_k1,ent_4813,mentions,semantic
edge_smt_4814,ch7_muc2_d112_k1,ent_4814,mentions,semantic
edge_smt_4815,ch7_muc2_d112_k1,ent_4815,mentions,semantic
edge_smt_4816,ch7_muc2_d112_k1,ent_4816,mentions,semantic
edge_smt_4817,ch7_muc2_d112_k1,ent_4817,mentions,semantic
edge_smt_4818,ch7_muc2_d112_k1,ent_4818,mentions,semantic
edge_smt_4819,ch7_muc2_d112_k1,ent_4819,mentions,semantic
edge_smt_4820,ch7_muc2_d112_k1,ent_4820,mentions,semantic
edge_smt_4821,ch7_muc2_d112_k1,ent_4821,mentions,semantic
edge_smt_4822,ch7_muc2_d112_k1,ent_4822,mentions,semantic
edge_smt_4823,ch7_muc2_d112_k1,ent_4823,mentions,semantic
edge_smt_4824,ch7_muc2_d112_k1,ent_4824,mentions,semantic
edge_smt_4825,ch7_muc2_d112_k1,ent_4825,mentions,semantic
edge_smt_4826,ch7_muc2_d112_k1,ent_4826,mentions,semantic
edge_smt_4827,ch7_muc2_d112_k1,ent_4827,mentions,semantic
edge_smt_4828,ch7_muc2_d112_k1,ent_4828,mentions,semantic
edge_smt_4829,ch7_muc2_d112_k1,ent_4829,mentions,semantic
edge_smt_4830,ch7_muc2_d112_k1,ent_4830,mentions,semantic
edge_smt_4831,ch7_muc2_d112_k1,ent_4831,mentions,semantic
edge_smt_4832,ch7_muc2_d112_k1,ent_4832,mentions,semantic
edge_smt_4833,ch7_muc2_d112_k1,ent_4833,mentions,semantic
edge_smt_4834,ch7_muc2_d112_k1,ent_4834,mentions,semantic
edge_smt_4835,ch7_muc2_d112_k1,ent_4835,mentions,semantic
edge_smt_4836,ch7_muc2_d112_k1,ent_4836,mentions,semantic
edge_smt_4837,ch7_muc2_d112_k1,ent_4837,mentions,semantic
edge_smt_4838,ch7_muc2_d112_k1,ent_4838,mentions,semantic
edge_smt_4839,ch7_muc2_d112_k1,ent_4839,mentions,semantic
edge_smt_4840,ch7_muc2_d112_k1,ent_4840,mentions,semantic
edge_smt_4841,ch7_muc2_d112_k1,ent_4841,mentions,semantic
edge_smt_4842,ch7_muc2_d112_k1,ent_4842,mentions,semantic
edge_smt_4843,ch7_muc2_d112_k1,ent_4843,mentions,semantic
edge_smt_4844,ch7_muc2_d112_k1_a,ent_4844,mentions,semantic
edge_smt_4845,ch7_muc2_d112_k1_a,ent_4845,mentions,semantic
edge_smt_4846,ch7_muc2_d112_k1_a,ent_4846,mentions,semantic
edge_smt_4847,ch7_muc2_d112_k1_a,ent_4847,mentions,semantic
edge_smt_4848,ch7_muc2_d112_k1_b,ent_4848,mentions,semantic
edge_smt_4849,ch7_muc2_d112_k1_b,ent_4849,mentions,semantic
edge_smt_4850,ch7_muc2_d112_k1_c,ent_4850,mentions,semantic
edge_smt_4851,ch7_muc2_d112_k1_c,ent_4851,mentions,semantic
edge_smt_4852,ch7_muc2_d112_k1_c,ent_4852,mentions,semantic
edge_smt_4853,ch7_muc2_d112_k1_c,ent_4853,mentions,semantic
edge_smt_4854,ch7_muc2_d112_k1_c,ent_4854,mentions,semantic
edge_smt_4855,ch7_muc2_d112_k1_d,ent_4855,mentions,semantic
edge_smt_4856,ch7_muc2_d112_k1_d,ent_4856,mentions,semantic
edge_smt_4857,ch7_muc2_d112_k1_d,ent_4857,mentions,semantic
edge_smt_4858,ch7_muc2_d112_k1_d,ent_4858,mentions,semantic
edge_smt_4859,ch7_muc2_d112_k1_d,ent_4859,mentions,semantic
edge_smt_4860,ch7_muc2_d112_k1_d,ent_4860,mentions,semantic
edge_smt_4861,ch7_muc2_d112_k1_đ,ent_4861,mentions,semantic
edge_smt_4862,ch7_muc2_d112_k1_đ,ent_4862,mentions,semantic
edge_smt_4863,ch7_muc2_d112_k1_đ,ent_4863,mentions,semantic
edge_smt_4864,ch7_muc2_d112_k1_đ,ent_4864,mentions,semantic
edge_smt_4865,ch7_muc2_d112_k1_đ,ent_4865,mentions,semantic
edge_smt_4866,ch7_muc2_d112_k1_đ,ent_4866,mentions,semantic
edge_smt_4867,ch7_muc2_d112_k1_đ,ent_4867,mentions,semantic
edge_smt_4868,ch7_muc2_d112_k1_e,ent_4868,mentions,semantic
edge_smt_4869,ch7_muc2_d112_k1_e,ent_4869,mentions,semantic
edge_smt_4870,ch7_muc2_d112_k1_e,ent_4870,mentions,semantic
edge_smt_4871,ch7_muc2_d112_k1_e,ent_4871,mentions,semantic
edge_smt_4872,ch7_muc2_d112_k1_e,ent_4872,mentions,semantic
edge_smt_4873,ch7_muc2_d112_k2,ent_4873,mentions,semantic
edge_smt_4874,ch7_muc2_d112_k2,ent_4874,mentions,semantic
edge_smt_4875,ch7_muc2_d112_k2,ent_4875,mentions,semantic
edge_smt_4876,ch7_muc2_d112_k2,ent_4876,mentions,semantic
edge_smt_4877,ch7_muc2_d112_k3,ent_4877,mentions,semantic
edge_smt_4878,ch7_muc2_d112_k3,ent_4878,mentions,semantic
edge_smt_4879,ch7_muc2_d112_k3,ent_4879,mentions,semantic
edge_smt_4880,ch7_muc2_d112_k3,ent_4880,mentions,semantic
edge_smt_4881,ch7_muc2_d112_k3,ent_4881,mentions,semantic
edge_smt_4882,ch7_muc2_d112_k3,ent_4882,mentions,semantic
edge_smt_4883,ch7_muc2_d113_k1,ent_4883,mentions,semantic
edge_smt_4884,ch7_muc2_d113_k1,ent_4884,mentions,semantic
edge_smt_4885,ch7_muc2_d113_k1,ent_4885,mentions,semantic
edge_smt_4886,ch7_muc2_d113_k1,ent_4886,mentions,semantic
edge_smt_4887,ch7_muc2_d113_k1,ent_4887,mentions,semantic
edge_smt_4888,ch7_muc2_d113_k1,ent_4888,mentions,semantic
edge_smt_4889,ch7_muc2_d113_k1,ent_4889,mentions,semantic
edge_smt_4890,ch7_muc2_d113_k1,ent_4890,mentions,semantic
edge_smt_4891,ch7_muc2_d113_k1,ent_4891,mentions,semantic
edge_smt_4892,ch7_muc2_d113_k1,ent_4892,mentions,semantic
edge_smt_4893,ch7_muc2_d113_k1,ent_4893,mentions,semantic
edge_smt_4894,ch7_muc2_d113_k1,ent_4894,mentions,semantic
edge_smt_4895,ch7_muc2_d113_k1,ent_4895,mentions,semantic
edge_smt_4896,ch7_muc2_d113_k1,ent_4896,mentions,semantic
edge_smt_4897,ch7_muc2_d113_k1,ent_4897,mentions,semantic
edge_smt_4898,ch7_muc2_d113_k1,ent_4898,mentions,semantic
edge_smt_4899,ch7_muc2_d113_k1,ent_4899,mentions,semantic
edge_smt_4900,ch7_muc2_d113_k1,ent_4900,mentions,semantic
edge_smt_4901,ch7_muc2_d113_k1,ent_4901,mentions,semantic
edge_smt_4902,ch7_muc2_d113_k1,ent_4902,mentions,semantic
edge_smt_4903,ch7_muc2_d113_k1,ent_4903,mentions,semantic
edge_smt_4904,ch7_muc2_d113_k1,ent_4904,mentions,semantic
edge_smt_4905,ch7_muc2_d113_k1,ent_4905,mentions,semantic
edge_smt_4906,ch7_muc2_d113_k1,ent_4906,mentions,semantic
edge_smt_4907,ch7_muc2_d113_k1,ent_4907,mentions,semantic
edge_smt_4908,ch7_muc2_d113_k1,ent_4908,mentions,semantic
edge_smt_4909,ch7_muc2_d113_k1,ent_4909,mentions,semantic
edge_smt_4910,ch7_muc2_d113_k1_a,ent_4910,mentions,semantic
edge_smt_4911,ch7_muc2_d113_k1_a,ent_4911,mentions,semantic
edge_smt_4912,ch7_muc2_d113_k1_a,ent_4912,mentions,semantic
edge_smt_4913,ch7_muc2_d113_k1_b,ent_4913,mentions,semantic
edge_smt_4914,ch7_muc2_d113_k1_b,ent_4914,mentions,semantic
edge_smt_4915,ch7_muc2_d113_k1_b,ent_4915,mentions,semantic
edge_smt_4916,ch7_muc2_d113_k1_b,ent_4916,mentions,semantic
edge_smt_4917,ch7_muc2_d113_k1_b,ent_4917,mentions,semantic
edge_smt_4918,ch7_muc2_d113_k1_b,ent_4918,mentions,semantic
edge_smt_4919,ch7_muc2_d113_k1_b,ent_4919,mentions,semantic
edge_smt_4920,ch7_muc2_d113_k1_b,ent_4920,mentions,semantic
edge_smt_4921,ch7_muc2_d113_k1_c,ent_4921,mentions,semantic
edge_smt_4922,ch7_muc2_d113_k1_c,ent_4922,mentions,semantic
edge_smt_4923,ch7_muc2_d113_k1_c,ent_4923,mentions,semantic
edge_smt_4924,ch7_muc2_d113_k1_c,ent_4924,mentions,semantic
edge_smt_4925,ch7_muc2_d113_k1_c,ent_4925,mentions,semantic
edge_smt_4926,ch7_muc2_d113_k1_c,ent_4926,mentions,semantic
edge_smt_4927,ch7_muc2_d113_k2,ent_4927,mentions,semantic
edge_smt_4928,ch7_muc2_d113_k2,ent_4928,mentions,semantic
edge_smt_4929,ch7_muc2_d113_k2,ent_4929,mentions,semantic
edge_smt_4930,ch7_muc2_d113_k2,ent_4930,mentions,semantic
edge_smt_4931,ch7_muc2_d113_k2,ent_4931,mentions,semantic
edge_smt_4932,ch7_muc2_d113_k2,ent_4932,mentions,semantic
edge_smt_4933,ch7_muc2_d113_k3,ent_4933,mentions,semantic
edge_smt_4934,ch7_muc2_d113_k3,ent_4934,mentions,semantic
edge_smt_4935,ch7_muc2_d113_k3,ent_4935,mentions,semantic
edge_smt_4936,ch7_muc2_d113_k3,ent_4936,mentions,semantic
edge_smt_4937,ch7_muc2_d113_k3,ent_4937,mentions,semantic
edge_smt_4938,ch7_muc2_d113_k3,ent_4938,mentions,semantic
edge_smt_4939,ch7_muc2_d113_k3,ent_4939,mentions,semantic
edge_smt_4940,ch7_muc2_d113_k3,ent_4940,mentions,semantic
edge_smt_4941,ch7_muc2_d113_k3,ent_4941,mentions,semantic
edge_smt_4942,ch7_muc2_d113_k3,ent_4942,mentions,semantic
edge_smt_4943,ch7_muc2_d113_k3,ent_4943,mentions,semantic
edge_smt_4944,ch7_muc2_d113_k4,ent_4944,mentions,semantic
edge_smt_4945,ch7_muc2_d113_k4,ent_4945,mentions,semantic
edge_smt_4946,ch7_muc2_d113_k4,ent_4946,mentions,semantic
edge_smt_4947,ch7_muc2_d113_k4,ent_4947,mentions,semantic
edge_smt_4948,ch7_muc2_d113_k4,ent_4948,mentions,semantic
edge_smt_4949,ch7_muc2_d113_k4,ent_4949,mentions,semantic
edge_smt_4950,ch7_muc2_d113_k4,ent_4950,mentions,semantic
edge_smt_4951,ch7_muc2_d113_k4,ent_4951,mentions,semantic
edge_smt_4952,ch7_muc2_d113_k4,ent_4952,mentions,semantic
edge_smt_4953,ch7_muc2_d113_k4,ent_4953,mentions,semantic
edge_smt_4954,ch7_muc2_d113_k4,ent_4954,mentions,semantic
edge_smt_4955,ch7_muc2_d113_k4,ent_4955,mentions,semantic
edge_smt_4956,ch7_muc2_d113_k4,ent_4956,mentions,semantic
edge_smt_4957,ch7_muc2_d113_k4,ent_4957,mentions,semantic
edge_smt_4958,ch7_muc2_d113_k5,ent_4958,mentions,semantic
edge_smt_4959,ch7_muc2_d113_k5,ent_4959,mentions,semantic
edge_smt_4960,ch7_muc2_d113_k5,ent_4960,mentions,semantic
edge_smt_4961,ch7_muc2_d113_k5,ent_4961,mentions,semantic
edge_smt_4962,ch7_muc2_d113_k5,ent_4962,mentions,semantic
edge_smt_4963,ch7_muc2_d113_k5,ent_4963,mentions,semantic
edge_smt_4964,ch7_muc2_d113_k5,ent_4964,mentions,semantic
edge_smt_4965,ch7_muc2_d113_k5,ent_4965,mentions,semantic
edge_smt_4966,ch7_muc2_d113_k5,ent_4966,mentions,semantic
edge_smt_4967,ch7_muc2_d113_k5,ent_4967,mentions,semantic
edge_smt_4968,ch7_muc2_d113_k5,ent_4968,mentions,semantic
edge_smt_4969,ch7_muc2_d113_k6,ent_4969,mentions,semantic
edge_smt_4970,ch7_muc2_d113_k6,ent_4970,mentions,semantic
edge_smt_4971,ch7_muc2_d113_k6,ent_4971,mentions,semantic
edge_smt_4972,ch7_muc2_d113_k6,ent_4972,mentions,semantic
edge_smt_4973,ch7_muc2_d113_k6,ent_4973,mentions,semantic
edge_smt_4974,ch7_muc2_d113_k6,ent_4974,mentions,semantic
edge_smt_4975,ch7_muc2_d113_k6,ent_4975,mentions,semantic
edge_smt_4976,ch7_muc2_d113_k6,ent_4976,mentions,semantic
edge_smt_4977,ch7_muc2_d113_k7,ent_4977,mentions,semantic
edge_smt_4978,ch7_muc2_d115_k1,ent_4978,mentions,semantic
edge_smt_4979,ch7_muc2_d115_k1,ent_4979,mentions,semantic
edge_smt_4980,ch7_muc2_d115_k1,ent_4980,mentions,semantic
edge_smt_4981,ch7_muc2_d115_k1,ent_4981,mentions,semantic
edge_smt_4982,ch7_muc2_d115_k1,ent_4982,mentions,semantic
edge_smt_4983,ch7_muc2_d115_k1,ent_4983,mentions,semantic
edge_smt_4984,ch7_muc2_d115_k1,ent_4984,mentions,semantic
edge_smt_4985,ch7_muc2_d115_k1,ent_4985,mentions,semantic
edge_smt_4986,ch7_muc2_d115_k1,ent_4986,mentions,semantic
edge_smt_4987,ch7_muc2_d115_k1,ent_4987,mentions,semantic
edge_smt_4988,ch7_muc2_d115_k1,ent_4988,mentions,semantic
edge_smt_4989,ch7_muc2_d115_k1,ent_4989,mentions,semantic
edge_smt_4990,ch7_muc2_d115_k1,ent_4990,mentions,semantic
edge_smt_4991,ch7_muc2_d115_k1,ent_4991,mentions,semantic
edge_smt_4992,ch7_muc2_d115_k1_a,ent_4992,mentions,semantic
edge_smt_4993,ch7_muc2_d115_k1_a,ent_4993,mentions,semantic
edge_smt_4994,ch7_muc2_d115_k1_a,ent_4994,mentions,semantic
edge_smt_4995,ch7_muc2_d115_k1_b,ent_4995,mentions,semantic
edge_smt_4996,ch7_muc2_d115_k1_b,ent_4996,mentions,semantic
edge_smt_4997,ch7_muc2_d115_k1_b,ent_4997,mentions,semantic
edge_smt_4998,ch7_muc2_d115_k1_c,ent_4998,mentions,semantic
edge_smt_4999,ch7_muc2_d115_k1_c,ent_4999,mentions,semantic
edge_smt_5000,ch7_muc2_d115_k1_c,ent_5000,mentions,semantic
edge_smt_5001,ch7_muc2_d115_k1_c,ent_5001,mentions,semantic
edge_smt_5002,ch7_muc2_d115_k1_c,ent_5002,mentions,semantic
edge_smt_5003,ch7_muc2_d115_k1_c,ent_5003,mentions,semantic
edge_smt_5004,ch7_muc2_d115_k2,ent_5004,mentions,semantic
edge_smt_5005,ch7_muc2_d115_k2,ent_5005,mentions,semantic
edge_smt_5006,ch7_muc2_d115_k2,ent_5006,mentions,semantic
edge_smt_5007,ch7_muc2_d115_k2,ent_5007,mentions,semantic
edge_smt_5008,ch7_muc2_d115_k2,ent_5008,mentions,semantic
edge_smt_5009,ch7_muc2_d115_k2,ent_5009,mentions,semantic
edge_smt_5010,ch7_muc2_d115_k2,ent_5010,mentions,semantic
edge_smt_5011,ch7_muc2_d115_k3,ent_5011,mentions,semantic
edge_smt_5012,ch7_muc2_d115_k3,ent_5012,mentions,semantic
edge_smt_5013,ch7_muc2_d115_k3,ent_5013,mentions,semantic
edge_smt_5014,ch7_muc2_d115_k3,ent_5014,mentions,semantic
edge_smt_5015,ch8_muc1_d118_k1,ent_5015,mentions,semantic
edge_smt_5016,ch8_muc1_d118_k1,ent_5016,mentions,semantic
edge_smt_5017,ch8_muc1_d118_k1,ent_5017,mentions,semantic
edge_smt_5018,ch8_muc1_d118_k1,ent_5018,mentions,semantic
edge_smt_5019,ch8_muc1_d118_k1,ent_5019,mentions,semantic
edge_smt_5020,ch8_muc1_d118_k1,ent_5020,mentions,semantic
edge_smt_5021,ch8_muc1_d118_k1,ent_5021,mentions,semantic
edge_smt_5022,ch8_muc1_d118_k1,ent_5022,mentions,semantic
edge_smt_5023,ch8_muc1_d118_k2,ent_5023,mentions,semantic
edge_smt_5024,ch8_muc1_d118_k2,ent_5024,mentions,semantic
edge_smt_5025,ch8_muc1_d118_k2,ent_5025,mentions,semantic
edge_smt_5026,ch8_muc1_d118_k2,ent_5026,mentions,semantic
edge_smt_5027,ch8_muc1_d118_k2,ent_5027,mentions,semantic
edge_smt_5028,ch8_muc1_d118_k2,ent_5028,mentions,semantic
edge_smt_5029,ch8_muc1_d118_k2,ent_5029,mentions,semantic
edge_smt_5030,ch8_muc1_d118_k2,ent_5030,mentions,semantic
edge_smt_5031,ch8_muc1_d118_k2,ent_5031,mentions,semantic
edge_smt_5032,ch8_muc1_d118_k2,ent_5032,mentions,semantic
edge_smt_5033,ch8_muc1_d118_k2,ent_5033,mentions,semantic
edge_smt_5034,ch8_muc1_d118_k2,ent_5034,mentions,semantic
edge_smt_5035,ch8_muc1_d118_k2,ent_5035,mentions,semantic
edge_smt_5036,ch8_muc1_d118_k2,ent_5036,mentions,semantic
edge_smt_5037,ch8_muc1_d118_k2,ent_5037,mentions,semantic
edge_smt_5038,ch8_muc1_d118_k2,ent_5038,mentions,semantic
edge_smt_5039,ch8_muc1_d118_k2,ent_5039,mentions,semantic
edge_smt_5040,ch8_muc1_d118_k2,ent_5040,mentions,semantic
edge_smt_5041,ch8_muc1_d118_k2,ent_5041,mentions,semantic
edge_smt_5042,ch8_muc1_d118_k2_a,ent_5042,mentions,semantic
edge_smt_5043,ch8_muc1_d118_k2_a,ent_5043,mentions,semantic
edge_smt_5044,ch8_muc1_d118_k2_a,ent_5044,mentions,semantic
edge_smt_5045,ch8_muc1_d118_k2_b,ent_5045,mentions,semantic
edge_smt_5046,ch8_muc1_d118_k2_b,ent_5046,mentions,semantic
edge_smt_5047,ch8_muc1_d118_k2_c,ent_5047,mentions,semantic
edge_smt_5048,ch8_muc1_d118_k2_c,ent_5048,mentions,semantic
edge_smt_5049,ch8_muc1_d118_k2_d,ent_5049,mentions,semantic
edge_smt_5050,ch8_muc1_d118_k2_d,ent_5050,mentions,semantic
edge_smt_5051,ch8_muc1_d118_k2_d,ent_5051,mentions,semantic
edge_smt_5052,ch8_muc1_d118_k2_d,ent_5052,mentions,semantic
edge_smt_5053,ch8_muc1_d118_k2_d,ent_5053,mentions,semantic
edge_smt_5054,ch8_muc1_d118_k2_d,ent_5054,mentions,semantic
edge_smt_5055,ch8_muc1_d118_k2_đ,ent_5055,mentions,semantic
edge_smt_5056,ch8_muc1_d118_k2_đ,ent_5056,mentions,semantic
edge_smt_5057,ch8_muc1_d118_k2_đ,ent_5057,mentions,semantic
edge_smt_5058,ch8_muc1_d118_k2_đ,ent_5058,mentions,semantic
edge_smt_5059,ch8_muc1_d118_k2_đ,ent_5059,mentions,semantic
edge_smt_5060,ch8_muc1_d118_k2_e,ent_5060,mentions,semantic
edge_smt_5061,ch8_muc1_d118_k2_e,ent_5061,mentions,semantic
edge_smt_5062,ch8_muc1_d118_k2_e,ent_5062,mentions,semantic
edge_smt_5063,ch8_muc1_d118_k2_e,ent_5063,mentions,semantic
edge_smt_5064,ch8_muc1_d118_k2_g,ent_5064,mentions,semantic
edge_smt_5065,ch8_muc1_d118_k2_g,ent_5065,mentions,semantic
edge_smt_5066,ch8_muc1_d118_k2_h,ent_5066,mentions,semantic
edge_smt_5067,ch8_muc1_d118_k2_i,ent_5067,mentions,semantic
edge_smt_5068,ch8_muc1_d118_k3,ent_5068,mentions,semantic
edge_smt_5069,ch8_muc1_d118_k3,ent_5069,mentions,semantic
edge_smt_5070,ch8_muc1_d118_k3,ent_5070,mentions,semantic
edge_smt_5071,ch8_muc1_d118_k3,ent_5071,mentions,semantic
edge_smt_5072,ch8_muc1_d118_k3,ent_5072,mentions,semantic
edge_smt_5073,ch8_muc1_d118_k3,ent_5073,mentions,semantic
edge_smt_5074,ch8_muc1_d118_k3,ent_5074,mentions,semantic
edge_smt_5075,ch8_muc1_d118_k3,ent_5075,mentions,semantic
edge_smt_5076,ch8_muc1_d118_k3,ent_5076,mentions,semantic
edge_smt_5077,ch8_muc1_d118_k3,ent_5077,mentions,semantic
edge_smt_5078,ch8_muc1_d118_k3,ent_5078,mentions,semantic
edge_smt_5079,ch8_muc1_d118_k3,ent_5079,mentions,semantic
edge_smt_5080,ch8_muc1_d118_k3,ent_5080,mentions,semantic
edge_smt_5081,ch8_muc1_d118_k3,ent_5081,mentions,semantic
edge_smt_5082,ch8_muc1_d118_k3,ent_5082,mentions,semantic
edge_smt_5083,ch8_muc1_d118_k3,ent_5083,mentions,semantic
edge_smt_5084,ch8_muc1_d118_k3,ent_5084,mentions,semantic
edge_smt_5085,ch8_muc1_d118_k4,ent_5085,mentions,semantic
edge_smt_5086,ch8_muc1_d118_k4,ent_5086,mentions,semantic
edge_smt_5087,ch8_muc1_d118_k4,ent_5087,mentions,semantic
edge_smt_5088,ch8_muc1_d118_k4,ent_5088,mentions,semantic
edge_smt_5089,ch8_muc1_d118_k4,ent_5089,mentions,semantic
edge_smt_5090,ch8_muc1_d118_k5,ent_5090,mentions,semantic
edge_smt_5091,ch8_muc1_d119_k1,ent_5091,mentions,semantic
edge_smt_5092,ch8_muc1_d119_k1,ent_5092,mentions,semantic
edge_smt_5093,ch8_muc1_d119_k1,ent_5093,mentions,semantic
edge_smt_5094,ch8_muc1_d119_k1,ent_5094,mentions,semantic
edge_smt_5095,ch8_muc1_d119_k1,ent_5095,mentions,semantic
edge_smt_5096,ch8_muc1_d119_k1,ent_5096,mentions,semantic
edge_smt_5097,ch8_muc1_d119_k1,ent_5097,mentions,semantic
edge_smt_5098,ch8_muc1_d119_k1,ent_5098,mentions,semantic
edge_smt_5099,ch8_muc1_d119_k1,ent_5099,mentions,semantic
edge_smt_5100,ch8_muc1_d119_k2,ent_5100,mentions,semantic
edge_smt_5101,ch8_muc1_d119_k2,ent_5101,mentions,semantic
edge_smt_5102,ch8_muc1_d119_k2,ent_5102,mentions,semantic
edge_smt_5103,ch8_muc1_d119_k2,ent_5103,mentions,semantic
edge_smt_5104,ch8_muc1_d119_k2,ent_5104,mentions,semantic
edge_smt_5105,ch8_muc1_d119_k2,ent_5105,mentions,semantic
edge_smt_5106,ch8_muc1_d119_k2,ent_5106,mentions,semantic
edge_smt_5107,ch8_muc1_d119_k2,ent_5107,mentions,semantic
edge_smt_5108,ch8_muc1_d119_k2,ent_5108,mentions,semantic
edge_smt_5109,ch8_muc1_d119_k3,ent_5109,mentions,semantic
edge_smt_5110,ch8_muc1_d119_k3,ent_5110,mentions,semantic
edge_smt_5111,ch8_muc1_d119_k3,ent_5111,mentions,semantic
edge_smt_5112,ch8_muc1_d119_k3,ent_5112,mentions,semantic
edge_smt_5113,ch8_muc1_d119_k3,ent_5113,mentions,semantic
edge_smt_5114,ch8_muc1_d119_k3,ent_5114,mentions,semantic
edge_smt_5115,ch8_muc1_d119_k3,ent_5115,mentions,semantic
edge_smt_5116,ch8_muc1_d119_k3,ent_5116,mentions,semantic
edge_smt_5117,ch8_muc1_d119_k3,ent_5117,mentions,semantic
edge_smt_5118,ch8_muc1_d119_k3,ent_5118,mentions,semantic
edge_smt_5119,ch8_muc1_d119_k3,ent_5119,mentions,semantic
edge_smt_5120,ch8_muc1_d119_k3,ent_5120,mentions,semantic
edge_smt_5121,ch8_muc1_d119_k3,ent_5121,mentions,semantic
edge_smt_5122,ch8_muc1_d119_k3,ent_5122,mentions,semantic
edge_smt_5123,ch8_muc1_d119_k4,ent_5123,mentions,semantic
edge_smt_5124,ch8_muc1_d119_k4,ent_5124,mentions,semantic
edge_smt_5125,ch8_muc1_d119_k4,ent_5125,mentions,semantic
edge_smt_5126,ch8_muc1_d119_k4,ent_5126,mentions,semantic
edge_smt_5127,ch8_muc1_d119_k5,ent_5127,mentions,semantic
edge_smt_5128,ch8_muc1_d119_k5,ent_5128,mentions,semantic
edge_smt_5129,ch8_muc1_d119_k5,ent_5129,mentions,semantic
edge_smt_5130,ch8_muc1_d119_k5,ent_5130,mentions,semantic
edge_smt_5131,ch8_muc1_d120_k1,ent_5131,mentions,semantic
edge_smt_5132,ch8_muc1_d120_k1,ent_5132,mentions,semantic
edge_smt_5133,ch8_muc1_d120_k1,ent_5133,mentions,semantic
edge_smt_5134,ch8_muc1_d120_k2,ent_5134,mentions,semantic
edge_smt_5135,ch8_muc1_d120_k3,ent_5135,mentions,semantic
edge_smt_5136,ch8_muc1_d120_k3,ent_5136,mentions,semantic
edge_smt_5137,ch8_muc1_d120_k3,ent_5137,mentions,semantic
edge_smt_5138,ch8_muc1_d120_k3,ent_5138,mentions,semantic
edge_smt_5139,ch8_muc1_d120_k3,ent_5139,mentions,semantic
edge_smt_5140,ch8_muc1_d120_k3,ent_5140,mentions,semantic
edge_smt_5141,ch8_muc1_d120_k3,ent_5141,mentions,semantic
edge_smt_5142,ch8_muc1_d120_k3,ent_5142,mentions,semantic
edge_smt_5143,ch8_muc1_d120_k3,ent_5143,mentions,semantic
edge_smt_5144,ch8_muc1_d120_k3,ent_5144,mentions,semantic
edge_smt_5145,ch8_muc1_d120_k3,ent_5145,mentions,semantic
edge_smt_5146,ch8_muc1_d120_k4,ent_5146,mentions,semantic
edge_smt_5147,ch8_muc1_d122_k1,ent_5147,mentions,semantic
edge_smt_5148,ch8_muc1_d122_k1,ent_5148,mentions,semantic
edge_smt_5149,ch8_muc1_d122_k1,ent_5149,mentions,semantic
edge_smt_5150,ch8_muc1_d122_k1,ent_5150,mentions,semantic
edge_smt_5151,ch8_muc1_d122_k1,ent_5151,mentions,semantic
edge_smt_5152,ch8_muc1_d122_k1,ent_5152,mentions,semantic
edge_smt_5153,ch8_muc1_d122_k1,ent_5153,mentions,semantic
edge_smt_5154,ch8_muc1_d122_k1,ent_5154,mentions,semantic
edge_smt_5155,ch8_muc1_d122_k1,ent_5155,mentions,semantic
edge_smt_5156,ch8_muc1_d122_k1,ent_5156,mentions,semantic
edge_smt_5157,ch8_muc1_d122_k1,ent_5157,mentions,semantic
edge_smt_5158,ch8_muc1_d122_k1,ent_5158,mentions,semantic
edge_smt_5159,ch8_muc1_d122_k1,ent_5159,mentions,semantic
edge_smt_5160,ch8_muc1_d122_k1,ent_5160,mentions,semantic
edge_smt_5161,ch8_muc1_d122_k1,ent_5161,mentions,semantic
edge_smt_5162,ch8_muc1_d122_k1,ent_5162,mentions,semantic
edge_smt_5163,ch8_muc1_d122_k1,ent_5163,mentions,semantic
edge_smt_5164,ch8_muc1_d122_k1,ent_5164,mentions,semantic
edge_smt_5165,ch8_muc1_d122_k1,ent_5165,mentions,semantic
edge_smt_5166,ch8_muc1_d122_k1,ent_5166,mentions,semantic
edge_smt_5167,ch8_muc1_d122_k1,ent_5167,mentions,semantic
edge_smt_5168,ch8_muc1_d122_k1,ent_5168,mentions,semantic
edge_smt_5169,ch8_muc1_d122_k1,ent_5169,mentions,semantic
edge_smt_5170,ch8_muc1_d122_k1,ent_5170,mentions,semantic
edge_smt_5171,ch8_muc1_d122_k1_a,ent_5171,mentions,semantic
edge_smt_5172,ch8_muc1_d122_k1_a,ent_5172,mentions,semantic
edge_smt_5173,ch8_muc1_d122_k1_a,ent_5173,mentions,semantic
edge_smt_5174,ch8_muc1_d122_k1_a,ent_5174,mentions,semantic
edge_smt_5175,ch8_muc1_d122_k1_b,ent_5175,mentions,semantic
edge_smt_5176,ch8_muc1_d122_k1_b,ent_5176,mentions,semantic
edge_smt_5177,ch8_muc1_d122_k1_b,ent_5177,mentions,semantic
edge_smt_5178,ch8_muc1_d122_k1_b,ent_5178,mentions,semantic
edge_smt_5179,ch8_muc1_d122_k1_b,ent_5179,mentions,semantic
edge_smt_5180,ch8_muc1_d122_k1_b,ent_5180,mentions,semantic
edge_smt_5181,ch8_muc1_d122_k1_b,ent_5181,mentions,semantic
edge_smt_5182,ch8_muc1_d122_k1_b,ent_5182,mentions,semantic
edge_smt_5183,ch8_muc1_d122_k1_b,ent_5183,mentions,semantic
edge_smt_5184,ch8_muc1_d122_k1_c,ent_5184,mentions,semantic
edge_smt_5185,ch8_muc1_d122_k1_c,ent_5185,mentions,semantic
edge_smt_5186,ch8_muc1_d122_k1_c,ent_5186,mentions,semantic
edge_smt_5187,ch8_muc1_d122_k1_c,ent_5187,mentions,semantic
edge_smt_5188,ch8_muc1_d122_k1_c,ent_5188,mentions,semantic
edge_smt_5189,ch8_muc1_d122_k1_c,ent_5189,mentions,semantic
edge_smt_5190,ch8_muc1_d122_k1_c,ent_5190,mentions,semantic
edge_smt_5191,ch8_muc1_d122_k1_c,ent_5191,mentions,semantic
edge_smt_5192,ch8_muc1_d122_k1_c,ent_5192,mentions,semantic
edge_smt_5193,ch8_muc1_d122_k1_c,ent_5193,mentions,semantic
edge_smt_5194,ch8_muc1_d122_k1_c,ent_5194,mentions,semantic
edge_smt_5195,ch8_muc1_d122_k1_c,ent_5195,mentions,semantic
edge_smt_5196,ch8_muc1_d122_k1_d,ent_5196,mentions,semantic
edge_smt_5197,ch8_muc1_d122_k1_d,ent_5197,mentions,semantic
edge_smt_5198,ch8_muc1_d122_k2,ent_5198,mentions,semantic
edge_smt_5199,ch8_muc1_d122_k2,ent_5199,mentions,semantic
edge_smt_5200,ch8_muc1_d122_k3,ent_5200,mentions,semantic
edge_smt_5201,ch8_muc1_d122_k3,ent_5201,mentions,semantic
edge_smt_5202,ch8_muc1_d122_k3,ent_5202,mentions,semantic
edge_smt_5203,ch8_muc1_d122_k4,ent_5203,mentions,semantic
edge_smt_5204,ch8_muc1_d122_k4,ent_5204,mentions,semantic
edge_smt_5205,ch8_muc1_d122_k4,ent_5205,mentions,semantic
edge_smt_5206,ch8_muc1_d122_k4,ent_5206,mentions,semantic
edge_smt_5207,ch8_muc1_d122_k4,ent_5207,mentions,semantic
edge_smt_5208,ch8_muc1_d122_k4,ent_5208,mentions,semantic
edge_smt_5209,ch8_muc1_d122_k4,ent_5209,mentions,semantic
edge_smt_5210,ch8_muc1_d122_k4,ent_5210,mentions,semantic
edge_smt_5211,ch8_muc1_d122_k4,ent_5211,mentions,semantic
edge_smt_5212,ch8_muc1_d122_k4,ent_5212,mentions,semantic
edge_smt_5213,ch8_muc1_d122_k4,ent_5213,mentions,semantic
edge_smt_5214,ch8_muc1_d122_k4,ent_5214,mentions,semantic
edge_smt_5215,ch8_muc1_d122_k4,ent_5215,mentions,semantic
edge_smt_5216,ch8_muc1_d122_k4,ent_5216,mentions,semantic
edge_smt_5217,ch8_muc1_d122_k4,ent_5217,mentions,semantic
edge_smt_5218,ch8_muc1_d122_k4,ent_5218,mentions,semantic
edge_smt_5219,ch8_muc1_d122_k4,ent_5219,mentions,semantic
edge_smt_5220,ch8_muc1_d122_k4,ent_5220,mentions,semantic
edge_smt_5221,ch8_muc1_d122_k4,ent_5221,mentions,semantic
edge_smt_5222,ch8_muc1_d122_k4,ent_5222,mentions,semantic
edge_smt_5223,ch8_muc1_d122_k4,ent_5223,mentions,semantic
edge_smt_5224,ch8_muc1_d122_k4,ent_5224,mentions,semantic
edge_smt_5225,ch8_muc1_d122_k4_a,ent_5225,mentions,semantic
edge_smt_5226,ch8_muc1_d122_k4_a,ent_5226,mentions,semantic
edge_smt_5227,ch8_muc1_d122_k4_a,ent_5227,mentions,semantic
edge_smt_5228,ch8_muc1_d122_k4_a,ent_5228,mentions,semantic
edge_smt_5229,ch8_muc1_d122_k4_a,ent_5229,mentions,semantic
edge_smt_5230,ch8_muc1_d122_k4_b,ent_5230,mentions,semantic
edge_smt_5231,ch8_muc1_d122_k4_c,ent_5231,mentions,semantic
edge_smt_5232,ch8_muc1_d122_k4_c,ent_5232,mentions,semantic
edge_smt_5233,ch8_muc1_d122_k4_c,ent_5233,mentions,semantic
edge_smt_5234,ch8_muc1_d122_k4_c,ent_5234,mentions,semantic
edge_smt_5235,ch8_muc1_d122_k4_c,ent_5235,mentions,semantic
edge_smt_5236,ch8_muc1_d122_k4_c,ent_5236,mentions,semantic
edge_smt_5237,ch8_muc1_d122_k4_c,ent_5237,mentions,semantic
edge_smt_5238,ch8_muc1_d122_k4_d,ent_5238,mentions,semantic
edge_smt_5239,ch8_muc1_d122_k4_d,ent_5239,mentions,semantic
edge_smt_5240,ch8_muc1_d122_k4_d,ent_5240,mentions,semantic
edge_smt_5241,ch8_muc1_d122_k4_d,ent_5241,mentions,semantic
edge_smt_5242,ch8_muc1_d122_k4_d,ent_5242,mentions,semantic
edge_smt_5243,ch8_muc1_d122_k4_d,ent_5243,mentions,semantic
edge_smt_5244,ch8_muc1_d122_k4_d,ent_5244,mentions,semantic
edge_smt_5245,ch8_muc1_d122_k4_d,ent_5245,mentions,semantic
edge_smt_5246,ch8_muc1_d122_k4_d,ent_5246,mentions,semantic
edge_smt_5247,ch8_muc1_d122_k4_d,ent_5247,mentions,semantic
edge_smt_5248,ch8_muc1_d122_k4_d,ent_5248,mentions,semantic
edge_smt_5249,ch8_muc1_d122_k5,ent_5249,mentions,semantic
edge_smt_5250,ch8_muc1_d122_k5,ent_5250,mentions,semantic
edge_smt_5251,ch8_muc1_d122_k5,ent_5251,mentions,semantic
edge_smt_5252,ch8_muc1_d122_k6,ent_5252,mentions,semantic
edge_smt_5253,ch8_muc1_d122_k6,ent_5253,mentions,semantic
edge_smt_5254,ch8_muc1_d122_k6,ent_5254,mentions,semantic
edge_smt_5255,ch8_muc1_d123_k1,ent_5255,mentions,semantic
edge_smt_5256,ch8_muc1_d123_k1,ent_5256,mentions,semantic
edge_smt_5257,ch8_muc1_d123_k1,ent_5257,mentions,semantic
edge_smt_5258,ch8_muc1_d123_k1,ent_5258,mentions,semantic
edge_smt_5259,ch8_muc1_d123_k1,ent_5259,mentions,semantic
edge_smt_5260,ch8_muc1_d123_k1,ent_5260,mentions,semantic
edge_smt_5261,ch8_muc1_d123_k1,ent_5261,mentions,semantic
edge_smt_5262,ch8_muc1_d123_k1,ent_5262,mentions,semantic
edge_smt_5263,ch8_muc1_d123_k1,ent_5263,mentions,semantic
edge_smt_5264,ch8_muc1_d123_k1,ent_5264,mentions,semantic
edge_smt_5265,ch8_muc1_d123_k1,ent_5265,mentions,semantic
edge_smt_5266,ch8_muc1_d123_k2,ent_5266,mentions,semantic
edge_smt_5267,ch8_muc1_d123_k2,ent_5267,mentions,semantic
edge_smt_5268,ch8_muc1_d123_k2,ent_5268,mentions,semantic
edge_smt_5269,ch8_muc1_d123_k2,ent_5269,mentions,semantic
edge_smt_5270,ch8_muc1_d123_k2,ent_5270,mentions,semantic
edge_smt_5271,ch8_muc1_d123_k2,ent_5271,mentions,semantic
edge_smt_5272,ch8_muc1_d123_k2,ent_5272,mentions,semantic
edge_smt_5273,ch8_muc1_d123_k2,ent_5273,mentions,semantic
edge_smt_5274,ch8_muc1_d123_k2,ent_5274,mentions,semantic
edge_smt_5275,ch8_muc1_d123_k2,ent_5275,mentions,semantic
edge_smt_5276,ch8_muc1_d123_k2,ent_5276,mentions,semantic
edge_smt_5277,ch8_muc1_d123_k3,ent_5277,mentions,semantic
edge_smt_5278,ch8_muc1_d123_k3,ent_5278,mentions,semantic
edge_smt_5279,ch8_muc1_d123_k3,ent_5279,mentions,semantic
edge_smt_5280,ch8_muc1_d124_k2,ent_5280,mentions,semantic
edge_smt_5281,ch8_muc1_d124_k2,ent_5281,mentions,semantic
edge_smt_5282,ch8_muc1_d124_k2,ent_5282,mentions,semantic
edge_smt_5283,ch8_muc1_d124_k2,ent_5283,mentions,semantic
edge_smt_5284,ch8_muc1_d125_k1,ent_5284,mentions,semantic
edge_smt_5285,ch8_muc1_d125_k1,ent_5285,mentions,semantic
edge_smt_5286,ch8_muc1_d125_k2,ent_5286,mentions,semantic
edge_smt_5287,ch8_muc1_d125_k2,ent_5287,mentions,semantic
edge_smt_5288,ch8_muc1_d125_k2,ent_5288,mentions,semantic
edge_smt_5289,ch8_muc1_d125_k2,ent_5289,mentions,semantic
edge_smt_5290,ch8_muc1_d125_k2,ent_5290,mentions,semantic
edge_smt_5291,ch8_muc1_d125_k2,ent_5291,mentions,semantic
edge_smt_5292,ch8_muc1_d125_k2,ent_5292,mentions,semantic
edge_smt_5293,ch8_muc1_d125_k2,ent_5293,mentions,semantic
edge_smt_5294,ch8_muc1_d125_k2,ent_5294,mentions,semantic
edge_smt_5295,ch8_muc1_d125_k2,ent_5295,mentions,semantic
edge_smt_5296,ch8_muc1_d125_k2,ent_5296,mentions,semantic
edge_smt_5297,ch8_muc1_d125_k3,ent_5297,mentions,semantic
edge_smt_5298,ch8_muc1_d125_k3,ent_5298,mentions,semantic
edge_smt_5299,ch8_muc1_d125_k3,ent_5299,mentions,semantic
edge_smt_5300,ch8_muc1_d125_k3,ent_5300,mentions,semantic
edge_smt_5301,ch8_muc1_d125_k3,ent_5301,mentions,semantic
edge_smt_5302,ch8_muc1_d125_k3,ent_5302,mentions,semantic
edge_smt_5303,ch8_muc1_d125_k3,ent_5303,mentions,semantic
edge_smt_5304,ch8_muc1_d125_k3,ent_5304,mentions,semantic
edge_smt_5305,ch8_muc1_d125_k3,ent_5305,mentions,semantic
edge_smt_5306,ch8_muc1_d125_k3,ent_5306,mentions,semantic
edge_smt_5307,ch8_muc1_d125_k3,ent_5307,mentions,semantic
edge_smt_5308,ch8_muc1_d125_k4,ent_5308,mentions,semantic
edge_smt_5309,ch8_muc1_d125_k4,ent_5309,mentions,semantic
edge_smt_5310,ch8_muc1_d125_k4,ent_5310,mentions,semantic
edge_smt_5311,ch8_muc1_d125_k4,ent_5311,mentions,semantic
edge_smt_5312,ch8_muc1_d125_k4,ent_5312,mentions,semantic
edge_smt_5313,ch8_muc1_d125_k4,ent_5313,mentions,semantic
edge_smt_5314,ch8_muc1_d125_k4,ent_5314,mentions,semantic
edge_smt_5315,ch8_muc1_d125_k4,ent_5315,mentions,semantic
edge_smt_5316,ch8_muc1_d125_k4,ent_5316,mentions,semantic
edge_smt_5317,ch8_muc1_d125_k4,ent_5317,mentions,semantic
edge_smt_5318,ch8_muc1_d125_k4,ent_5318,mentions,semantic
edge_smt_5319,ch8_muc1_d125_k4,ent_5319,mentions,semantic
edge_smt_5320,ch8_muc1_d126_k1,ent_5320,mentions,semantic
edge_smt_5321,ch8_muc1_d126_k1,ent_5321,mentions,semantic
edge_smt_5322,ch8_muc1_d126_k1,ent_5322,mentions,semantic
edge_smt_5323,ch8_muc1_d126_k1,ent_5323,mentions,semantic
edge_smt_5324,ch8_muc1_d126_k1,ent_5324,mentions,semantic
edge_smt_5325,ch8_muc1_d126_k1,ent_5325,mentions,semantic
edge_smt_5326,ch8_muc1_d126_k1,ent_5326,mentions,semantic
edge_smt_5327,ch8_muc1_d126_k1,ent_5327,mentions,semantic
edge_smt_5328,ch8_muc1_d126_k1,ent_5328,mentions,semantic
edge_smt_5329,ch8_muc1_d126_k1,ent_5329,mentions,semantic
edge_smt_5330,ch8_muc1_d126_k1,ent_5330,mentions,semantic
edge_smt_5331,ch8_muc1_d126_k1,ent_5331,mentions,semantic
edge_smt_5332,ch8_muc1_d126_k1,ent_5332,mentions,semantic
edge_smt_5333,ch8_muc1_d126_k1,ent_5333,mentions,semantic
edge_smt_5334,ch8_muc1_d126_k2,ent_5334,mentions,semantic
edge_smt_5335,ch8_muc1_d126_k2,ent_5335,mentions,semantic
edge_smt_5336,ch8_muc1_d126_k2,ent_5336,mentions,semantic
edge_smt_5337,ch8_muc1_d126_k2,ent_5337,mentions,semantic
edge_smt_5338,ch8_muc1_d126_k2,ent_5338,mentions,semantic
edge_smt_5339,ch8_muc1_d126_k2,ent_5339,mentions,semantic
edge_smt_5340,ch8_muc1_d126_k2,ent_5340,mentions,semantic
edge_smt_5341,ch8_muc1_d126_k2,ent_5341,mentions,semantic
edge_smt_5342,ch8_muc1_d126_k2,ent_5342,mentions,semantic
edge_smt_5343,ch8_muc1_d126_k2,ent_5343,mentions,semantic
edge_smt_5344,ch8_muc1_d126_k2,ent_5344,mentions,semantic
edge_smt_5345,ch8_muc1_d127_k1,ent_5345,mentions,semantic
edge_smt_5346,ch8_muc1_d127_k1,ent_5346,mentions,semantic
edge_smt_5347,ch8_muc1_d127_k1,ent_5347,mentions,semantic
edge_smt_5348,ch8_muc1_d127_k2,ent_5348,mentions,semantic
edge_smt_5349,ch8_muc1_d127_k2,ent_5349,mentions,semantic
edge_smt_5350,ch8_muc1_d127_k3,ent_5350,mentions,semantic
edge_smt_5351,ch8_muc1_d127_k3,ent_5351,mentions,semantic
edge_smt_5352,ch8_muc1_d127_k3,ent_5352,mentions,semantic
edge_smt_5353,ch8_muc1_d127_k3,ent_5353,mentions,semantic
edge_smt_5354,ch8_muc1_d127_k3,ent_5354,mentions,semantic
edge_smt_5355,ch8_muc1_d127_k3,ent_5355,mentions,semantic
edge_smt_5356,ch8_muc1_d127_k3,ent_5356,mentions,semantic
edge_smt_5357,ch8_muc1_d128_k1,ent_5357,mentions,semantic
edge_smt_5358,ch8_muc1_d128_k1,ent_5358,mentions,semantic
edge_smt_5359,ch8_muc1_d128_k1,ent_5359,mentions,semantic
edge_smt_5360,ch8_muc1_d128_k1,ent_5360,mentions,semantic
edge_smt_5361,ch8_muc1_d128_k1,ent_5361,mentions,semantic
edge_smt_5362,ch8_muc1_d128_k1,ent_5362,mentions,semantic
edge_smt_5363,ch8_muc1_d128_k1,ent_5363,mentions,semantic
edge_smt_5364,ch8_muc1_d128_k1,ent_5364,mentions,semantic
edge_smt_5365,ch8_muc1_d128_k1,ent_5365,mentions,semantic
edge_smt_5366,ch8_muc1_d128_k1,ent_5366,mentions,semantic
edge_smt_5367,ch8_muc1_d128_k1,ent_5367,mentions,semantic
edge_smt_5368,ch8_muc1_d128_k1,ent_5368,mentions,semantic
edge_smt_5369,ch8_muc1_d128_k1,ent_5369,mentions,semantic
edge_smt_5370,ch8_muc1_d128_k1,ent_5370,mentions,semantic
edge_smt_5371,ch8_muc1_d128_k1,ent_5371,mentions,semantic
edge_smt_5372,ch8_muc1_d128_k1,ent_5372,mentions,semantic
edge_smt_5373,ch8_muc1_d128_k1,ent_5373,mentions,semantic
edge_smt_5374,ch8_muc1_d128_k1,ent_5374,mentions,semantic
edge_smt_5375,ch8_muc1_d128_k1,ent_5375,mentions,semantic
edge_smt_5376,ch8_muc1_d128_k1,ent_5376,mentions,semantic
edge_smt_5377,ch8_muc1_d128_k1,ent_5377,mentions,semantic
edge_smt_5378,ch8_muc1_d128_k2,ent_5378,mentions,semantic
edge_smt_5379,ch8_muc1_d128_k2,ent_5379,mentions,semantic
edge_smt_5380,ch8_muc1_d128_k2,ent_5380,mentions,semantic
edge_smt_5381,ch8_muc1_d128_k2,ent_5381,mentions,semantic
edge_smt_5382,ch8_muc1_d128_k2,ent_5382,mentions,semantic
edge_smt_5383,ch8_muc1_d128_k2,ent_5383,mentions,semantic
edge_smt_5384,ch8_muc1_d128_k2,ent_5384,mentions,semantic
edge_smt_5385,ch8_muc1_d128_k2,ent_5385,mentions,semantic
edge_smt_5386,ch8_muc1_d128_k2,ent_5386,mentions,semantic
edge_smt_5387,ch8_muc1_d128_k2,ent_5387,mentions,semantic
edge_smt_5388,ch8_muc1_d128_k2,ent_5388,mentions,semantic
edge_smt_5389,ch8_muc1_d128_k2,ent_5389,mentions,semantic
edge_smt_5390,ch8_muc1_d128_k2,ent_5390,mentions,semantic
edge_smt_5391,ch8_muc1_d128_k2,ent_5391,mentions,semantic
edge_smt_5392,ch8_muc1_d128_k2,ent_5392,mentions,semantic
edge_smt_5393,ch8_muc1_d128_k2,ent_5393,mentions,semantic
edge_smt_5394,ch8_muc1_d128_k2,ent_5394,mentions,semantic
edge_smt_5395,ch8_muc1_d128_k2,ent_5395,mentions,semantic
edge_smt_5396,ch8_muc1_d128_k2,ent_5396,mentions,semantic
edge_smt_5397,ch8_muc1_d128_k2,ent_5397,mentions,semantic
edge_smt_5398,ch8_muc1_d128_k2,ent_5398,mentions,semantic
edge_smt_5399,ch8_muc1_d128_k2,ent_5399,mentions,semantic
edge_smt_5400,ch8_muc1_d128_k2,ent_5400,mentions,semantic
edge_smt_5401,ch8_muc1_d128_k2,ent_5401,mentions,semantic
edge_smt_5402,ch8_muc1_d128_k2,ent_5402,mentions,semantic
edge_smt_5403,ch8_muc1_d128_k2,ent_5403,mentions,semantic
edge_smt_5404,ch8_muc1_d128_k2,ent_5404,mentions,semantic
edge_smt_5405,ch8_muc1_d128_k3,ent_5405,mentions,semantic
edge_smt_5406,ch8_muc1_d128_k3,ent_5406,mentions,semantic
edge_smt_5407,ch8_muc1_d128_k3,ent_5407,mentions,semantic
edge_smt_5408,ch8_muc1_d128_k3,ent_5408,mentions,semantic
edge_smt_5409,ch8_muc1_d128_k3,ent_5409,mentions,semantic
edge_smt_5410,ch8_muc1_d128_k3,ent_5410,mentions,semantic
edge_smt_5411,ch8_muc1_d128_k3,ent_5411,mentions,semantic
edge_smt_5412,ch8_muc1_d128_k3,ent_5412,mentions,semantic
edge_smt_5413,ch8_muc1_d128_k3,ent_5413,mentions,semantic
edge_smt_5414,ch8_muc1_d128_k3,ent_5414,mentions,semantic
edge_smt_5415,ch8_muc1_d128_k4,ent_5415,mentions,semantic
edge_smt_5416,ch8_muc1_d128_k4,ent_5416,mentions,semantic
edge_smt_5417,ch8_muc1_d128_k4,ent_5417,mentions,semantic
edge_smt_5418,ch8_muc1_d128_k4,ent_5418,mentions,semantic
edge_smt_5419,ch8_muc1_d128_k4,ent_5419,mentions,semantic
edge_smt_5420,ch8_muc1_d128_k4,ent_5420,mentions,semantic
edge_smt_5421,ch8_muc1_d128_k4,ent_5421,mentions,semantic
edge_smt_5422,ch8_muc1_d128_k4,ent_5422,mentions,semantic
edge_smt_5423,ch8_muc1_d128_k4,ent_5423,mentions,semantic
edge_smt_5424,ch8_muc1_d128_k4,ent_5424,mentions,semantic
edge_smt_5425,ch8_muc1_d128_k4,ent_5425,mentions,semantic
edge_smt_5426,ch8_muc1_d128_k4,ent_5426,mentions,semantic
edge_smt_5427,ch8_muc1_d128_k4,ent_5427,mentions,semantic
edge_smt_5428,ch8_muc1_d128_k4,ent_5428,mentions,semantic
edge_smt_5429,ch8_muc1_d128_k4,ent_5429,mentions,semantic
edge_smt_5430,ch8_muc2_d129_k1,ent_5430,mentions,semantic
edge_smt_5431,ch8_muc2_d129_k1,ent_5431,mentions,semantic
edge_smt_5432,ch8_muc2_d129_k1,ent_5432,mentions,semantic
edge_smt_5433,ch8_muc2_d129_k1,ent_5433,mentions,semantic
edge_smt_5434,ch8_muc2_d129_k1,ent_5434,mentions,semantic
edge_smt_5435,ch8_muc2_d129_k1,ent_5435,mentions,semantic
edge_smt_5436,ch8_muc2_d129_k1,ent_5436,mentions,semantic
edge_smt_5437,ch8_muc2_d129_k1,ent_5437,mentions,semantic
edge_smt_5438,ch8_muc2_d129_k1,ent_5438,mentions,semantic
edge_smt_5439,ch8_muc2_d129_k1,ent_5439,mentions,semantic
edge_smt_5440,ch8_muc2_d129_k1,ent_5440,mentions,semantic
edge_smt_5441,ch8_muc2_d129_k1,ent_5441,mentions,semantic
edge_smt_5442,ch8_muc2_d129_k1,ent_5442,mentions,semantic
edge_smt_5443,ch8_muc2_d129_k1,ent_5443,mentions,semantic
edge_smt_5444,ch8_muc2_d129_k1,ent_5444,mentions,semantic
edge_smt_5445,ch8_muc2_d129_k1,ent_5445,mentions,semantic
edge_smt_5446,ch8_muc2_d129_k1,ent_5446,mentions,semantic
edge_smt_5447,ch8_muc2_d129_k1,ent_5447,mentions,semantic
edge_smt_5448,ch8_muc2_d129_k1,ent_5448,mentions,semantic
edge_smt_5449,ch8_muc2_d129_k1,ent_5449,mentions,semantic
edge_smt_5450,ch8_muc2_d129_k1,ent_5450,mentions,semantic
edge_smt_5451,ch8_muc2_d129_k1,ent_5451,mentions,semantic
edge_smt_5452,ch8_muc2_d129_k1,ent_5452,mentions,semantic
edge_smt_5453,ch8_muc2_d129_k1,ent_5453,mentions,semantic
edge_smt_5454,ch8_muc2_d129_k1,ent_5454,mentions,semantic
edge_smt_5455,ch8_muc2_d129_k1,ent_5455,mentions,semantic
edge_smt_5456,ch8_muc2_d129_k1,ent_5456,mentions,semantic
edge_smt_5457,ch8_muc2_d129_k1,ent_5457,mentions,semantic
edge_smt_5458,ch8_muc2_d129_k1,ent_5458,mentions,semantic
edge_smt_5459,ch8_muc2_d129_k1,ent_5459,mentions,semantic
edge_smt_5460,ch8_muc2_d129_k1,ent_5460,mentions,semantic
edge_smt_5461,ch8_muc2_d129_k2,ent_5461,mentions,semantic
edge_smt_5462,ch8_muc2_d129_k2,ent_5462,mentions,semantic
edge_smt_5463,ch8_muc2_d129_k2,ent_5463,mentions,semantic
edge_smt_5464,ch8_muc2_d129_k2,ent_5464,mentions,semantic
edge_smt_5465,ch8_muc2_d129_k2,ent_5465,mentions,semantic
edge_smt_5466,ch8_muc2_d129_k2,ent_5466,mentions,semantic
edge_smt_5467,ch8_muc2_d129_k2,ent_5467,mentions,semantic
edge_smt_5468,ch8_muc2_d129_k2,ent_5468,mentions,semantic
edge_smt_5469,ch8_muc2_d129_k2,ent_5469,mentions,semantic
edge_smt_5470,ch8_muc2_d129_k2,ent_5470,mentions,semantic
edge_smt_5471,ch8_muc2_d129_k2,ent_5471,mentions,semantic
edge_smt_5472,ch8_muc2_d129_k2,ent_5472,mentions,semantic
edge_smt_5473,ch8_muc2_d129_k2,ent_5473,mentions,semantic
edge_smt_5474,ch8_muc2_d129_k2,ent_5474,mentions,semantic
edge_smt_5475,ch8_muc2_d129_k2,ent_5475,mentions,semantic
edge_smt_5476,ch8_muc2_d129_k2,ent_5476,mentions,semantic
edge_smt_5477,ch8_muc2_d129_k2,ent_5477,mentions,semantic
edge_smt_5478,ch8_muc2_d129_k2,ent_5478,mentions,semantic
edge_smt_5479,ch8_muc2_d129_k2,ent_5479,mentions,semantic
edge_smt_5480,ch8_muc2_d130_k1,ent_5480,mentions,semantic
edge_smt_5481,ch8_muc2_d130_k1,ent_5481,mentions,semantic
edge_smt_5482,ch8_muc2_d130_k1,ent_5482,mentions,semantic
edge_smt_5483,ch8_muc2_d130_k1,ent_5483,mentions,semantic
edge_smt_5484,ch8_muc2_d130_k1,ent_5484,mentions,semantic
edge_smt_5485,ch8_muc2_d130_k1,ent_5485,mentions,semantic
edge_smt_5486,ch8_muc2_d130_k2,ent_5486,mentions,semantic
edge_smt_5487,ch8_muc2_d130_k2,ent_5487,mentions,semantic
edge_smt_5488,ch8_muc2_d130_k2,ent_5488,mentions,semantic
edge_smt_5489,ch8_muc2_d130_k2,ent_5489,mentions,semantic
edge_smt_5490,ch8_muc2_d130_k2,ent_5490,mentions,semantic
edge_smt_5491,ch9_d133_k1,ent_5491,mentions,semantic
edge_smt_5492,ch9_d133_k1,ent_5492,mentions,semantic
edge_smt_5493,ch9_d133_k2,ent_5493,mentions,semantic
edge_smt_5494,ch9_d133_k2,ent_5494,mentions,semantic
edge_smt_5495,ch9_d133_k2,ent_5495,mentions,semantic
edge_smt_5496,ch9_d133_k2,ent_5496,mentions,semantic
edge_smt_5497,ch9_d134_k1,ent_5497,mentions,semantic
edge_smt_5498,ch9_d134_k1,ent_5498,mentions,semantic
edge_smt_5499,ch9_d134_k1,ent_5499,mentions,semantic
edge_smt_5500,ch9_d134_k1,ent_5500,mentions,semantic
edge_smt_5501,ch9_d134_k1,ent_5501,mentions,semantic
edge_smt_5502,ch9_d134_k1,ent_5502,mentions,semantic
edge_smt_5503,ch9_d134_k2,ent_5503,mentions,semantic
edge_smt_5504,ch9_d134_k2,ent_5504,mentions,semantic
edge_smt_5505,ch9_d134_k2,ent_5505,mentions,semantic
edge_smt_5506,ch9_d134_k2,ent_5506,mentions,semantic
edge_smt_5507,ch9_d134_k2,ent_5507,mentions,semantic
edge_smt_5508,ch9_d134_k2,ent_5508,mentions,semantic
edge_smt_5509,ch9_d134_k2,ent_5509,mentions,semantic
edge_smt_5510,ch9_d134_k2,ent_5510,mentions,semantic
edge_smt_5511,ch9_d134_k2,ent_5511,mentions,semantic
edge_smt_5512,ch10_d135_k1,ent_5512,mentions,semantic
edge_smt_5513,ch10_d135_k1,ent_5513,mentions,semantic
edge_smt_5514,ch10_d135_k1,ent_5514,mentions,semantic
edge_smt_5515,ch10_d135_k1,ent_5515,mentions,semantic
edge_smt_5516,ch10_d135_k1,ent_5516,mentions,semantic
edge_smt_5517,ch10_d135_k1,ent_5517,mentions,semantic
edge_smt_5518,ch10_d135_k2,ent_5518,mentions,semantic
edge_smt_5519,ch10_d135_k2,ent_5519,mentions,semantic
edge_smt_5520,ch10_d135_k2,ent_5520,mentions,semantic
edge_smt_5521,ch10_d135_k2,ent_5521,mentions,semantic
edge_smt_5522,ch10_d135_k2,ent_5522,mentions,semantic
edge_smt_5523,ch10_d135_k2,ent_5523,mentions,semantic
edge_smt_5524,ch10_d135_k3,ent_5524,mentions,semantic
edge_smt_5525,ch10_d135_k3,ent_5525,mentions,semantic
edge_smt_5526,ch10_d135_k3,ent_5526,mentions,semantic
edge_smt_5527,ch10_d135_k4,ent_5527,mentions,semantic
edge_smt_5528,ch10_d135_k4,ent_5528,mentions,semantic
edge_smt_5529,ch10_d135_k4,ent_5529,mentions,semantic
edge_smt_5530,ch10_d135_k4,ent_5530,mentions,semantic
edge_smt_5531,ch10_d135_k5,ent_5531,mentions,semantic
edge_smt_5532,ch10_d135_k5,ent_5532,mentions,semantic
edge_smt_5533,ch10_d135_k5,ent_5533,mentions,semantic
edge_smt_5534,ch10_d135_k5,ent_5534,mentions,semantic
edge_smt_5535,ch10_d135_k6,ent_5535,mentions,semantic
edge_smt_5536,ch10_d136_k1,ent_5536,mentions,semantic
edge_smt_5537,ch10_d136_k1,ent_5537,mentions,semantic
edge_smt_5538,ch10_d136_k1,ent_5538,mentions,semantic
edge_smt_5539,ch10_d136_k1,ent_5539,mentions,semantic
edge_smt_5540,ch10_d136_k1,ent_5540,mentions,semantic
edge_smt_5541,ch10_d136_k1,ent_5541,mentions,semantic
edge_smt_5542,ch10_d136_k1,ent_5542,mentions,semantic
edge_smt_5543,ch10_d136_k1,ent_5543,mentions,semantic
edge_smt_5544,ch10_d136_k2,ent_5544,mentions,semantic
edge_smt_5545,ch10_d136_k2,ent_5545,mentions,semantic
edge_smt_5546,ch10_d136_k2,ent_5546,mentions,semantic
edge_smt_5547,ch10_d136_k3,ent_5547,mentions,semantic
edge_smt_5548,ch10_d136_k3,ent_5548,mentions,semantic
edge_smt_5549,ch10_d136_k4,ent_5549,mentions,semantic
edge_smt_5550,ch10_d136_k4,ent_5550,mentions,semantic
edge_smt_5551,ch10_d136_k4,ent_5551,mentions,semantic
edge_smt_5552,ch10_d137_k1,ent_5552,mentions,semantic
edge_smt_5553,ch10_d137_k1,ent_5553,mentions,semantic
edge_smt_5554,ch10_d137_k1,ent_5554,mentions,semantic
edge_smt_5555,ch10_d137_k1,ent_5555,mentions,semantic
edge_smt_5556,ch10_d137_k1,ent_5556,mentions,semantic
edge_smt_5557,ch10_d137_k1,ent_5557,mentions,semantic
edge_smt_5558,ch10_d137_k1,ent_5558,mentions,semantic
edge_smt_5559,ch10_d137_k1,ent_5559,mentions,semantic
edge_smt_5560,ch10_d137_k1,ent_5560,mentions,semantic
edge_smt_5561,ch10_d137_k1,ent_5561,mentions,semantic
edge_smt_5562,ch10_d137_k1,ent_5562,mentions,semantic
edge_smt_5563,ch10_d137_k1,ent_5563,mentions,semantic
edge_smt_5564,ch10_d137_k1,ent_5564,mentions,semantic
edge_smt_5565,ch10_d137_k1,ent_5565,mentions,semantic
edge_smt_5566,ch10_d137_k1,ent_5566,mentions,semantic
edge_smt_5567,ch10_d137_k1,ent_5567,mentions,semantic
edge_smt_5568,ch10_d137_k1_a,ent_5568,mentions,semantic
edge_smt_5569,ch10_d137_k1_a,ent_5569,mentions,semantic
edge_smt_5570,ch10_d137_k1_a,ent_5570,mentions,semantic
edge_smt_5571,ch10_d137_k1_b,ent_5571,mentions,semantic
edge_smt_5572,ch10_d137_k1_b,ent_5572,mentions,semantic
edge_smt_5573,ch10_d137_k1_b,ent_5573,mentions,semantic
edge_smt_5574,ch10_d137_k1_b,ent_5574,mentions,semantic
edge_smt_5575,ch10_d137_k1_b,ent_5575,mentions,semantic
edge_smt_5576,ch10_d137_k1_b,ent_5576,mentions,semantic
edge_smt_5577,ch10_d137_k2,ent_5577,mentions,semantic
edge_smt_5578,ch10_d137_k2,ent_5578,mentions,semantic
edge_smt_5579,ch10_d137_k2,ent_5579,mentions,semantic
edge_smt_5580,ch10_d137_k2,ent_5580,mentions,semantic
edge_smt_5581,ch10_d137_k2,ent_5581,mentions,semantic
edge_smt_5582,ch10_d137_k2,ent_5582,mentions,semantic
edge_smt_5583,ch10_d137_k2,ent_5583,mentions,semantic
edge_smt_5584,ch10_d137_k2,ent_5584,mentions,semantic
edge_smt_5585,ch10_d137_k2,ent_5585,mentions,semantic
edge_smt_5586,ch10_d137_k2,ent_5586,mentions,semantic
edge_smt_5587,ch10_d137_k2,ent_5587,mentions,semantic
edge_smt_5588,ch10_d137_k2,ent_5588,mentions,semantic
edge_smt_5589,ch10_d137_k2,ent_5589,mentions,semantic
edge_smt_5590,ch10_d137_k2,ent_5590,mentions,semantic
edge_smt_5591,ch10_d137_k2,ent_5591,mentions,semantic
edge_smt_5592,ch10_d137_k2,ent_5592,mentions,semantic
edge_smt_5593,ch10_d137_k2,ent_5593,mentions,semantic
edge_smt_5594,ch10_d137_k2,ent_5594,mentions,semantic
edge_smt_5595,ch10_d137_k2,ent_5595,mentions,semantic
edge_smt_5596,ch10_d137_k2,ent_5596,mentions,semantic
edge_smt_5597,ch10_d137_k2,ent_5597,mentions,semantic
edge_smt_5598,ch10_d137_k2,ent_5598,mentions,semantic
edge_smt_5599,ch10_d137_k2,ent_5599,mentions,semantic
edge_smt_5600,ch10_d137_k2,ent_5600,mentions,semantic
edge_smt_5601,ch10_d137_k3,ent_5601,mentions,semantic
edge_smt_5602,ch10_d137_k3,ent_5602,mentions,semantic
edge_smt_5603,ch10_d137_k3,ent_5603,mentions,semantic
edge_smt_5604,ch10_d137_k3,ent_5604,mentions,semantic
edge_smt_5605,ch10_d137_k3,ent_5605,mentions,semantic
edge_smt_5606,ch10_d137_k3,ent_5606,mentions,semantic
edge_smt_5607,ch10_d137_k3,ent_5607,mentions,semantic
edge_smt_5608,ch10_d137_k3,ent_5608,mentions,semantic
edge_smt_5609,ch10_d137_k3,ent_5609,mentions,semantic
edge_smt_5610,ch10_d137_k3,ent_5610,mentions,semantic
edge_smt_5611,ch10_d137_k3,ent_5611,mentions,semantic
edge_smt_5612,ch10_d137_k3,ent_5612,mentions,semantic
edge_smt_5613,ch10_d137_k3,ent_5613,mentions,semantic
edge_smt_5614,ch10_d137_k3,ent_5614,mentions,semantic
edge_smt_5615,ch10_d137_k3,ent_5615,mentions,semantic
edge_smt_5616,ch10_d137_k3,ent_5616,mentions,semantic
edge_smt_5617,ch10_d137_k3,ent_5617,mentions,semantic
edge_smt_5618,ch10_d137_k3,ent_5618,mentions,semantic
edge_smt_5619,ch10_d137_k3,ent_5619,mentions,semantic
edge_smt_5620,ch10_d137_k3,ent_5620,mentions,semantic
edge_smt_5621,ch10_d137_k3,ent_5621,mentions,semantic
edge_smt_5622,ch10_d137_k3,ent_5622,mentions,semantic
edge_smt_5623,ch10_d137_k3,ent_5623,mentions,semantic
edge_smt_5624,ch10_d137_k3,ent_5624,mentions,semantic
edge_smt_5625,ch10_d137_k3,ent_5625,mentions,semantic
edge_smt_5626,ch10_d137_k3,ent_5626,mentions,semantic
edge_smt_5627,ch10_d137_k3,ent_5627,mentions,semantic
edge_smt_5628,ch10_d137_k3,ent_5628,mentions,semantic
edge_smt_5629,ch10_d137_k3,ent_5629,mentions,semantic
edge_smt_5630,ch10_d137_k3,ent_5630,mentions,semantic
edge_smt_5631,ch10_d137_k3,ent_5631,mentions,semantic
edge_smt_5632,ch10_d137_k3,ent_5632,mentions,semantic
edge_smt_5633,ch10_d137_k3,ent_5633,mentions,semantic
edge_smt_5634,ch10_d137_k3,ent_5634,mentions,semantic
edge_smt_5635,ch10_d137_k3,ent_5635,mentions,semantic
edge_smt_5636,ch10_d137_k3,ent_5636,mentions,semantic
edge_smt_5637,ch10_d137_k3,ent_5637,mentions,semantic
edge_smt_5638,ch10_d137_k3,ent_5638,mentions,semantic
edge_smt_5639,ch10_d137_k3,ent_5639,mentions,semantic
edge_smt_5640,ch10_d137_k3,ent_5640,mentions,semantic
edge_smt_5641,ch10_d137_k3,ent_5641,mentions,semantic
edge_smt_5642,ch10_d137_k3,ent_5642,mentions,semantic
edge_smt_5643,ch10_d137_k3,ent_5643,mentions,semantic
edge_smt_5644,ch10_d137_k3,ent_5644,mentions,semantic
edge_smt_5645,ch10_d137_k3,ent_5645,mentions,semantic
edge_smt_5646,ch10_d137_k3,ent_5646,mentions,semantic
edge_smt_5647,ch10_d137_k4,ent_5647,mentions,semantic
edge_smt_5648,ch10_d137_k4,ent_5648,mentions,semantic
edge_smt_5649,ch10_d137_k4,ent_5649,mentions,semantic
edge_smt_5650,ch10_d137_k4,ent_5650,mentions,semantic
edge_smt_5651,ch10_d137_k4,ent_5651,mentions,semantic
edge_smt_5652,ch10_d137_k4,ent_5652,mentions,semantic
edge_smt_5653,ch10_d137_k4,ent_5653,mentions,semantic
edge_smt_5654,ch10_d137_k4,ent_5654,mentions,semantic
edge_smt_5655,ch10_d137_k4,ent_5655,mentions,semantic
edge_smt_5656,ch10_d138_k1,ent_5656,mentions,semantic
edge_smt_5657,ch10_d138_k1,ent_5657,mentions,semantic
edge_smt_5658,ch10_d138_k1,ent_5658,mentions,semantic
edge_smt_5659,ch10_d138_k1,ent_5659,mentions,semantic
edge_smt_5660,ch10_d138_k1,ent_5660,mentions,semantic
edge_smt_5661,ch10_d138_k1,ent_5661,mentions,semantic
edge_smt_5662,ch10_d138_k1,ent_5662,mentions,semantic
edge_smt_5663,ch10_d138_k1,ent_5663,mentions,semantic
edge_smt_5664,ch10_d138_k1,ent_5664,mentions,semantic
edge_smt_5665,ch10_d138_k1,ent_5665,mentions,semantic
edge_smt_5666,ch10_d138_k1,ent_5666,mentions,semantic
edge_smt_5667,ch10_d138_k1,ent_5667,mentions,semantic
edge_smt_5668,ch10_d138_k1,ent_5668,mentions,semantic
edge_smt_5669,ch10_d138_k1,ent_5669,mentions,semantic
edge_smt_5670,ch10_d138_k1,ent_5670,mentions,semantic
edge_smt_5671,ch10_d138_k1,ent_5671,mentions,semantic
edge_smt_5672,ch10_d138_k1,ent_5672,mentions,semantic
edge_smt_5673,ch10_d138_k1,ent_5673,mentions,semantic
edge_smt_5674,ch10_d138_k1,ent_5674,mentions,semantic
edge_smt_5675,ch10_d138_k1,ent_5675,mentions,semantic
edge_smt_5676,ch10_d138_k1,ent_5676,mentions,semantic
edge_smt_5677,ch10_d138_k1,ent_5677,mentions,semantic
edge_smt_5678,ch10_d138_k1,ent_5678,mentions,semantic
edge_smt_5679,ch10_d138_k1,ent_5679,mentions,semantic
edge_smt_5680,ch10_d138_k1,ent_5680,mentions,semantic
edge_smt_5681,ch10_d138_k1,ent_5681,mentions,semantic
edge_smt_5682,ch10_d138_k1,ent_5682,mentions,semantic
edge_smt_5683,ch10_d138_k1,ent_5683,mentions,semantic
edge_smt_5684,ch10_d138_k1,ent_5684,mentions,semantic
edge_smt_5685,ch10_d138_k2,ent_5685,mentions,semantic
edge_smt_5686,ch10_d138_k2,ent_5686,mentions,semantic
edge_smt_5687,ch10_d138_k2,ent_5687,mentions,semantic
edge_smt_5688,ch10_d138_k2,ent_5688,mentions,semantic
edge_smt_5689,ch10_d138_k2,ent_5689,mentions,semantic
edge_smt_5690,ch10_d138_k2,ent_5690,mentions,semantic
edge_smt_5691,ch10_d138_k2,ent_5691,mentions,semantic
edge_smt_5692,ch10_d138_k2,ent_5692,mentions,semantic
edge_smt_5693,ch10_d138_k2,ent_5693,mentions,semantic
edge_smt_5694,ch10_d138_k2,ent_5694,mentions,semantic
edge_smt_5695,ch10_d138_k2,ent_5695,mentions,semantic
edge_smt_5696,ch10_d138_k2,ent_5696,mentions,semantic
edge_smt_5697,ch10_d138_k2,ent_5697,mentions,semantic
edge_smt_5698,ch10_d138_k2,ent_5698,mentions,semantic
edge_smt_5699,ch10_d138_k2,ent_5699,mentions,semantic
edge_smt_5700,ch10_d138_k2,ent_5700,mentions,semantic
edge_smt_5701,ch10_d138_k2,ent_5701,mentions,semantic
edge_smt_5702,ch10_d138_k2,ent_5702,mentions,semantic
edge_smt_5703,ch10_d138_k2,ent_5703,mentions,semantic
edge_smt_5704,ch10_d138_k2,ent_5704,mentions,semantic
edge_smt_5705,ch10_d138_k2,ent_5705,mentions,semantic
edge_smt_5706,ch10_d138_k2,ent_5706,mentions,semantic
edge_smt_5707,ch10_d138_k2,ent_5707,mentions,semantic
edge_smt_5708,ch10_d138_k2,ent_5708,mentions,semantic
edge_smt_5709,ch10_d139_k1,ent_5709,mentions,semantic
edge_smt_5710,ch10_d139_k1,ent_5710,mentions,semantic
edge_smt_5711,ch10_d139_k1,ent_5711,mentions,semantic
edge_smt_5712,ch10_d139_k1,ent_5712,mentions,semantic
edge_smt_5713,ch10_d139_k1,ent_5713,mentions,semantic
edge_smt_5714,ch10_d139_k1,ent_5714,mentions,semantic
edge_smt_5715,ch10_d139_k1,ent_5715,mentions,semantic
edge_smt_5716,ch10_d139_k1,ent_5716,mentions,semantic
edge_smt_5717,ch10_d139_k1,ent_5717,mentions,semantic
edge_smt_5718,ch10_d139_k1,ent_5718,mentions,semantic
edge_smt_5719,ch10_d139_k1,ent_5719,mentions,semantic
edge_smt_5720,ch10_d139_k1,ent_5720,mentions,semantic
edge_smt_5721,ch10_d139_k1,ent_5721,mentions,semantic
edge_smt_5722,ch10_d139_k1,ent_5722,mentions,semantic
edge_smt_5723,ch10_d139_k1,ent_5723,mentions,semantic
edge_smt_5724,ch10_d139_k1,ent_5724,mentions,semantic
edge_smt_5725,ch10_d139_k1,ent_5725,mentions,semantic
edge_smt_5726,ch10_d139_k1,ent_5726,mentions,semantic
edge_smt_5727,ch10_d139_k2,ent_5727,mentions,semantic
edge_smt_5728,ch10_d139_k2,ent_5728,mentions,semantic
edge_smt_5729,ch10_d139_k2,ent_5729,mentions,semantic
edge_smt_5730,ch10_d139_k2,ent_5730,mentions,semantic
edge_smt_5731,ch10_d139_k2,ent_5731,mentions,semantic
edge_smt_5732,ch10_d139_k2,ent_5732,mentions,semantic
edge_smt_5733,ch10_d139_k3,ent_5733,mentions,semantic
edge_smt_5734,ch10_d139_k3,ent_5734,mentions,semantic
edge_smt_5735,ch10_d139_k3,ent_5735,mentions,semantic
edge_smt_5736,ch10_d139_k3,ent_5736,mentions,semantic
edge_smt_5737,ch10_d139_k3,ent_5737,mentions,semantic
edge_smt_5738,ch10_d139_k3,ent_5738,mentions,semantic
edge_smt_5739,ch10_d139_k4,ent_5739,mentions,semantic
edge_smt_5740,ch10_d139_k4,ent_5740,mentions,semantic
edge_smt_5741,ch10_d139_k4,ent_5741,mentions,semantic
edge_smt_5742,ch10_d139_k4,ent_5742,mentions,semantic
edge_smt_5743,ch10_d139_k4,ent_5743,mentions,semantic
edge_smt_5744,ch10_d139_k4,ent_5744,mentions,semantic
edge_smt_5745,ch10_d139_k4,ent_5745,mentions,semantic
edge_smt_5746,ch10_d139_k4,ent_5746,mentions,semantic
edge_smt_5747,ch10_d139_k4,ent_5747,mentions,semantic
edge_smt_5748,ch10_d139_k4,ent_5748,mentions,semantic
edge_smt_5749,ch10_d139_k4,ent_5749,mentions,semantic
edge_smt_5750,ch10_d139_k4,ent_5750,mentions,semantic
edge_smt_5751,ch10_d139_k4,ent_5751,mentions,semantic
edge_smt_5752,ch10_d139_k4,ent_5752,mentions,semantic
edge_smt_5753,ch10_d139_k4,ent_5753,mentions,semantic
edge_smt_5754,ch10_d139_k4,ent_5754,mentions,semantic
edge_smt_5755,ch10_d139_k4,ent_5755,mentions,semantic
edge_smt_5756,ch10_d139_k4,ent_5756,mentions,semantic
edge_smt_5757,ch10_d139_k4,ent_5757,mentions,semantic
edge_smt_5758,ch10_d139_k4,ent_5758,mentions,semantic
edge_smt_5759,ch10_d139_k4,ent_5759,mentions,semantic
edge_smt_5760,ch10_d139_k4,ent_5760,mentions,semantic
edge_smt_5761,ch10_d139_k4,ent_5761,mentions,semantic
edge_smt_5762,ch10_d139_k5,ent_5762,mentions,semantic
edge_smt_5763,ch10_d139_k5,ent_5763,mentions,semantic
edge_smt_5764,ch10_d139_k5,ent_5764,mentions,semantic
edge_smt_5765,ch10_d139_k5,ent_5765,mentions,semantic
edge_smt_5766,ch10_d139_k5,ent_5766,mentions,semantic
edge_smt_5767,ch10_d139_k5,ent_5767,mentions,semantic
edge_smt_5768,ch10_d139_k5,ent_5768,mentions,semantic
edge_smt_5769,ch10_d139_k5,ent_5769,mentions,semantic
edge_smt_5770,ch10_d139_k5,ent_5770,mentions,semantic
edge_smt_5771,ch10_d139_k5,ent_5771,mentions,semantic
edge_smt_5772,ch10_d139_k5,ent_5772,mentions,semantic
edge_smt_5773,ch10_d139_k5,ent_5773,mentions,semantic
edge_smt_5774,ch10_d139_k5,ent_5774,mentions,semantic
edge_smt_5775,ch10_d139_k5,ent_5775,mentions,semantic
edge_smt_5776,ch10_d139_k5,ent_5776,mentions,semantic
edge_smt_5777,ch10_d139_k5,ent_5777,mentions,semantic
edge_smt_5778,ch10_d139_k5,ent_5778,mentions,semantic
edge_smt_5779,ch10_d139_k5,ent_5779,mentions,semantic
edge_smt_5780,ch10_d142_k1,ent_5780,mentions,semantic
edge_smt_5781,ch10_d142_k1,ent_5781,mentions,semantic
edge_smt_5782,ch10_d142_k1,ent_5782,mentions,semantic
edge_smt_5783,ch10_d142_k1,ent_5783,mentions,semantic
edge_smt_5784,ch10_d142_k1,ent_5784,mentions,semantic
edge_smt_5785,ch10_d142_k2,ent_5785,mentions,semantic
edge_smt_5786,ch10_d142_k2,ent_5786,mentions,semantic
edge_smt_5787,ch10_d142_k2,ent_5787,mentions,semantic
edge_smt_5788,ch10_d142_k2,ent_5788,mentions,semantic
edge_smt_5789,ch10_d142_k2,ent_5789,mentions,semantic
edge_smt_5790,ch10_d142_k2,ent_5790,mentions,semantic
edge_smt_5791,ch10_d142_k2,ent_5791,mentions,semantic
edge_smt_5792,ch10_d142_k2,ent_5792,mentions,semantic
edge_smt_5793,ch10_d142_k2,ent_5793,mentions,semantic
edge_smt_5794,ch10_d142_k2,ent_5794,mentions,semantic
edge_smt_5795,ch10_d142_k2,ent_5795,mentions,semantic
edge_smt_5796,ch10_d142_k2,ent_5796,mentions,semantic
edge_smt_5797,ch10_d142_k2,ent_5797,mentions,semantic
edge_smt_5798,ch11_muc1_d143_k1,ent_5798,mentions,semantic
edge_smt_5799,ch11_muc1_d143_k1,ent_5799,mentions,semantic
edge_smt_5800,ch11_muc1_d143_k2,ent_5800,mentions,semantic
edge_smt_5801,ch11_muc1_d143_k2,ent_5801,mentions,semantic
edge_smt_5802,ch11_muc1_d143_k2,ent_5802,mentions,semantic
edge_smt_5803,ch11_muc1_d143_k2,ent_5803,mentions,semantic
edge_smt_5804,ch11_muc1_d143_k2,ent_5804,mentions,semantic
edge_smt_5805,ch11_muc1_d143_k2,ent_5805,mentions,semantic
edge_smt_5806,ch11_muc1_d143_k2,ent_5806,mentions,semantic
edge_smt_5807,ch11_muc1_d143_k2,ent_5807,mentions,semantic
edge_smt_5808,ch11_muc1_d143_k2,ent_5808,mentions,semantic
edge_smt_5809,ch11_muc1_d143_k3,ent_5809,mentions,semantic
edge_smt_5810,ch11_muc1_d143_k3,ent_5810,mentions,semantic
edge_smt_5811,ch11_muc1_d143_k3,ent_5811,mentions,semantic
edge_smt_5812,ch11_muc1_d143_k3,ent_5812,mentions,semantic
edge_smt_5813,ch11_muc1_d143_k3,ent_5813,mentions,semantic
edge_smt_5814,ch11_muc1_d143_k3,ent_5814,mentions,semantic
edge_smt_5815,ch11_muc1_d143_k3,ent_5815,mentions,semantic
edge_smt_5816,ch11_muc1_d143_k4,ent_5816,mentions,semantic
edge_smt_5817,ch11_muc1_d143_k4,ent_5817,mentions,semantic
edge_smt_5818,ch11_muc1_d143_k4,ent_5818,mentions,semantic
edge_smt_5819,ch11_muc1_d143_k4,ent_5819,mentions,semantic
edge_smt_5820,ch11_muc1_d143_k4,ent_5820,mentions,semantic
edge_smt_5821,ch11_muc1_d143_k4,ent_5821,mentions,semantic
edge_smt_5822,ch11_muc1_d143_k4,ent_5822,mentions,semantic
edge_smt_5823,ch11_muc1_d143_k4,ent_5823,mentions,semantic
edge_smt_5824,ch11_muc1_d144_k1,ent_5824,mentions,semantic
edge_smt_5825,ch11_muc1_d144_k1,ent_5825,mentions,semantic
edge_smt_5826,ch11_muc1_d144_k1,ent_5826,mentions,semantic
edge_smt_5827,ch11_muc1_d144_k2,ent_5827,mentions,semantic
edge_smt_5828,ch11_muc1_d144_k2,ent_5828,mentions,semantic
edge_smt_5829,ch11_muc1_d144_k2,ent_5829,mentions,semantic
edge_smt_5830,ch11_muc1_d144_k2,ent_5830,mentions,semantic
edge_smt_5831,ch11_muc1_d144_k3,ent_5831,mentions,semantic
edge_smt_5832,ch11_muc1_d144_k3,ent_5832,mentions,semantic
edge_smt_5833,ch11_muc1_d144_k3,ent_5833,mentions,semantic
edge_smt_5834,ch11_muc1_d144_k3,ent_5834,mentions,semantic
edge_smt_5835,ch11_muc1_d144_k3,ent_5835,mentions,semantic
edge_smt_5836,ch11_muc1_d144_k3,ent_5836,mentions,semantic
edge_smt_5837,ch11_muc1_d144_k4,ent_5837,mentions,semantic
edge_smt_5838,ch11_muc1_d144_k4,ent_5838,mentions,semantic
edge_smt_5839,ch11_muc1_d144_k4,ent_5839,mentions,semantic
edge_smt_5840,ch11_muc1_d145_k1,ent_5840,mentions,semantic
edge_smt_5841,ch11_muc1_d145_k1,ent_5841,mentions,semantic
edge_smt_5842,ch11_muc1_d145_k1,ent_5842,mentions,semantic
edge_smt_5843,ch11_muc1_d145_k1,ent_5843,mentions,semantic
edge_smt_5844,ch11_muc1_d145_k1,ent_5844,mentions,semantic
edge_smt_5845,ch11_muc1_d145_k1,ent_5845,mentions,semantic
edge_smt_5846,ch11_muc1_d145_k1,ent_5846,mentions,semantic
edge_smt_5847,ch11_muc1_d145_k1,ent_5847,mentions,semantic
edge_smt_5848,ch11_muc1_d145_k1,ent_5848,mentions,semantic
edge_smt_5849,ch11_muc1_d145_k1,ent_5849,mentions,semantic
edge_smt_5850,ch11_muc1_d145_k1,ent_5850,mentions,semantic
edge_smt_5851,ch11_muc1_d145_k1,ent_5851,mentions,semantic
edge_smt_5852,ch11_muc1_d145_k1,ent_5852,mentions,semantic
edge_smt_5853,ch11_muc1_d145_k1,ent_5853,mentions,semantic
edge_smt_5854,ch11_muc1_d145_k1,ent_5854,mentions,semantic
edge_smt_5855,ch11_muc1_d145_k1,ent_5855,mentions,semantic
edge_smt_5856,ch11_muc1_d145_k1,ent_5856,mentions,semantic
edge_smt_5857,ch11_muc1_d145_k1,ent_5857,mentions,semantic
edge_smt_5858,ch11_muc1_d145_k1,ent_5858,mentions,semantic
edge_smt_5859,ch11_muc1_d145_k1,ent_5859,mentions,semantic
edge_smt_5860,ch11_muc1_d145_k1,ent_5860,mentions,semantic
edge_smt_5861,ch11_muc1_d145_k1_a,ent_5861,mentions,semantic
edge_smt_5862,ch11_muc1_d145_k1_a,ent_5862,mentions,semantic
edge_smt_5863,ch11_muc1_d145_k1_a,ent_5863,mentions,semantic
edge_smt_5864,ch11_muc1_d145_k1_a,ent_5864,mentions,semantic
edge_smt_5865,ch11_muc1_d145_k1_a,ent_5865,mentions,semantic
edge_smt_5866,ch11_muc1_d145_k1_b,ent_5866,mentions,semantic
edge_smt_5867,ch11_muc1_d145_k1_b,ent_5867,mentions,semantic
edge_smt_5868,ch11_muc1_d145_k1_c,ent_5868,mentions,semantic
edge_smt_5869,ch11_muc1_d145_k1_c,ent_5869,mentions,semantic
edge_smt_5870,ch11_muc1_d145_k1_c,ent_5870,mentions,semantic
edge_smt_5871,ch11_muc1_d145_k1_c,ent_5871,mentions,semantic
edge_smt_5872,ch11_muc1_d145_k1_c,ent_5872,mentions,semantic
edge_smt_5873,ch11_muc1_d145_k1_c,ent_5873,mentions,semantic
edge_smt_5874,ch11_muc1_d145_k1_c,ent_5874,mentions,semantic
edge_smt_5875,ch11_muc1_d145_k1_d,ent_5875,mentions,semantic
edge_smt_5876,ch11_muc1_d145_k1_d,ent_5876,mentions,semantic
edge_smt_5877,ch11_muc1_d145_k1_d,ent_5877,mentions,semantic
edge_smt_5878,ch11_muc1_d145_k1_d,ent_5878,mentions,semantic
edge_smt_5879,ch11_muc1_d145_k2,ent_5879,mentions,semantic
edge_smt_5880,ch11_muc1_d145_k2,ent_5880,mentions,semantic
edge_smt_5881,ch11_muc1_d145_k2,ent_5881,mentions,semantic
edge_smt_5882,ch11_muc1_d145_k2,ent_5882,mentions,semantic
edge_smt_5883,ch11_muc1_d145_k2,ent_5883,mentions,semantic
edge_smt_5884,ch11_muc1_d145_k2,ent_5884,mentions,semantic
edge_smt_5885,ch11_muc1_d145_k2,ent_5885,mentions,semantic
edge_smt_5886,ch11_muc1_d145_k2,ent_5886,mentions,semantic
edge_smt_5887,ch11_muc1_d145_k2,ent_5887,mentions,semantic
edge_smt_5888,ch11_muc1_d145_k3,ent_5888,mentions,semantic
edge_smt_5889,ch11_muc1_d145_k3,ent_5889,mentions,semantic
edge_smt_5890,ch11_muc1_d145_k3,ent_5890,mentions,semantic
edge_smt_5891,ch11_muc1_d145_k3,ent_5891,mentions,semantic
edge_smt_5892,ch11_muc1_d145_k3,ent_5892,mentions,semantic
edge_smt_5893,ch11_muc1_d145_k3,ent_5893,mentions,semantic
edge_smt_5894,ch11_muc1_d145_k3,ent_5894,mentions,semantic
edge_smt_5895,ch11_muc1_d145_k3,ent_5895,mentions,semantic
edge_smt_5896,ch11_muc1_d145_k4,ent_5896,mentions,semantic
edge_smt_5897,ch11_muc1_d145_k4,ent_5897,mentions,semantic
edge_smt_5898,ch11_muc1_d145_k4,ent_5898,mentions,semantic
edge_smt_5899,ch11_muc1_d146_k1,ent_5899,mentions,semantic
edge_smt_5900,ch11_muc1_d146_k1,ent_5900,mentions,semantic
edge_smt_5901,ch11_muc1_d146_k1,ent_5901,mentions,semantic
edge_smt_5902,ch11_muc1_d146_k1,ent_5902,mentions,semantic
edge_smt_5903,ch11_muc1_d146_k1,ent_5903,mentions,semantic
edge_smt_5904,ch11_muc1_d146_k1,ent_5904,mentions,semantic
edge_smt_5905,ch11_muc1_d146_k1,ent_5905,mentions,semantic
edge_smt_5906,ch11_muc1_d146_k1,ent_5906,mentions,semantic
edge_smt_5907,ch11_muc1_d146_k1,ent_5907,mentions,semantic
edge_smt_5908,ch11_muc1_d146_k1,ent_5908,mentions,semantic
edge_smt_5909,ch11_muc1_d146_k1,ent_5909,mentions,semantic
edge_smt_5910,ch11_muc1_d146_k1,ent_5910,mentions,semantic
edge_smt_5911,ch11_muc1_d146_k2,ent_5911,mentions,semantic
edge_smt_5912,ch11_muc1_d146_k2,ent_5912,mentions,semantic
edge_smt_5913,ch11_muc1_d146_k2,ent_5913,mentions,semantic
edge_smt_5914,ch11_muc1_d146_k2,ent_5914,mentions,semantic
edge_smt_5915,ch11_muc1_d146_k2,ent_5915,mentions,semantic
edge_smt_5916,ch11_muc1_d146_k2,ent_5916,mentions,semantic
edge_smt_5917,ch11_muc1_d146_k2,ent_5917,mentions,semantic
edge_smt_5918,ch11_muc1_d146_k2,ent_5918,mentions,semantic
edge_smt_5919,ch11_muc1_d146_k2,ent_5919,mentions,semantic
edge_smt_5920,ch11_muc1_d146_k2,ent_5920,mentions,semantic
edge_smt_5921,ch11_muc1_d146_k2,ent_5921,mentions,semantic
edge_smt_5922,ch11_muc1_d146_k2,ent_5922,mentions,semantic
edge_smt_5923,ch11_muc1_d146_k2,ent_5923,mentions,semantic
edge_smt_5924,ch11_muc1_d146_k2,ent_5924,mentions,semantic
edge_smt_5925,ch11_muc1_d146_k2,ent_5925,mentions,semantic
edge_smt_5926,ch11_muc1_d146_k2,ent_5926,mentions,semantic
edge_smt_5927,ch11_muc1_d147_k1,ent_5927,mentions,semantic
edge_smt_5928,ch11_muc1_d147_k1,ent_5928,mentions,semantic
edge_smt_5929,ch11_muc1_d147_k1,ent_5929,mentions,semantic
edge_smt_5930,ch11_muc1_d147_k1,ent_5930,mentions,semantic
edge_smt_5931,ch11_muc1_d147_k1,ent_5931,mentions,semantic
edge_smt_5932,ch11_muc1_d147_k1,ent_5932,mentions,semantic
edge_smt_5933,ch11_muc1_d147_k1_a,ent_5933,mentions,semantic
edge_smt_5934,ch11_muc1_d147_k1_b,ent_5934,mentions,semantic
edge_smt_5935,ch11_muc1_d147_k1_c,ent_5935,mentions,semantic
edge_smt_5936,ch11_muc1_d147_k1_d,ent_5936,mentions,semantic
edge_smt_5937,ch11_muc1_d147_k1_đ,ent_5937,mentions,semantic
edge_smt_5938,ch11_muc1_d147_k1_đ,ent_5938,mentions,semantic
edge_smt_5939,ch11_muc1_d147_k1_e,ent_5939,mentions,semantic
edge_smt_5940,ch11_muc1_d147_k1_g,ent_5940,mentions,semantic
edge_smt_5941,ch11_muc1_d147_k1_h,ent_5941,mentions,semantic
edge_smt_5942,ch11_muc1_d147_k1_h,ent_5942,mentions,semantic
edge_smt_5943,ch11_muc1_d147_k2,ent_5943,mentions,semantic
edge_smt_5944,ch11_muc1_d147_k2,ent_5944,mentions,semantic
edge_smt_5945,ch11_muc1_d147_k2,ent_5945,mentions,semantic
edge_smt_5946,ch11_muc1_d147_k2,ent_5946,mentions,semantic
edge_smt_5947,ch11_muc1_d147_k2,ent_5947,mentions,semantic
edge_smt_5948,ch11_muc1_d147_k2,ent_5948,mentions,semantic
edge_smt_5949,ch11_muc1_d147_k2,ent_5949,mentions,semantic
edge_smt_5950,ch11_muc1_d147_k2_a,ent_5950,mentions,semantic
edge_smt_5951,ch11_muc1_d147_k2_b,ent_5951,mentions,semantic
edge_smt_5952,ch11_muc1_d147_k2_b,ent_5952,mentions,semantic
edge_smt_5953,ch11_muc1_d147_k2_c,ent_5953,mentions,semantic
edge_smt_5954,ch11_muc1_d147_k2_d,ent_5954,mentions,semantic
edge_smt_5955,ch11_muc1_d147_k2_d,ent_5955,mentions,semantic
edge_smt_5956,ch11_muc1_d147_k2_đ,ent_5956,mentions,semantic
edge_smt_5957,ch11_muc1_d147_k2_đ,ent_5957,mentions,semantic
edge_smt_5958,ch11_muc1_d147_k3,ent_5958,mentions,semantic
edge_smt_5959,ch11_muc1_d147_k3,ent_5959,mentions,semantic
edge_smt_5960,ch11_muc1_d147_k3,ent_5960,mentions,semantic
edge_smt_5961,ch11_muc1_d147_k3,ent_5961,mentions,semantic
edge_smt_5962,ch11_muc1_d147_k3,ent_5962,mentions,semantic
edge_smt_5963,ch11_muc1_d147_k3,ent_5963,mentions,semantic
edge_smt_5964,ch11_muc2_d148_k1,ent_5964,mentions,semantic
edge_smt_5965,ch11_muc2_d148_k1,ent_5965,mentions,semantic
edge_smt_5966,ch11_muc2_d148_k1,ent_5966,mentions,semantic
edge_smt_5967,ch11_muc2_d148_k1,ent_5967,mentions,semantic
edge_smt_5968,ch11_muc2_d148_k1,ent_5968,mentions,semantic
edge_smt_5969,ch11_muc2_d148_k1,ent_5969,mentions,semantic
edge_smt_5970,ch11_muc2_d148_k1,ent_5970,mentions,semantic
edge_smt_5971,ch11_muc2_d148_k1,ent_5971,mentions,semantic
edge_smt_5972,ch11_muc2_d148_k2,ent_5972,mentions,semantic
edge_smt_5973,ch11_muc2_d148_k2,ent_5973,mentions,semantic
edge_smt_5974,ch11_muc2_d148_k2,ent_5974,mentions,semantic
edge_smt_5975,ch11_muc2_d148_k2,ent_5975,mentions,semantic
edge_smt_5976,ch11_muc2_d148_k2,ent_5976,mentions,semantic
edge_smt_5977,ch11_muc2_d148_k2,ent_5977,mentions,semantic
edge_smt_5978,ch11_muc2_d148_k3,ent_5978,mentions,semantic
edge_smt_5979,ch11_muc2_d148_k3,ent_5979,mentions,semantic
edge_smt_5980,ch11_muc2_d148_k3,ent_5980,mentions,semantic
edge_smt_5981,ch11_muc2_d149_k1,ent_5981,mentions,semantic
edge_smt_5982,ch11_muc2_d149_k1,ent_5982,mentions,semantic
edge_smt_5983,ch11_muc2_d149_k1,ent_5983,mentions,semantic
edge_smt_5984,ch11_muc2_d149_k1,ent_5984,mentions,semantic
edge_smt_5985,ch11_muc2_d149_k1,ent_5985,mentions,semantic
edge_smt_5986,ch11_muc2_d149_k1,ent_5986,mentions,semantic
edge_smt_5987,ch11_muc2_d149_k1,ent_5987,mentions,semantic
edge_smt_5988,ch11_muc2_d149_k2,ent_5988,mentions,semantic
edge_smt_5989,ch11_muc2_d149_k2,ent_5989,mentions,semantic
edge_smt_5990,ch11_muc2_d149_k2,ent_5990,mentions,semantic
edge_smt_5991,ch11_muc2_d149_k2,ent_5991,mentions,semantic
edge_smt_5992,ch11_muc2_d149_k2,ent_5992,mentions,semantic
edge_smt_5993,ch11_muc2_d149_k2,ent_5993,mentions,semantic
edge_smt_5994,ch11_muc2_d149_k2,ent_5994,mentions,semantic
edge_smt_5995,ch11_muc2_d149_k2,ent_5995,mentions,semantic
edge_smt_5996,ch11_muc2_d149_k2,ent_5996,mentions,semantic
edge_smt_5997,ch11_muc2_d149_k2,ent_5997,mentions,semantic
edge_smt_5998,ch11_muc2_d149_k2,ent_5998,mentions,semantic
edge_smt_5999,ch11_muc2_d149_k2,ent_5999,mentions,semantic
edge_smt_6000,ch11_muc2_d149_k2,ent_6000,mentions,semantic
edge_smt_6001,ch11_muc2_d149_k2,ent_6001,mentions,semantic
edge_smt_6002,ch11_muc2_d149_k2,ent_6002,mentions,semantic
edge_smt_6003,ch11_muc2_d149_k2,ent_6003,mentions,semantic
edge_smt_6004,ch11_muc2_d149_k3,ent_6004,mentions,semantic
edge_smt_6005,ch11_muc2_d149_k3,ent_6005,mentions,semantic
edge_smt_6006,ch11_muc2_d149_k3,ent_6006,mentions,semantic
edge_smt_6007,ch11_muc2_d149_k3,ent_6007,mentions,semantic
edge_smt_6008,ch11_muc2_d149_k3,ent_6008,mentions,semantic
edge_smt_6009,ch11_muc2_d149_k3,ent_6009,mentions,semantic
edge_smt_6010,ch11_muc2_d149_k3,ent_6010,mentions,semantic
edge_smt_6011,ch11_muc2_d149_k3,ent_6011,mentions,semantic
edge_smt_6012,ch11_muc2_d149_k3,ent_6012,mentions,semantic
edge_smt_6013,ch11_muc2_d149_k3,ent_6013,mentions,semantic
edge_smt_6014,ch11_muc2_d149_k3,ent_6014,mentions,semantic
edge_smt_6015,ch11_muc2_d149_k3,ent_6015,mentions,semantic
edge_smt_6016,ch11_muc2_d149_k3,ent_6016,mentions,semantic
edge_smt_6017,ch11_muc2_d149_k3,ent_6017,mentions,semantic
edge_smt_6018,ch11_muc2_d149_k3,ent_6018,mentions,semantic
edge_smt_6019,ch11_muc2_d149_k3,ent_6019,mentions,semantic
edge_smt_6020,ch11_muc2_d149_k4,ent_6020,mentions,semantic
edge_smt_6021,ch11_muc2_d149_k4,ent_6021,mentions,semantic
edge_smt_6022,ch11_muc2_d149_k4,ent_6022,mentions,semantic
edge_smt_6023,ch11_muc2_d149_k4,ent_6023,mentions,semantic
edge_smt_6024,ch11_muc2_d149_k4,ent_6024,mentions,semantic
edge_smt_6025,ch11_muc2_d149_k4,ent_6025,mentions,semantic
edge_smt_6026,ch11_muc3_d150_k1,ent_6026,mentions,semantic
edge_smt_6027,ch11_muc3_d150_k1,ent_6027,mentions,semantic
edge_smt_6028,ch11_muc3_d150_k1,ent_6028,mentions,semantic
edge_smt_6029,ch11_muc3_d150_k1,ent_6029,mentions,semantic
edge_smt_6030,ch11_muc3_d150_k1,ent_6030,mentions,semantic
edge_smt_6031,ch11_muc3_d150_k1,ent_6031,mentions,semantic
edge_smt_6032,ch11_muc3_d150_k1,ent_6032,mentions,semantic
edge_smt_6033,ch11_muc3_d150_k1,ent_6033,mentions,semantic
edge_smt_6034,ch11_muc3_d150_k1,ent_6034,mentions,semantic
edge_smt_6035,ch11_muc3_d150_k1,ent_6035,mentions,semantic
edge_smt_6036,ch11_muc3_d150_k1,ent_6036,mentions,semantic
edge_smt_6037,ch11_muc3_d150_k1,ent_6037,mentions,semantic
edge_smt_6038,ch11_muc3_d150_k1,ent_6038,mentions,semantic
edge_smt_6039,ch11_muc3_d150_k1,ent_6039,mentions,semantic
edge_smt_6040,ch11_muc3_d150_k1,ent_6040,mentions,semantic
edge_smt_6041,ch11_muc3_d150_k1,ent_6041,mentions,semantic
edge_smt_6042,ch11_muc3_d150_k1,ent_6042,mentions,semantic
edge_smt_6043,ch11_muc3_d150_k2,ent_6043,mentions,semantic
edge_smt_6044,ch11_muc3_d150_k2,ent_6044,mentions,semantic
edge_smt_6045,ch11_muc3_d150_k2,ent_6045,mentions,semantic
edge_smt_6046,ch11_muc3_d150_k2,ent_6046,mentions,semantic
edge_smt_6047,ch11_muc3_d150_k3,ent_6047,mentions,semantic
edge_smt_6048,ch11_muc3_d150_k3,ent_6048,mentions,semantic
edge_smt_6049,ch11_muc3_d150_k3,ent_6049,mentions,semantic
edge_smt_6050,ch11_muc3_d151_k1,ent_6050,mentions,semantic
edge_smt_6051,ch11_muc3_d151_k1,ent_6051,mentions,semantic
edge_smt_6052,ch11_muc3_d151_k1,ent_6052,mentions,semantic
edge_smt_6053,ch11_muc3_d151_k1,ent_6053,mentions,semantic
edge_smt_6054,ch11_muc3_d151_k1,ent_6054,mentions,semantic
edge_smt_6055,ch11_muc3_d151_k1,ent_6055,mentions,semantic
edge_smt_6056,ch11_muc3_d151_k1,ent_6056,mentions,semantic
edge_smt_6057,ch11_muc3_d151_k1,ent_6057,mentions,semantic
edge_smt_6058,ch11_muc3_d151_k1,ent_6058,mentions,semantic
edge_smt_6059,ch11_muc3_d151_k1,ent_6059,mentions,semantic
edge_smt_6060,ch11_muc3_d151_k1,ent_6060,mentions,semantic
edge_smt_6061,ch11_muc3_d151_k1,ent_6061,mentions,semantic
edge_smt_6062,ch11_muc3_d151_k1,ent_6062,mentions,semantic
edge_smt_6063,ch11_muc3_d151_k1,ent_6063,mentions,semantic
edge_smt_6064,ch11_muc3_d151_k1,ent_6064,mentions,semantic
edge_smt_6065,ch11_muc3_d151_k1,ent_6065,mentions,semantic
edge_smt_6066,ch11_muc3_d151_k1,ent_6066,mentions,semantic
edge_smt_6067,ch11_muc3_d151_k1,ent_6067,mentions,semantic
edge_smt_6068,ch11_muc3_d151_k1,ent_6068,mentions,semantic
edge_smt_6069,ch11_muc3_d151_k1,ent_6069,mentions,semantic
edge_smt_6070,ch11_muc3_d151_k1,ent_6070,mentions,semantic
edge_smt_6071,ch11_muc3_d151_k1,ent_6071,mentions,semantic
edge_smt_6072,ch11_muc3_d151_k1,ent_6072,mentions,semantic
edge_smt_6073,ch11_muc3_d151_k1_a,ent_6073,mentions,semantic
edge_smt_6074,ch11_muc3_d151_k1_a,ent_6074,mentions,semantic
edge_smt_6075,ch11_muc3_d151_k1_b,ent_6075,mentions,semantic
edge_smt_6076,ch11_muc3_d151_k1_b,ent_6076,mentions,semantic
edge_smt_6077,ch11_muc3_d151_k1_b,ent_6077,mentions,semantic
edge_smt_6078,ch11_muc3_d151_k1_c,ent_6078,mentions,semantic
edge_smt_6079,ch11_muc3_d151_k1_c,ent_6079,mentions,semantic
edge_smt_6080,ch11_muc3_d151_k1_c,ent_6080,mentions,semantic
edge_smt_6081,ch11_muc3_d151_k1_c,ent_6081,mentions,semantic
edge_smt_6082,ch11_muc3_d151_k1_c,ent_6082,mentions,semantic
edge_smt_6083,ch11_muc3_d151_k1_c,ent_6083,mentions,semantic
edge_smt_6084,ch11_muc3_d151_k1_c,ent_6084,mentions,semantic
edge_smt_6085,ch11_muc3_d151_k1_c,ent_6085,mentions,semantic
edge_smt_6086,ch11_muc3_d151_k1_d,ent_6086,mentions,semantic
edge_smt_6087,ch11_muc3_d151_k1_d,ent_6087,mentions,semantic
edge_smt_6088,ch11_muc3_d151_k1_d,ent_6088,mentions,semantic
edge_smt_6089,ch11_muc3_d151_k1_d,ent_6089,mentions,semantic
edge_smt_6090,ch11_muc3_d151_k1_d,ent_6090,mentions,semantic
edge_smt_6091,ch11_muc3_d151_k1_d,ent_6091,mentions,semantic
edge_smt_6092,ch11_muc3_d151_k1_d,ent_6092,mentions,semantic
edge_smt_6093,ch11_muc3_d151_k2,ent_6093,mentions,semantic
edge_smt_6094,ch11_muc3_d151_k2,ent_6094,mentions,semantic
edge_smt_6095,ch11_muc3_d151_k2,ent_6095,mentions,semantic
edge_smt_6096,ch11_muc3_d151_k2,ent_6096,mentions,semantic
edge_smt_6097,ch11_muc3_d151_k2,ent_6097,mentions,semantic
edge_smt_6098,ch11_muc3_d151_k2,ent_6098,mentions,semantic
edge_smt_6099,ch11_muc3_d151_k2,ent_6099,mentions,semantic
edge_smt_6100,ch11_muc3_d151_k2,ent_6100,mentions,semantic
edge_smt_6101,ch11_muc3_d151_k2,ent_6101,mentions,semantic
edge_smt_6102,ch11_muc3_d151_k2,ent_6102,mentions,semantic
edge_smt_6103,ch11_muc3_d151_k2,ent_6103,mentions,semantic
edge_smt_6104,ch11_muc3_d151_k2,ent_6104,mentions,semantic
edge_smt_6105,ch11_muc3_d151_k2,ent_6105,mentions,semantic
edge_smt_6106,ch11_muc3_d151_k2,ent_6106,mentions,semantic
edge_smt_6107,ch11_muc3_d151_k3,ent_6107,mentions,semantic
edge_smt_6108,ch11_muc3_d151_k3,ent_6108,mentions,semantic
edge_smt_6109,ch11_muc3_d151_k3,ent_6109,mentions,semantic
edge_smt_6110,ch11_muc3_d151_k3,ent_6110,mentions,semantic
edge_smt_6111,ch11_muc3_d151_k3,ent_6111,mentions,semantic
edge_smt_6112,ch11_muc3_d151_k3,ent_6112,mentions,semantic
edge_smt_6113,ch11_muc3_d151_k3,ent_6113,mentions,semantic
edge_smt_6114,ch11_muc3_d151_k3,ent_6114,mentions,semantic
edge_smt_6115,ch11_muc3_d151_k3,ent_6115,mentions,semantic
edge_smt_6116,ch11_muc3_d151_k3,ent_6116,mentions,semantic
edge_smt_6117,ch11_muc3_d152_k1,ent_6117,mentions,semantic
edge_smt_6118,ch11_muc3_d152_k1,ent_6118,mentions,semantic
edge_smt_6119,ch11_muc3_d152_k1,ent_6119,mentions,semantic
edge_smt_6120,ch11_muc3_d152_k1,ent_6120,mentions,semantic
edge_smt_6121,ch11_muc3_d152_k1,ent_6121,mentions,semantic
edge_smt_6122,ch11_muc3_d152_k1,ent_6122,mentions,semantic
edge_smt_6123,ch11_muc3_d152_k1,ent_6123,mentions,semantic
edge_smt_6124,ch11_muc3_d152_k1,ent_6124,mentions,semantic
edge_smt_6125,ch11_muc3_d152_k1,ent_6125,mentions,semantic
edge_smt_6126,ch11_muc3_d152_k2,ent_6126,mentions,semantic
edge_smt_6127,ch11_muc3_d152_k2,ent_6127,mentions,semantic
edge_smt_6128,ch11_muc3_d152_k2,ent_6128,mentions,semantic
edge_smt_6129,ch11_muc3_d152_k2,ent_6129,mentions,semantic
edge_smt_6130,ch11_muc3_d152_k2,ent_6130,mentions,semantic
edge_smt_6131,ch11_muc3_d152_k2,ent_6131,mentions,semantic
edge_smt_6132,ch11_muc3_d152_k2,ent_6132,mentions,semantic
edge_smt_6133,ch11_muc3_d152_k2,ent_6133,mentions,semantic
edge_smt_6134,ch11_muc3_d152_k2,ent_6134,mentions,semantic
edge_smt_6135,ch11_muc3_d152_k3,ent_6135,mentions,semantic
edge_smt_6136,ch11_muc3_d152_k3,ent_6136,mentions,semantic
edge_smt_6137,ch11_muc3_d152_k3,ent_6137,mentions,semantic
edge_smt_6138,ch11_muc3_d152_k3,ent_6138,mentions,semantic
edge_smt_6139,ch11_muc3_d152_k3,ent_6139,mentions,semantic
edge_smt_6140,ch11_muc3_d152_k3,ent_6140,mentions,semantic
edge_smt_6141,ch11_muc3_d153_k1,ent_6141,mentions,semantic
edge_smt_6142,ch11_muc3_d153_k1,ent_6142,mentions,semantic
edge_smt_6143,ch11_muc3_d153_k1,ent_6143,mentions,semantic
edge_smt_6144,ch11_muc3_d153_k1,ent_6144,mentions,semantic
edge_smt_6145,ch11_muc3_d153_k1,ent_6145,mentions,semantic
edge_smt_6146,ch11_muc3_d153_k1,ent_6146,mentions,semantic
edge_smt_6147,ch11_muc3_d153_k2,ent_6147,mentions,semantic
edge_smt_6148,ch11_muc3_d153_k2,ent_6148,mentions,semantic
edge_smt_6149,ch11_muc3_d153_k2,ent_6149,mentions,semantic
edge_smt_6150,ch11_muc3_d153_k2,ent_6150,mentions,semantic
edge_smt_6151,ch11_muc3_d153_k2,ent_6151,mentions,semantic
edge_smt_6152,ch11_muc3_d153_k3,ent_6152,mentions,semantic
edge_smt_6153,ch11_muc3_d153_k3,ent_6153,mentions,semantic
edge_smt_6154,ch11_muc3_d153_k3,ent_6154,mentions,semantic
edge_smt_6155,ch11_muc3_d153_k3,ent_6155,mentions,semantic
edge_smt_6156,ch11_muc3_d153_k3,ent_6156,mentions,semantic
edge_smt_6157,ch11_muc3_d154_k1,ent_6157,mentions,semantic
edge_smt_6158,ch11_muc3_d154_k1,ent_6158,mentions,semantic
edge_smt_6159,ch11_muc3_d154_k1,ent_6159,mentions,semantic
edge_smt_6160,ch11_muc3_d154_k1,ent_6160,mentions,semantic
edge_smt_6161,ch11_muc3_d154_k1,ent_6161,mentions,semantic
edge_smt_6162,ch11_muc3_d154_k1,ent_6162,mentions,semantic
edge_smt_6163,ch11_muc3_d154_k2,ent_6163,mentions,semantic
edge_smt_6164,ch11_muc3_d154_k2,ent_6164,mentions,semantic
edge_smt_6165,ch11_muc3_d154_k2,ent_6165,mentions,semantic
edge_smt_6166,ch11_muc3_d154_k2,ent_6166,mentions,semantic
edge_smt_6167,ch11_muc3_d154_k2,ent_6167,mentions,semantic
edge_smt_6168,ch11_muc3_d154_k3,ent_6168,mentions,semantic
edge_smt_6169,ch11_muc3_d154_k3,ent_6169,mentions,semantic
edge_smt_6170,ch11_muc3_d154_k3,ent_6170,mentions,semantic
edge_smt_6171,ch11_muc3_d154_k3,ent_6171,mentions,semantic
edge_smt_6172,ch11_muc3_d154_k3,ent_6172,mentions,semantic
edge_smt_6173,ch11_muc3_d154_k4,ent_6173,mentions,semantic
edge_smt_6174,ch11_muc3_d154_k4,ent_6174,mentions,semantic
edge_smt_6175,ch11_muc3_d154_k5,ent_6175,mentions,semantic
edge_smt_6176,ch11_muc3_d154_k6,ent_6176,mentions,semantic
edge_smt_6177,ch11_muc3_d154_k7,ent_6177,mentions,semantic
edge_smt_6178,ch11_muc3_d154_k7,ent_6178,mentions,semantic
edge_smt_6179,ch11_muc3_d154_k7,ent_6179,mentions,semantic
edge_smt_6180,ch11_muc3_d154_k7,ent_6180,mentions,semantic
edge_smt_6181,ch11_muc3_d154_k9,ent_6181,mentions,semantic
edge_smt_6182,ch11_muc3_d154_k9,ent_6182,mentions,semantic
edge_smt_6183,ch11_muc3_d154_k9,ent_6183,mentions,semantic
edge_smt_6184,ch11_muc3_d156_k2,ent_6184,mentions,semantic
edge_smt_6185,ch11_muc3_d156_k2,ent_6185,mentions,semantic
edge_smt_6186,ch11_muc3_d156_k3,ent_6186,mentions,semantic
edge_smt_6187,ch11_muc3_d156_k6,ent_6187,mentions,semantic
edge_smt_6188,ch11_muc3_d156_k7,ent_6188,mentions,semantic
edge_smt_6189,ch11_muc3_d156_k7,ent_6189,mentions,semantic
edge_smt_6190,ch11_muc3_d156_k7,ent_6190,mentions,semantic
edge_smt_6191,ch11_muc3_d156_k7,ent_6191,mentions,semantic
edge_smt_6192,ch11_muc4_d159_k1,ent_6192,mentions,semantic
edge_smt_6193,ch11_muc4_d159_k1,ent_6193,mentions,semantic
edge_smt_6194,ch11_muc4_d159_k1,ent_6194,mentions,semantic
edge_smt_6195,ch11_muc4_d159_k1,ent_6195,mentions,semantic
edge_smt_6196,ch11_muc4_d159_k1,ent_6196,mentions,semantic
edge_smt_6197,ch11_muc4_d159_k1,ent_6197,mentions,semantic
edge_smt_6198,ch11_muc4_d159_k1,ent_6198,mentions,semantic
edge_smt_6199,ch11_muc4_d159_k2,ent_6199,mentions,semantic
edge_smt_6200,ch11_muc4_d159_k2,ent_6200,mentions,semantic
edge_smt_6201,ch11_muc4_d159_k2,ent_6201,mentions,semantic
edge_smt_6202,ch11_muc4_d159_k2,ent_6202,mentions,semantic
edge_smt_6203,ch11_muc4_d159_k2,ent_6203,mentions,semantic
edge_smt_6204,ch11_muc4_d160_k1,ent_6204,mentions,semantic
edge_smt_6205,ch11_muc4_d160_k1,ent_6205,mentions,semantic
edge_smt_6206,ch11_muc4_d160_k1,ent_6206,mentions,semantic
edge_smt_6207,ch11_muc4_d160_k1,ent_6207,mentions,semantic
edge_smt_6208,ch11_muc4_d160_k1,ent_6208,mentions,semantic
edge_smt_6209,ch11_muc4_d160_k1,ent_6209,mentions,semantic
edge_smt_6210,ch11_muc4_d160_k1,ent_6210,mentions,semantic
edge_smt_6211,ch11_muc4_d160_k1,ent_6211,mentions,semantic
edge_smt_6212,ch11_muc4_d160_k1,ent_6212,mentions,semantic
edge_smt_6213,ch11_muc4_d160_k2,ent_6213,mentions,semantic
edge_smt_6214,ch11_muc4_d160_k2,ent_6214,mentions,semantic
edge_smt_6215,ch11_muc4_d160_k2,ent_6215,mentions,semantic
edge_smt_6216,ch11_muc4_d160_k2,ent_6216,mentions,semantic
edge_smt_6217,ch11_muc4_d160_k2,ent_6217,mentions,semantic
edge_smt_6218,ch11_muc4_d160_k2,ent_6218,mentions,semantic
edge_smt_6219,ch11_muc4_d160_k2,ent_6219,mentions,semantic
edge_smt_6220,ch11_muc4_d160_k2,ent_6220,mentions,semantic
edge_smt_6221,ch11_muc4_d160_k2,ent_6221,mentions,semantic
edge_smt_6222,ch11_muc4_d160_k2,ent_6222,mentions,semantic
edge_smt_6223,ch11_muc4_d160_k2,ent_6223,mentions,semantic
edge_smt_6224,ch11_muc4_d160_k2,ent_6224,mentions,semantic
edge_smt_6225,ch11_muc4_d160_k2,ent_6225,mentions,semantic
edge_smt_6226,ch11_muc4_d160_k2,ent_6226,mentions,semantic
edge_smt_6227,ch11_muc5_d161_k1,ent_6227,mentions,semantic
edge_smt_6228,ch11_muc5_d161_k1,ent_6228,mentions,semantic
edge_smt_6229,ch11_muc5_d161_k1,ent_6229,mentions,semantic
edge_smt_6230,ch11_muc5_d161_k1,ent_6230,mentions,semantic
edge_smt_6231,ch11_muc5_d161_k1,ent_6231,mentions,semantic
edge_smt_6232,ch11_muc5_d161_k1,ent_6232,mentions,semantic
edge_smt_6233,ch11_muc5_d161_k1,ent_6233,mentions,semantic
edge_smt_6234,ch11_muc5_d161_k2,ent_6234,mentions,semantic
edge_smt_6235,ch11_muc5_d162_k1,ent_6235,mentions,semantic
edge_smt_6236,ch11_muc5_d162_k1,ent_6236,mentions,semantic
edge_smt_6237,ch11_muc5_d162_k1,ent_6237,mentions,semantic
edge_smt_6238,ch11_muc5_d162_k1,ent_6238,mentions,semantic
edge_smt_6239,ch11_muc5_d162_k2,ent_6239,mentions,semantic
edge_smt_6240,ch11_muc5_d162_k2,ent_6240,mentions,semantic
edge_smt_6241,ch11_muc5_d162_k2,ent_6241,mentions,semantic
edge_smt_6242,ch11_muc5_d162_k2,ent_6242,mentions,semantic
edge_smt_6243,ch11_muc5_d162_k2,ent_6243,mentions,semantic
edge_smt_6244,ch11_muc5_d162_k2,ent_6244,mentions,semantic
edge_smt_6245,ch11_muc5_d162_k2,ent_6245,mentions,semantic
edge_smt_6246,ch11_muc5_d162_k2,ent_6246,mentions,semantic
edge_smt_6247,ch11_muc5_d162_k2,ent_6247,mentions,semantic
edge_smt_6248,ch11_muc5_d162_k3,ent_6248,mentions,semantic
edge_smt_6249,ch11_muc5_d162_k3,ent_6249,mentions,semantic
edge_smt_6250,ch11_muc5_d162_k3,ent_6250,mentions,semantic
edge_smt_6251,ch11_muc5_d162_k3,ent_6251,mentions,semantic
edge_smt_6252,ch11_muc5_d162_k3,ent_6252,mentions,semantic
edge_smt_6253,ch11_muc5_d162_k3,ent_6253,mentions,semantic
edge_smt_6254,ch11_muc5_d162_k3,ent_6254,mentions,semantic
edge_smt_6255,ch11_muc5_d162_k3,ent_6255,mentions,semantic
edge_smt_6256,ch11_muc5_d162_k3,ent_6256,mentions,semantic
edge_smt_6257,ch11_muc5_d163_k1,ent_6257,mentions,semantic
edge_smt_6258,ch11_muc5_d163_k1,ent_6258,mentions,semantic
edge_smt_6259,ch11_muc5_d163_k1,ent_6259,mentions,semantic
edge_smt_6260,ch11_muc5_d163_k1,ent_6260,mentions,semantic
edge_smt_6261,ch11_muc5_d163_k1,ent_6261,mentions,semantic
edge_smt_6262,ch11_muc5_d163_k2,ent_6262,mentions,semantic
edge_smt_6263,ch11_muc5_d163_k2,ent_6263,mentions,semantic
edge_smt_6264,ch11_muc5_d163_k2,ent_6264,mentions,semantic
edge_smt_6265,ch11_muc5_d163_k2,ent_6265,mentions,semantic
edge_smt_6266,ch11_muc5_d163_k2,ent_6266,mentions,semantic
edge_smt_6267,ch11_muc5_d163_k2,ent_6267,mentions,semantic
edge_smt_6268,ch11_muc5_d163_k2,ent_6268,mentions,semantic
edge_smt_6269,ch11_muc5_d163_k2,ent_6269,mentions,semantic
edge_smt_6270,ch11_muc5_d163_k2,ent_6270,mentions,semantic
edge_smt_6271,ch11_muc5_d163_k2,ent_6271,mentions,semantic
edge_smt_6272,ch11_muc5_d163_k2,ent_6272,mentions,semantic
edge_smt_6273,ch11_muc5_d163_k3,ent_6273,mentions,semantic
edge_smt_6274,ch11_muc5_d163_k4,ent_6274,mentions,semantic
edge_smt_6275,ch11_muc5_d163_k5,ent_6275,mentions,semantic
edge_smt_6276,ch11_muc5_d163_k5,ent_6276,mentions,semantic
edge_smt_6277,ch11_muc5_d163_k6,ent_6277,mentions,semantic
edge_smt_6278,ch11_muc5_d163_k6,ent_6278,mentions,semantic
edge_smt_6279,ch11_muc5_d163_k6,ent_6279,mentions,semantic
edge_smt_6280,ch11_muc5_d163_k6,ent_6280,mentions,semantic
edge_smt_6281,ch11_muc5_d163_k6,ent_6281,mentions,semantic
edge_smt_6282,ch11_muc5_d163_k6,ent_6282,mentions,semantic
edge_smt_6283,ch11_muc5_d163_k6,ent_6283,mentions,semantic
edge_smt_6284,ch11_muc5_d164_k1,ent_6284,mentions,semantic
edge_smt_6285,ch11_muc5_d164_k1,ent_6285,mentions,semantic
edge_smt_6286,ch11_muc5_d164_k1,ent_6286,mentions,semantic
edge_smt_6287,ch11_muc5_d164_k1,ent_6287,mentions,semantic
edge_smt_6288,ch11_muc5_d164_k1,ent_6288,mentions,semantic
edge_smt_6289,ch11_muc5_d164_k2,ent_6289,mentions,semantic
edge_smt_6290,ch11_muc5_d164_k2,ent_6290,mentions,semantic
edge_smt_6291,ch11_muc5_d164_k2,ent_6291,mentions,semantic
edge_smt_6292,ch11_muc5_d164_k2,ent_6292,mentions,semantic
edge_smt_6293,ch11_muc5_d164_k2,ent_6293,mentions,semantic
edge_smt_6294,ch11_muc5_d164_k2,ent_6294,mentions,semantic
edge_smt_6295,ch11_muc5_d164_k2,ent_6295,mentions,semantic
edge_smt_6296,ch11_muc5_d164_k3,ent_6296,mentions,semantic
edge_smt_6297,ch11_muc5_d164_k3,ent_6297,mentions,semantic
edge_smt_6298,ch11_muc5_d164_k3,ent_6298,mentions,semantic
edge_smt_6299,ch11_muc5_d164_k3,ent_6299,mentions,semantic
edge_smt_6300,ch11_muc5_d164_k4,ent_6300,mentions,semantic
edge_smt_6301,ch11_muc5_d164_k4,ent_6301,mentions,semantic
edge_smt_6302,ch11_muc5_d164_k4,ent_6302,mentions,semantic
edge_smt_6303,ch11_muc5_d164_k4,ent_6303,mentions,semantic
edge_smt_6304,ch11_muc5_d164_k4,ent_6304,mentions,semantic
edge_smt_6305,ch11_muc5_d165_k1,ent_6305,mentions,semantic
edge_smt_6306,ch11_muc5_d165_k1,ent_6306,mentions,semantic
edge_smt_6307,ch11_muc5_d165_k1,ent_6307,mentions,semantic
edge_smt_6308,ch11_muc5_d165_k1,ent_6308,mentions,semantic
edge_smt_6309,ch11_muc5_d165_k2,ent_6309,mentions,semantic
edge_smt_6310,ch11_muc5_d165_k2,ent_6310,mentions,semantic
edge_smt_6311,ch11_muc5_d165_k2,ent_6311,mentions,semantic
edge_smt_6312,ch11_muc5_d165_k3,ent_6312,mentions,semantic
edge_smt_6313,ch11_muc5_d165_k3,ent_6313,mentions,semantic
edge_smt_6314,ch12_d168_k1,ent_6314,mentions,semantic
edge_smt_6315,ch12_d168_k1,ent_6315,mentions,semantic
edge_smt_6316,ch12_d168_k1,ent_6316,mentions,semantic
edge_smt_6317,ch12_d168_k1,ent_6317,mentions,semantic
edge_smt_6318,ch12_d168_k1,ent_6318,mentions,semantic
edge_smt_6319,ch12_d168_k1,ent_6319,mentions,semantic
edge_smt_6320,ch12_d168_k1,ent_6320,mentions,semantic
edge_smt_6321,ch12_d168_k1,ent_6321,mentions,semantic
edge_smt_6322,ch12_d168_k1,ent_6322,mentions,semantic
edge_smt_6323,ch12_d168_k1,ent_6323,mentions,semantic
edge_smt_6324,ch12_d168_k1,ent_6324,mentions,semantic
edge_smt_6325,ch12_d168_k1,ent_6325,mentions,semantic
edge_smt_6326,ch12_d168_k1,ent_6326,mentions,semantic
edge_smt_6327,ch12_d168_k1,ent_6327,mentions,semantic
edge_smt_6328,ch12_d168_k1,ent_6328,mentions,semantic
edge_smt_6329,ch12_d168_k1,ent_6329,mentions,semantic
edge_smt_6330,ch12_d168_k1,ent_6330,mentions,semantic
edge_smt_6331,ch12_d168_k1,ent_6331,mentions,semantic
edge_smt_6332,ch12_d168_k1,ent_6332,mentions,semantic
edge_smt_6333,ch12_d168_k1,ent_6333,mentions,semantic
edge_smt_6334,ch12_d168_k2,ent_6334,mentions,semantic
edge_smt_6335,ch12_d168_k2,ent_6335,mentions,semantic
edge_smt_6336,ch12_d168_k2,ent_6336,mentions,semantic
edge_smt_6337,ch12_d168_k2,ent_6337,mentions,semantic
edge_smt_6338,ch12_d168_k2,ent_6338,mentions,semantic
edge_smt_6339,ch12_d168_k2,ent_6339,mentions,semantic
edge_smt_6340,ch12_d168_k2,ent_6340,mentions,semantic
edge_smt_6341,ch12_d168_k2,ent_6341,mentions,semantic
edge_smt_6342,ch12_d168_k2,ent_6342,mentions,semantic
edge_smt_6343,ch12_d168_k2,ent_6343,mentions,semantic
edge_smt_6344,ch12_d168_k2,ent_6344,mentions,semantic
edge_smt_6345,ch12_d168_k2,ent_6345,mentions,semantic
edge_smt_6346,ch12_d168_k2,ent_6346,mentions,semantic
edge_smt_6347,ch12_d168_k2,ent_6347,mentions,semantic
edge_smt_6348,ch12_d168_k3,ent_6348,mentions,semantic
edge_smt_6349,ch12_d168_k3,ent_6349,mentions,semantic
edge_smt_6350,ch12_d168_k3,ent_6350,mentions,semantic
edge_smt_6351,ch12_d168_k3,ent_6351,mentions,semantic
edge_smt_6352,ch12_d168_k3,ent_6352,mentions,semantic
edge_smt_6353,ch12_d168_k3,ent_6353,mentions,semantic
edge_smt_6354,ch12_d168_k3,ent_6354,mentions,semantic
edge_smt_6355,ch12_d168_k3,ent_6355,mentions,semantic
edge_smt_6356,ch12_d168_k3,ent_6356,mentions,semantic
edge_smt_6357,ch12_d168_k3,ent_6357,mentions,semantic
edge_smt_6358,ch12_d168_k3,ent_6358,mentions,semantic
edge_smt_6359,ch12_d168_k3,ent_6359,mentions,semantic
edge_smt_6360,ch12_d168_k3,ent_6360,mentions,semantic
edge_smt_6361,ch12_d168_k3,ent_6361,mentions,semantic
edge_smt_6362,ch12_d168_k3,ent_6362,mentions,semantic
edge_smt_6363,ch12_d168_k3,ent_6363,mentions,semantic
edge_smt_6364,ch12_d168_k3,ent_6364,mentions,semantic
edge_smt_6365,ch12_d168_k3,ent_6365,mentions,semantic
edge_smt_6366,ch12_d168_k3,ent_6366,mentions,semantic
edge_smt_6367,ch12_d168_k3,ent_6367,mentions,semantic
edge_smt_6368,ch12_d168_k3,ent_6368,mentions,semantic
edge_smt_6369,ch12_d168_k3,ent_6369,mentions,semantic
edge_smt_6370,ch12_d168_k3,ent_6370,mentions,semantic
edge_smt_6371,ch12_d168_k3,ent_6371,mentions,semantic
edge_smt_6372,ch12_d168_k3,ent_6372,mentions,semantic
edge_smt_6373,ch12_d168_k3,ent_6373,mentions,semantic
edge_smt_6374,ch12_d168_k3,ent_6374,mentions,semantic
edge_smt_6375,ch12_d169_k1,ent_6375,mentions,semantic
edge_smt_6376,ch12_d169_k1,ent_6376,mentions,semantic
edge_smt_6377,ch12_d169_k1,ent_6377,mentions,semantic
edge_smt_6378,ch12_d169_k1,ent_6378,mentions,semantic
edge_smt_6379,ch12_d169_k1,ent_6379,mentions,semantic
edge_smt_6380,ch12_d169_k1,ent_6380,mentions,semantic
edge_smt_6381,ch12_d169_k1,ent_6381,mentions,semantic
edge_smt_6382,ch12_d169_k1,ent_6382,mentions,semantic
edge_smt_6383,ch12_d169_k1,ent_6383,mentions,semantic
edge_smt_6384,ch12_d169_k1,ent_6384,mentions,semantic
edge_smt_6385,ch12_d169_k1,ent_6385,mentions,semantic
edge_smt_6386,ch12_d169_k2,ent_6386,mentions,semantic
edge_smt_6387,ch12_d169_k2,ent_6387,mentions,semantic
edge_smt_6388,ch12_d169_k2,ent_6388,mentions,semantic
edge_smt_6389,ch12_d169_k2,ent_6389,mentions,semantic
edge_smt_6390,ch12_d169_k2,ent_6390,mentions,semantic
edge_smt_6391,ch12_d169_k2,ent_6391,mentions,semantic
edge_smt_6392,ch12_d169_k2,ent_6392,mentions,semantic
edge_smt_6393,ch12_d169_k2,ent_6393,mentions,semantic
edge_smt_6394,ch12_d169_k2,ent_6394,mentions,semantic
edge_smt_6395,ch12_d169_k2,ent_6395,mentions,semantic
edge_smt_6396,ch12_d169_k2,ent_6396,mentions,semantic
edge_smt_6397,ch12_d169_k2,ent_6397,mentions,semantic
edge_smt_6398,ch12_d169_k2,ent_6398,mentions,semantic
edge_smt_6399,ch12_d169_k2,ent_6399,mentions,semantic
edge_smt_6400,ch12_d169_k2,ent_6400,mentions,semantic
edge_smt_6401,ch12_d169_k2,ent_6401,mentions,semantic
edge_smt_6402,ch12_d169_k3,ent_6402,mentions,semantic
edge_smt_6403,ch12_d169_k3,ent_6403,mentions,semantic
edge_smt_6404,ch12_d169_k3,ent_6404,mentions,semantic
edge_smt_6405,ch12_d169_k3,ent_6405,mentions,semantic
edge_smt_6406,ch12_d169_k3,ent_6406,mentions,semantic
edge_smt_6407,ch12_d169_k3,ent_6407,mentions,semantic
edge_smt_6408,ch12_d169_k3,ent_6408,mentions,semantic
edge_smt_6409,ch12_d169_k3,ent_6409,mentions,semantic
edge_smt_6410,ch12_d169_k3,ent_6410,mentions,semantic
edge_smt_6411,ch12_d169_k3,ent_6411,mentions,semantic
edge_smt_6412,ch12_d169_k3,ent_6412,mentions,semantic
edge_smt_6413,ch12_d169_k3,ent_6413,mentions,semantic
edge_smt_6414,ch12_d169_k3,ent_6414,mentions,semantic
edge_smt_6415,ch12_d169_k3,ent_6415,mentions,semantic
edge_smt_6416,ch12_d169_k3,ent_6416,mentions,semantic
edge_smt_6417,ch12_d169_k3,ent_6417,mentions,semantic
edge_smt_6418,ch12_d169_k4,ent_6418,mentions,semantic
edge_smt_6419,ch12_d169_k4,ent_6419,mentions,semantic
edge_smt_6420,ch12_d169_k4,ent_6420,mentions,semantic
edge_smt_6421,ch12_d169_k4,ent_6421,mentions,semantic
edge_smt_6422,ch12_d169_k4,ent_6422,mentions,semantic
edge_smt_6423,ch12_d169_k4,ent_6423,mentions,semantic
edge_smt_6424,ch12_d169_k4,ent_6424,mentions,semantic
edge_smt_6425,ch12_d169_k4,ent_6425,mentions,semantic
edge_smt_6426,ch12_d169_k5,ent_6426,mentions,semantic
edge_smt_6427,ch13_d170_k1,ent_6427,mentions,semantic
edge_smt_6428,ch13_d170_k1,ent_6428,mentions,semantic
edge_smt_6429,ch13_d170_k1,ent_6429,mentions,semantic
edge_smt_6430,ch13_d170_k2,ent_6430,mentions,semantic
edge_smt_6431,ch13_d170_k2,ent_6431,mentions,semantic
edge_smt_6432,ch13_d170_k2,ent_6432,mentions,semantic
edge_smt_6433,ch13_d170_k2,ent_6433,mentions,semantic
edge_smt_6434,ch13_d170_k2,ent_6434,mentions,semantic
edge_smt_6435,ch13_d170_k2,ent_6435,mentions,semantic
edge_smt_6436,ch13_d170_k2,ent_6436,mentions,semantic
edge_smt_6437,ch13_d170_k2,ent_6437,mentions,semantic
edge_smt_6438,ch13_d170_k2,ent_6438,mentions,semantic
edge_smt_6439,ch13_d170_k2,ent_6439,mentions,semantic
edge_smt_6440,ch13_d170_k3,ent_6440,mentions,semantic
edge_smt_6441,ch13_d170_k3,ent_6441,mentions,semantic
edge_smt_6442,ch13_d170_k3,ent_6442,mentions,semantic
edge_smt_6443,ch13_d170_k3,ent_6443,mentions,semantic
edge_smt_6444,ch13_d170_k3,ent_6444,mentions,semantic
edge_smt_6445,ch13_d170_k3,ent_6445,mentions,semantic
edge_smt_6446,ch13_d170_k3,ent_6446,mentions,semantic
edge_smt_6447,ch13_d170_k3,ent_6447,mentions,semantic
edge_smt_6448,ch13_d170_k3,ent_6448,mentions,semantic
edge_smt_6449,ch13_d170_k3,ent_6449,mentions,semantic
edge_smt_6450,ch13_d171_k1,ent_6450,mentions,semantic
edge_smt_6451,ch13_d171_k1,ent_6451,mentions,semantic
edge_smt_6452,ch13_d171_k1,ent_6452,mentions,semantic
edge_smt_6453,ch13_d171_k1,ent_6453,mentions,semantic
edge_smt_6454,ch13_d171_k1,ent_6454,mentions,semantic
edge_smt_6455,ch13_d171_k1,ent_6455,mentions,semantic
edge_smt_6456,ch13_d171_k1,ent_6456,mentions,semantic
edge_smt_6457,ch13_d171_k2,ent_6457,mentions,semantic
edge_smt_6458,ch13_d171_k2,ent_6458,mentions,semantic
edge_smt_6459,ch13_d171_k2,ent_6459,mentions,semantic
edge_smt_6460,ch13_d171_k2,ent_6460,mentions,semantic
edge_smt_6461,ch13_d172_k1,ent_6461,mentions,semantic
edge_smt_6462,ch13_d172_k1,ent_6462,mentions,semantic
edge_smt_6463,ch13_d172_k1,ent_6463,mentions,semantic
edge_smt_6464,ch13_d172_k1,ent_6464,mentions,semantic
edge_smt_6465,ch13_d172_k1,ent_6465,mentions,semantic
edge_smt_6466,ch13_d172_k1,ent_6466,mentions,semantic
edge_smt_6467,ch13_d172_k1,ent_6467,mentions,semantic
edge_smt_6468,ch13_d172_k1,ent_6468,mentions,semantic
edge_smt_6469,ch13_d172_k1,ent_6469,mentions,semantic
edge_smt_6470,ch13_d172_k1,ent_6470,mentions,semantic
edge_smt_6471,ch13_d172_k1,ent_6471,mentions,semantic
edge_smt_6472,ch13_d172_k1,ent_6472,mentions,semantic
edge_smt_6473,ch13_d172_k1,ent_6473,mentions,semantic
edge_smt_6474,ch13_d172_k2,ent_6474,mentions,semantic
edge_smt_6475,ch13_d172_k2,ent_6475,mentions,semantic
edge_smt_6476,ch13_d172_k2,ent_6476,mentions,semantic
edge_smt_6477,ch13_d172_k2,ent_6477,mentions,semantic
edge_smt_6478,ch13_d172_k2,ent_6478,mentions,semantic
edge_smt_6479,ch13_d172_k2,ent_6479,mentions,semantic
edge_smt_6480,ch13_d172_k2,ent_6480,mentions,semantic
edge_smt_6481,ch13_d172_k2,ent_6481,mentions,semantic
edge_smt_6482,ch13_d172_k2,ent_6482,mentions,semantic
edge_smt_6483,ch13_d172_k2,ent_6483,mentions,semantic
edge_smt_6484,ch13_d172_k2,ent_6484,mentions,semantic
edge_smt_6485,ch13_d172_k2,ent_6485,mentions,semantic
edge_smt_6486,ch13_d172_k2,ent_6486,mentions,semantic
edge_smt_6487,ch13_d172_k2,ent_6487,mentions,semantic
edge_smt_6488,ch13_d172_k2,ent_6488,mentions,semantic
edge_smt_6489,ch13_d172_k2,ent_6489,mentions,semantic
edge_smt_6490,ch13_d172_k2,ent_6490,mentions,semantic
edge_smt_6491,ch13_d172_k3,ent_6491,mentions,semantic
edge_smt_6492,ch13_d172_k3,ent_6492,mentions,semantic
edge_smt_6493,ch13_d172_k3,ent_6493,mentions,semantic
edge_smt_6494,ch13_d172_k3,ent_6494,mentions,semantic
edge_smt_6495,ch13_d172_k3,ent_6495,mentions,semantic
edge_smt_6496,ch13_d172_k3,ent_6496,mentions,semantic
edge_smt_6497,ch13_d172_k3,ent_6497,mentions,semantic
edge_smt_6498,ch13_d172_k4,ent_6498,mentions,semantic
edge_smt_6499,ch13_d172_k4,ent_6499,mentions,semantic
edge_smt_6500,ch13_d172_k4,ent_6500,mentions,semantic
edge_smt_6501,ch13_d172_k4,ent_6501,mentions,semantic
edge_smt_6502,ch13_d172_k4,ent_6502,mentions,semantic
edge_smt_6503,ch13_d172_k4,ent_6503,mentions,semantic
edge_smt_6504,ch13_d172_k4,ent_6504,mentions,semantic
edge_smt_6505,ch13_d172_k4,ent_6505,mentions,semantic
edge_smt_6506,ch13_d172_k4,ent_6506,mentions,semantic
edge_smt_6507,ch13_d172_k4,ent_6507,mentions,semantic
edge_smt_6508,ch13_d172_k4,ent_6508,mentions,semantic
edge_smt_6509,ch13_d172_k4,ent_6509,mentions,semantic
edge_smt_6510,ch13_d172_k4,ent_6510,mentions,semantic
edge_smt_6511,ch13_d172_k4,ent_6511,mentions,semantic
edge_smt_6512,ch13_d173_k1,ent_6512,mentions,semantic
edge_smt_6513,ch13_d173_k1,ent_6513,mentions,semantic
edge_smt_6514,ch13_d173_k1,ent_6514,mentions,semantic
edge_smt_6515,ch13_d173_k1,ent_6515,mentions,semantic
edge_smt_6516,ch13_d173_k1,ent_6516,mentions,semantic
edge_smt_6517,ch13_d173_k1,ent_6517,mentions,semantic
edge_smt_6518,ch13_d173_k1,ent_6518,mentions,semantic
edge_smt_6519,ch13_d173_k1,ent_6519,mentions,semantic
edge_smt_6520,ch13_d173_k1,ent_6520,mentions,semantic
edge_smt_6521,ch13_d173_k2,ent_6521,mentions,semantic
edge_smt_6522,ch13_d173_k2,ent_6522,mentions,semantic
edge_smt_6523,ch13_d173_k2,ent_6523,mentions,semantic
edge_smt_6524,ch13_d173_k2,ent_6524,mentions,semantic
edge_smt_6525,ch13_d173_k2,ent_6525,mentions,semantic
edge_smt_6526,ch13_d173_k2,ent_6526,mentions,semantic
edge_smt_6527,ch13_d173_k2,ent_6527,mentions,semantic
edge_smt_6528,ch13_d173_k2,ent_6528,mentions,semantic
edge_smt_6529,ch13_d173_k2,ent_6529,mentions,semantic
edge_smt_6530,ch13_d173_k2,ent_6530,mentions,semantic
edge_smt_6531,ch13_d173_k2,ent_6531,mentions,semantic
edge_smt_6532,ch13_d173_k2,ent_6532,mentions,semantic
edge_smt_6533,ch13_d174_k1,ent_6533,mentions,semantic
edge_smt_6534,ch13_d174_k1,ent_6534,mentions,semantic
edge_smt_6535,ch13_d174_k1,ent_6535,mentions,semantic
edge_smt_6536,ch13_d174_k1,ent_6536,mentions,semantic
edge_smt_6537,ch13_d174_k1,ent_6537,mentions,semantic
edge_smt_6538,ch13_d174_k1,ent_6538,mentions,semantic
edge_smt_6539,ch13_d174_k1,ent_6539,mentions,semantic
edge_smt_6540,ch13_d174_k1,ent_6540,mentions,semantic
edge_smt_6541,ch13_d174_k1,ent_6541,mentions,semantic
edge_smt_6542,ch13_d174_k1,ent_6542,mentions,semantic
edge_smt_6543,ch13_d174_k1,ent_6543,mentions,semantic
edge_smt_6544,ch13_d174_k1,ent_6544,mentions,semantic
edge_smt_6545,ch13_d174_k1,ent_6545,mentions,semantic
edge_smt_6546,ch13_d174_k1,ent_6546,mentions,semantic
edge_smt_6547,ch13_d174_k1,ent_6547,mentions,semantic
edge_smt_6548,ch13_d174_k1,ent_6548,mentions,semantic
edge_smt_6549,ch13_d174_k1,ent_6549,mentions,semantic
edge_smt_6550,ch13_d174_k1,ent_6550,mentions,semantic
edge_smt_6551,ch13_d174_k1,ent_6551,mentions,semantic
edge_smt_6552,ch13_d174_k1,ent_6552,mentions,semantic
edge_smt_6553,ch13_d174_k1,ent_6553,mentions,semantic
edge_smt_6554,ch13_d174_k1,ent_6554,mentions,semantic
edge_smt_6555,ch13_d174_k1,ent_6555,mentions,semantic
edge_smt_6556,ch13_d174_k1,ent_6556,mentions,semantic
edge_smt_6557,ch13_d174_k1,ent_6557,mentions,semantic
edge_smt_6558,ch13_d174_k1,ent_6558,mentions,semantic
edge_smt_6559,ch13_d174_k1,ent_6559,mentions,semantic
edge_smt_6560,ch13_d174_k1,ent_6560,mentions,semantic
edge_smt_6561,ch13_d174_k1,ent_6561,mentions,semantic
edge_smt_6562,ch13_d174_k1,ent_6562,mentions,semantic
edge_smt_6563,ch13_d174_k1,ent_6563,mentions,semantic
edge_smt_6564,ch13_d174_k1,ent_6564,mentions,semantic
edge_smt_6565,ch13_d174_k1,ent_6565,mentions,semantic
edge_smt_6566,ch13_d174_k1,ent_6566,mentions,semantic
edge_smt_6567,ch13_d174_k1,ent_6567,mentions,semantic
edge_smt_6568,ch13_d174_k1,ent_6568,mentions,semantic
edge_smt_6569,ch13_d174_k1,ent_6569,mentions,semantic
edge_smt_6570,ch13_d174_k1,ent_6570,mentions,semantic
edge_smt_6571,ch13_d174_k1,ent_6571,mentions,semantic
edge_smt_6572,ch13_d174_k1,ent_6572,mentions,semantic
edge_smt_6573,ch13_d174_k1,ent_6573,mentions,semantic
edge_smt_6574,ch13_d174_k1,ent_6574,mentions,semantic
edge_smt_6575,ch13_d174_k1,ent_6575,mentions,semantic
edge_smt_6576,ch13_d174_k1,ent_6576,mentions,semantic
edge_smt_6577,ch13_d174_k1,ent_6577,mentions,semantic
edge_smt_6578,ch13_d174_k1,ent_6578,mentions,semantic
edge_smt_6579,ch13_d174_k1,ent_6579,mentions,semantic
edge_smt_6580,ch13_d174_k1,ent_6580,mentions,semantic
edge_smt_6581,ch13_d174_k1,ent_6581,mentions,semantic
edge_smt_6582,ch13_d174_k1,ent_6582,mentions,semantic
edge_smt_6583,ch13_d174_k1,ent_6583,mentions,semantic
edge_smt_6584,ch13_d174_k1_a,ent_6584,mentions,semantic
edge_smt_6585,ch13_d174_k1_a,ent_6585,mentions,semantic
edge_smt_6586,ch13_d174_k1_a,ent_6586,mentions,semantic
edge_smt_6587,ch13_d174_k1_b,ent_6587,mentions,semantic
edge_smt_6588,ch13_d174_k1_b,ent_6588,mentions,semantic
edge_smt_6589,ch13_d174_k1_b,ent_6589,mentions,semantic
edge_smt_6590,ch13_d174_k1_b,ent_6590,mentions,semantic
edge_smt_6591,ch13_d174_k1_b,ent_6591,mentions,semantic
edge_smt_6592,ch13_d174_k1_b,ent_6592,mentions,semantic
edge_smt_6593,ch13_d174_k1_b,ent_6593,mentions,semantic
edge_smt_6594,ch13_d174_k1_b,ent_6594,mentions,semantic
edge_smt_6595,ch13_d174_k1_b,ent_6595,mentions,semantic
edge_smt_6596,ch13_d174_k1_b,ent_6596,mentions,semantic
edge_smt_6597,ch13_d174_k1_b,ent_6597,mentions,semantic
edge_smt_6598,ch13_d174_k1_b,ent_6598,mentions,semantic
edge_smt_6599,ch13_d174_k1_b,ent_6599,mentions,semantic
edge_smt_6600,ch13_d174_k1_b,ent_6600,mentions,semantic
edge_smt_6601,ch13_d174_k1_b,ent_6601,mentions,semantic
edge_smt_6602,ch13_d174_k1_c,ent_6602,mentions,semantic
edge_smt_6603,ch13_d174_k1_c,ent_6603,mentions,semantic
edge_smt_6604,ch13_d174_k1_c,ent_6604,mentions,semantic
edge_smt_6605,ch13_d174_k1_c,ent_6605,mentions,semantic
edge_smt_6606,ch13_d174_k1_c,ent_6606,mentions,semantic
edge_smt_6607,ch13_d174_k1_c,ent_6607,mentions,semantic
edge_smt_6608,ch13_d174_k1_c,ent_6608,mentions,semantic
edge_smt_6609,ch13_d174_k1_c,ent_6609,mentions,semantic
edge_smt_6610,ch13_d174_k1_c,ent_6610,mentions,semantic
edge_smt_6611,ch13_d174_k1_c,ent_6611,mentions,semantic
edge_smt_6612,ch13_d174_k1_c,ent_6612,mentions,semantic
edge_smt_6613,ch13_d174_k1_c,ent_6613,mentions,semantic
edge_smt_6614,ch13_d174_k1_c,ent_6614,mentions,semantic
edge_smt_6615,ch13_d174_k1_c,ent_6615,mentions,semantic
edge_smt_6616,ch13_d174_k1_c,ent_6616,mentions,semantic
edge_smt_6617,ch13_d174_k1_c,ent_6617,mentions,semantic
edge_smt_6618,ch13_d174_k1_d,ent_6618,mentions,semantic
edge_smt_6619,ch13_d174_k1_d,ent_6619,mentions,semantic
edge_smt_6620,ch13_d174_k1_d,ent_6620,mentions,semantic
edge_smt_6621,ch13_d174_k1_d,ent_6621,mentions,semantic
edge_smt_6622,ch13_d174_k1_d,ent_6622,mentions,semantic
edge_smt_6623,ch13_d174_k1_đ,ent_6623,mentions,semantic
edge_smt_6624,ch13_d174_k1_đ,ent_6624,mentions,semantic
edge_smt_6625,ch13_d174_k1_e,ent_6625,mentions,semantic
edge_smt_6626,ch13_d174_k1_e,ent_6626,mentions,semantic
edge_smt_6627,ch13_d174_k1_e,ent_6627,mentions,semantic
edge_smt_6628,ch13_d174_k1_e,ent_6628,mentions,semantic
edge_smt_6629,ch13_d174_k1_e,ent_6629,mentions,semantic
edge_smt_6630,ch13_d174_k1_g,ent_6630,mentions,semantic
edge_smt_6631,ch13_d174_k1_g,ent_6631,mentions,semantic
edge_smt_6632,ch13_d174_k1_g,ent_6632,mentions,semantic
edge_smt_6633,ch13_d174_k1_g,ent_6633,mentions,semantic
edge_smt_6634,ch13_d174_k1_g,ent_6634,mentions,semantic
edge_smt_6635,ch13_d174_k1_g,ent_6635,mentions,semantic
edge_smt_6636,ch13_d174_k1_g,ent_6636,mentions,semantic
edge_smt_6637,ch13_d174_k1_h,ent_6637,mentions,semantic
edge_smt_6638,ch13_d174_k1_h,ent_6638,mentions,semantic
edge_smt_6639,ch13_d174_k1_h,ent_6639,mentions,semantic
edge_smt_6640,ch13_d174_k2,ent_6640,mentions,semantic
edge_smt_6641,ch13_d175_k1,ent_6641,mentions,semantic
edge_smt_6642,ch13_d175_k1,ent_6642,mentions,semantic
edge_smt_6643,ch13_d175_k1,ent_6643,mentions,semantic
edge_smt_6644,ch13_d175_k1,ent_6644,mentions,semantic
edge_smt_6645,ch13_d175_k1,ent_6645,mentions,semantic
edge_smt_6646,ch13_d175_k1,ent_6646,mentions,semantic
edge_smt_6647,ch13_d175_k1,ent_6647,mentions,semantic
edge_smt_6648,ch13_d175_k1,ent_6648,mentions,semantic
edge_smt_6649,ch13_d175_k1,ent_6649,mentions,semantic
edge_smt_6650,ch13_d175_k1,ent_6650,mentions,semantic
edge_smt_6651,ch13_d175_k1,ent_6651,mentions,semantic
edge_smt_6652,ch13_d175_k1,ent_6652,mentions,semantic
edge_smt_6653,ch13_d175_k1,ent_6653,mentions,semantic
edge_smt_6654,ch13_d175_k1,ent_6654,mentions,semantic
edge_smt_6655,ch13_d175_k1,ent_6655,mentions,semantic
edge_smt_6656,ch13_d175_k1,ent_6656,mentions,semantic
edge_smt_6657,ch13_d175_k1,ent_6657,mentions,semantic
edge_smt_6658,ch13_d175_k1,ent_6658,mentions,semantic
edge_smt_6659,ch13_d175_k1,ent_6659,mentions,semantic
edge_smt_6660,ch13_d175_k1,ent_6660,mentions,semantic
edge_smt_6661,ch13_d175_k1,ent_6661,mentions,semantic
edge_smt_6662,ch13_d175_k1,ent_6662,mentions,semantic
edge_smt_6663,ch13_d175_k1,ent_6663,mentions,semantic
edge_smt_6664,ch13_d175_k1,ent_6664,mentions,semantic
edge_smt_6665,ch13_d175_k1,ent_6665,mentions,semantic
edge_smt_6666,ch13_d175_k1,ent_6666,mentions,semantic
edge_smt_6667,ch13_d175_k1,ent_6667,mentions,semantic
edge_smt_6668,ch13_d175_k1,ent_6668,mentions,semantic
edge_smt_6669,ch13_d175_k1,ent_6669,mentions,semantic
edge_smt_6670,ch13_d175_k1,ent_6670,mentions,semantic
edge_smt_6671,ch13_d175_k1,ent_6671,mentions,semantic
edge_smt_6672,ch13_d175_k1,ent_6672,mentions,semantic
edge_smt_6673,ch13_d175_k1,ent_6673,mentions,semantic
edge_smt_6674,ch13_d175_k1,ent_6674,mentions,semantic
edge_smt_6675,ch13_d175_k1,ent_6675,mentions,semantic
edge_smt_6676,ch13_d175_k1,ent_6676,mentions,semantic
edge_smt_6677,ch13_d175_k1,ent_6677,mentions,semantic
edge_smt_6678,ch13_d175_k1,ent_6678,mentions,semantic
edge_smt_6679,ch13_d175_k1,ent_6679,mentions,semantic
edge_smt_6680,ch13_d175_k1,ent_6680,mentions,semantic
edge_smt_6681,ch13_d175_k1,ent_6681,mentions,semantic
edge_smt_6682,ch13_d175_k1,ent_6682,mentions,semantic
edge_smt_6683,ch13_d175_k1,ent_6683,mentions,semantic
edge_smt_6684,ch13_d175_k1,ent_6684,mentions,semantic
edge_smt_6685,ch13_d175_k1,ent_6685,mentions,semantic
edge_smt_6686,ch13_d175_k1,ent_6686,mentions,semantic
edge_smt_6687,ch13_d175_k1,ent_6687,mentions,semantic
edge_smt_6688,ch13_d175_k1_a,ent_6688,mentions,semantic
edge_smt_6689,ch13_d175_k1_a,ent_6689,mentions,semantic
edge_smt_6690,ch13_d175_k1_a,ent_6690,mentions,semantic
edge_smt_6691,ch13_d175_k1_a,ent_6691,mentions,semantic
edge_smt_6692,ch13_d175_k1_a,ent_6692,mentions,semantic
edge_smt_6693,ch13_d175_k1_a,ent_6693,mentions,semantic
edge_smt_6694,ch13_d175_k1_a,ent_6694,mentions,semantic
edge_smt_6695,ch13_d175_k1_a,ent_6695,mentions,semantic
edge_smt_6696,ch13_d175_k1_a,ent_6696,mentions,semantic
edge_smt_6697,ch13_d175_k1_b,ent_6697,mentions,semantic
edge_smt_6698,ch13_d175_k1_b,ent_6698,mentions,semantic
edge_smt_6699,ch13_d175_k1_b,ent_6699,mentions,semantic
edge_smt_6700,ch13_d175_k1_b,ent_6700,mentions,semantic
edge_smt_6701,ch13_d175_k1_b,ent_6701,mentions,semantic
edge_smt_6702,ch13_d175_k1_b,ent_6702,mentions,semantic
edge_smt_6703,ch13_d175_k1_b,ent_6703,mentions,semantic
edge_smt_6704,ch13_d175_k1_b,ent_6704,mentions,semantic
edge_smt_6705,ch13_d175_k1_c,ent_6705,mentions,semantic
edge_smt_6706,ch13_d175_k1_c,ent_6706,mentions,semantic
edge_smt_6707,ch13_d175_k1_c,ent_6707,mentions,semantic
edge_smt_6708,ch13_d175_k1_c,ent_6708,mentions,semantic
edge_smt_6709,ch13_d175_k1_c,ent_6709,mentions,semantic
edge_smt_6710,ch13_d175_k1_c,ent_6710,mentions,semantic
edge_smt_6711,ch13_d175_k1_c,ent_6711,mentions,semantic
edge_smt_6712,ch13_d175_k1_d,ent_6712,mentions,semantic
edge_smt_6713,ch13_d175_k1_d,ent_6713,mentions,semantic
edge_smt_6714,ch13_d175_k1_d,ent_6714,mentions,semantic
edge_smt_6715,ch13_d175_k1_d,ent_6715,mentions,semantic
edge_smt_6716,ch13_d175_k1_d,ent_6716,mentions,semantic
edge_smt_6717,ch13_d175_k1_d,ent_6717,mentions,semantic
edge_smt_6718,ch13_d175_k1_d,ent_6718,mentions,semantic
edge_smt_6719,ch13_d175_k2,ent_6719,mentions,semantic
edge_smt_6720,ch13_d175_k2,ent_6720,mentions,semantic
edge_smt_6721,ch13_d175_k2,ent_6721,mentions,semantic
edge_smt_6722,ch13_d175_k2,ent_6722,mentions,semantic
edge_smt_6723,ch13_d175_k2,ent_6723,mentions,semantic
edge_smt_6724,ch13_d175_k2,ent_6724,mentions,semantic
edge_smt_6725,ch13_d175_k2,ent_6725,mentions,semantic
edge_smt_6726,ch13_d175_k2,ent_6726,mentions,semantic
edge_smt_6727,ch13_d175_k2,ent_6727,mentions,semantic
edge_smt_6728,ch13_d175_k2,ent_6728,mentions,semantic
edge_smt_6729,ch13_d175_k2,ent_6729,mentions,semantic
edge_smt_6730,ch13_d175_k2,ent_6730,mentions,semantic
edge_smt_6731,ch13_d175_k2,ent_6731,mentions,semantic
edge_smt_6732,ch13_d175_k2,ent_6732,mentions,semantic
edge_smt_6733,ch13_d175_k2,ent_6733,mentions,semantic
edge_smt_6734,ch13_d175_k2,ent_6734,mentions,semantic
edge_smt_6735,ch13_d175_k2,ent_6735,mentions,semantic
edge_smt_6736,ch13_d175_k2,ent_6736,mentions,semantic
edge_smt_6737,ch13_d175_k2,ent_6737,mentions,semantic
edge_smt_6738,ch13_d175_k2,ent_6738,mentions,semantic
edge_smt_6739,ch13_d175_k2,ent_6739,mentions,semantic
edge_smt_6740,ch13_d175_k2,ent_6740,mentions,semantic
edge_smt_6741,ch13_d176_k1,ent_6741,mentions,semantic
edge_smt_6742,ch13_d176_k1,ent_6742,mentions,semantic
edge_smt_6743,ch13_d176_k1,ent_6743,mentions,semantic
edge_smt_6744,ch13_d176_k1,ent_6744,mentions,semantic
edge_smt_6745,ch13_d176_k1,ent_6745,mentions,semantic
edge_smt_6746,ch13_d176_k1,ent_6746,mentions,semantic
edge_smt_6747,ch13_d176_k1,ent_6747,mentions,semantic
edge_smt_6748,ch13_d176_k1,ent_6748,mentions,semantic
edge_smt_6749,ch13_d176_k1,ent_6749,mentions,semantic
edge_smt_6750,ch13_d176_k1,ent_6750,mentions,semantic
edge_smt_6751,ch13_d176_k1,ent_6751,mentions,semantic
edge_smt_6752,ch13_d176_k1,ent_6752,mentions,semantic
edge_smt_6753,ch13_d176_k1,ent_6753,mentions,semantic
edge_smt_6754,ch13_d176_k1,ent_6754,mentions,semantic
edge_smt_6755,ch13_d176_k1,ent_6755,mentions,semantic
edge_smt_6756,ch13_d176_k1,ent_6756,mentions,semantic
edge_smt_6757,ch13_d176_k1,ent_6757,mentions,semantic
edge_smt_6758,ch13_d176_k1,ent_6758,mentions,semantic
edge_smt_6759,ch13_d176_k1,ent_6759,mentions,semantic
edge_smt_6760,ch13_d176_k1,ent_6760,mentions,semantic
edge_smt_6761,ch13_d176_k1,ent_6761,mentions,semantic
edge_smt_6762,ch13_d176_k1,ent_6762,mentions,semantic
edge_smt_6763,ch13_d176_k1,ent_6763,mentions,semantic
edge_smt_6764,ch13_d176_k1,ent_6764,mentions,semantic
edge_smt_6765,ch13_d176_k1,ent_6765,mentions,semantic
edge_smt_6766,ch13_d176_k1,ent_6766,mentions,semantic
edge_smt_6767,ch13_d176_k1,ent_6767,mentions,semantic
edge_smt_6768,ch13_d176_k1,ent_6768,mentions,semantic
edge_smt_6769,ch13_d176_k1,ent_6769,mentions,semantic
edge_smt_6770,ch13_d176_k1,ent_6770,mentions,semantic
edge_smt_6771,ch13_d176_k1,ent_6771,mentions,semantic
edge_smt_6772,ch13_d176_k1,ent_6772,mentions,semantic
edge_smt_6773,ch13_d176_k1,ent_6773,mentions,semantic
edge_smt_6774,ch13_d176_k1,ent_6774,mentions,semantic
edge_smt_6775,ch13_d176_k1,ent_6775,mentions,semantic
edge_smt_6776,ch13_d176_k1,ent_6776,mentions,semantic
edge_smt_6777,ch13_d176_k1,ent_6777,mentions,semantic
edge_smt_6778,ch13_d176_k1,ent_6778,mentions,semantic
edge_smt_6779,ch13_d176_k1,ent_6779,mentions,semantic
edge_smt_6780,ch13_d176_k1,ent_6780,mentions,semantic
edge_smt_6781,ch13_d176_k1,ent_6781,mentions,semantic
edge_smt_6782,ch13_d176_k1,ent_6782,mentions,semantic
edge_smt_6783,ch13_d176_k1,ent_6783,mentions,semantic
edge_smt_6784,ch13_d176_k1_a,ent_6784,mentions,semantic
edge_smt_6785,ch13_d176_k1_a,ent_6785,mentions,semantic
edge_smt_6786,ch13_d176_k1_a,ent_6786,mentions,semantic
edge_smt_6787,ch13_d176_k1_a,ent_6787,mentions,semantic
edge_smt_6788,ch13_d176_k1_a,ent_6788,mentions,semantic
edge_smt_6789,ch13_d176_k1_a,ent_6789,mentions,semantic
edge_smt_6790,ch13_d176_k1_a,ent_6790,mentions,semantic
edge_smt_6791,ch13_d176_k1_a,ent_6791,mentions,semantic
edge_smt_6792,ch13_d176_k1_a,ent_6792,mentions,semantic
edge_smt_6793,ch13_d176_k1_a,ent_6793,mentions,semantic
edge_smt_6794,ch13_d176_k1_a,ent_6794,mentions,semantic
edge_smt_6795,ch13_d176_k1_a,ent_6795,mentions,semantic
edge_smt_6796,ch13_d176_k1_a,ent_6796,mentions,semantic
edge_smt_6797,ch13_d176_k1_a,ent_6797,mentions,semantic
edge_smt_6798,ch13_d176_k1_b,ent_6798,mentions,semantic
edge_smt_6799,ch13_d176_k1_b,ent_6799,mentions,semantic
edge_smt_6800,ch13_d176_k1_b,ent_6800,mentions,semantic
edge_smt_6801,ch13_d176_k1_b,ent_6801,mentions,semantic
edge_smt_6802,ch13_d176_k1_b,ent_6802,mentions,semantic
edge_smt_6803,ch13_d176_k1_b,ent_6803,mentions,semantic
edge_smt_6804,ch13_d176_k1_b,ent_6804,mentions,semantic
edge_smt_6805,ch13_d176_k1_b,ent_6805,mentions,semantic
edge_smt_6806,ch13_d176_k1_c,ent_6806,mentions,semantic
edge_smt_6807,ch13_d176_k1_c,ent_6807,mentions,semantic
edge_smt_6808,ch13_d176_k1_c,ent_6808,mentions,semantic
edge_smt_6809,ch13_d176_k1_c,ent_6809,mentions,semantic
edge_smt_6810,ch13_d176_k1_c,ent_6810,mentions,semantic
edge_smt_6811,ch13_d176_k1_c,ent_6811,mentions,semantic
edge_smt_6812,ch13_d176_k1_c,ent_6812,mentions,semantic
edge_smt_6813,ch13_d176_k1_c,ent_6813,mentions,semantic
edge_smt_6814,ch13_d176_k1_c,ent_6814,mentions,semantic
edge_smt_6815,ch13_d176_k1_c,ent_6815,mentions,semantic
edge_smt_6816,ch13_d176_k1_c,ent_6816,mentions,semantic
edge_smt_6817,ch13_d176_k1_d,ent_6817,mentions,semantic
edge_smt_6818,ch13_d176_k1_d,ent_6818,mentions,semantic
edge_smt_6819,ch13_d176_k1_d,ent_6819,mentions,semantic
edge_smt_6820,ch13_d176_k1_d,ent_6820,mentions,semantic
edge_smt_6821,ch13_d176_k1_d,ent_6821,mentions,semantic
edge_smt_6822,ch13_d176_k2,ent_6822,mentions,semantic
edge_smt_6823,ch13_d176_k2,ent_6823,mentions,semantic
edge_smt_6824,ch13_d176_k2,ent_6824,mentions,semantic
edge_smt_6825,ch13_d176_k2,ent_6825,mentions,semantic
edge_smt_6826,ch13_d176_k2,ent_6826,mentions,semantic
edge_smt_6827,ch13_d176_k2,ent_6827,mentions,semantic
edge_smt_6828,ch13_d176_k2,ent_6828,mentions,semantic
edge_smt_6829,ch13_d176_k2,ent_6829,mentions,semantic
edge_smt_6830,ch13_d176_k2,ent_6830,mentions,semantic
edge_smt_6831,ch13_d176_k2,ent_6831,mentions,semantic
edge_smt_6832,ch13_d176_k2,ent_6832,mentions,semantic
edge_smt_6833,ch13_d176_k2,ent_6833,mentions,semantic
edge_smt_6834,ch13_d176_k2,ent_6834,mentions,semantic
edge_smt_6835,ch13_d176_k3,ent_6835,mentions,semantic
edge_smt_6836,ch13_d176_k3,ent_6836,mentions,semantic
edge_smt_6837,ch13_d176_k3,ent_6837,mentions,semantic
edge_smt_6838,ch13_d176_k3,ent_6838,mentions,semantic
edge_smt_6839,ch13_d176_k3,ent_6839,mentions,semantic
edge_smt_6840,ch13_d176_k3,ent_6840,mentions,semantic
edge_smt_6841,ch13_d176_k3,ent_6841,mentions,semantic
edge_smt_6842,ch13_d176_k3,ent_6842,mentions,semantic
edge_smt_6843,ch13_d176_k3,ent_6843,mentions,semantic
edge_smt_6844,ch13_d176_k3,ent_6844,mentions,semantic
edge_smt_6845,ch13_d176_k3,ent_6845,mentions,semantic
edge_smt_6846,ch13_d176_k3,ent_6846,mentions,semantic
edge_smt_6847,ch13_d176_k3,ent_6847,mentions,semantic
edge_smt_6848,ch13_d176_k3,ent_6848,mentions,semantic
edge_smt_6849,ch13_d177_k1,ent_6849,mentions,semantic
edge_smt_6850,ch13_d177_k1,ent_6850,mentions,semantic
edge_smt_6851,ch13_d177_k1,ent_6851,mentions,semantic
edge_smt_6852,ch13_d177_k1,ent_6852,mentions,semantic
edge_smt_6853,ch13_d177_k1,ent_6853,mentions,semantic
edge_smt_6854,ch13_d177_k1,ent_6854,mentions,semantic
edge_smt_6855,ch13_d177_k1,ent_6855,mentions,semantic
edge_smt_6856,ch13_d177_k2,ent_6856,mentions,semantic
edge_smt_6857,ch13_d177_k2,ent_6857,mentions,semantic
edge_smt_6858,ch13_d177_k2,ent_6858,mentions,semantic
edge_smt_6859,ch13_d177_k2,ent_6859,mentions,semantic
edge_smt_6860,ch13_d177_k2,ent_6860,mentions,semantic
edge_smt_6861,ch13_d177_k2,ent_6861,mentions,semantic
edge_smt_6862,ch13_d177_k3,ent_6862,mentions,semantic
edge_smt_6863,ch13_d177_k3,ent_6863,mentions,semantic
edge_smt_6864,ch13_d177_k3,ent_6864,mentions,semantic
edge_smt_6865,ch13_d177_k3,ent_6865,mentions,semantic
edge_smt_6866,ch13_d177_k3,ent_6866,mentions,semantic
edge_smt_6867,ch13_d177_k3,ent_6867,mentions,semantic
edge_smt_6868,ch13_d177_k3,ent_6868,mentions,semantic
edge_smt_6869,ch13_d177_k3,ent_6869,mentions,semantic
edge_smt_6870,ch13_d177_k3,ent_6870,mentions,semantic
edge_smt_6871,ch13_d177_k3,ent_6871,mentions,semantic
edge_smt_6872,ch13_d177_k3,ent_6872,mentions,semantic
edge_smt_6873,ch13_d177_k3,ent_6873,mentions,semantic
edge_smt_6874,ch13_d177_k3,ent_6874,mentions,semantic
edge_smt_6875,ch13_d177_k3,ent_6875,mentions,semantic
edge_smt_6876,ch13_d177_k3,ent_6876,mentions,semantic
edge_smt_6877,ch13_d177_k3,ent_6877,mentions,semantic
edge_smt_6878,ch13_d177_k3,ent_6878,mentions,semantic
edge_smt_6879,ch13_d177_k3,ent_6879,mentions,semantic
edge_smt_6880,ch13_d177_k3,ent_6880,mentions,semantic
edge_smt_6881,ch13_d177_k3,ent_6881,mentions,semantic
edge_smt_6882,ch13_d177_k3,ent_6882,mentions,semantic
edge_smt_6883,ch13_d177_k3,ent_6883,mentions,semantic
edge_smt_6884,ch13_d177_k3,ent_6884,mentions,semantic
edge_smt_6885,ch13_d177_k3,ent_6885,mentions,semantic
edge_smt_6886,ch13_d177_k3,ent_6886,mentions,semantic
edge_smt_6887,ch13_d177_k3,ent_6887,mentions,semantic
edge_smt_6888,ch13_d177_k3,ent_6888,mentions,semantic
edge_smt_6889,ch13_d177_k3,ent_6889,mentions,semantic
edge_smt_6890,ch13_d177_k3,ent_6890,mentions,semantic
edge_smt_6891,ch13_d177_k3,ent_6891,mentions,semantic
edge_smt_6892,ch13_d177_k3,ent_6892,mentions,semantic
edge_smt_6893,ch13_d177_k3,ent_6893,mentions,semantic
edge_smt_6894,ch13_d177_k3,ent_6894,mentions,semantic
edge_smt_6895,ch13_d177_k3,ent_6895,mentions,semantic
edge_smt_6896,ch13_d177_k3,ent_6896,mentions,semantic
edge_smt_6897,ch13_d177_k3,ent_6897,mentions,semantic
edge_smt_6898,ch13_d177_k3,ent_6898,mentions,semantic
edge_smt_6899,ch13_d177_k3,ent_6899,mentions,semantic
edge_smt_6900,ch13_d177_k3,ent_6900,mentions,semantic
edge_smt_6901,ch13_d177_k3,ent_6901,mentions,semantic
edge_smt_6902,ch13_d177_k3,ent_6902,mentions,semantic
edge_smt_6903,ch13_d177_k3,ent_6903,mentions,semantic
edge_smt_6904,ch13_d177_k3,ent_6904,mentions,semantic
edge_smt_6905,ch13_d177_k3,ent_6905,mentions,semantic
edge_smt_6906,ch13_d177_k3,ent_6906,mentions,semantic
edge_smt_6907,ch13_d177_k3,ent_6907,mentions,semantic
edge_smt_6908,ch13_d177_k3,ent_6908,mentions,semantic
edge_smt_6909,ch13_d177_k3,ent_6909,mentions,semantic
edge_smt_6910,ch13_d177_k3,ent_6910,mentions,semantic
edge_smt_6911,ch13_d177_k3,ent_6911,mentions,semantic
edge_smt_6912,ch13_d177_k3,ent_6912,mentions,semantic
edge_smt_6913,ch13_d177_k3,ent_6913,mentions,semantic
edge_smt_6914,ch13_d177_k3,ent_6914,mentions,semantic
edge_smt_6915,ch13_d177_k3,ent_6915,mentions,semantic
edge_smt_6916,ch13_d177_k3,ent_6916,mentions,semantic
edge_smt_6917,ch13_d177_k3,ent_6917,mentions,semantic
edge_smt_6918,ch13_d177_k3,ent_6918,mentions,semantic
edge_smt_6919,ch13_d177_k3,ent_6919,mentions,semantic
edge_smt_6920,ch13_d177_k4,ent_6920,mentions,semantic
edge_smt_6921,ch13_d177_k4,ent_6921,mentions,semantic
edge_smt_6922,ch13_d177_k4,ent_6922,mentions,semantic
edge_smt_6923,ch13_d177_k4,ent_6923,mentions,semantic
edge_smt_6924,ch13_d177_k4,ent_6924,mentions,semantic
edge_smt_6925,ch13_d177_k4,ent_6925,mentions,semantic
edge_smt_6926,ch13_d177_k4,ent_6926,mentions,semantic
edge_smt_6927,ch13_d177_k4,ent_6927,mentions,semantic
edge_smt_6928,ch13_d177_k4,ent_6928,mentions,semantic
edge_smt_6929,ch13_d177_k4,ent_6929,mentions,semantic
edge_smt_6930,ch13_d177_k4,ent_6930,mentions,semantic
edge_smt_6931,ch13_d177_k4,ent_6931,mentions,semantic
edge_smt_6932,ch13_d177_k4,ent_6932,mentions,semantic
edge_smt_6933,ch13_d177_k4,ent_6933,mentions,semantic
edge_smt_6934,ch13_d177_k5,ent_6934,mentions,semantic
edge_smt_6935,ch13_d177_k5,ent_6935,mentions,semantic
edge_smt_6936,ch13_d177_k5,ent_6936,mentions,semantic
edge_smt_6937,ch13_d178_k1,ent_6937,mentions,semantic
edge_smt_6938,ch13_d178_k1,ent_6938,mentions,semantic
edge_smt_6939,ch13_d178_k1,ent_6939,mentions,semantic
edge_smt_6940,ch13_d178_k1,ent_6940,mentions,semantic
edge_smt_6941,ch13_d178_k1,ent_6941,mentions,semantic
edge_smt_6942,ch13_d178_k1,ent_6942,mentions,semantic
edge_smt_6943,ch13_d178_k2,ent_6943,mentions,semantic
edge_smt_6944,ch13_d178_k2,ent_6944,mentions,semantic
edge_smt_6945,ch13_d178_k2,ent_6945,mentions,semantic
edge_smt_6946,ch13_d178_k2,ent_6946,mentions,semantic
edge_smt_6947,ch13_d178_k2,ent_6947,mentions,semantic
edge_smt_6948,ch13_d178_k3,ent_6948,mentions,semantic
edge_smt_6949,ch13_d178_k3,ent_6949,mentions,semantic
edge_smt_6950,ch13_d178_k3,ent_6950,mentions,semantic
edge_smt_6951,ch13_d178_k3,ent_6951,mentions,semantic
edge_smt_6952,ch13_d178_k3,ent_6952,mentions,semantic
edge_smt_6953,ch13_d178_k3,ent_6953,mentions,semantic
edge_smt_6954,ch13_d178_k3,ent_6954,mentions,semantic
edge_smt_6955,ch13_d178_k3,ent_6955,mentions,semantic
edge_smt_6956,ch13_d178_k3,ent_6956,mentions,semantic
edge_smt_6957,ch13_d178_k3,ent_6957,mentions,semantic
edge_smt_6958,ch13_d178_k3,ent_6958,mentions,semantic
edge_smt_6959,ch13_d178_k3,ent_6959,mentions,semantic
edge_smt_6960,ch13_d178_k4,ent_6960,mentions,semantic
edge_smt_6961,ch13_d178_k4,ent_6961,mentions,semantic
edge_smt_6962,ch13_d178_k4,ent_6962,mentions,semantic
edge_smt_6963,ch13_d178_k4,ent_6963,mentions,semantic
edge_smt_6964,ch13_d178_k4,ent_6964,mentions,semantic
edge_smt_6965,ch13_d178_k4,ent_6965,mentions,semantic
edge_smt_6966,ch13_d178_k4,ent_6966,mentions,semantic
edge_smt_6967,ch13_d178_k5,ent_6967,mentions,semantic
edge_smt_6968,ch13_d178_k5,ent_6968,mentions,semantic
edge_smt_6969,ch13_d178_k5,ent_6969,mentions,semantic
edge_smt_6970,ch13_d178_k5,ent_6970,mentions,semantic
edge_smt_6971,ch13_d178_k6,ent_6971,mentions,semantic
edge_smt_6972,ch13_d178_k6,ent_6972,mentions,semantic
edge_smt_6973,ch13_d178_k6,ent_6973,mentions,semantic
edge_smt_6974,ch13_d178_k6,ent_6974,mentions,semantic
edge_smt_6975,ch13_d178_k6,ent_6975,mentions,semantic
edge_smt_6976,ch13_d178_k6,ent_6976,mentions,semantic
edge_smt_6977,ch13_d178_k6,ent_6977,mentions,semantic
edge_smt_6978,ch13_d178_k6,ent_6978,mentions,semantic
edge_smt_6979,ch13_d178_k6,ent_6979,mentions,semantic
edge_smt_6980,ch13_d178_k6,ent_6980,mentions,semantic
edge_smt_6981,ch13_d178_k6,ent_6981,mentions,semantic
edge_smt_6982,ch13_d178_k7,ent_6982,mentions,semantic
edge_smt_6983,ch13_d178_k7,ent_6983,mentions,semantic
edge_smt_6984,ch13_d178_k7,ent_6984,mentions,semantic
edge_smt_6985,ch13_d178_k7,ent_6985,mentions,semantic
edge_smt_6986,ch13_d178_k7,ent_6986,mentions,semantic
edge_smt_6987,ch13_d178_k7,ent_6987,mentions,semantic
edge_smt_6988,ch13_d178_k7,ent_6988,mentions,semantic
edge_smt_6989,ch13_d178_k7,ent_6989,mentions,semantic
edge_smt_6990,ch13_d178_k7,ent_6990,mentions,semantic
edge_smt_6991,ch13_d178_k7,ent_6991,mentions,semantic
edge_smt_6992,ch13_d178_k7,ent_6992,mentions,semantic
edge_smt_6993,ch13_d178_k7,ent_6993,mentions,semantic
edge_smt_6994,ch13_d178_k8,ent_6994,mentions,semantic
edge_smt_6995,ch13_d178_k8,ent_6995,mentions,semantic
edge_smt_6996,ch13_d178_k8,ent_6996,mentions,semantic
edge_smt_6997,ch13_d178_k8,ent_6997,mentions,semantic
edge_smt_6998,ch14_muc1_d179_k1,ent_6998,mentions,semantic
edge_smt_6999,ch14_muc1_d179_k1,ent_6999,mentions,semantic
edge_smt_7000,ch14_muc1_d179_k1,ent_7000,mentions,semantic
edge_smt_7001,ch14_muc1_d179_k1,ent_7001,mentions,semantic
edge_smt_7002,ch14_muc1_d179_k1,ent_7002,mentions,semantic
edge_smt_7003,ch14_muc1_d179_k1,ent_7003,mentions,semantic
edge_smt_7004,ch14_muc1_d179_k1,ent_7004,mentions,semantic
edge_smt_7005,ch14_muc1_d179_k1,ent_7005,mentions,semantic
edge_smt_7006,ch14_muc1_d179_k1,ent_7006,mentions,semantic
edge_smt_7007,ch14_muc1_d179_k1,ent_7007,mentions,semantic
edge_smt_7008,ch14_muc1_d179_k1,ent_7008,mentions,semantic
edge_smt_7009,ch14_muc1_d179_k1,ent_7009,mentions,semantic
edge_smt_7010,ch14_muc1_d179_k1,ent_7010,mentions,semantic
edge_smt_7011,ch14_muc1_d179_k1,ent_7011,mentions,semantic
edge_smt_7012,ch14_muc1_d179_k1,ent_7012,mentions,semantic
edge_smt_7013,ch14_muc1_d179_k1,ent_7013,mentions,semantic
edge_smt_7014,ch14_muc1_d179_k1,ent_7014,mentions,semantic
edge_smt_7015,ch14_muc1_d179_k1,ent_7015,mentions,semantic
edge_smt_7016,ch14_muc1_d179_k1,ent_7016,mentions,semantic
edge_smt_7017,ch14_muc1_d179_k1,ent_7017,mentions,semantic
edge_smt_7018,ch14_muc1_d179_k1,ent_7018,mentions,semantic
edge_smt_7019,ch14_muc1_d179_k1,ent_7019,mentions,semantic
edge_smt_7020,ch14_muc1_d179_k1,ent_7020,mentions,semantic
edge_smt_7021,ch14_muc1_d179_k1,ent_7021,mentions,semantic
edge_smt_7022,ch14_muc1_d179_k1,ent_7022,mentions,semantic
edge_smt_7023,ch14_muc1_d179_k1,ent_7023,mentions,semantic
edge_smt_7024,ch14_muc1_d179_k1,ent_7024,mentions,semantic
edge_smt_7025,ch14_muc1_d179_k1,ent_7025,mentions,semantic
edge_smt_7026,ch14_muc1_d179_k1,ent_7026,mentions,semantic
edge_smt_7027,ch14_muc1_d179_k1,ent_7027,mentions,semantic
edge_smt_7028,ch14_muc1_d179_k1,ent_7028,mentions,semantic
edge_smt_7029,ch14_muc1_d179_k1,ent_7029,mentions,semantic
edge_smt_7030,ch14_muc1_d179_k1,ent_7030,mentions,semantic
edge_smt_7031,ch14_muc1_d179_k1,ent_7031,mentions,semantic
edge_smt_7032,ch14_muc1_d179_k1,ent_7032,mentions,semantic
edge_smt_7033,ch14_muc1_d179_k1,ent_7033,mentions,semantic
edge_smt_7034,ch14_muc1_d179_k1,ent_7034,mentions,semantic
edge_smt_7035,ch14_muc1_d179_k1,ent_7035,mentions,semantic
edge_smt_7036,ch14_muc1_d179_k1,ent_7036,mentions,semantic
edge_smt_7037,ch14_muc1_d179_k1,ent_7037,mentions,semantic
edge_smt_7038,ch14_muc1_d179_k1,ent_7038,mentions,semantic
edge_smt_7039,ch14_muc1_d179_k1,ent_7039,mentions,semantic
edge_smt_7040,ch14_muc1_d179_k1,ent_7040,mentions,semantic
edge_smt_7041,ch14_muc1_d179_k1_a,ent_7041,mentions,semantic
edge_smt_7042,ch14_muc1_d179_k1_a,ent_7042,mentions,semantic
edge_smt_7043,ch14_muc1_d179_k1_a,ent_7043,mentions,semantic
edge_smt_7044,ch14_muc1_d179_k1_a,ent_7044,mentions,semantic
edge_smt_7045,ch14_muc1_d179_k1_a,ent_7045,mentions,semantic
edge_smt_7046,ch14_muc1_d179_k1_a,ent_7046,mentions,semantic
edge_smt_7047,ch14_muc1_d179_k1_a,ent_7047,mentions,semantic
edge_smt_7048,ch14_muc1_d179_k1_a,ent_7048,mentions,semantic
edge_smt_7049,ch14_muc1_d179_k1_a,ent_7049,mentions,semantic
edge_smt_7050,ch14_muc1_d179_k1_a,ent_7050,mentions,semantic
edge_smt_7051,ch14_muc1_d179_k1_a,ent_7051,mentions,semantic
edge_smt_7052,ch14_muc1_d179_k1_a,ent_7052,mentions,semantic
edge_smt_7053,ch14_muc1_d179_k1_a,ent_7053,mentions,semantic
edge_smt_7054,ch14_muc1_d179_k1_a,ent_7054,mentions,semantic
edge_smt_7055,ch14_muc1_d179_k1_a,ent_7055,mentions,semantic
edge_smt_7056,ch14_muc1_d179_k1_a,ent_7056,mentions,semantic
edge_smt_7057,ch14_muc1_d179_k1_a,ent_7057,mentions,semantic
edge_smt_7058,ch14_muc1_d179_k1_a,ent_7058,mentions,semantic
edge_smt_7059,ch14_muc1_d179_k1_a,ent_7059,mentions,semantic
edge_smt_7060,ch14_muc1_d179_k1_a,ent_7060,mentions,semantic
edge_smt_7061,ch14_muc1_d179_k1_b,ent_7061,mentions,semantic
edge_smt_7062,ch14_muc1_d179_k1_b,ent_7062,mentions,semantic
edge_smt_7063,ch14_muc1_d179_k1_b,ent_7063,mentions,semantic
edge_smt_7064,ch14_muc1_d179_k1_b,ent_7064,mentions,semantic
edge_smt_7065,ch14_muc1_d179_k1_b,ent_7065,mentions,semantic
edge_smt_7066,ch14_muc1_d179_k1_b,ent_7066,mentions,semantic
edge_smt_7067,ch14_muc1_d179_k1_b,ent_7067,mentions,semantic
edge_smt_7068,ch14_muc1_d179_k1_b,ent_7068,mentions,semantic
edge_smt_7069,ch14_muc1_d179_k1_b,ent_7069,mentions,semantic
edge_smt_7070,ch14_muc1_d179_k2,ent_7070,mentions,semantic
edge_smt_7071,ch14_muc1_d179_k2,ent_7071,mentions,semantic
edge_smt_7072,ch14_muc1_d179_k2,ent_7072,mentions,semantic
edge_smt_7073,ch14_muc1_d179_k2,ent_7073,mentions,semantic
edge_smt_7074,ch14_muc1_d179_k2,ent_7074,mentions,semantic
edge_smt_7075,ch14_muc1_d179_k2,ent_7075,mentions,semantic
edge_smt_7076,ch14_muc1_d179_k2,ent_7076,mentions,semantic
edge_smt_7077,ch14_muc1_d179_k2,ent_7077,mentions,semantic
edge_smt_7078,ch14_muc1_d179_k2,ent_7078,mentions,semantic
edge_smt_7079,ch14_muc1_d179_k2,ent_7079,mentions,semantic
edge_smt_7080,ch14_muc1_d179_k2,ent_7080,mentions,semantic
edge_smt_7081,ch14_muc1_d179_k2,ent_7081,mentions,semantic
edge_smt_7082,ch14_muc1_d179_k2,ent_7082,mentions,semantic
edge_smt_7083,ch14_muc1_d179_k2,ent_7083,mentions,semantic
edge_smt_7084,ch14_muc1_d179_k2,ent_7084,mentions,semantic
edge_smt_7085,ch14_muc1_d179_k2,ent_7085,mentions,semantic
edge_smt_7086,ch14_muc1_d179_k2,ent_7086,mentions,semantic
edge_smt_7087,ch14_muc1_d179_k2,ent_7087,mentions,semantic
edge_smt_7088,ch14_muc1_d179_k2,ent_7088,mentions,semantic
edge_smt_7089,ch14_muc1_d179_k2,ent_7089,mentions,semantic
edge_smt_7090,ch14_muc1_d179_k2,ent_7090,mentions,semantic
edge_smt_7091,ch14_muc1_d179_k2,ent_7091,mentions,semantic
edge_smt_7092,ch14_muc1_d179_k2,ent_7092,mentions,semantic
edge_smt_7093,ch14_muc1_d179_k2,ent_7093,mentions,semantic
edge_smt_7094,ch14_muc1_d179_k2,ent_7094,mentions,semantic
edge_smt_7095,ch14_muc1_d179_k2,ent_7095,mentions,semantic
edge_smt_7096,ch14_muc1_d179_k2,ent_7096,mentions,semantic
edge_smt_7097,ch14_muc1_d179_k2,ent_7097,mentions,semantic
edge_smt_7098,ch14_muc1_d179_k2,ent_7098,mentions,semantic
edge_smt_7099,ch14_muc1_d179_k2,ent_7099,mentions,semantic
edge_smt_7100,ch14_muc1_d179_k2,ent_7100,mentions,semantic
edge_smt_7101,ch14_muc1_d179_k2,ent_7101,mentions,semantic
edge_smt_7102,ch14_muc1_d179_k2,ent_7102,mentions,semantic
edge_smt_7103,ch14_muc1_d179_k2,ent_7103,mentions,semantic
edge_smt_7104,ch14_muc1_d179_k2,ent_7104,mentions,semantic
edge_smt_7105,ch14_muc1_d179_k2,ent_7105,mentions,semantic
edge_smt_7106,ch14_muc1_d179_k2,ent_7106,mentions,semantic
edge_smt_7107,ch14_muc1_d179_k2_a,ent_7107,mentions,semantic
edge_smt_7108,ch14_muc1_d179_k2_a,ent_7108,mentions,semantic
edge_smt_7109,ch14_muc1_d179_k2_a,ent_7109,mentions,semantic
edge_smt_7110,ch14_muc1_d179_k2_a,ent_7110,mentions,semantic
edge_smt_7111,ch14_muc1_d179_k2_a,ent_7111,mentions,semantic
edge_smt_7112,ch14_muc1_d179_k2_b,ent_7112,mentions,semantic
edge_smt_7113,ch14_muc1_d179_k2_b,ent_7113,mentions,semantic
edge_smt_7114,ch14_muc1_d179_k2_c,ent_7114,mentions,semantic
edge_smt_7115,ch14_muc1_d179_k2_c,ent_7115,mentions,semantic
edge_smt_7116,ch14_muc1_d179_k2_c,ent_7116,mentions,semantic
edge_smt_7117,ch14_muc1_d179_k2_c,ent_7117,mentions,semantic
edge_smt_7118,ch14_muc1_d179_k2_c,ent_7118,mentions,semantic
edge_smt_7119,ch14_muc1_d179_k2_c,ent_7119,mentions,semantic
edge_smt_7120,ch14_muc1_d179_k2_c,ent_7120,mentions,semantic
edge_smt_7121,ch14_muc1_d179_k2_c,ent_7121,mentions,semantic
edge_smt_7122,ch14_muc1_d179_k2_c,ent_7122,mentions,semantic
edge_smt_7123,ch14_muc1_d179_k2_c,ent_7123,mentions,semantic
edge_smt_7124,ch14_muc1_d179_k2_c,ent_7124,mentions,semantic
edge_smt_7125,ch14_muc1_d179_k2_c,ent_7125,mentions,semantic
edge_smt_7126,ch14_muc1_d179_k2_c,ent_7126,mentions,semantic
edge_smt_7127,ch14_muc1_d179_k2_c,ent_7127,mentions,semantic
edge_smt_7128,ch14_muc1_d179_k2_c,ent_7128,mentions,semantic
edge_smt_7129,ch14_muc1_d179_k2_c,ent_7129,mentions,semantic
edge_smt_7130,ch14_muc1_d179_k2_c,ent_7130,mentions,semantic
edge_smt_7131,ch14_muc1_d179_k2_c,ent_7131,mentions,semantic
edge_smt_7132,ch14_muc1_d179_k3,ent_7132,mentions,semantic
edge_smt_7133,ch14_muc1_d179_k3,ent_7133,mentions,semantic
edge_smt_7134,ch14_muc1_d179_k3,ent_7134,mentions,semantic
edge_smt_7135,ch14_muc1_d179_k3,ent_7135,mentions,semantic
edge_smt_7136,ch14_muc1_d179_k3,ent_7136,mentions,semantic
edge_smt_7137,ch14_muc1_d179_k3,ent_7137,mentions,semantic
edge_smt_7138,ch14_muc1_d179_k3_a,ent_7138,mentions,semantic
edge_smt_7139,ch14_muc1_d179_k3_a,ent_7139,mentions,semantic
edge_smt_7140,ch14_muc1_d179_k3_b,ent_7140,mentions,semantic
edge_smt_7141,ch14_muc1_d179_k3_b,ent_7141,mentions,semantic
edge_smt_7142,ch14_muc1_d179_k3_b,ent_7142,mentions,semantic
edge_smt_7143,ch14_muc1_d180_k1,ent_7143,mentions,semantic
edge_smt_7144,ch14_muc1_d180_k1,ent_7144,mentions,semantic
edge_smt_7145,ch14_muc1_d180_k1,ent_7145,mentions,semantic
edge_smt_7146,ch14_muc1_d180_k1,ent_7146,mentions,semantic
edge_smt_7147,ch14_muc1_d180_k1,ent_7147,mentions,semantic
edge_smt_7148,ch14_muc1_d180_k2,ent_7148,mentions,semantic
edge_smt_7149,ch14_muc1_d180_k2,ent_7149,mentions,semantic
edge_smt_7150,ch14_muc1_d180_k2,ent_7150,mentions,semantic
edge_smt_7151,ch14_muc1_d180_k2,ent_7151,mentions,semantic
edge_smt_7152,ch14_muc1_d180_k2,ent_7152,mentions,semantic
edge_smt_7153,ch14_muc1_d180_k2,ent_7153,mentions,semantic
edge_smt_7154,ch14_muc1_d180_k2,ent_7154,mentions,semantic
edge_smt_7155,ch14_muc1_d180_k2,ent_7155,mentions,semantic
edge_smt_7156,ch14_muc1_d180_k4,ent_7156,mentions,semantic
edge_smt_7157,ch14_muc1_d180_k4,ent_7157,mentions,semantic
edge_smt_7158,ch14_muc1_d180_k4,ent_7158,mentions,semantic
edge_smt_7159,ch14_muc1_d180_k4,ent_7159,mentions,semantic
edge_smt_7160,ch14_muc1_d180_k4,ent_7160,mentions,semantic
edge_smt_7161,ch14_muc1_d180_k5,ent_7161,mentions,semantic
edge_smt_7162,ch14_muc1_d180_k5,ent_7162,mentions,semantic
edge_smt_7163,ch14_muc1_d180_k5,ent_7163,mentions,semantic
edge_smt_7164,ch14_muc1_d180_k5,ent_7164,mentions,semantic
edge_smt_7165,ch14_muc1_d180_k5,ent_7165,mentions,semantic
edge_smt_7166,ch14_muc1_d180_k5,ent_7166,mentions,semantic
edge_smt_7167,ch14_muc1_d180_k5,ent_7167,mentions,semantic
edge_smt_7168,ch14_muc1_d180_k5,ent_7168,mentions,semantic
edge_smt_7169,ch14_muc1_d180_k5,ent_7169,mentions,semantic
edge_smt_7170,ch14_muc1_d180_k5,ent_7170,mentions,semantic
edge_smt_7171,ch14_muc1_d180_k5,ent_7171,mentions,semantic
edge_smt_7172,ch14_muc1_d180_k5,ent_7172,mentions,semantic
edge_smt_7173,ch14_muc1_d180_k5,ent_7173,mentions,semantic
edge_smt_7174,ch14_muc1_d180_k5,ent_7174,mentions,semantic
edge_smt_7175,ch14_muc1_d180_k5,ent_7175,mentions,semantic
edge_smt_7176,ch14_muc1_d180_k5,ent_7176,mentions,semantic
edge_smt_7177,ch14_muc1_d180_k5,ent_7177,mentions,semantic
edge_smt_7178,ch14_muc1_d180_k5,ent_7178,mentions,semantic
edge_smt_7179,ch14_muc1_d180_k5,ent_7179,mentions,semantic
edge_smt_7180,ch14_muc1_d180_k5,ent_7180,mentions,semantic
edge_smt_7181,ch14_muc1_d180_k5,ent_7181,mentions,semantic
edge_smt_7182,ch14_muc1_d180_k5,ent_7182,mentions,semantic
edge_smt_7183,ch14_muc1_d181_k1,ent_7183,mentions,semantic
edge_smt_7184,ch14_muc1_d181_k1,ent_7184,mentions,semantic
edge_smt_7185,ch14_muc1_d181_k1,ent_7185,mentions,semantic
edge_smt_7186,ch14_muc1_d181_k1,ent_7186,mentions,semantic
edge_smt_7187,ch14_muc1_d181_k1,ent_7187,mentions,semantic
edge_smt_7188,ch14_muc1_d181_k1,ent_7188,mentions,semantic
edge_smt_7189,ch14_muc1_d181_k1,ent_7189,mentions,semantic
edge_smt_7190,ch14_muc1_d181_k1,ent_7190,mentions,semantic
edge_smt_7191,ch14_muc1_d181_k1,ent_7191,mentions,semantic
edge_smt_7192,ch14_muc1_d181_k1,ent_7192,mentions,semantic
edge_smt_7193,ch14_muc1_d181_k1,ent_7193,mentions,semantic
edge_smt_7194,ch14_muc1_d181_k1,ent_7194,mentions,semantic
edge_smt_7195,ch14_muc1_d181_k1,ent_7195,mentions,semantic
edge_smt_7196,ch14_muc1_d181_k1,ent_7196,mentions,semantic
edge_smt_7197,ch14_muc1_d181_k2,ent_7197,mentions,semantic
edge_smt_7198,ch14_muc1_d181_k2,ent_7198,mentions,semantic
edge_smt_7199,ch14_muc1_d181_k2,ent_7199,mentions,semantic
edge_smt_7200,ch14_muc1_d181_k2,ent_7200,mentions,semantic
edge_smt_7201,ch14_muc1_d181_k2,ent_7201,mentions,semantic
edge_smt_7202,ch14_muc1_d181_k2,ent_7202,mentions,semantic
edge_smt_7203,ch14_muc1_d181_k2,ent_7203,mentions,semantic
edge_smt_7204,ch14_muc1_d181_k2,ent_7204,mentions,semantic
edge_smt_7205,ch14_muc1_d181_k2,ent_7205,mentions,semantic
edge_smt_7206,ch14_muc1_d181_k3,ent_7206,mentions,semantic
edge_smt_7207,ch14_muc1_d181_k3,ent_7207,mentions,semantic
edge_smt_7208,ch14_muc1_d181_k3,ent_7208,mentions,semantic
edge_smt_7209,ch14_muc1_d181_k3,ent_7209,mentions,semantic
edge_smt_7210,ch14_muc1_d181_k3,ent_7210,mentions,semantic
edge_smt_7211,ch14_muc1_d181_k3,ent_7211,mentions,semantic
edge_smt_7212,ch14_muc1_d181_k3,ent_7212,mentions,semantic
edge_smt_7213,ch14_muc1_d181_k3,ent_7213,mentions,semantic
edge_smt_7214,ch14_muc1_d181_k3,ent_7214,mentions,semantic
edge_smt_7215,ch14_muc1_d181_k3,ent_7215,mentions,semantic
edge_smt_7216,ch14_muc1_d181_k3,ent_7216,mentions,semantic
edge_smt_7217,ch14_muc1_d181_k3,ent_7217,mentions,semantic
edge_smt_7218,ch14_muc1_d181_k3,ent_7218,mentions,semantic
edge_smt_7219,ch14_muc1_d181_k3,ent_7219,mentions,semantic
edge_smt_7220,ch14_muc1_d181_k3,ent_7220,mentions,semantic
edge_smt_7221,ch14_muc1_d181_k3,ent_7221,mentions,semantic
edge_smt_7222,ch14_muc1_d181_k3,ent_7222,mentions,semantic
edge_smt_7223,ch14_muc1_d181_k3,ent_7223,mentions,semantic
edge_smt_7224,ch14_muc1_d181_k3,ent_7224,mentions,semantic
edge_smt_7225,ch14_muc1_d181_k3,ent_7225,mentions,semantic
edge_smt_7226,ch14_muc1_d181_k3,ent_7226,mentions,semantic
edge_smt_7227,ch14_muc1_d181_k3,ent_7227,mentions,semantic
edge_smt_7228,ch14_muc1_d181_k3,ent_7228,mentions,semantic
edge_smt_7229,ch14_muc1_d181_k3,ent_7229,mentions,semantic
edge_smt_7230,ch14_muc1_d181_k3,ent_7230,mentions,semantic
edge_smt_7231,ch14_muc1_d181_k3,ent_7231,mentions,semantic
edge_smt_7232,ch14_muc1_d181_k3,ent_7232,mentions,semantic
edge_smt_7233,ch14_muc1_d182_k1,ent_7233,mentions,semantic
edge_smt_7234,ch14_muc1_d182_k1,ent_7234,mentions,semantic
edge_smt_7235,ch14_muc1_d182_k1,ent_7235,mentions,semantic
edge_smt_7236,ch14_muc1_d182_k1,ent_7236,mentions,semantic
edge_smt_7237,ch14_muc1_d182_k1,ent_7237,mentions,semantic
edge_smt_7238,ch14_muc1_d182_k1,ent_7238,mentions,semantic
edge_smt_7239,ch14_muc1_d182_k1,ent_7239,mentions,semantic
edge_smt_7240,ch14_muc1_d182_k1,ent_7240,mentions,semantic
edge_smt_7241,ch14_muc1_d182_k1,ent_7241,mentions,semantic
edge_smt_7242,ch14_muc1_d182_k1,ent_7242,mentions,semantic
edge_smt_7243,ch14_muc1_d182_k1,ent_7243,mentions,semantic
edge_smt_7244,ch14_muc1_d182_k1,ent_7244,mentions,semantic
edge_smt_7245,ch14_muc1_d182_k1,ent_7245,mentions,semantic
edge_smt_7246,ch14_muc1_d182_k1_a,ent_7246,mentions,semantic
edge_smt_7247,ch14_muc1_d182_k1_a,ent_7247,mentions,semantic
edge_smt_7248,ch14_muc1_d182_k1_b,ent_7248,mentions,semantic
edge_smt_7249,ch14_muc1_d182_k1_b,ent_7249,mentions,semantic
edge_smt_7250,ch14_muc1_d182_k1_c,ent_7250,mentions,semantic
edge_smt_7251,ch14_muc1_d182_k1_c,ent_7251,mentions,semantic
edge_smt_7252,ch14_muc1_d182_k1_c,ent_7252,mentions,semantic
edge_smt_7253,ch14_muc1_d182_k1_c,ent_7253,mentions,semantic
edge_smt_7254,ch14_muc1_d182_k1_c,ent_7254,mentions,semantic
edge_smt_7255,ch14_muc1_d182_k2,ent_7255,mentions,semantic
edge_smt_7256,ch14_muc1_d182_k2,ent_7256,mentions,semantic
edge_smt_7257,ch14_muc1_d182_k2,ent_7257,mentions,semantic
edge_smt_7258,ch14_muc1_d182_k2,ent_7258,mentions,semantic
edge_smt_7259,ch14_muc1_d182_k2,ent_7259,mentions,semantic
edge_smt_7260,ch14_muc1_d182_k2,ent_7260,mentions,semantic
edge_smt_7261,ch14_muc1_d182_k2,ent_7261,mentions,semantic
edge_smt_7262,ch14_muc1_d182_k2,ent_7262,mentions,semantic
edge_smt_7263,ch14_muc1_d182_k2,ent_7263,mentions,semantic
edge_smt_7264,ch14_muc1_d182_k2,ent_7264,mentions,semantic
edge_smt_7265,ch14_muc1_d182_k2,ent_7265,mentions,semantic
edge_smt_7266,ch14_muc1_d182_k2,ent_7266,mentions,semantic
edge_smt_7267,ch14_muc1_d182_k2,ent_7267,mentions,semantic
edge_smt_7268,ch14_muc1_d182_k2_a,ent_7268,mentions,semantic
edge_smt_7269,ch14_muc1_d182_k2_a,ent_7269,mentions,semantic
edge_smt_7270,ch14_muc1_d182_k2_a,ent_7270,mentions,semantic
edge_smt_7271,ch14_muc1_d182_k2_b,ent_7271,mentions,semantic
edge_smt_7272,ch14_muc1_d182_k2_b,ent_7272,mentions,semantic
edge_smt_7273,ch14_muc1_d182_k2_b,ent_7273,mentions,semantic
edge_smt_7274,ch14_muc1_d182_k2_b,ent_7274,mentions,semantic
edge_smt_7275,ch14_muc1_d182_k2_b,ent_7275,mentions,semantic
edge_smt_7276,ch14_muc1_d184_k1,ent_7276,mentions,semantic
edge_smt_7277,ch14_muc1_d184_k1,ent_7277,mentions,semantic
edge_smt_7278,ch14_muc1_d184_k1,ent_7278,mentions,semantic
edge_smt_7279,ch14_muc1_d184_k1,ent_7279,mentions,semantic
edge_smt_7280,ch14_muc1_d184_k1,ent_7280,mentions,semantic
edge_smt_7281,ch14_muc1_d184_k2,ent_7281,mentions,semantic
edge_smt_7282,ch14_muc1_d184_k2,ent_7282,mentions,semantic
edge_smt_7283,ch14_muc1_d184_k2,ent_7283,mentions,semantic
edge_smt_7284,ch14_muc1_d184_k2,ent_7284,mentions,semantic
edge_smt_7285,ch14_muc1_d184_k2,ent_7285,mentions,semantic
edge_smt_7286,ch14_muc1_d184_k2,ent_7286,mentions,semantic
edge_smt_7287,ch14_muc1_d184_k2,ent_7287,mentions,semantic
edge_smt_7288,ch14_muc1_d184_k2,ent_7288,mentions,semantic
edge_smt_7289,ch14_muc1_d184_k2,ent_7289,mentions,semantic
edge_smt_7290,ch14_muc1_d185_k1,ent_7290,mentions,semantic
edge_smt_7291,ch14_muc1_d185_k1,ent_7291,mentions,semantic
edge_smt_7292,ch14_muc1_d185_k1,ent_7292,mentions,semantic
edge_smt_7293,ch14_muc1_d185_k1,ent_7293,mentions,semantic
edge_smt_7294,ch14_muc1_d185_k1,ent_7294,mentions,semantic
edge_smt_7295,ch14_muc1_d185_k1,ent_7295,mentions,semantic
edge_smt_7296,ch14_muc1_d185_k1,ent_7296,mentions,semantic
edge_smt_7297,ch14_muc1_d185_k2,ent_7297,mentions,semantic
edge_smt_7298,ch14_muc1_d185_k2,ent_7298,mentions,semantic
edge_smt_7299,ch14_muc1_d185_k2,ent_7299,mentions,semantic
edge_smt_7300,ch14_muc1_d185_k2,ent_7300,mentions,semantic
edge_smt_7301,ch14_muc1_d185_k2,ent_7301,mentions,semantic
edge_smt_7302,ch14_muc1_d185_k2,ent_7302,mentions,semantic
edge_smt_7303,ch14_muc1_d185_k2,ent_7303,mentions,semantic
edge_smt_7304,ch14_muc1_d185_k2,ent_7304,mentions,semantic
edge_smt_7305,ch14_muc1_d185_k2,ent_7305,mentions,semantic
edge_smt_7306,ch14_muc1_d185_k2,ent_7306,mentions,semantic
edge_smt_7307,ch14_muc1_d185_k2,ent_7307,mentions,semantic
edge_smt_7308,ch14_muc1_d185_k2_a,ent_7308,mentions,semantic
edge_smt_7309,ch14_muc1_d185_k2_a,ent_7309,mentions,semantic
edge_smt_7310,ch14_muc1_d185_k2_b,ent_7310,mentions,semantic
edge_smt_7311,ch14_muc1_d185_k2_c,ent_7311,mentions,semantic
edge_smt_7312,ch14_muc1_d185_k2_c,ent_7312,mentions,semantic
edge_smt_7313,ch14_muc1_d185_k2_c,ent_7313,mentions,semantic
edge_smt_7314,ch14_muc1_d185_k2_c,ent_7314,mentions,semantic
edge_smt_7315,ch14_muc1_d185_k3,ent_7315,mentions,semantic
edge_smt_7316,ch14_muc1_d185_k3,ent_7316,mentions,semantic
edge_smt_7317,ch14_muc1_d185_k3,ent_7317,mentions,semantic
edge_smt_7318,ch14_muc1_d185_k3,ent_7318,mentions,semantic
edge_smt_7319,ch14_muc1_d185_k3,ent_7319,mentions,semantic
edge_smt_7320,ch14_muc1_d185_k3,ent_7320,mentions,semantic
edge_smt_7321,ch14_muc1_d185_k3,ent_7321,mentions,semantic
edge_smt_7322,ch14_muc1_d185_k3,ent_7322,mentions,semantic
edge_smt_7323,ch14_muc1_d185_k3,ent_7323,mentions,semantic
edge_smt_7324,ch14_muc1_d185_k3,ent_7324,mentions,semantic
edge_smt_7325,ch14_muc1_d185_k3,ent_7325,mentions,semantic
edge_smt_7326,ch14_muc1_d185_k3,ent_7326,mentions,semantic
edge_smt_7327,ch14_muc1_d185_k3,ent_7327,mentions,semantic
edge_smt_7328,ch14_muc1_d185_k3,ent_7328,mentions,semantic
edge_smt_7329,ch14_muc1_d185_k3,ent_7329,mentions,semantic
edge_smt_7330,ch14_muc1_d185_k3,ent_7330,mentions,semantic
edge_smt_7331,ch14_muc1_d185_k3,ent_7331,mentions,semantic
edge_smt_7332,ch14_muc1_d185_k3,ent_7332,mentions,semantic
edge_smt_7333,ch14_muc1_d185_k3,ent_7333,mentions,semantic
edge_smt_7334,ch14_muc1_d185_k3,ent_7334,mentions,semantic
edge_smt_7335,ch14_muc1_d185_k3,ent_7335,mentions,semantic
edge_smt_7336,ch14_muc1_d185_k3,ent_7336,mentions,semantic
edge_smt_7337,ch14_muc1_d185_k3_a,ent_7337,mentions,semantic
edge_smt_7338,ch14_muc1_d185_k3_a,ent_7338,mentions,semantic
edge_smt_7339,ch14_muc1_d185_k3_a,ent_7339,mentions,semantic
edge_smt_7340,ch14_muc1_d185_k3_a,ent_7340,mentions,semantic
edge_smt_7341,ch14_muc1_d185_k3_b,ent_7341,mentions,semantic
edge_smt_7342,ch14_muc1_d185_k3_b,ent_7342,mentions,semantic
edge_smt_7343,ch14_muc1_d185_k3_b,ent_7343,mentions,semantic
edge_smt_7344,ch14_muc1_d185_k3_b,ent_7344,mentions,semantic
edge_smt_7345,ch14_muc1_d185_k3_b,ent_7345,mentions,semantic
edge_smt_7346,ch14_muc1_d185_k3_b,ent_7346,mentions,semantic
edge_smt_7347,ch14_muc1_d185_k3_b,ent_7347,mentions,semantic
edge_smt_7348,ch14_muc1_d185_k3_b,ent_7348,mentions,semantic
edge_smt_7349,ch14_muc1_d185_k3_b,ent_7349,mentions,semantic
edge_smt_7350,ch14_muc1_d185_k3_b,ent_7350,mentions,semantic
edge_smt_7351,ch14_muc1_d185_k3_b,ent_7351,mentions,semantic
edge_smt_7352,ch14_muc1_d185_k3_b,ent_7352,mentions,semantic
edge_smt_7353,ch14_muc1_d185_k3_c,ent_7353,mentions,semantic
edge_smt_7354,ch14_muc1_d185_k3_c,ent_7354,mentions,semantic
edge_smt_7355,ch14_muc1_d185_k3_c,ent_7355,mentions,semantic
edge_smt_7356,ch14_muc1_d185_k3_c,ent_7356,mentions,semantic
edge_smt_7357,ch14_muc1_d185_k3_c,ent_7357,mentions,semantic
edge_smt_7358,ch14_muc1_d185_k3_c,ent_7358,mentions,semantic
edge_smt_7359,ch14_muc1_d185_k3_c,ent_7359,mentions,semantic
edge_smt_7360,ch14_muc1_d185_k4,ent_7360,mentions,semantic
edge_smt_7361,ch14_muc1_d185_k4,ent_7361,mentions,semantic
edge_smt_7362,ch14_muc1_d185_k4,ent_7362,mentions,semantic
edge_smt_7363,ch14_muc1_d185_k4,ent_7363,mentions,semantic
edge_smt_7364,ch14_muc1_d185_k4,ent_7364,mentions,semantic
edge_smt_7365,ch14_muc1_d185_k4,ent_7365,mentions,semantic
edge_smt_7366,ch14_muc1_d185_k4,ent_7366,mentions,semantic
edge_smt_7367,ch14_muc1_d185_k4,ent_7367,mentions,semantic
edge_smt_7368,ch14_muc1_d185_k4,ent_7368,mentions,semantic
edge_smt_7369,ch14_muc1_d185_k4,ent_7369,mentions,semantic
edge_smt_7370,ch14_muc1_d185_k4,ent_7370,mentions,semantic
edge_smt_7371,ch14_muc1_d185_k4,ent_7371,mentions,semantic
edge_smt_7372,ch14_muc1_d185_k4,ent_7372,mentions,semantic
edge_smt_7373,ch14_muc1_d185_k4,ent_7373,mentions,semantic
edge_smt_7374,ch14_muc1_d185_k4,ent_7374,mentions,semantic
edge_smt_7375,ch14_muc1_d185_k4,ent_7375,mentions,semantic
edge_smt_7376,ch14_muc1_d185_k4,ent_7376,mentions,semantic
edge_smt_7377,ch14_muc1_d185_k4,ent_7377,mentions,semantic
edge_smt_7378,ch14_muc1_d185_k4,ent_7378,mentions,semantic
edge_smt_7379,ch14_muc1_d185_k4,ent_7379,mentions,semantic
edge_smt_7380,ch14_muc1_d185_k4,ent_7380,mentions,semantic
edge_smt_7381,ch14_muc1_d185_k4,ent_7381,mentions,semantic
edge_smt_7382,ch14_muc1_d185_k4,ent_7382,mentions,semantic
edge_smt_7383,ch14_muc1_d185_k4,ent_7383,mentions,semantic
edge_smt_7384,ch14_muc1_d185_k4,ent_7384,mentions,semantic
edge_smt_7385,ch14_muc1_d185_k4,ent_7385,mentions,semantic
edge_smt_7386,ch14_muc1_d185_k4,ent_7386,mentions,semantic
edge_smt_7387,ch14_muc1_d185_k4,ent_7387,mentions,semantic
edge_smt_7388,ch14_muc1_d185_k4,ent_7388,mentions,semantic
edge_smt_7389,ch14_muc1_d185_k4,ent_7389,mentions,semantic
edge_smt_7390,ch14_muc1_d185_k4,ent_7390,mentions,semantic
edge_smt_7391,ch14_muc1_d185_k4,ent_7391,mentions,semantic
edge_smt_7392,ch14_muc1_d185_k4,ent_7392,mentions,semantic
edge_smt_7393,ch14_muc1_d185_k4,ent_7393,mentions,semantic
edge_smt_7394,ch14_muc1_d185_k4,ent_7394,mentions,semantic
edge_smt_7395,ch14_muc1_d185_k4,ent_7395,mentions,semantic
edge_smt_7396,ch14_muc1_d185_k4,ent_7396,mentions,semantic
edge_smt_7397,ch14_muc1_d185_k4,ent_7397,mentions,semantic
edge_smt_7398,ch14_muc1_d185_k4,ent_7398,mentions,semantic
edge_smt_7399,ch14_muc1_d185_k4,ent_7399,mentions,semantic
edge_smt_7400,ch14_muc1_d185_k4,ent_7400,mentions,semantic
edge_smt_7401,ch14_muc1_d185_k4,ent_7401,mentions,semantic
edge_smt_7402,ch14_muc1_d185_k4,ent_7402,mentions,semantic
edge_smt_7403,ch14_muc1_d185_k4,ent_7403,mentions,semantic
edge_smt_7404,ch14_muc1_d185_k4,ent_7404,mentions,semantic
edge_smt_7405,ch14_muc1_d185_k4,ent_7405,mentions,semantic
edge_smt_7406,ch14_muc1_d185_k4,ent_7406,mentions,semantic
edge_smt_7407,ch14_muc1_d185_k4,ent_7407,mentions,semantic
edge_smt_7408,ch14_muc1_d185_k4,ent_7408,mentions,semantic
edge_smt_7409,ch14_muc1_d185_k4,ent_7409,mentions,semantic
edge_smt_7410,ch14_muc1_d185_k4,ent_7410,mentions,semantic
edge_smt_7411,ch14_muc1_d185_k4,ent_7411,mentions,semantic
edge_smt_7412,ch14_muc1_d185_k4,ent_7412,mentions,semantic
edge_smt_7413,ch14_muc1_d185_k4,ent_7413,mentions,semantic
edge_smt_7414,ch14_muc1_d185_k4,ent_7414,mentions,semantic
edge_smt_7415,ch14_muc1_d185_k4_a,ent_7415,mentions,semantic
edge_smt_7416,ch14_muc1_d185_k4_a,ent_7416,mentions,semantic
edge_smt_7417,ch14_muc1_d185_k4_a,ent_7417,mentions,semantic
edge_smt_7418,ch14_muc1_d185_k4_a,ent_7418,mentions,semantic
edge_smt_7419,ch14_muc1_d185_k4_a,ent_7419,mentions,semantic
edge_smt_7420,ch14_muc1_d185_k4_a,ent_7420,mentions,semantic
edge_smt_7421,ch14_muc1_d185_k4_a,ent_7421,mentions,semantic
edge_smt_7422,ch14_muc1_d185_k4_a,ent_7422,mentions,semantic
edge_smt_7423,ch14_muc1_d185_k4_a,ent_7423,mentions,semantic
edge_smt_7424,ch14_muc1_d185_k4_b,ent_7424,mentions,semantic
edge_smt_7425,ch14_muc1_d185_k4_b,ent_7425,mentions,semantic
edge_smt_7426,ch14_muc1_d185_k4_b,ent_7426,mentions,semantic
edge_smt_7427,ch14_muc1_d185_k4_b,ent_7427,mentions,semantic
edge_smt_7428,ch14_muc1_d185_k4_b,ent_7428,mentions,semantic
edge_smt_7429,ch14_muc1_d185_k4_b,ent_7429,mentions,semantic
edge_smt_7430,ch14_muc1_d185_k4_b,ent_7430,mentions,semantic
edge_smt_7431,ch14_muc1_d185_k4_b,ent_7431,mentions,semantic
edge_smt_7432,ch14_muc1_d185_k4_b,ent_7432,mentions,semantic
edge_smt_7433,ch14_muc1_d185_k4_b,ent_7433,mentions,semantic
edge_smt_7434,ch14_muc1_d185_k4_b,ent_7434,mentions,semantic
edge_smt_7435,ch14_muc1_d185_k4_b,ent_7435,mentions,semantic
edge_smt_7436,ch14_muc1_d185_k4_b,ent_7436,mentions,semantic
edge_smt_7437,ch14_muc1_d185_k4_b,ent_7437,mentions,semantic
edge_smt_7438,ch14_muc1_d185_k4_b,ent_7438,mentions,semantic
edge_smt_7439,ch14_muc1_d185_k4_b,ent_7439,mentions,semantic
edge_smt_7440,ch14_muc1_d185_k4_c,ent_7440,mentions,semantic
edge_smt_7441,ch14_muc1_d185_k4_c,ent_7441,mentions,semantic
edge_smt_7442,ch14_muc1_d185_k4_c,ent_7442,mentions,semantic
edge_smt_7443,ch14_muc1_d185_k4_c,ent_7443,mentions,semantic
edge_smt_7444,ch14_muc1_d185_k4_c,ent_7444,mentions,semantic
edge_smt_7445,ch14_muc1_d185_k4_c,ent_7445,mentions,semantic
edge_smt_7446,ch14_muc1_d185_k4_c,ent_7446,mentions,semantic
edge_smt_7447,ch14_muc1_d185_k4_c,ent_7447,mentions,semantic
edge_smt_7448,ch14_muc1_d185_k4_c,ent_7448,mentions,semantic
edge_smt_7449,ch14_muc1_d185_k4_c,ent_7449,mentions,semantic
edge_smt_7450,ch14_muc1_d185_k4_c,ent_7450,mentions,semantic
edge_smt_7451,ch14_muc1_d185_k4_c,ent_7451,mentions,semantic
edge_smt_7452,ch14_muc1_d185_k4_c,ent_7452,mentions,semantic
edge_smt_7453,ch14_muc1_d185_k4_c,ent_7453,mentions,semantic
edge_smt_7454,ch14_muc1_d185_k4_c,ent_7454,mentions,semantic
edge_smt_7455,ch14_muc1_d185_k4_c,ent_7455,mentions,semantic
edge_smt_7456,ch14_muc1_d185_k4_c,ent_7456,mentions,semantic
edge_smt_7457,ch14_muc1_d185_k4_c,ent_7457,mentions,semantic
edge_smt_7458,ch14_muc1_d185_k4_c,ent_7458,mentions,semantic
edge_smt_7459,ch14_muc1_d185_k5,ent_7459,mentions,semantic
edge_smt_7460,ch14_muc1_d185_k5,ent_7460,mentions,semantic
edge_smt_7461,ch14_muc1_d185_k5,ent_7461,mentions,semantic
edge_smt_7462,ch14_muc1_d185_k5,ent_7462,mentions,semantic
edge_smt_7463,ch14_muc1_d185_k6,ent_7463,mentions,semantic
edge_smt_7464,ch14_muc1_d185_k6,ent_7464,mentions,semantic
edge_smt_7465,ch14_muc1_d185_k6,ent_7465,mentions,semantic
edge_smt_7466,ch14_muc1_d185_k6,ent_7466,mentions,semantic
edge_smt_7467,ch14_muc1_d185_k6,ent_7467,mentions,semantic
edge_smt_7468,ch14_muc1_d185_k6,ent_7468,mentions,semantic
edge_smt_7469,ch14_muc1_d185_k6,ent_7469,mentions,semantic
edge_smt_7470,ch14_muc1_d185_k6,ent_7470,mentions,semantic
edge_smt_7471,ch14_muc1_d185_k6,ent_7471,mentions,semantic
edge_smt_7472,ch14_muc1_d185_k6,ent_7472,mentions,semantic
edge_smt_7473,ch14_muc1_d185_k6,ent_7473,mentions,semantic
edge_smt_7474,ch14_muc1_d185_k6,ent_7474,mentions,semantic
edge_smt_7475,ch14_muc1_d185_k6,ent_7475,mentions,semantic
edge_smt_7476,ch14_muc2_d187_k1,ent_7476,mentions,semantic
edge_smt_7477,ch14_muc2_d187_k2,ent_7477,mentions,semantic
edge_smt_7478,ch14_muc2_d187_k3,ent_7478,mentions,semantic
edge_smt_7479,ch14_muc2_d187_k3,ent_7479,mentions,semantic
edge_smt_7480,ch14_muc2_d188_k1,ent_7480,mentions,semantic
edge_smt_7481,ch14_muc2_d188_k1,ent_7481,mentions,semantic
edge_smt_7482,ch14_muc2_d188_k1,ent_7482,mentions,semantic
edge_smt_7483,ch14_muc2_d188_k1,ent_7483,mentions,semantic
edge_smt_7484,ch14_muc2_d188_k1,ent_7484,mentions,semantic
edge_smt_7485,ch14_muc2_d188_k1,ent_7485,mentions,semantic
edge_smt_7486,ch14_muc2_d188_k1,ent_7486,mentions,semantic
edge_smt_7487,ch14_muc2_d188_k1,ent_7487,mentions,semantic
edge_smt_7488,ch14_muc2_d188_k1,ent_7488,mentions,semantic
edge_smt_7489,ch14_muc2_d188_k1,ent_7489,mentions,semantic
edge_smt_7490,ch14_muc2_d188_k1,ent_7490,mentions,semantic
edge_smt_7491,ch14_muc2_d188_k1,ent_7491,mentions,semantic
edge_smt_7492,ch14_muc2_d188_k1,ent_7492,mentions,semantic
edge_smt_7493,ch14_muc2_d188_k1,ent_7493,mentions,semantic
edge_smt_7494,ch14_muc2_d188_k1,ent_7494,mentions,semantic
edge_smt_7495,ch14_muc2_d188_k1,ent_7495,mentions,semantic
edge_smt_7496,ch14_muc2_d188_k1,ent_7496,mentions,semantic
edge_smt_7497,ch14_muc2_d188_k1,ent_7497,mentions,semantic
edge_smt_7498,ch14_muc2_d188_k1,ent_7498,mentions,semantic
edge_smt_7499,ch14_muc2_d188_k1,ent_7499,mentions,semantic
edge_smt_7500,ch14_muc2_d188_k1,ent_7500,mentions,semantic
edge_smt_7501,ch14_muc2_d188_k1,ent_7501,mentions,semantic
edge_smt_7502,ch14_muc2_d188_k1,ent_7502,mentions,semantic
edge_smt_7503,ch14_muc2_d188_k1,ent_7503,mentions,semantic
edge_smt_7504,ch14_muc2_d188_k1,ent_7504,mentions,semantic
edge_smt_7505,ch14_muc2_d188_k1,ent_7505,mentions,semantic
edge_smt_7506,ch14_muc2_d188_k1,ent_7506,mentions,semantic
edge_smt_7507,ch14_muc2_d188_k1,ent_7507,mentions,semantic
edge_smt_7508,ch14_muc2_d188_k1,ent_7508,mentions,semantic
edge_smt_7509,ch14_muc2_d188_k1,ent_7509,mentions,semantic
edge_smt_7510,ch14_muc2_d188_k1,ent_7510,mentions,semantic
edge_smt_7511,ch14_muc2_d188_k1,ent_7511,mentions,semantic
edge_smt_7512,ch14_muc2_d188_k1,ent_7512,mentions,semantic
edge_smt_7513,ch14_muc2_d188_k1,ent_7513,mentions,semantic
edge_smt_7514,ch14_muc2_d188_k1,ent_7514,mentions,semantic
edge_smt_7515,ch14_muc2_d188_k1,ent_7515,mentions,semantic
edge_smt_7516,ch14_muc2_d188_k1,ent_7516,mentions,semantic
edge_smt_7517,ch14_muc2_d188_k1,ent_7517,mentions,semantic
edge_smt_7518,ch14_muc2_d188_k1,ent_7518,mentions,semantic
edge_smt_7519,ch14_muc2_d188_k1,ent_7519,mentions,semantic
edge_smt_7520,ch14_muc2_d188_k1,ent_7520,mentions,semantic
edge_smt_7521,ch14_muc2_d188_k1,ent_7521,mentions,semantic
edge_smt_7522,ch14_muc2_d188_k1,ent_7522,mentions,semantic
edge_smt_7523,ch14_muc2_d188_k1,ent_7523,mentions,semantic
edge_smt_7524,ch14_muc2_d188_k1,ent_7524,mentions,semantic
edge_smt_7525,ch14_muc2_d188_k1,ent_7525,mentions,semantic
edge_smt_7526,ch14_muc2_d188_k1,ent_7526,mentions,semantic
edge_smt_7527,ch14_muc2_d188_k1,ent_7527,mentions,semantic
edge_smt_7528,ch14_muc2_d188_k1,ent_7528,mentions,semantic
edge_smt_7529,ch14_muc2_d188_k1,ent_7529,mentions,semantic
edge_smt_7530,ch14_muc2_d188_k1,ent_7530,mentions,semantic
edge_smt_7531,ch14_muc2_d188_k1,ent_7531,mentions,semantic
edge_smt_7532,ch14_muc2_d188_k1,ent_7532,mentions,semantic
edge_smt_7533,ch14_muc2_d188_k1,ent_7533,mentions,semantic
edge_smt_7534,ch14_muc2_d188_k1,ent_7534,mentions,semantic
edge_smt_7535,ch14_muc2_d188_k1,ent_7535,mentions,semantic
edge_smt_7536,ch14_muc2_d188_k1,ent_7536,mentions,semantic
edge_smt_7537,ch14_muc2_d188_k1,ent_7537,mentions,semantic
edge_smt_7538,ch14_muc2_d188_k1,ent_7538,mentions,semantic
edge_smt_7539,ch14_muc2_d188_k1,ent_7539,mentions,semantic
edge_smt_7540,ch14_muc2_d188_k1_a,ent_7540,mentions,semantic
edge_smt_7541,ch14_muc2_d188_k1_a,ent_7541,mentions,semantic
edge_smt_7542,ch14_muc2_d188_k1_a,ent_7542,mentions,semantic
edge_smt_7543,ch14_muc2_d188_k1_a,ent_7543,mentions,semantic
edge_smt_7544,ch14_muc2_d188_k1_a,ent_7544,mentions,semantic
edge_smt_7545,ch14_muc2_d188_k1_b,ent_7545,mentions,semantic
edge_smt_7546,ch14_muc2_d188_k1_b,ent_7546,mentions,semantic
edge_smt_7547,ch14_muc2_d188_k1_b,ent_7547,mentions,semantic
edge_smt_7548,ch14_muc2_d188_k1_b,ent_7548,mentions,semantic
edge_smt_7549,ch14_muc2_d188_k1_b,ent_7549,mentions,semantic
edge_smt_7550,ch14_muc2_d188_k1_b,ent_7550,mentions,semantic
edge_smt_7551,ch14_muc2_d188_k1_b,ent_7551,mentions,semantic
edge_smt_7552,ch14_muc2_d188_k1_c,ent_7552,mentions,semantic
edge_smt_7553,ch14_muc2_d188_k1_c,ent_7553,mentions,semantic
edge_smt_7554,ch14_muc2_d188_k1_d,ent_7554,mentions,semantic
edge_smt_7555,ch14_muc2_d188_k1_d,ent_7555,mentions,semantic
edge_smt_7556,ch14_muc2_d188_k1_d,ent_7556,mentions,semantic
edge_smt_7557,ch14_muc2_d188_k1_d,ent_7557,mentions,semantic
edge_smt_7558,ch14_muc2_d188_k1_d,ent_7558,mentions,semantic
edge_smt_7559,ch14_muc2_d188_k1_d,ent_7559,mentions,semantic
edge_smt_7560,ch14_muc2_d188_k1_d,ent_7560,mentions,semantic
edge_smt_7561,ch14_muc2_d188_k1_d,ent_7561,mentions,semantic
edge_smt_7562,ch14_muc2_d188_k1_d,ent_7562,mentions,semantic
edge_smt_7563,ch14_muc2_d188_k1_d,ent_7563,mentions,semantic
edge_smt_7564,ch14_muc2_d188_k1_d,ent_7564,mentions,semantic
edge_smt_7565,ch14_muc2_d188_k1_d,ent_7565,mentions,semantic
edge_smt_7566,ch14_muc2_d188_k1_d,ent_7566,mentions,semantic
edge_smt_7567,ch14_muc2_d188_k1_đ,ent_7567,mentions,semantic
edge_smt_7568,ch14_muc2_d188_k1_đ,ent_7568,mentions,semantic
edge_smt_7569,ch14_muc2_d188_k1_đ,ent_7569,mentions,semantic
edge_smt_7570,ch14_muc2_d188_k1_đ,ent_7570,mentions,semantic
edge_smt_7571,ch14_muc2_d188_k1_đ,ent_7571,mentions,semantic
edge_smt_7572,ch14_muc2_d188_k1_đ,ent_7572,mentions,semantic
edge_smt_7573,ch14_muc2_d188_k1_đ,ent_7573,mentions,semantic
edge_smt_7574,ch14_muc2_d188_k1_đ,ent_7574,mentions,semantic
edge_smt_7575,ch14_muc2_d188_k1_đ,ent_7575,mentions,semantic
edge_smt_7576,ch14_muc2_d188_k1_đ,ent_7576,mentions,semantic
edge_smt_7577,ch14_muc2_d188_k1_đ,ent_7577,mentions,semantic
edge_smt_7578,ch14_muc2_d188_k1_đ,ent_7578,mentions,semantic
edge_smt_7579,ch14_muc2_d188_k1_e,ent_7579,mentions,semantic
edge_smt_7580,ch14_muc2_d188_k1_e,ent_7580,mentions,semantic
edge_smt_7581,ch14_muc2_d188_k1_e,ent_7581,mentions,semantic
edge_smt_7582,ch14_muc2_d188_k1_e,ent_7582,mentions,semantic
edge_smt_7583,ch14_muc2_d188_k1_e,ent_7583,mentions,semantic
edge_smt_7584,ch14_muc2_d188_k2,ent_7584,mentions,semantic
edge_smt_7585,ch14_muc2_d188_k2,ent_7585,mentions,semantic
edge_smt_7586,ch14_muc2_d188_k2,ent_7586,mentions,semantic
edge_smt_7587,ch14_muc2_d188_k2,ent_7587,mentions,semantic
edge_smt_7588,ch14_muc2_d188_k2,ent_7588,mentions,semantic
edge_smt_7589,ch14_muc2_d188_k2,ent_7589,mentions,semantic
edge_smt_7590,ch14_muc2_d188_k2,ent_7590,mentions,semantic
edge_smt_7591,ch14_muc2_d188_k2,ent_7591,mentions,semantic
edge_smt_7592,ch14_muc2_d188_k2,ent_7592,mentions,semantic
edge_smt_7593,ch14_muc2_d188_k2,ent_7593,mentions,semantic
edge_smt_7594,ch14_muc2_d188_k2,ent_7594,mentions,semantic
edge_smt_7595,ch14_muc2_d188_k2,ent_7595,mentions,semantic
edge_smt_7596,ch14_muc2_d188_k2,ent_7596,mentions,semantic
edge_smt_7597,ch14_muc2_d188_k2,ent_7597,mentions,semantic
edge_smt_7598,ch14_muc2_d188_k2,ent_7598,mentions,semantic
edge_smt_7599,ch14_muc2_d188_k2,ent_7599,mentions,semantic
edge_smt_7600,ch14_muc2_d188_k2,ent_7600,mentions,semantic
edge_smt_7601,ch14_muc2_d188_k3,ent_7601,mentions,semantic
edge_smt_7602,ch14_muc2_d188_k3,ent_7602,mentions,semantic
edge_smt_7603,ch14_muc2_d188_k3,ent_7603,mentions,semantic
edge_smt_7604,ch14_muc2_d188_k3,ent_7604,mentions,semantic
edge_smt_7605,ch14_muc2_d188_k3,ent_7605,mentions,semantic
edge_smt_7606,ch14_muc2_d188_k3,ent_7606,mentions,semantic
edge_smt_7607,ch14_muc2_d188_k3,ent_7607,mentions,semantic
edge_smt_7608,ch14_muc2_d188_k3,ent_7608,mentions,semantic
edge_smt_7609,ch14_muc2_d188_k3,ent_7609,mentions,semantic
edge_smt_7610,ch14_muc2_d188_k4,ent_7610,mentions,semantic
edge_smt_7611,ch14_muc2_d188_k4,ent_7611,mentions,semantic
edge_smt_7612,ch14_muc2_d188_k4,ent_7612,mentions,semantic
edge_smt_7613,ch14_muc2_d188_k4,ent_7613,mentions,semantic
edge_smt_7614,ch14_muc2_d188_k4,ent_7614,mentions,semantic
edge_smt_7615,ch14_muc2_d188_k4,ent_7615,mentions,semantic
edge_smt_7616,ch14_muc2_d188_k4,ent_7616,mentions,semantic
edge_smt_7617,ch14_muc2_d188_k4,ent_7617,mentions,semantic
edge_smt_7618,ch14_muc2_d188_k4,ent_7618,mentions,semantic
edge_smt_7619,ch14_muc2_d188_k4,ent_7619,mentions,semantic
edge_smt_7620,ch14_muc2_d188_k4,ent_7620,mentions,semantic
edge_smt_7621,ch14_muc2_d188_k4,ent_7621,mentions,semantic
edge_smt_7622,ch14_muc2_d188_k4,ent_7622,mentions,semantic
edge_smt_7623,ch14_muc2_d188_k4,ent_7623,mentions,semantic
edge_smt_7624,ch14_muc2_d188_k4,ent_7624,mentions,semantic
edge_smt_7625,ch14_muc2_d188_k4,ent_7625,mentions,semantic
edge_smt_7626,ch14_muc2_d188_k4,ent_7626,mentions,semantic
edge_smt_7627,ch14_muc2_d188_k4,ent_7627,mentions,semantic
edge_smt_7628,ch14_muc2_d188_k4,ent_7628,mentions,semantic
edge_smt_7629,ch14_muc2_d188_k4,ent_7629,mentions,semantic
edge_smt_7630,ch14_muc2_d188_k4,ent_7630,mentions,semantic
edge_smt_7631,ch14_muc2_d188_k4,ent_7631,mentions,semantic
edge_smt_7632,ch14_muc2_d188_k4,ent_7632,mentions,semantic
edge_smt_7633,ch14_muc2_d188_k4,ent_7633,mentions,semantic
edge_smt_7634,ch14_muc2_d188_k4,ent_7634,mentions,semantic
edge_smt_7635,ch14_muc2_d188_k4,ent_7635,mentions,semantic
edge_smt_7636,ch14_muc2_d188_k4,ent_7636,mentions,semantic
edge_smt_7637,ch14_muc2_d188_k4,ent_7637,mentions,semantic
edge_smt_7638,ch14_muc2_d188_k4,ent_7638,mentions,semantic
edge_smt_7639,ch14_muc2_d188_k4,ent_7639,mentions,semantic
edge_smt_7640,ch14_muc2_d188_k4,ent_7640,mentions,semantic
edge_smt_7641,ch14_muc2_d188_k4,ent_7641,mentions,semantic
edge_smt_7642,ch14_muc2_d188_k4,ent_7642,mentions,semantic
edge_smt_7643,ch14_muc2_d188_k4,ent_7643,mentions,semantic
edge_smt_7644,ch14_muc2_d188_k4,ent_7644,mentions,semantic
edge_smt_7645,ch14_muc2_d188_k4,ent_7645,mentions,semantic
edge_smt_7646,ch14_muc2_d188_k4,ent_7646,mentions,semantic
edge_smt_7647,ch14_muc2_d188_k4,ent_7647,mentions,semantic
edge_smt_7648,ch14_muc2_d188_k4,ent_7648,mentions,semantic
edge_smt_7649,ch14_muc2_d188_k4,ent_7649,mentions,semantic
edge_smt_7650,ch14_muc2_d188_k4,ent_7650,mentions,semantic
edge_smt_7651,ch14_muc2_d188_k4,ent_7651,mentions,semantic
edge_smt_7652,ch14_muc2_d188_k4,ent_7652,mentions,semantic
edge_smt_7653,ch14_muc2_d188_k4,ent_7653,mentions,semantic
edge_smt_7654,ch14_muc2_d188_k4,ent_7654,mentions,semantic
edge_smt_7655,ch14_muc2_d188_k4,ent_7655,mentions,semantic
edge_smt_7656,ch14_muc2_d188_k4,ent_7656,mentions,semantic
edge_smt_7657,ch14_muc2_d188_k4,ent_7657,mentions,semantic
edge_smt_7658,ch14_muc2_d188_k4,ent_7658,mentions,semantic
edge_smt_7659,ch14_muc2_d188_k5,ent_7659,mentions,semantic
edge_smt_7660,ch14_muc2_d188_k5,ent_7660,mentions,semantic
edge_smt_7661,ch14_muc2_d188_k5,ent_7661,mentions,semantic
edge_smt_7662,ch14_muc2_d188_k5,ent_7662,mentions,semantic
edge_smt_7663,ch14_muc2_d188_k5,ent_7663,mentions,semantic
edge_smt_7664,ch14_muc2_d188_k5,ent_7664,mentions,semantic
edge_smt_7665,ch14_muc2_d188_k5,ent_7665,mentions,semantic
edge_smt_7666,ch14_muc2_d188_k5,ent_7666,mentions,semantic
edge_smt_7667,ch14_muc2_d188_k5,ent_7667,mentions,semantic
edge_smt_7668,ch14_muc2_d188_k6,ent_7668,mentions,semantic
edge_smt_7669,ch14_muc2_d188_k6,ent_7669,mentions,semantic
edge_smt_7670,ch14_muc2_d188_k6,ent_7670,mentions,semantic
edge_smt_7671,ch14_muc2_d188_k6,ent_7671,mentions,semantic
edge_smt_7672,ch14_muc2_d188_k6,ent_7672,mentions,semantic
edge_smt_7673,ch14_muc2_d188_k6,ent_7673,mentions,semantic
edge_smt_7674,ch14_muc2_d188_k6,ent_7674,mentions,semantic
edge_smt_7675,ch14_muc2_d188_k6,ent_7675,mentions,semantic
edge_smt_7676,ch14_muc2_d188_k6,ent_7676,mentions,semantic
edge_smt_7677,ch14_muc2_d188_k6,ent_7677,mentions,semantic
edge_smt_7678,ch14_muc2_d188_k6,ent_7678,mentions,semantic
edge_smt_7679,ch14_muc2_d188_k7,ent_7679,mentions,semantic
edge_smt_7680,ch14_muc2_d188_k7,ent_7680,mentions,semantic
edge_smt_7681,ch14_muc2_d188_k7,ent_7681,mentions,semantic
edge_smt_7682,ch14_muc2_d188_k7,ent_7682,mentions,semantic
edge_smt_7683,ch14_muc2_d188_k7,ent_7683,mentions,semantic
edge_smt_7684,ch14_muc2_d188_k7,ent_7684,mentions,semantic
edge_smt_7685,ch14_muc2_d188_k7,ent_7685,mentions,semantic
edge_smt_7686,ch14_muc2_d188_k7,ent_7686,mentions,semantic
edge_smt_7687,ch14_muc2_d188_k7,ent_7687,mentions,semantic
edge_smt_7688,ch14_muc2_d188_k7,ent_7688,mentions,semantic
edge_smt_7689,ch14_muc2_d188_k7,ent_7689,mentions,semantic
edge_smt_7690,ch14_muc2_d188_k7,ent_7690,mentions,semantic
edge_smt_7691,ch14_muc2_d188_k7,ent_7691,mentions,semantic
edge_smt_7692,ch14_muc2_d188_k7,ent_7692,mentions,semantic
edge_smt_7693,ch14_muc2_d188_k7,ent_7693,mentions,semantic
edge_smt_7694,ch14_muc2_d188_k7,ent_7694,mentions,semantic
edge_smt_7695,ch14_muc2_d188_k7,ent_7695,mentions,semantic
edge_smt_7696,ch14_muc2_d188_k7,ent_7696,mentions,semantic
edge_smt_7697,ch14_muc2_d188_k7,ent_7697,mentions,semantic
edge_smt_7698,ch14_muc2_d188_k7,ent_7698,mentions,semantic
edge_smt_7699,ch14_muc2_d188_k7,ent_7699,mentions,semantic
edge_smt_7700,ch14_muc2_d188_k7,ent_7700,mentions,semantic
edge_smt_7701,ch14_muc2_d188_k7,ent_7701,mentions,semantic
edge_smt_7702,ch14_muc2_d188_k7_a,ent_7702,mentions,semantic
edge_smt_7703,ch14_muc2_d188_k7_a,ent_7703,mentions,semantic
edge_smt_7704,ch14_muc2_d188_k7_a,ent_7704,mentions,semantic
edge_smt_7705,ch14_muc2_d188_k7_a,ent_7705,mentions,semantic
edge_smt_7706,ch14_muc2_d188_k7_a,ent_7706,mentions,semantic
edge_smt_7707,ch14_muc2_d188_k7_a,ent_7707,mentions,semantic
edge_smt_7708,ch14_muc2_d188_k7_a,ent_7708,mentions,semantic
edge_smt_7709,ch14_muc2_d188_k7_a,ent_7709,mentions,semantic
edge_smt_7710,ch14_muc2_d188_k7_b,ent_7710,mentions,semantic
edge_smt_7711,ch14_muc2_d188_k7_b,ent_7711,mentions,semantic
edge_smt_7712,ch14_muc2_d188_k7_b,ent_7712,mentions,semantic
edge_smt_7713,ch14_muc2_d188_k7_b,ent_7713,mentions,semantic
edge_smt_7714,ch14_muc2_d189_k1,ent_7714,mentions,semantic
edge_smt_7715,ch14_muc2_d189_k1,ent_7715,mentions,semantic
edge_smt_7716,ch14_muc2_d189_k1,ent_7716,mentions,semantic
edge_smt_7717,ch14_muc2_d189_k1,ent_7717,mentions,semantic
edge_smt_7718,ch14_muc2_d189_k1,ent_7718,mentions,semantic
edge_smt_7719,ch14_muc2_d189_k1,ent_7719,mentions,semantic
edge_smt_7720,ch14_muc2_d189_k1,ent_7720,mentions,semantic
edge_smt_7721,ch14_muc2_d189_k1,ent_7721,mentions,semantic
edge_smt_7722,ch14_muc2_d189_k1,ent_7722,mentions,semantic
edge_smt_7723,ch14_muc2_d189_k1,ent_7723,mentions,semantic
edge_smt_7724,ch14_muc2_d189_k1,ent_7724,mentions,semantic
edge_smt_7725,ch14_muc2_d189_k1,ent_7725,mentions,semantic
edge_smt_7726,ch14_muc2_d189_k1,ent_7726,mentions,semantic
edge_smt_7727,ch14_muc2_d189_k1,ent_7727,mentions,semantic
edge_smt_7728,ch14_muc2_d189_k1,ent_7728,mentions,semantic
edge_smt_7729,ch14_muc2_d189_k1,ent_7729,mentions,semantic
edge_smt_7730,ch14_muc2_d189_k1,ent_7730,mentions,semantic
edge_smt_7731,ch14_muc2_d189_k1,ent_7731,mentions,semantic
edge_smt_7732,ch14_muc2_d189_k1,ent_7732,mentions,semantic
edge_smt_7733,ch14_muc2_d189_k1,ent_7733,mentions,semantic
edge_smt_7734,ch14_muc2_d189_k1,ent_7734,mentions,semantic
edge_smt_7735,ch14_muc2_d189_k1,ent_7735,mentions,semantic
edge_smt_7736,ch14_muc2_d189_k1,ent_7736,mentions,semantic
edge_smt_7737,ch14_muc2_d189_k1,ent_7737,mentions,semantic
edge_smt_7738,ch14_muc2_d189_k1,ent_7738,mentions,semantic
edge_smt_7739,ch14_muc2_d189_k1,ent_7739,mentions,semantic
edge_smt_7740,ch14_muc2_d189_k1,ent_7740,mentions,semantic
edge_smt_7741,ch14_muc2_d189_k2,ent_7741,mentions,semantic
edge_smt_7742,ch14_muc2_d189_k2,ent_7742,mentions,semantic
edge_smt_7743,ch14_muc2_d189_k2,ent_7743,mentions,semantic
edge_smt_7744,ch14_muc2_d189_k2,ent_7744,mentions,semantic
edge_smt_7745,ch14_muc2_d189_k2,ent_7745,mentions,semantic
edge_smt_7746,ch14_muc2_d189_k2,ent_7746,mentions,semantic
edge_smt_7747,ch14_muc2_d189_k2,ent_7747,mentions,semantic
edge_smt_7748,ch14_muc2_d189_k2,ent_7748,mentions,semantic
edge_smt_7749,ch14_muc2_d189_k2,ent_7749,mentions,semantic
edge_smt_7750,ch14_muc2_d189_k2,ent_7750,mentions,semantic
edge_smt_7751,ch14_muc2_d189_k2,ent_7751,mentions,semantic
edge_smt_7752,ch14_muc2_d189_k2,ent_7752,mentions,semantic
edge_smt_7753,ch14_muc2_d189_k2,ent_7753,mentions,semantic
edge_smt_7754,ch14_muc2_d189_k2,ent_7754,mentions,semantic
edge_smt_7755,ch14_muc2_d189_k3,ent_7755,mentions,semantic
edge_smt_7756,ch14_muc2_d189_k3,ent_7756,mentions,semantic
edge_smt_7757,ch14_muc2_d189_k3,ent_7757,mentions,semantic
edge_smt_7758,ch14_muc2_d189_k3,ent_7758,mentions,semantic
edge_smt_7759,ch14_muc2_d189_k3,ent_7759,mentions,semantic
edge_smt_7760,ch14_muc2_d189_k3,ent_7760,mentions,semantic
edge_smt_7761,ch14_muc2_d189_k3,ent_7761,mentions,semantic
edge_smt_7762,ch14_muc2_d189_k3,ent_7762,mentions,semantic
edge_smt_7763,ch14_muc2_d189_k3,ent_7763,mentions,semantic
edge_smt_7764,ch14_muc2_d189_k3,ent_7764,mentions,semantic
edge_smt_7765,ch14_muc2_d189_k3,ent_7765,mentions,semantic
edge_smt_7766,ch14_muc2_d189_k3,ent_7766,mentions,semantic
edge_smt_7767,ch14_muc2_d189_k3,ent_7767,mentions,semantic
edge_smt_7768,ch14_muc2_d189_k3,ent_7768,mentions,semantic
edge_smt_7769,ch14_muc2_d189_k3,ent_7769,mentions,semantic
edge_smt_7770,ch14_muc2_d189_k4,ent_7770,mentions,semantic
edge_smt_7771,ch14_muc2_d189_k4,ent_7771,mentions,semantic
edge_smt_7772,ch14_muc2_d189_k4,ent_7772,mentions,semantic
edge_smt_7773,ch14_muc2_d189_k4,ent_7773,mentions,semantic
edge_smt_7774,ch14_muc2_d189_k4,ent_7774,mentions,semantic
edge_smt_7775,ch14_muc2_d189_k4,ent_7775,mentions,semantic
edge_smt_7776,ch14_muc2_d189_k4,ent_7776,mentions,semantic
edge_smt_7777,ch14_muc2_d189_k4,ent_7777,mentions,semantic
edge_smt_7778,ch14_muc2_d189_k4,ent_7778,mentions,semantic
edge_smt_7779,ch14_muc2_d189_k4,ent_7779,mentions,semantic
edge_smt_7780,ch14_muc2_d189_k4,ent_7780,mentions,semantic
edge_smt_7781,ch14_muc2_d189_k4,ent_7781,mentions,semantic
edge_smt_7782,ch14_muc2_d189_k4,ent_7782,mentions,semantic
edge_smt_7783,ch14_muc2_d189_k4,ent_7783,mentions,semantic
edge_smt_7784,ch14_muc2_d189_k4,ent_7784,mentions,semantic
edge_smt_7785,ch14_muc2_d189_k5,ent_7785,mentions,semantic
edge_smt_7786,ch14_muc2_d189_k5,ent_7786,mentions,semantic
edge_smt_7787,ch14_muc2_d189_k5,ent_7787,mentions,semantic
edge_smt_7788,ch14_muc2_d189_k5,ent_7788,mentions,semantic
edge_smt_7789,ch14_muc2_d189_k5,ent_7789,mentions,semantic
edge_smt_7790,ch14_muc2_d189_k5,ent_7790,mentions,semantic
edge_smt_7791,ch14_muc2_d189_k5,ent_7791,mentions,semantic
edge_smt_7792,ch14_muc2_d189_k5,ent_7792,mentions,semantic
edge_smt_7793,ch14_muc2_d189_k5,ent_7793,mentions,semantic
edge_smt_7794,ch14_muc2_d189_k5,ent_7794,mentions,semantic
edge_smt_7795,ch14_muc2_d189_k5,ent_7795,mentions,semantic
edge_smt_7796,ch14_muc2_d189_k5,ent_7796,mentions,semantic
edge_smt_7797,ch14_muc2_d189_k5,ent_7797,mentions,semantic
edge_smt_7798,ch14_muc2_d190_k1,ent_7798,mentions,semantic
edge_smt_7799,ch14_muc2_d190_k1,ent_7799,mentions,semantic
edge_smt_7800,ch14_muc2_d190_k1,ent_7800,mentions,semantic
edge_smt_7801,ch14_muc2_d190_k1,ent_7801,mentions,semantic
edge_smt_7802,ch14_muc2_d190_k1,ent_7802,mentions,semantic
edge_smt_7803,ch14_muc2_d190_k1,ent_7803,mentions,semantic
edge_smt_7804,ch14_muc2_d190_k1,ent_7804,mentions,semantic
edge_smt_7805,ch14_muc2_d190_k1,ent_7805,mentions,semantic
edge_smt_7806,ch14_muc2_d190_k1,ent_7806,mentions,semantic
edge_smt_7807,ch14_muc2_d190_k1,ent_7807,mentions,semantic
edge_smt_7808,ch14_muc2_d190_k1,ent_7808,mentions,semantic
edge_smt_7809,ch14_muc2_d190_k2,ent_7809,mentions,semantic
edge_smt_7810,ch14_muc2_d190_k2,ent_7810,mentions,semantic
edge_smt_7811,ch14_muc2_d190_k2,ent_7811,mentions,semantic
edge_smt_7812,ch14_muc2_d190_k2,ent_7812,mentions,semantic
edge_smt_7813,ch14_muc2_d190_k2,ent_7813,mentions,semantic
edge_smt_7814,ch14_muc2_d190_k2,ent_7814,mentions,semantic
edge_smt_7815,ch14_muc2_d190_k2,ent_7815,mentions,semantic
edge_smt_7816,ch14_muc2_d190_k2,ent_7816,mentions,semantic
edge_smt_7817,ch14_muc2_d190_k2,ent_7817,mentions,semantic
edge_smt_7818,ch14_muc2_d190_k2,ent_7818,mentions,semantic
edge_smt_7819,ch14_muc2_d190_k2,ent_7819,mentions,semantic
edge_smt_7820,ch14_muc2_d190_k3,ent_7820,mentions,semantic
edge_smt_7821,ch14_muc2_d190_k3,ent_7821,mentions,semantic
edge_smt_7822,ch14_muc2_d190_k3,ent_7822,mentions,semantic
edge_smt_7823,ch14_muc2_d190_k3,ent_7823,mentions,semantic
edge_smt_7824,ch14_muc2_d190_k3,ent_7824,mentions,semantic
edge_smt_7825,ch14_muc2_d190_k3,ent_7825,mentions,semantic
edge_smt_7826,ch14_muc2_d190_k3,ent_7826,mentions,semantic
edge_smt_7827,ch14_muc2_d190_k3,ent_7827,mentions,semantic
edge_smt_7828,ch14_muc2_d190_k3,ent_7828,mentions,semantic
edge_smt_7829,ch14_muc2_d190_k3,ent_7829,mentions,semantic
edge_smt_7830,ch14_muc2_d190_k3,ent_7830,mentions,semantic
edge_smt_7831,ch14_muc2_d190_k4,ent_7831,mentions,semantic
edge_smt_7832,ch14_muc2_d190_k4,ent_7832,mentions,semantic
edge_smt_7833,ch14_muc2_d190_k4,ent_7833,mentions,semantic
edge_smt_7834,ch14_muc2_d190_k4,ent_7834,mentions,semantic
edge_smt_7835,ch14_muc2_d190_k4,ent_7835,mentions,semantic
edge_smt_7836,ch14_muc2_d190_k4,ent_7836,mentions,semantic
edge_smt_7837,ch14_muc2_d190_k4,ent_7837,mentions,semantic
edge_smt_7838,ch14_muc2_d190_k4,ent_7838,mentions,semantic
edge_smt_7839,ch14_muc2_d190_k4,ent_7839,mentions,semantic
edge_smt_7840,ch14_muc3_d191_k1,ent_7840,mentions,semantic
edge_smt_7841,ch14_muc3_d191_k1,ent_7841,mentions,semantic
edge_smt_7842,ch14_muc3_d191_k1,ent_7842,mentions,semantic
edge_smt_7843,ch14_muc3_d191_k1,ent_7843,mentions,semantic
edge_smt_7844,ch14_muc3_d191_k1,ent_7844,mentions,semantic
edge_smt_7845,ch14_muc3_d191_k1,ent_7845,mentions,semantic
edge_smt_7846,ch14_muc3_d191_k1,ent_7846,mentions,semantic
edge_smt_7847,ch14_muc3_d191_k1,ent_7847,mentions,semantic
edge_smt_7848,ch14_muc3_d191_k1,ent_7848,mentions,semantic
edge_smt_7849,ch14_muc3_d191_k1,ent_7849,mentions,semantic
edge_smt_7850,ch14_muc3_d191_k1,ent_7850,mentions,semantic
edge_smt_7851,ch14_muc3_d191_k1,ent_7851,mentions,semantic
edge_smt_7852,ch14_muc3_d191_k1,ent_7852,mentions,semantic
edge_smt_7853,ch14_muc3_d191_k1_a,ent_7853,mentions,semantic
edge_smt_7854,ch14_muc3_d191_k1_b,ent_7854,mentions,semantic
edge_smt_7855,ch14_muc3_d191_k1_c,ent_7855,mentions,semantic
edge_smt_7856,ch14_muc3_d191_k1_c,ent_7856,mentions,semantic
edge_smt_7857,ch14_muc3_d191_k2,ent_7857,mentions,semantic
edge_smt_7858,ch14_muc3_d191_k2,ent_7858,mentions,semantic
edge_smt_7859,ch14_muc3_d191_k2,ent_7859,mentions,semantic
edge_smt_7860,ch14_muc3_d191_k2,ent_7860,mentions,semantic
edge_smt_7861,ch14_muc3_d191_k2,ent_7861,mentions,semantic
edge_smt_7862,ch14_muc3_d191_k2,ent_7862,mentions,semantic
edge_smt_7863,ch14_muc3_d191_k2,ent_7863,mentions,semantic
edge_smt_7864,ch14_muc3_d191_k2,ent_7864,mentions,semantic
edge_smt_7865,ch14_muc3_d191_k2,ent_7865,mentions,semantic
edge_smt_7866,ch14_muc3_d191_k2,ent_7866,mentions,semantic
edge_smt_7867,ch14_muc3_d191_k2,ent_7867,mentions,semantic
edge_smt_7868,ch14_muc3_d192_k1,ent_7868,mentions,semantic
edge_smt_7869,ch14_muc3_d192_k1,ent_7869,mentions,semantic
edge_smt_7870,ch14_muc3_d192_k1,ent_7870,mentions,semantic
edge_smt_7871,ch14_muc3_d192_k1,ent_7871,mentions,semantic
edge_smt_7872,ch14_muc3_d192_k1,ent_7872,mentions,semantic
edge_smt_7873,ch14_muc3_d192_k1,ent_7873,mentions,semantic
edge_smt_7874,ch14_muc3_d192_k1,ent_7874,mentions,semantic
edge_smt_7875,ch14_muc3_d192_k1,ent_7875,mentions,semantic
edge_smt_7876,ch14_muc3_d192_k1,ent_7876,mentions,semantic
edge_smt_7877,ch14_muc3_d192_k1,ent_7877,mentions,semantic
edge_smt_7878,ch14_muc3_d192_k1,ent_7878,mentions,semantic
edge_smt_7879,ch14_muc3_d192_k1,ent_7879,mentions,semantic
edge_smt_7880,ch14_muc3_d192_k1,ent_7880,mentions,semantic
edge_smt_7881,ch14_muc3_d192_k1,ent_7881,mentions,semantic
edge_smt_7882,ch14_muc3_d192_k1,ent_7882,mentions,semantic
edge_smt_7883,ch14_muc3_d192_k1,ent_7883,mentions,semantic
edge_smt_7884,ch14_muc3_d192_k1,ent_7884,mentions,semantic
edge_smt_7885,ch14_muc3_d192_k1,ent_7885,mentions,semantic
edge_smt_7886,ch14_muc3_d192_k1,ent_7886,mentions,semantic
edge_smt_7887,ch14_muc3_d192_k1,ent_7887,mentions,semantic
edge_smt_7888,ch14_muc3_d192_k1,ent_7888,mentions,semantic
edge_smt_7889,ch14_muc3_d192_k1,ent_7889,mentions,semantic
edge_smt_7890,ch14_muc3_d192_k1,ent_7890,mentions,semantic
edge_smt_7891,ch14_muc3_d192_k1,ent_7891,mentions,semantic
edge_smt_7892,ch14_muc3_d192_k1,ent_7892,mentions,semantic
edge_smt_7893,ch14_muc3_d192_k2,ent_7893,mentions,semantic
edge_smt_7894,ch14_muc3_d192_k2,ent_7894,mentions,semantic
edge_smt_7895,ch14_muc3_d192_k2,ent_7895,mentions,semantic
edge_smt_7896,ch14_muc3_d192_k2,ent_7896,mentions,semantic
edge_smt_7897,ch14_muc3_d192_k2,ent_7897,mentions,semantic
edge_smt_7898,ch14_muc3_d192_k2,ent_7898,mentions,semantic
edge_smt_7899,ch14_muc3_d192_k2,ent_7899,mentions,semantic
edge_smt_7900,ch14_muc3_d192_k2,ent_7900,mentions,semantic
edge_smt_7901,ch14_muc3_d192_k2,ent_7901,mentions,semantic
edge_smt_7902,ch14_muc3_d192_k2,ent_7902,mentions,semantic
edge_smt_7903,ch14_muc3_d192_k2,ent_7903,mentions,semantic
edge_smt_7904,ch14_muc3_d192_k2,ent_7904,mentions,semantic
edge_smt_7905,ch14_muc3_d192_k2,ent_7905,mentions,semantic
edge_smt_7906,ch14_muc3_d192_k2,ent_7906,mentions,semantic
edge_smt_7907,ch14_muc3_d192_k2,ent_7907,mentions,semantic
edge_smt_7908,ch14_muc3_d192_k2,ent_7908,mentions,semantic
edge_smt_7909,ch14_muc3_d192_k2,ent_7909,mentions,semantic
edge_smt_7910,ch14_muc3_d192_k2,ent_7910,mentions,semantic
edge_smt_7911,ch14_muc3_d192_k2,ent_7911,mentions,semantic
edge_smt_7912,ch14_muc3_d192_k2,ent_7912,mentions,semantic
edge_smt_7913,ch14_muc3_d192_k2,ent_7913,mentions,semantic
edge_smt_7914,ch14_muc3_d192_k2,ent_7914,mentions,semantic
edge_smt_7915,ch14_muc3_d192_k2,ent_7915,mentions,semantic
edge_smt_7916,ch14_muc3_d192_k2,ent_7916,mentions,semantic
edge_smt_7917,ch14_muc3_d192_k2,ent_7917,mentions,semantic
edge_smt_7918,ch14_muc3_d192_k2,ent_7918,mentions,semantic
edge_smt_7919,ch14_muc3_d192_k2_a,ent_7919,mentions,semantic
edge_smt_7920,ch14_muc3_d192_k2_a,ent_7920,mentions,semantic
edge_smt_7921,ch14_muc3_d192_k2_a,ent_7921,mentions,semantic
edge_smt_7922,ch14_muc3_d192_k2_a,ent_7922,mentions,semantic
edge_smt_7923,ch14_muc3_d192_k2_a,ent_7923,mentions,semantic
edge_smt_7924,ch14_muc3_d192_k2_a,ent_7924,mentions,semantic
edge_smt_7925,ch14_muc3_d192_k2_a,ent_7925,mentions,semantic
edge_smt_7926,ch14_muc3_d192_k2_a,ent_7926,mentions,semantic
edge_smt_7927,ch14_muc3_d192_k2_b,ent_7927,mentions,semantic
edge_smt_7928,ch14_muc3_d192_k2_b,ent_7928,mentions,semantic
edge_smt_7929,ch14_muc3_d192_k2_b,ent_7929,mentions,semantic
edge_smt_7930,ch14_muc3_d192_k2_b,ent_7930,mentions,semantic
edge_smt_7931,ch14_muc3_d193_k1,ent_7931,mentions,semantic
edge_smt_7932,ch14_muc3_d193_k1,ent_7932,mentions,semantic
edge_smt_7933,ch14_muc3_d193_k1,ent_7933,mentions,semantic
edge_smt_7934,ch14_muc3_d193_k1,ent_7934,mentions,semantic
edge_smt_7935,ch14_muc3_d193_k1,ent_7935,mentions,semantic
edge_smt_7936,ch14_muc3_d193_k1,ent_7936,mentions,semantic
edge_smt_7937,ch14_muc3_d193_k1,ent_7937,mentions,semantic
edge_smt_7938,ch14_muc3_d193_k1,ent_7938,mentions,semantic
edge_smt_7939,ch14_muc3_d193_k1,ent_7939,mentions,semantic
edge_smt_7940,ch14_muc3_d193_k1,ent_7940,mentions,semantic
edge_smt_7941,ch14_muc3_d193_k1,ent_7941,mentions,semantic
edge_smt_7942,ch14_muc3_d193_k1,ent_7942,mentions,semantic
edge_smt_7943,ch14_muc3_d193_k1,ent_7943,mentions,semantic
edge_smt_7944,ch14_muc3_d193_k1,ent_7944,mentions,semantic
edge_smt_7945,ch14_muc3_d193_k1,ent_7945,mentions,semantic
edge_smt_7946,ch14_muc3_d193_k1,ent_7946,mentions,semantic
edge_smt_7947,ch14_muc3_d193_k1,ent_7947,mentions,semantic
edge_smt_7948,ch14_muc3_d193_k1,ent_7948,mentions,semantic
edge_smt_7949,ch14_muc3_d193_k1,ent_7949,mentions,semantic
edge_smt_7950,ch14_muc3_d193_k1,ent_7950,mentions,semantic
edge_smt_7951,ch14_muc3_d193_k1,ent_7951,mentions,semantic
edge_smt_7952,ch14_muc3_d193_k2,ent_7952,mentions,semantic
edge_smt_7953,ch14_muc3_d193_k2,ent_7953,mentions,semantic
edge_smt_7954,ch14_muc3_d193_k2,ent_7954,mentions,semantic
edge_smt_7955,ch14_muc3_d193_k2,ent_7955,mentions,semantic
edge_smt_7956,ch14_muc3_d193_k2,ent_7956,mentions,semantic
edge_smt_7957,ch14_muc3_d193_k2,ent_7957,mentions,semantic
edge_smt_7958,ch14_muc3_d193_k2,ent_7958,mentions,semantic
edge_smt_7959,ch14_muc3_d193_k2,ent_7959,mentions,semantic
edge_smt_7960,ch14_muc3_d193_k2,ent_7960,mentions,semantic
edge_smt_7961,ch14_muc3_d193_k2,ent_7961,mentions,semantic
edge_smt_7962,ch14_muc3_d193_k2,ent_7962,mentions,semantic
edge_smt_7963,ch14_muc3_d193_k2,ent_7963,mentions,semantic
edge_smt_7964,ch14_muc3_d193_k2,ent_7964,mentions,semantic
edge_smt_7965,ch14_muc3_d193_k2,ent_7965,mentions,semantic
edge_smt_7966,ch14_muc3_d193_k3,ent_7966,mentions,semantic
edge_smt_7967,ch14_muc3_d193_k3,ent_7967,mentions,semantic
edge_smt_7968,ch14_muc3_d193_k3,ent_7968,mentions,semantic
edge_smt_7969,ch14_muc3_d193_k3,ent_7969,mentions,semantic
edge_smt_7970,ch14_muc3_d193_k3,ent_7970,mentions,semantic
edge_smt_7971,ch14_muc3_d193_k3,ent_7971,mentions,semantic
edge_smt_7972,ch14_muc3_d193_k3,ent_7972,mentions,semantic
edge_smt_7973,ch14_muc3_d193_k3,ent_7973,mentions,semantic
edge_smt_7974,ch14_muc3_d193_k3,ent_7974,mentions,semantic
edge_smt_7975,ch14_muc3_d193_k3,ent_7975,mentions,semantic
edge_smt_7976,ch14_muc3_d193_k3,ent_7976,mentions,semantic
edge_smt_7977,ch14_muc3_d193_k3,ent_7977,mentions,semantic
edge_smt_7978,ch14_muc3_d193_k3,ent_7978,mentions,semantic
edge_smt_7979,ch14_muc3_d193_k3,ent_7979,mentions,semantic
edge_smt_7980,ch14_muc3_d193_k3,ent_7980,mentions,semantic
edge_smt_7981,ch14_muc3_d193_k3,ent_7981,mentions,semantic
edge_smt_7982,ch14_muc3_d193_k3,ent_7982,mentions,semantic
edge_smt_7983,ch14_muc3_d193_k3,ent_7983,mentions,semantic
edge_smt_7984,ch14_muc3_d193_k3,ent_7984,mentions,semantic
edge_smt_7985,ch14_muc3_d193_k3,ent_7985,mentions,semantic
edge_smt_7986,ch14_muc3_d193_k3,ent_7986,mentions,semantic
edge_smt_7987,ch14_muc3_d193_k3,ent_7987,mentions,semantic
edge_smt_7988,ch14_muc3_d193_k3,ent_7988,mentions,semantic
edge_smt_7989,ch14_muc3_d193_k3,ent_7989,mentions,semantic
edge_smt_7990,ch14_muc3_d193_k3,ent_7990,mentions,semantic
edge_smt_7991,ch14_muc3_d193_k3,ent_7991,mentions,semantic
edge_smt_7992,ch14_muc3_d193_k3,ent_7992,mentions,semantic
edge_smt_7993,ch14_muc3_d193_k3,ent_7993,mentions,semantic
edge_smt_7994,ch14_muc3_d193_k3,ent_7994,mentions,semantic
edge_smt_7995,ch14_muc3_d193_k3,ent_7995,mentions,semantic
edge_smt_7996,ch14_muc3_d193_k3,ent_7996,mentions,semantic
edge_smt_7997,ch14_muc3_d193_k3,ent_7997,mentions,semantic
edge_smt_7998,ch14_muc3_d193_k3,ent_7998,mentions,semantic
edge_smt_7999,ch14_muc3_d193_k3,ent_7999,mentions,semantic
edge_smt_8000,ch14_muc3_d193_k4,ent_8000,mentions,semantic
edge_smt_8001,ch14_muc3_d193_k4,ent_8001,mentions,semantic
edge_smt_8002,ch14_muc3_d193_k4,ent_8002,mentions,semantic
edge_smt_8003,ch14_muc3_d193_k4,ent_8003,mentions,semantic
edge_smt_8004,ch14_muc3_d193_k4,ent_8004,mentions,semantic
edge_smt_8005,ch14_muc3_d193_k4,ent_8005,mentions,semantic
edge_smt_8006,ch14_muc3_d193_k4,ent_8006,mentions,semantic
edge_smt_8007,ch14_muc3_d193_k4,ent_8007,mentions,semantic
edge_smt_8008,ch14_muc3_d193_k4,ent_8008,mentions,semantic
edge_smt_8009,ch14_muc3_d193_k4,ent_8009,mentions,semantic
edge_smt_8010,ch14_muc3_d193_k4,ent_8010,mentions,semantic
edge_smt_8011,ch14_muc3_d193_k4,ent_8011,mentions,semantic
edge_smt_8012,ch14_muc3_d193_k4,ent_8012,mentions,semantic
edge_smt_8013,ch14_muc3_d193_k4,ent_8013,mentions,semantic
edge_smt_8014,ch14_muc3_d193_k4,ent_8014,mentions,semantic
edge_smt_8015,ch14_muc3_d193_k4,ent_8015,mentions,semantic
edge_smt_8016,ch14_muc3_d193_k4,ent_8016,mentions,semantic
edge_smt_8017,ch14_muc3_d193_k5,ent_8017,mentions,semantic
edge_smt_8018,ch14_muc3_d193_k5,ent_8018,mentions,semantic
edge_smt_8019,ch14_muc3_d193_k5,ent_8019,mentions,semantic
edge_smt_8020,ch14_muc3_d193_k5,ent_8020,mentions,semantic
edge_smt_8021,ch14_muc3_d193_k5,ent_8021,mentions,semantic
edge_smt_8022,ch14_muc3_d193_k5,ent_8022,mentions,semantic
edge_smt_8023,ch14_muc3_d193_k5,ent_8023,mentions,semantic
edge_smt_8024,ch14_muc3_d193_k5,ent_8024,mentions,semantic
edge_smt_8025,ch14_muc3_d193_k5,ent_8025,mentions,semantic
edge_smt_8026,ch14_muc3_d193_k5,ent_8026,mentions,semantic
edge_smt_8027,ch14_muc3_d193_k5,ent_8027,mentions,semantic
edge_smt_8028,ch14_muc3_d193_k5,ent_8028,mentions,semantic
edge_smt_8029,ch14_muc3_d193_k5,ent_8029,mentions,semantic
edge_smt_8030,ch14_muc3_d193_k5,ent_8030,mentions,semantic
edge_smt_8031,ch14_muc3_d193_k6,ent_8031,mentions,semantic
edge_smt_8032,ch14_muc3_d193_k6,ent_8032,mentions,semantic
edge_smt_8033,ch14_muc3_d193_k6,ent_8033,mentions,semantic
edge_smt_8034,ch14_muc3_d193_k6,ent_8034,mentions,semantic
edge_smt_8035,ch14_muc3_d193_k6,ent_8035,mentions,semantic
edge_smt_8036,ch14_muc3_d193_k6,ent_8036,mentions,semantic
edge_smt_8037,ch14_muc3_d193_k6,ent_8037,mentions,semantic
edge_smt_8038,ch14_muc3_d193_k6,ent_8038,mentions,semantic
edge_smt_8039,ch14_muc3_d193_k6,ent_8039,mentions,semantic
edge_smt_8040,ch14_muc3_d193_k6,ent_8040,mentions,semantic
edge_smt_8041,ch14_muc3_d193_k6,ent_8041,mentions,semantic
edge_smt_8042,ch14_muc3_d193_k6,ent_8042,mentions,semantic
edge_smt_8043,ch14_muc3_d193_k6,ent_8043,mentions,semantic
edge_smt_8044,ch14_muc3_d194_k1,ent_8044,mentions,semantic
edge_smt_8045,ch14_muc3_d194_k1,ent_8045,mentions,semantic
edge_smt_8046,ch14_muc3_d194_k1,ent_8046,mentions,semantic
edge_smt_8047,ch14_muc3_d194_k1,ent_8047,mentions,semantic
edge_smt_8048,ch14_muc3_d194_k1,ent_8048,mentions,semantic
edge_smt_8049,ch14_muc3_d194_k1,ent_8049,mentions,semantic
edge_smt_8050,ch14_muc3_d194_k1,ent_8050,mentions,semantic
edge_smt_8051,ch14_muc3_d194_k1,ent_8051,mentions,semantic
edge_smt_8052,ch14_muc3_d194_k1,ent_8052,mentions,semantic
edge_smt_8053,ch14_muc3_d194_k2,ent_8053,mentions,semantic
edge_smt_8054,ch14_muc3_d194_k2,ent_8054,mentions,semantic
edge_smt_8055,ch14_muc3_d194_k2,ent_8055,mentions,semantic
edge_smt_8056,ch14_muc3_d194_k2,ent_8056,mentions,semantic
edge_smt_8057,ch14_muc3_d194_k2,ent_8057,mentions,semantic
edge_smt_8058,ch14_muc3_d194_k2,ent_8058,mentions,semantic
edge_smt_8059,ch14_muc3_d194_k2,ent_8059,mentions,semantic
edge_smt_8060,ch14_muc3_d194_k2,ent_8060,mentions,semantic
edge_smt_8061,ch14_muc3_d194_k2,ent_8061,mentions,semantic
edge_smt_8062,ch14_muc3_d194_k3,ent_8062,mentions,semantic
edge_smt_8063,ch14_muc3_d194_k3,ent_8063,mentions,semantic
edge_smt_8064,ch14_muc3_d194_k3,ent_8064,mentions,semantic
edge_smt_8065,ch14_muc3_d194_k3,ent_8065,mentions,semantic
edge_smt_8066,ch14_muc3_d194_k3,ent_8066,mentions,semantic
edge_smt_8067,ch14_muc3_d194_k3,ent_8067,mentions,semantic
edge_smt_8068,ch14_muc3_d194_k3,ent_8068,mentions,semantic
edge_smt_8069,ch14_muc3_d194_k3,ent_8069,mentions,semantic
edge_smt_8070,ch14_muc3_d194_k3,ent_8070,mentions,semantic
edge_smt_8071,ch14_muc4_d195_k1,ent_8071,mentions,semantic
edge_smt_8072,ch14_muc4_d195_k1,ent_8072,mentions,semantic
edge_smt_8073,ch14_muc4_d195_k1,ent_8073,mentions,semantic
edge_smt_8074,ch14_muc4_d195_k1,ent_8074,mentions,semantic
edge_smt_8075,ch14_muc4_d195_k1,ent_8075,mentions,semantic
edge_smt_8076,ch14_muc4_d195_k1,ent_8076,mentions,semantic
edge_smt_8077,ch14_muc4_d195_k1,ent_8077,mentions,semantic
edge_smt_8078,ch14_muc4_d195_k1,ent_8078,mentions,semantic
edge_smt_8079,ch14_muc4_d195_k1,ent_8079,mentions,semantic
edge_smt_8080,ch14_muc4_d195_k1,ent_8080,mentions,semantic
edge_smt_8081,ch14_muc4_d195_k1_a,ent_8081,mentions,semantic
edge_smt_8082,ch14_muc4_d195_k1_b,ent_8082,mentions,semantic
edge_smt_8083,ch14_muc4_d195_k2,ent_8083,mentions,semantic
edge_smt_8084,ch14_muc4_d195_k2,ent_8084,mentions,semantic
edge_smt_8085,ch14_muc4_d195_k2,ent_8085,mentions,semantic
edge_smt_8086,ch14_muc4_d195_k2,ent_8086,mentions,semantic
edge_smt_8087,ch14_muc4_d195_k2,ent_8087,mentions,semantic
edge_smt_8088,ch14_muc4_d195_k2,ent_8088,mentions,semantic
edge_smt_8089,ch14_muc4_d195_k2,ent_8089,mentions,semantic
edge_smt_8090,ch14_muc4_d195_k2,ent_8090,mentions,semantic
edge_smt_8091,ch14_muc4_d195_k2,ent_8091,mentions,semantic
edge_smt_8092,ch14_muc4_d195_k2,ent_8092,mentions,semantic
edge_smt_8093,ch14_muc4_d196_k1,ent_8093,mentions,semantic
edge_smt_8094,ch14_muc4_d196_k1,ent_8094,mentions,semantic
edge_smt_8095,ch14_muc4_d196_k1,ent_8095,mentions,semantic
edge_smt_8096,ch14_muc4_d196_k1,ent_8096,mentions,semantic
edge_smt_8097,ch14_muc4_d196_k1,ent_8097,mentions,semantic
edge_smt_8098,ch14_muc4_d196_k1,ent_8098,mentions,semantic
edge_smt_8099,ch14_muc4_d196_k1,ent_8099,mentions,semantic
edge_smt_8100,ch14_muc4_d196_k1,ent_8100,mentions,semantic
edge_smt_8101,ch14_muc4_d196_k1,ent_8101,mentions,semantic
edge_smt_8102,ch14_muc4_d196_k2,ent_8102,mentions,semantic
edge_smt_8103,ch14_muc4_d196_k2,ent_8103,mentions,semantic
edge_smt_8104,ch14_muc4_d196_k2,ent_8104,mentions,semantic
edge_smt_8105,ch14_muc4_d196_k2,ent_8105,mentions,semantic
edge_smt_8106,ch14_muc4_d196_k2,ent_8106,mentions,semantic
edge_smt_8107,ch14_muc4_d196_k2,ent_8107,mentions,semantic
edge_smt_8108,ch14_muc4_d196_k2,ent_8108,mentions,semantic
edge_smt_8109,ch14_muc4_d196_k2,ent_8109,mentions,semantic
edge_smt_8110,ch14_muc4_d196_k2,ent_8110,mentions,semantic
edge_smt_8111,ch14_muc4_d196_k2,ent_8111,mentions,semantic
edge_smt_8112,ch14_muc4_d196_k3,ent_8112,mentions,semantic
edge_smt_8113,ch14_muc4_d196_k3,ent_8113,mentions,semantic
edge_smt_8114,ch14_muc4_d196_k3,ent_8114,mentions,semantic
edge_smt_8115,ch14_muc4_d196_k3,ent_8115,mentions,semantic
edge_smt_8116,ch14_muc4_d196_k3,ent_8116,mentions,semantic
edge_smt_8117,ch14_muc4_d196_k3,ent_8117,mentions,semantic
edge_smt_8118,ch14_muc4_d196_k3,ent_8118,mentions,semantic
edge_smt_8119,ch14_muc4_d196_k3,ent_8119,mentions,semantic
edge_smt_8120,ch14_muc4_d196_k3,ent_8120,mentions,semantic
edge_smt_8121,ch14_muc4_d196_k3,ent_8121,mentions,semantic
edge_smt_8122,ch14_muc4_d196_k3,ent_8122,mentions,semantic
edge_smt_8123,ch14_muc4_d196_k3,ent_8123,mentions,semantic
edge_smt_8124,ch14_muc4_d196_k3,ent_8124,mentions,semantic
edge_smt_8125,ch14_muc4_d196_k3,ent_8125,mentions,semantic
edge_smt_8126,ch14_muc4_d196_k3,ent_8126,mentions,semantic
edge_smt_8127,ch14_muc4_d196_k3,ent_8127,mentions,semantic
edge_smt_8128,ch14_muc4_d196_k3,ent_8128,mentions,semantic
edge_smt_8129,ch14_muc4_d196_k3,ent_8129,mentions,semantic
edge_smt_8130,ch14_muc4_d196_k3,ent_8130,mentions,semantic
edge_smt_8131,ch14_muc4_d196_k3,ent_8131,mentions,semantic
edge_smt_8132,ch14_muc4_d196_k3,ent_8132,mentions,semantic
edge_smt_8133,ch14_muc4_d196_k3,ent_8133,mentions,semantic
edge_smt_8134,ch14_muc4_d196_k3,ent_8134,mentions,semantic
edge_smt_8135,ch14_muc4_d196_k3,ent_8135,mentions,semantic
edge_smt_8136,ch14_muc4_d196_k3,ent_8136,mentions,semantic
edge_smt_8137,ch14_muc4_d196_k3,ent_8137,mentions,semantic
edge_smt_8138,ch14_muc4_d196_k3,ent_8138,mentions,semantic
edge_smt_8139,ch14_muc4_d196_k3,ent_8139,mentions,semantic
edge_smt_8140,ch14_muc4_d196_k3,ent_8140,mentions,semantic
edge_smt_8141,ch14_muc4_d196_k3,ent_8141,mentions,semantic
edge_smt_8142,ch14_muc4_d196_k3,ent_8142,mentions,semantic
edge_smt_8143,ch14_muc4_d196_k3,ent_8143,mentions,semantic
edge_smt_8144,ch14_muc4_d196_k3,ent_8144,mentions,semantic
edge_smt_8145,ch14_muc4_d196_k3_a,ent_8145,mentions,semantic
edge_smt_8146,ch14_muc4_d196_k3_a,ent_8146,mentions,semantic
edge_smt_8147,ch14_muc4_d196_k3_a,ent_8147,mentions,semantic
edge_smt_8148,ch14_muc4_d196_k3_a,ent_8148,mentions,semantic
edge_smt_8149,ch14_muc4_d196_k3_a,ent_8149,mentions,semantic
edge_smt_8150,ch14_muc4_d196_k3_a,ent_8150,mentions,semantic
edge_smt_8151,ch14_muc4_d196_k3_a,ent_8151,mentions,semantic
edge_smt_8152,ch14_muc4_d196_k3_a,ent_8152,mentions,semantic
edge_smt_8153,ch14_muc4_d196_k3_b,ent_8153,mentions,semantic
edge_smt_8154,ch14_muc4_d196_k3_b,ent_8154,mentions,semantic
edge_smt_8155,ch14_muc4_d196_k3_b,ent_8155,mentions,semantic
edge_smt_8156,ch14_muc4_d196_k3_b,ent_8156,mentions,semantic
edge_smt_8157,ch14_muc4_d196_k3_b,ent_8157,mentions,semantic
edge_smt_8158,ch14_muc4_d196_k3_b,ent_8158,mentions,semantic
edge_smt_8159,ch14_muc4_d196_k3_b,ent_8159,mentions,semantic
edge_smt_8160,ch14_muc4_d196_k3_b,ent_8160,mentions,semantic
edge_smt_8161,ch14_muc4_d196_k3_b,ent_8161,mentions,semantic
edge_smt_8162,ch14_muc4_d197_k1,ent_8162,mentions,semantic
edge_smt_8163,ch14_muc4_d197_k1,ent_8163,mentions,semantic
edge_smt_8164,ch14_muc4_d197_k1,ent_8164,mentions,semantic
edge_smt_8165,ch14_muc4_d197_k1,ent_8165,mentions,semantic
edge_smt_8166,ch14_muc4_d197_k1,ent_8166,mentions,semantic
edge_smt_8167,ch14_muc4_d197_k1,ent_8167,mentions,semantic
edge_smt_8168,ch14_muc4_d197_k1,ent_8168,mentions,semantic
edge_smt_8169,ch14_muc4_d197_k1,ent_8169,mentions,semantic
edge_smt_8170,ch14_muc4_d197_k1,ent_8170,mentions,semantic
edge_smt_8171,ch14_muc4_d197_k1,ent_8171,mentions,semantic
edge_smt_8172,ch14_muc4_d197_k1,ent_8172,mentions,semantic
edge_smt_8173,ch14_muc4_d197_k1,ent_8173,mentions,semantic
edge_smt_8174,ch14_muc4_d197_k1,ent_8174,mentions,semantic
edge_smt_8175,ch14_muc4_d197_k1,ent_8175,mentions,semantic
edge_smt_8176,ch14_muc4_d197_k1,ent_8176,mentions,semantic
edge_smt_8177,ch14_muc4_d197_k1,ent_8177,mentions,semantic
edge_smt_8178,ch14_muc4_d197_k1,ent_8178,mentions,semantic
edge_smt_8179,ch14_muc4_d197_k1,ent_8179,mentions,semantic
edge_smt_8180,ch14_muc4_d197_k1,ent_8180,mentions,semantic
edge_smt_8181,ch14_muc4_d197_k1,ent_8181,mentions,semantic
edge_smt_8182,ch14_muc4_d197_k1,ent_8182,mentions,semantic
edge_smt_8183,ch14_muc4_d197_k2,ent_8183,mentions,semantic
edge_smt_8184,ch14_muc4_d197_k2,ent_8184,mentions,semantic
edge_smt_8185,ch14_muc4_d197_k2,ent_8185,mentions,semantic
edge_smt_8186,ch14_muc4_d197_k2,ent_8186,mentions,semantic
edge_smt_8187,ch14_muc4_d197_k2,ent_8187,mentions,semantic
edge_smt_8188,ch14_muc4_d197_k2,ent_8188,mentions,semantic
edge_smt_8189,ch14_muc4_d197_k2,ent_8189,mentions,semantic
edge_smt_8190,ch14_muc4_d197_k2,ent_8190,mentions,semantic
edge_smt_8191,ch14_muc4_d197_k2,ent_8191,mentions,semantic
edge_smt_8192,ch14_muc4_d197_k2,ent_8192,mentions,semantic
edge_smt_8193,ch14_muc4_d197_k2,ent_8193,mentions,semantic
edge_smt_8194,ch14_muc4_d197_k2,ent_8194,mentions,semantic
edge_smt_8195,ch14_muc4_d197_k2,ent_8195,mentions,semantic
edge_smt_8196,ch14_muc4_d197_k2,ent_8196,mentions,semantic
edge_smt_8197,ch14_muc4_d197_k3,ent_8197,mentions,semantic
edge_smt_8198,ch14_muc4_d197_k3,ent_8198,mentions,semantic
edge_smt_8199,ch14_muc4_d197_k3,ent_8199,mentions,semantic
edge_smt_8200,ch14_muc4_d197_k3,ent_8200,mentions,semantic
edge_smt_8201,ch14_muc4_d197_k3,ent_8201,mentions,semantic
edge_smt_8202,ch14_muc4_d197_k3,ent_8202,mentions,semantic
edge_smt_8203,ch14_muc4_d197_k3,ent_8203,mentions,semantic
edge_smt_8204,ch14_muc4_d197_k3,ent_8204,mentions,semantic
edge_smt_8205,ch14_muc4_d197_k3,ent_8205,mentions,semantic
edge_smt_8206,ch14_muc4_d197_k3,ent_8206,mentions,semantic
edge_smt_8207,ch14_muc4_d197_k3,ent_8207,mentions,semantic
edge_smt_8208,ch14_muc4_d197_k3,ent_8208,mentions,semantic
edge_smt_8209,ch14_muc4_d197_k3,ent_8209,mentions,semantic
edge_smt_8210,ch14_muc4_d197_k3,ent_8210,mentions,semantic
edge_smt_8211,ch14_muc4_d197_k3,ent_8211,mentions,semantic
edge_smt_8212,ch14_muc4_d197_k3,ent_8212,mentions,semantic
edge_smt_8213,ch14_muc4_d197_k3,ent_8213,mentions,semantic
edge_smt_8214,ch14_muc4_d197_k3,ent_8214,mentions,semantic
edge_smt_8215,ch14_muc4_d197_k4,ent_8215,mentions,semantic
edge_smt_8216,ch14_muc4_d197_k4,ent_8216,mentions,semantic
edge_smt_8217,ch14_muc4_d197_k4,ent_8217,mentions,semantic
edge_smt_8218,ch14_muc4_d197_k4,ent_8218,mentions,semantic
edge_smt_8219,ch14_muc4_d197_k4,ent_8219,mentions,semantic
edge_smt_8220,ch14_muc4_d197_k4,ent_8220,mentions,semantic
edge_smt_8221,ch14_muc4_d197_k4,ent_8221,mentions,semantic
edge_smt_8222,ch14_muc4_d197_k4,ent_8222,mentions,semantic
edge_smt_8223,ch14_muc4_d197_k4,ent_8223,mentions,semantic
edge_smt_8224,ch14_muc4_d197_k4,ent_8224,mentions,semantic
edge_smt_8225,ch14_muc4_d197_k4,ent_8225,mentions,semantic
edge_smt_8226,ch14_muc4_d197_k4,ent_8226,mentions,semantic
edge_smt_8227,ch14_muc4_d197_k4,ent_8227,mentions,semantic
edge_smt_8228,ch14_muc4_d197_k4,ent_8228,mentions,semantic
edge_smt_8229,ch14_muc4_d197_k4,ent_8229,mentions,semantic
edge_smt_8230,ch14_muc4_d197_k4,ent_8230,mentions,semantic
edge_smt_8231,ch14_muc4_d197_k4,ent_8231,mentions,semantic
edge_smt_8232,ch14_muc4_d197_k4,ent_8232,mentions,semantic
edge_smt_8233,ch14_muc4_d197_k4,ent_8233,mentions,semantic
edge_smt_8234,ch14_muc4_d197_k4,ent_8234,mentions,semantic
edge_smt_8235,ch14_muc4_d197_k4,ent_8235,mentions,semantic
edge_smt_8236,ch14_muc4_d197_k4,ent_8236,mentions,semantic
edge_smt_8237,ch14_muc4_d197_k4,ent_8237,mentions,semantic
edge_smt_8238,ch14_muc4_d197_k4,ent_8238,mentions,semantic
edge_smt_8239,ch14_muc4_d197_k4,ent_8239,mentions,semantic
edge_smt_8240,ch14_muc4_d197_k4,ent_8240,mentions,semantic
edge_smt_8241,ch14_muc4_d197_k4,ent_8241,mentions,semantic
edge_smt_8242,ch14_muc4_d197_k4,ent_8242,mentions,semantic
edge_smt_8243,ch14_muc4_d197_k4,ent_8243,mentions,semantic
edge_smt_8244,ch14_muc4_d197_k4,ent_8244,mentions,semantic
edge_smt_8245,ch14_muc4_d197_k4,ent_8245,mentions,semantic
edge_smt_8246,ch14_muc4_d197_k4,ent_8246,mentions,semantic
edge_smt_8247,ch14_muc4_d197_k4,ent_8247,mentions,semantic
edge_smt_8248,ch14_muc4_d197_k4,ent_8248,mentions,semantic
edge_smt_8249,ch14_muc4_d197_k4,ent_8249,mentions,semantic
edge_smt_8250,ch14_muc4_d197_k4,ent_8250,mentions,semantic
edge_smt_8251,ch14_muc4_d197_k4,ent_8251,mentions,semantic
edge_smt_8252,ch14_muc4_d197_k4,ent_8252,mentions,semantic
edge_smt_8253,ch14_muc4_d197_k4,ent_8253,mentions,semantic
edge_smt_8254,ch14_muc4_d197_k4,ent_8254,mentions,semantic
edge_smt_8255,ch14_muc5_d199_k1,ent_8255,mentions,semantic
edge_smt_8256,ch14_muc5_d199_k1,ent_8256,mentions,semantic
edge_smt_8257,ch14_muc5_d199_k1,ent_8257,mentions,semantic
edge_smt_8258,ch14_muc5_d199_k1,ent_8258,mentions,semantic
edge_smt_8259,ch14_muc5_d199_k1,ent_8259,mentions,semantic
edge_smt_8260,ch14_muc5_d199_k1,ent_8260,mentions,semantic
edge_smt_8261,ch14_muc5_d199_k2,ent_8261,mentions,semantic
edge_smt_8262,ch14_muc5_d199_k2,ent_8262,mentions,semantic
edge_smt_8263,ch14_muc5_d199_k2,ent_8263,mentions,semantic
edge_smt_8264,ch14_muc5_d199_k2,ent_8264,mentions,semantic
edge_smt_8265,ch14_muc5_d199_k2,ent_8265,mentions,semantic
edge_smt_8266,ch14_muc5_d199_k2,ent_8266,mentions,semantic
edge_smt_8267,ch14_muc5_d199_k2,ent_8267,mentions,semantic
edge_smt_8268,ch14_muc5_d199_k2,ent_8268,mentions,semantic
edge_smt_8269,ch14_muc5_d199_k2,ent_8269,mentions,semantic
edge_smt_8270,ch14_muc5_d199_k2,ent_8270,mentions,semantic
edge_smt_8271,ch14_muc5_d199_k2,ent_8271,mentions,semantic
edge_smt_8272,ch14_muc5_d199_k2,ent_8272,mentions,semantic
edge_smt_8273,ch14_muc5_d199_k2,ent_8273,mentions,semantic
edge_smt_8274,ch14_muc5_d200_k1,ent_8274,mentions,semantic
edge_smt_8275,ch14_muc5_d200_k1,ent_8275,mentions,semantic
edge_smt_8276,ch14_muc5_d200_k1,ent_8276,mentions,semantic
edge_smt_8277,ch14_muc5_d200_k1,ent_8277,mentions,semantic
edge_smt_8278,ch14_muc5_d200_k1,ent_8278,mentions,semantic
edge_smt_8279,ch14_muc5_d200_k1,ent_8279,mentions,semantic
edge_smt_8280,ch14_muc5_d200_k1,ent_8280,mentions,semantic
edge_smt_8281,ch14_muc5_d200_k2,ent_8281,mentions,semantic
edge_smt_8282,ch14_muc5_d200_k2,ent_8282,mentions,semantic
edge_smt_8283,ch14_muc5_d200_k2,ent_8283,mentions,semantic
edge_smt_8284,ch14_muc5_d200_k2,ent_8284,mentions,semantic
edge_smt_8285,ch14_muc5_d200_k2,ent_8285,mentions,semantic
edge_smt_8286,ch14_muc5_d200_k2,ent_8286,mentions,semantic
edge_smt_8287,ch14_muc5_d200_k2,ent_8287,mentions,semantic
edge_smt_8288,ch14_muc5_d200_k3,ent_8288,mentions,semantic
edge_smt_8289,ch14_muc5_d201_k1,ent_8289,mentions,semantic
edge_smt_8290,ch14_muc5_d201_k1,ent_8290,mentions,semantic
edge_smt_8291,ch14_muc5_d201_k1,ent_8291,mentions,semantic
edge_smt_8292,ch14_muc5_d201_k1,ent_8292,mentions,semantic
edge_smt_8293,ch14_muc5_d201_k1,ent_8293,mentions,semantic
edge_smt_8294,ch14_muc5_d201_k1,ent_8294,mentions,semantic
edge_smt_8295,ch14_muc5_d201_k1,ent_8295,mentions,semantic
edge_smt_8296,ch14_muc5_d201_k1,ent_8296,mentions,semantic
edge_smt_8297,ch14_muc5_d201_k1,ent_8297,mentions,semantic
edge_smt_8298,ch14_muc5_d201_k1,ent_8298,mentions,semantic
edge_smt_8299,ch14_muc5_d201_k1,ent_8299,mentions,semantic
edge_smt_8300,ch14_muc5_d201_k1,ent_8300,mentions,semantic
edge_smt_8301,ch14_muc5_d201_k1,ent_8301,mentions,semantic
edge_smt_8302,ch14_muc5_d201_k1,ent_8302,mentions,semantic
edge_smt_8303,ch14_muc5_d201_k1,ent_8303,mentions,semantic
edge_smt_8304,ch14_muc5_d201_k1,ent_8304,mentions,semantic
edge_smt_8305,ch14_muc5_d201_k1,ent_8305,mentions,semantic
edge_smt_8306,ch14_muc5_d201_k1,ent_8306,mentions,semantic
edge_smt_8307,ch14_muc5_d201_k1,ent_8307,mentions,semantic
edge_smt_8308,ch14_muc5_d201_k2,ent_8308,mentions,semantic
edge_smt_8309,ch14_muc5_d201_k2,ent_8309,mentions,semantic
edge_smt_8310,ch14_muc5_d201_k2,ent_8310,mentions,semantic
edge_smt_8311,ch14_muc5_d201_k2,ent_8311,mentions,semantic
edge_smt_8312,ch14_muc5_d201_k2,ent_8312,mentions,semantic
edge_smt_8313,ch14_muc5_d201_k2,ent_8313,mentions,semantic
edge_smt_8314,ch14_muc5_d201_k2,ent_8314,mentions,semantic
edge_smt_8315,ch14_muc5_d201_k2,ent_8315,mentions,semantic
edge_smt_8316,ch14_muc5_d201_k2,ent_8316,mentions,semantic
edge_smt_8317,ch14_muc5_d201_k2,ent_8317,mentions,semantic
edge_smt_8318,ch14_muc5_d201_k2,ent_8318,mentions,semantic
edge_smt_8319,ch14_muc5_d201_k2_b,ent_8319,mentions,semantic
edge_smt_8320,ch14_muc5_d201_k2_b,ent_8320,mentions,semantic
edge_smt_8321,ch14_muc5_d201_k2_b,ent_8321,mentions,semantic
edge_smt_8322,ch14_muc5_d201_k2_b,ent_8322,mentions,semantic
edge_smt_8323,ch14_muc5_d201_k2_b,ent_8323,mentions,semantic
edge_smt_8324,ch14_muc5_d201_k2_b,ent_8324,mentions,semantic
edge_smt_8325,ch14_muc5_d201_k2_b,ent_8325,mentions,semantic
edge_smt_8326,ch14_muc5_d201_k2_b,ent_8326,mentions,semantic
edge_smt_8327,ch14_muc5_d201_k3,ent_8327,mentions,semantic
edge_smt_8328,ch14_muc5_d201_k3,ent_8328,mentions,semantic
edge_smt_8329,ch14_muc5_d201_k3,ent_8329,mentions,semantic
edge_smt_8330,ch14_muc5_d201_k4,ent_8330,mentions,semantic
edge_smt_8331,ch14_muc5_d201_k4,ent_8331,mentions,semantic
edge_smt_8332,ch14_muc5_d201_k4,ent_8332,mentions,semantic
edge_smt_8333,ch14_muc5_d201_k4,ent_8333,mentions,semantic
edge_smt_8334,ch14_muc5_d201_k4,ent_8334,mentions,semantic
edge_smt_8335,ch14_muc5_d201_k4,ent_8335,mentions,semantic
edge_smt_8336,ch14_muc5_d201_k4,ent_8336,mentions,semantic
edge_smt_8337,ch14_muc5_d201_k4,ent_8337,mentions,semantic
edge_smt_8338,ch14_muc5_d201_k4,ent_8338,mentions,semantic
edge_smt_8339,ch14_muc5_d201_k4,ent_8339,mentions,semantic
edge_smt_8340,ch14_muc5_d201_k4,ent_8340,mentions,semantic
edge_smt_8341,ch14_muc5_d201_k4,ent_8341,mentions,semantic
edge_smt_8342,ch14_muc5_d201_k4,ent_8342,mentions,semantic
edge_smt_8343,ch14_muc5_d201_k4,ent_8343,mentions,semantic
edge_smt_8344,ch14_muc5_d201_k4,ent_8344,mentions,semantic
edge_smt_8345,ch14_muc5_d201_k4,ent_8345,mentions,semantic
edge_smt_8346,ch14_muc5_d201_k4,ent_8346,mentions,semantic
edge_smt_8347,ch14_muc5_d201_k4,ent_8347,mentions,semantic
edge_smt_8348,ch14_muc5_d201_k4,ent_8348,mentions,semantic
edge_smt_8349,ch14_muc5_d201_k4,ent_8349,mentions,semantic
edge_smt_8350,ch14_muc5_d201_k4,ent_8350,mentions,semantic
edge_smt_8351,ch14_muc5_d201_k4,ent_8351,mentions,semantic
edge_smt_8352,ch14_muc5_d201_k4,ent_8352,mentions,semantic
edge_smt_8353,ch14_muc5_d201_k4,ent_8353,mentions,semantic
edge_smt_8354,ch14_muc5_d202_k1,ent_8354,mentions,semantic
edge_smt_8355,ch14_muc5_d202_k1,ent_8355,mentions,semantic
edge_smt_8356,ch14_muc5_d202_k1,ent_8356,mentions,semantic
edge_smt_8357,ch14_muc5_d202_k1,ent_8357,mentions,semantic
edge_smt_8358,ch14_muc5_d202_k1,ent_8358,mentions,semantic
edge_smt_8359,ch14_muc5_d202_k1,ent_8359,mentions,semantic
edge_smt_8360,ch14_muc5_d202_k1,ent_8360,mentions,semantic
edge_smt_8361,ch14_muc5_d202_k1,ent_8361,mentions,semantic
edge_smt_8362,ch14_muc5_d202_k1,ent_8362,mentions,semantic
edge_smt_8363,ch14_muc5_d202_k1,ent_8363,mentions,semantic
edge_smt_8364,ch14_muc5_d202_k1,ent_8364,mentions,semantic
edge_smt_8365,ch14_muc5_d202_k1,ent_8365,mentions,semantic
edge_smt_8366,ch14_muc5_d202_k1,ent_8366,mentions,semantic
edge_smt_8367,ch14_muc5_d202_k1,ent_8367,mentions,semantic
edge_smt_8368,ch14_muc5_d202_k2,ent_8368,mentions,semantic
edge_smt_8369,ch14_muc5_d202_k2,ent_8369,mentions,semantic
edge_smt_8370,ch14_muc5_d202_k2,ent_8370,mentions,semantic
edge_smt_8371,ch14_muc5_d202_k2,ent_8371,mentions,semantic
edge_smt_8372,ch14_muc5_d202_k2,ent_8372,mentions,semantic
edge_smt_8373,ch14_muc5_d202_k2,ent_8373,mentions,semantic
edge_smt_8374,ch14_muc5_d202_k2,ent_8374,mentions,semantic
edge_smt_8375,ch14_muc5_d202_k2,ent_8375,mentions,semantic
edge_smt_8376,ch14_muc5_d202_k2,ent_8376,mentions,semantic
edge_smt_8377,ch14_muc5_d202_k2,ent_8377,mentions,semantic
edge_smt_8378,ch14_muc5_d202_k2,ent_8378,mentions,semantic
edge_smt_8379,ch14_muc5_d202_k2,ent_8379,mentions,semantic
edge_smt_8380,ch14_muc5_d202_k2_a,ent_8380,mentions,semantic
edge_smt_8381,ch14_muc5_d202_k2_a,ent_8381,mentions,semantic
edge_smt_8382,ch14_muc5_d202_k2_a,ent_8382,mentions,semantic
edge_smt_8383,ch14_muc5_d202_k2_b,ent_8383,mentions,semantic
edge_smt_8384,ch14_muc5_d202_k2_c,ent_8384,mentions,semantic
edge_smt_8385,ch14_muc5_d202_k2_d,ent_8385,mentions,semantic
edge_smt_8386,ch14_muc5_d202_k2_d,ent_8386,mentions,semantic
edge_smt_8387,ch14_muc5_d202_k2_d,ent_8387,mentions,semantic
edge_smt_8388,ch14_muc5_d202_k2_đ,ent_8388,mentions,semantic
edge_smt_8389,ch14_muc5_d202_k2_đ,ent_8389,mentions,semantic
edge_smt_8390,ch14_muc5_d202_k2_đ,ent_8390,mentions,semantic
edge_smt_8391,ch14_muc5_d202_k2_đ,ent_8391,mentions,semantic
edge_smt_8392,ch14_muc5_d202_k2_đ,ent_8392,mentions,semantic
edge_smt_8393,ch14_muc5_d202_k2_đ,ent_8393,mentions,semantic
edge_smt_8394,ch14_muc5_d202_k2_đ,ent_8394,mentions,semantic
edge_smt_8395,ch14_muc5_d202_k3,ent_8395,mentions,semantic
edge_smt_8396,ch14_muc5_d202_k3,ent_8396,mentions,semantic
edge_smt_8397,ch14_muc5_d202_k3,ent_8397,mentions,semantic
edge_smt_8398,ch14_muc5_d202_k3,ent_8398,mentions,semantic
edge_smt_8399,ch14_muc5_d202_k3,ent_8399,mentions,semantic
edge_smt_8400,ch14_muc5_d202_k3,ent_8400,mentions,semantic
edge_smt_8401,ch14_muc5_d202_k3,ent_8401,mentions,semantic
edge_smt_8402,ch14_muc5_d202_k3,ent_8402,mentions,semantic
edge_smt_8403,ch14_muc5_d202_k3,ent_8403,mentions,semantic
edge_smt_8404,ch14_muc5_d202_k3,ent_8404,mentions,semantic
edge_smt_8405,ch14_muc5_d202_k4,ent_8405,mentions,semantic
edge_smt_8406,ch14_muc5_d202_k4,ent_8406,mentions,semantic
edge_smt_8407,ch14_muc5_d202_k4,ent_8407,mentions,semantic
edge_smt_8408,ch14_muc5_d202_k4,ent_8408,mentions,semantic
edge_smt_8409,ch14_muc5_d202_k4,ent_8409,mentions,semantic
edge_smt_8410,ch14_muc5_d202_k4,ent_8410,mentions,semantic
edge_smt_8411,ch14_muc5_d202_k4,ent_8411,mentions,semantic
edge_smt_8412,ch14_muc5_d202_k4,ent_8412,mentions,semantic
edge_smt_8413,ch14_muc5_d202_k4,ent_8413,mentions,semantic
edge_smt_8414,ch14_muc5_d202_k4,ent_8414,mentions,semantic
edge_smt_8415,ch14_muc5_d202_k4,ent_8415,mentions,semantic
edge_smt_8416,ch14_muc5_d203_k1,ent_8416,mentions,semantic
edge_smt_8417,ch14_muc5_d203_k1,ent_8417,mentions,semantic
edge_smt_8418,ch14_muc5_d203_k1,ent_8418,mentions,semantic
edge_smt_8419,ch14_muc5_d203_k1,ent_8419,mentions,semantic
edge_smt_8420,ch14_muc5_d203_k1,ent_8420,mentions,semantic
edge_smt_8421,ch14_muc5_d203_k1,ent_8421,mentions,semantic
edge_smt_8422,ch14_muc5_d203_k1,ent_8422,mentions,semantic
edge_smt_8423,ch14_muc5_d203_k1,ent_8423,mentions,semantic
edge_smt_8424,ch14_muc5_d203_k1,ent_8424,mentions,semantic
edge_smt_8425,ch14_muc5_d203_k1,ent_8425,mentions,semantic
edge_smt_8426,ch14_muc5_d203_k2,ent_8426,mentions,semantic
edge_smt_8427,ch14_muc5_d203_k2,ent_8427,mentions,semantic
edge_smt_8428,ch14_muc5_d203_k2,ent_8428,mentions,semantic
edge_smt_8429,ch14_muc5_d203_k2,ent_8429,mentions,semantic
edge_smt_8430,ch14_muc5_d203_k2,ent_8430,mentions,semantic
edge_smt_8431,ch14_muc5_d203_k2,ent_8431,mentions,semantic
edge_smt_8432,ch14_muc5_d203_k2,ent_8432,mentions,semantic
edge_smt_8433,ch14_muc5_d203_k2,ent_8433,mentions,semantic
edge_smt_8434,ch14_muc5_d203_k2,ent_8434,mentions,semantic
edge_smt_8435,ch14_muc5_d203_k2,ent_8435,mentions,semantic
edge_smt_8436,ch14_muc5_d203_k2,ent_8436,mentions,semantic
edge_smt_8437,ch14_muc5_d203_k2,ent_8437,mentions,semantic
edge_smt_8438,ch14_muc5_d203_k2_a,ent_8438,mentions,semantic
edge_smt_8439,ch14_muc5_d203_k2_b,ent_8439,mentions,semantic
edge_smt_8440,ch14_muc5_d203_k2_b,ent_8440,mentions,semantic
edge_smt_8441,ch14_muc5_d203_k2_b,ent_8441,mentions,semantic
edge_smt_8442,ch14_muc5_d203_k3,ent_8442,mentions,semantic
edge_smt_8443,ch14_muc5_d203_k3,ent_8443,mentions,semantic
edge_smt_8444,ch14_muc5_d203_k3,ent_8444,mentions,semantic
edge_smt_8445,ch14_muc5_d203_k3,ent_8445,mentions,semantic
edge_smt_8446,ch14_muc5_d203_k3,ent_8446,mentions,semantic
edge_smt_8447,ch14_muc5_d203_k3,ent_8447,mentions,semantic
edge_smt_8448,ch14_muc5_d203_k3,ent_8448,mentions,semantic
edge_smt_8449,ch14_muc5_d203_k3,ent_8449,mentions,semantic
edge_smt_8450,ch14_muc5_d203_k3,ent_8450,mentions,semantic
edge_smt_8451,ch14_muc5_d203_k3,ent_8451,mentions,semantic
edge_smt_8452,ch14_muc5_d203_k3,ent_8452,mentions,semantic
edge_smt_8453,ch14_muc5_d203_k3,ent_8453,mentions,semantic
edge_smt_8454,ch14_muc5_d203_k3,ent_8454,mentions,semantic
edge_smt_8455,ch14_muc5_d203_k3,ent_8455,mentions,semantic
edge_smt_8456,ch14_muc5_d203_k3_a,ent_8456,mentions,semantic
edge_smt_8457,ch14_muc5_d203_k3_a,ent_8457,mentions,semantic
edge_smt_8458,ch14_muc5_d203_k3_a,ent_8458,mentions,semantic
edge_smt_8459,ch14_muc5_d203_k3_a,ent_8459,mentions,semantic
edge_smt_8460,ch14_muc5_d203_k3_a,ent_8460,mentions,semantic
edge_smt_8461,ch14_muc5_d203_k3_a,ent_8461,mentions,semantic
edge_smt_8462,ch14_muc5_d203_k3_a,ent_8462,mentions,semantic
edge_smt_8463,ch14_muc5_d203_k3_a,ent_8463,mentions,semantic
edge_smt_8464,ch14_muc5_d203_k3_b,ent_8464,mentions,semantic
edge_smt_8465,ch14_muc5_d203_k3_b,ent_8465,mentions,semantic
edge_smt_8466,ch14_muc5_d203_k3_b,ent_8466,mentions,semantic
edge_smt_8467,ch14_muc5_d203_k3_c,ent_8467,mentions,semantic
edge_smt_8468,ch14_muc5_d203_k3_c,ent_8468,mentions,semantic
edge_smt_8469,ch14_muc5_d203_k3_c,ent_8469,mentions,semantic
edge_smt_8470,ch14_muc5_d204_k1,ent_8470,mentions,semantic
edge_smt_8471,ch14_muc5_d204_k1,ent_8471,mentions,semantic
edge_smt_8472,ch14_muc5_d204_k1,ent_8472,mentions,semantic
edge_smt_8473,ch14_muc5_d204_k1,ent_8473,mentions,semantic
edge_smt_8474,ch14_muc5_d204_k2,ent_8474,mentions,semantic
edge_smt_8475,ch14_muc5_d204_k2,ent_8475,mentions,semantic
edge_smt_8476,ch14_muc5_d204_k2,ent_8476,mentions,semantic
edge_smt_8477,ch14_muc5_d204_k2,ent_8477,mentions,semantic
edge_smt_8478,ch14_muc5_d204_k2,ent_8478,mentions,semantic
edge_smt_8479,ch14_muc5_d204_k2,ent_8479,mentions,semantic
edge_smt_8480,ch14_muc5_d204_k3,ent_8480,mentions,semantic
edge_smt_8481,ch14_muc5_d204_k3,ent_8481,mentions,semantic
edge_smt_8482,ch14_muc5_d204_k3,ent_8482,mentions,semantic
edge_smt_8483,ch14_muc5_d204_k3,ent_8483,mentions,semantic
edge_smt_8484,ch14_muc5_d204_k4,ent_8484,mentions,semantic
edge_smt_8485,ch14_muc5_d204_k4,ent_8485,mentions,semantic
edge_smt_8486,ch14_muc5_d204_k4,ent_8486,mentions,semantic
edge_smt_8487,ch14_muc5_d204_k4,ent_8487,mentions,semantic
edge_smt_8488,ch14_muc5_d204_k4,ent_8488,mentions,semantic
edge_smt_8489,ch14_muc5_d204_k4,ent_8489,mentions,semantic
edge_smt_8490,ch14_muc5_d204_k4,ent_8490,mentions,semantic
edge_smt_8491,ch14_muc5_d204_k5,ent_8491,mentions,semantic
edge_smt_8492,ch14_muc5_d204_k5,ent_8492,mentions,semantic
edge_smt_8493,ch14_muc5_d204_k5,ent_8493,mentions,semantic
edge_smt_8494,ch14_muc5_d204_k5,ent_8494,mentions,semantic
edge_smt_8495,ch14_muc5_d204_k5,ent_8495,mentions,semantic
edge_smt_8496,ch14_muc5_d204_k5,ent_8496,mentions,semantic
edge_smt_8497,ch14_muc5_d204_k6,ent_8497,mentions,semantic
edge_smt_8498,ch14_muc5_d204_k6,ent_8498,mentions,semantic
edge_smt_8499,ch14_muc5_d204_k6,ent_8499,mentions,semantic
edge_smt_8500,ch14_muc5_d204_k6,ent_8500,mentions,semantic
edge_smt_8501,ch14_muc5_d204_k6,ent_8501,mentions,semantic
edge_smt_8502,ch14_muc5_d204_k6,ent_8502,mentions,semantic
edge_smt_8503,ch14_muc5_d204_k6,ent_8503,mentions,semantic
edge_smt_8504,ch14_muc5_d205_k1,ent_8504,mentions,semantic
edge_smt_8505,ch14_muc5_d205_k1,ent_8505,mentions,semantic
edge_smt_8506,ch14_muc5_d205_k1,ent_8506,mentions,semantic
edge_smt_8507,ch14_muc5_d205_k1,ent_8507,mentions,semantic
edge_smt_8508,ch14_muc5_d205_k1,ent_8508,mentions,semantic
edge_smt_8509,ch14_muc5_d205_k1,ent_8509,mentions,semantic
edge_smt_8510,ch14_muc5_d205_k2,ent_8510,mentions,semantic
edge_smt_8511,ch14_muc5_d205_k2,ent_8511,mentions,semantic
edge_smt_8512,ch14_muc5_d205_k3,ent_8512,mentions,semantic
edge_smt_8513,ch14_muc5_d205_k3,ent_8513,mentions,semantic
edge_smt_8514,ch14_muc5_d206_k1,ent_8514,mentions,semantic
edge_smt_8515,ch14_muc5_d206_k1,ent_8515,mentions,semantic
edge_smt_8516,ch14_muc5_d206_k2,ent_8516,mentions,semantic
edge_smt_8517,ch14_muc5_d206_k2,ent_8517,mentions,semantic
edge_smt_8518,ch14_muc5_d206_k2,ent_8518,mentions,semantic
edge_smt_8519,ch14_muc5_d206_k2,ent_8519,mentions,semantic
edge_smt_8520,ch14_muc5_d207_k1,ent_8520,mentions,semantic
edge_smt_8521,ch14_muc5_d207_k1,ent_8521,mentions,semantic
edge_smt_8522,ch14_muc5_d207_k1,ent_8522,mentions,semantic
edge_smt_8523,ch14_muc5_d207_k1,ent_8523,mentions,semantic
edge_smt_8524,ch14_muc5_d207_k1,ent_8524,mentions,semantic
edge_smt_8525,ch14_muc5_d207_k1,ent_8525,mentions,semantic
edge_smt_8526,ch14_muc5_d207_k1,ent_8526,mentions,semantic
edge_smt_8527,ch14_muc5_d207_k1,ent_8527,mentions,semantic
edge_smt_8528,ch14_muc5_d207_k1,ent_8528,mentions,semantic
edge_smt_8529,ch14_muc5_d207_k1,ent_8529,mentions,semantic
edge_smt_8530,ch14_muc5_d207_k1,ent_8530,mentions,semantic
edge_smt_8531,ch14_muc5_d207_k1,ent_8531,mentions,semantic
edge_smt_8532,ch14_muc5_d207_k1,ent_8532,mentions,semantic
edge_smt_8533,ch14_muc5_d207_k1,ent_8533,mentions,semantic
edge_smt_8534,ch14_muc5_d207_k2,ent_8534,mentions,semantic
edge_smt_8535,ch14_muc5_d207_k2,ent_8535,mentions,semantic
edge_smt_8536,ch14_muc5_d207_k2,ent_8536,mentions,semantic
edge_smt_8537,ch14_muc5_d207_k2,ent_8537,mentions,semantic
edge_smt_8538,ch14_muc5_d207_k2,ent_8538,mentions,semantic
edge_smt_8539,ch14_muc5_d207_k2,ent_8539,mentions,semantic
edge_smt_8540,ch14_muc5_d207_k2,ent_8540,mentions,semantic
edge_smt_8541,ch14_muc5_d207_k2,ent_8541,mentions,semantic
edge_smt_8542,ch14_muc5_d207_k2,ent_8542,mentions,semantic
edge_smt_8543,ch14_muc5_d207_k2,ent_8543,mentions,semantic
edge_smt_8544,ch14_muc5_d207_k2,ent_8544,mentions,semantic
edge_smt_8545,ch14_muc5_d208_k1,ent_8545,mentions,semantic
edge_smt_8546,ch14_muc5_d208_k1,ent_8546,mentions,semantic
edge_smt_8547,ch14_muc5_d208_k1,ent_8547,mentions,semantic
edge_smt_8548,ch14_muc5_d208_k1,ent_8548,mentions,semantic
edge_smt_8549,ch14_muc5_d208_k1,ent_8549,mentions,semantic
edge_smt_8550,ch14_muc5_d208_k1,ent_8550,mentions,semantic
edge_smt_8551,ch14_muc5_d208_k1,ent_8551,mentions,semantic
edge_smt_8552,ch14_muc5_d208_k2,ent_8552,mentions,semantic
edge_smt_8553,ch14_muc5_d208_k2,ent_8553,mentions,semantic
edge_smt_8554,ch14_muc5_d208_k2,ent_8554,mentions,semantic
edge_smt_8555,ch14_muc5_d208_k2,ent_8555,mentions,semantic
edge_smt_8556,ch14_muc5_d208_k3,ent_8556,mentions,semantic
edge_smt_8557,ch14_muc5_d208_k3,ent_8557,mentions,semantic
edge_smt_8558,ch14_muc5_d208_k4,ent_8558,mentions,semantic
edge_smt_8559,ch14_muc5_d208_k4,ent_8559,mentions,semantic
edge_smt_8560,ch14_muc5_d208_k4,ent_8560,mentions,semantic
edge_smt_8561,ch14_muc5_d208_k4,ent_8561,mentions,semantic
edge_smt_8562,ch14_muc5_d208_k4,ent_8562,mentions,semantic
edge_smt_8563,ch14_muc5_d208_k4,ent_8563,mentions,semantic
edge_smt_8564,ch14_muc5_d208_k4,ent_8564,mentions,semantic
edge_smt_8565,ch14_muc5_d208_k4,ent_8565,mentions,semantic
edge_smt_8566,ch14_muc5_d208_k5,ent_8566,mentions,semantic
edge_smt_8567,ch14_muc5_d208_k5,ent_8567,mentions,semantic
edge_smt_8568,ch14_muc5_d208_k5,ent_8568,mentions,semantic
edge_smt_8569,ch14_muc5_d208_k5,ent_8569,mentions,semantic
edge_smt_8570,ch14_muc5_d208_k6,ent_8570,mentions,semantic
edge_smt_8571,ch14_muc5_d208_k6,ent_8571,mentions,semantic
edge_smt_8572,ch14_muc5_d208_k6,ent_8572,mentions,semantic
edge_smt_8573,ch14_muc5_d208_k6,ent_8573,mentions,semantic
edge_smt_8574,ch14_muc5_d209_k1,ent_8574,mentions,semantic
edge_smt_8575,ch14_muc5_d209_k2,ent_8575,mentions,semantic
edge_smt_8576,ch14_muc5_d209_k2,ent_8576,mentions,semantic
edge_smt_8577,ch14_muc5_d209_k2,ent_8577,mentions,semantic
edge_smt_8578,ch14_muc5_d209_k2,ent_8578,mentions,semantic
edge_smt_8579,ch14_muc5_d209_k2,ent_8579,mentions,semantic
edge_smt_8580,ch14_muc5_d210_k1,ent_8580,mentions,semantic
edge_smt_8581,ch14_muc5_d210_k1,ent_8581,mentions,semantic
edge_smt_8582,ch14_muc5_d210_k1,ent_8582,mentions,semantic
edge_smt_8583,ch14_muc5_d210_k1,ent_8583,mentions,semantic
edge_smt_8584,ch14_muc5_d210_k2,ent_8584,mentions,semantic
edge_smt_8585,ch14_muc5_d210_k2,ent_8585,mentions,semantic
edge_smt_8586,ch14_muc5_d210_k2,ent_8586,mentions,semantic
edge_smt_8587,ch14_muc5_d210_k2,ent_8587,mentions,semantic
edge_smt_8588,ch14_muc5_d210_k2,ent_8588,mentions,semantic
edge_smt_8589,ch14_muc5_d210_k2,ent_8589,mentions,semantic
edge_smt_8590,ch15_d212_k1,ent_8590,mentions,semantic
edge_smt_8591,ch15_d212_k1,ent_8591,mentions,semantic
edge_smt_8592,ch15_d212_k2,ent_8592,mentions,semantic
edge_smt_8593,ch15_d212_k2,ent_8593,mentions,semantic
edge_smt_8594,ch15_d212_k2,ent_8594,mentions,semantic
edge_smt_8595,ch15_d212_k2,ent_8595,mentions,semantic
edge_smt_8596,ch15_d212_k2,ent_8596,mentions,semantic
edge_smt_8597,ch15_d212_k2,ent_8597,mentions,semantic
edge_smt_8598,ch15_d212_k2,ent_8598,mentions,semantic
edge_smt_8599,ch15_d212_k2,ent_8599,mentions,semantic
edge_smt_8600,ch15_d212_k2,ent_8600,mentions,semantic
edge_smt_8601,ch15_d212_k2,ent_8601,mentions,semantic
edge_smt_8602,ch15_d212_k3,ent_8602,mentions,semantic
edge_smt_8603,ch15_d212_k3,ent_8603,mentions,semantic
edge_smt_8604,ch15_d212_k3,ent_8604,mentions,semantic
edge_smt_8605,ch15_d212_k3,ent_8605,mentions,semantic
edge_smt_8606,ch15_d212_k4,ent_8606,mentions,semantic
edge_smt_8607,ch15_d212_k4,ent_8607,mentions,semantic
edge_smt_8608,ch15_d212_k4,ent_8608,mentions,semantic
edge_smt_8609,ch15_d212_k4,ent_8609,mentions,semantic
edge_smt_8610,ch15_d212_k4,ent_8610,mentions,semantic
edge_smt_8611,ch15_d212_k4,ent_8611,mentions,semantic
edge_smt_8612,ch15_d212_k4,ent_8612,mentions,semantic
edge_smt_8613,ch15_d212_k4,ent_8613,mentions,semantic
edge_smt_8614,ch15_d212_k4,ent_8614,mentions,semantic
edge_smt_8615,ch15_d212_k4,ent_8615,mentions,semantic
edge_smt_8616,ch15_d212_k4,ent_8616,mentions,semantic
edge_smt_8617,ch15_d212_k4,ent_8617,mentions,semantic
edge_smt_8618,ch15_d212_k4,ent_8618,mentions,semantic
edge_smt_8619,ch15_d212_k5,ent_8619,mentions,semantic
edge_smt_8620,ch15_d212_k5,ent_8620,mentions,semantic
edge_smt_8621,ch15_d212_k5,ent_8621,mentions,semantic
edge_smt_8622,ch15_d212_k5,ent_8622,mentions,semantic
edge_smt_8623,ch15_d212_k5,ent_8623,mentions,semantic
edge_smt_8624,ch15_d212_k5,ent_8624,mentions,semantic
edge_smt_8625,ch15_d212_k5,ent_8625,mentions,semantic
edge_smt_8626,ch15_d212_k5,ent_8626,mentions,semantic
edge_smt_8627,ch15_d212_k5,ent_8627,mentions,semantic
edge_smt_8628,ch15_d212_k6,ent_8628,mentions,semantic
edge_smt_8629,ch15_d213_k1,ent_8629,mentions,semantic
edge_smt_8630,ch15_d213_k2,ent_8630,mentions,semantic
edge_smt_8631,ch15_d213_k2,ent_8631,mentions,semantic
edge_smt_8632,ch15_d213_k2,ent_8632,mentions,semantic
edge_smt_8633,ch15_d213_k2,ent_8633,mentions,semantic
edge_smt_8634,ch15_d213_k3,ent_8634,mentions,semantic
edge_smt_8635,ch15_d213_k3,ent_8635,mentions,semantic
edge_smt_8636,ch15_d213_k3,ent_8636,mentions,semantic
edge_smt_8637,ch15_d213_k3,ent_8637,mentions,semantic
edge_smt_8638,ch15_d213_k4,ent_8638,mentions,semantic
edge_smt_8639,ch16_d214_k1,ent_8639,mentions,semantic
edge_smt_8640,ch16_d214_k2,ent_8640,mentions,semantic
edge_smt_8641,ch16_d214_k2,ent_8641,mentions,semantic
edge_smt_8642,ch16_d214_k2,ent_8642,mentions,semantic
edge_smt_8643,ch16_d214_k2,ent_8643,mentions,semantic
edge_smt_8644,ch16_d214_k2,ent_8644,mentions,semantic
edge_smt_8645,ch16_d214_k3,ent_8645,mentions,semantic
edge_smt_8646,ch16_d214_k3,ent_8646,mentions,semantic
edge_smt_8647,ch16_d214_k4,ent_8647,mentions,semantic
edge_smt_8648,ch16_d214_k4,ent_8648,mentions,semantic
edge_smt_8649,ch16_d214_k5,ent_8649,mentions,semantic
edge_smt_8650,ch16_d214_k5,ent_8650,mentions,semantic
edge_smt_8651,ch16_d214_k5,ent_8651,mentions,semantic
edge_smt_8652,ch16_d215_k1,ent_8652,mentions,semantic
edge_smt_8653,ch16_d215_k1,ent_8653,mentions,semantic
edge_smt_8654,ch16_d215_k2,ent_8654,mentions,semantic
edge_smt_8655,ch16_d215_k2,ent_8655,mentions,semantic
edge_smt_8656,ch16_d215_k2,ent_8656,mentions,semantic
edge_smt_8657,ch16_d215_k2,ent_8657,mentions,semantic
edge_smt_8658,ch16_d215_k2,ent_8658,mentions,semantic
edge_smt_8659,ch16_d215_k2,ent_8659,mentions,semantic
edge_smt_8660,ch16_d217_k1,ent_8660,mentions,semantic
edge_smt_8661,ch16_d217_k1,ent_8661,mentions,semantic
edge_smt_8662,ch16_d217_k1,ent_8662,mentions,semantic
edge_smt_8663,ch16_d217_k1,ent_8663,mentions,semantic
edge_smt_8664,ch16_d217_k1,ent_8664,mentions,semantic
edge_smt_8665,ch16_d217_k1,ent_8665,mentions,semantic
edge_smt_8666,ch16_d217_k1,ent_8666,mentions,semantic
edge_smt_8667,ch16_d217_k1,ent_8667,mentions,semantic
edge_smt_8668,ch16_d217_k1,ent_8668,mentions,semantic
edge_smt_8669,ch16_d217_k1,ent_8669,mentions,semantic
edge_smt_8670,ch16_d217_k1,ent_8670,mentions,semantic
edge_smt_8671,ch16_d217_k2,ent_8671,mentions,semantic
edge_smt_8672,ch16_d217_k2,ent_8672,mentions,semantic
edge_smt_8673,ch16_d217_k2,ent_8673,mentions,semantic
edge_smt_8674,ch16_d217_k2,ent_8674,mentions,semantic
edge_smt_8675,ch16_d217_k2,ent_8675,mentions,semantic
edge_smt_8676,ch16_d217_k2,ent_8676,mentions,semantic
edge_smt_8677,ch16_d217_k2,ent_8677,mentions,semantic
edge_smt_8678,ch16_d217_k2,ent_8678,mentions,semantic
edge_smt_8679,ch16_d217_k2,ent_8679,mentions,semantic
edge_smt_8680,ch16_d217_k2,ent_8680,mentions,semantic
edge_smt_8681,ch16_d217_k2,ent_8681,mentions,semantic
edge_smt_8682,ch16_d217_k2,ent_8682,mentions,semantic
edge_smt_8683,ch16_d217_k2,ent_8683,mentions,semantic
edge_smt_8684,ch16_d217_k2,ent_8684,mentions,semantic
edge_smt_8685,ch16_d217_k2,ent_8685,mentions,semantic
edge_smt_8686,ch16_d217_k2,ent_8686,mentions,semantic
edge_smt_8687,ch16_d217_k2,ent_8687,mentions,semantic
edge_smt_8688,ch16_d217_k2,ent_8688,mentions,semantic
edge_smt_8689,ch16_d217_k2,ent_8689,mentions,semantic
edge_smt_8690,ch16_d217_k2,ent_8690,mentions,semantic
edge_smt_8691,ch16_d217_k2,ent_8691,mentions,semantic
edge_smt_8692,ch16_d217_k2,ent_8692,mentions,semantic
edge_smt_8693,ch16_d217_k2,ent_8693,mentions,semantic
edge_smt_8694,ch16_d217_k2,ent_8694,mentions,semantic
edge_smt_8695,ch16_d217_k2,ent_8695,mentions,semantic
edge_smt_8696,ch16_d217_k2,ent_8696,mentions,semantic
edge_smt_8697,ch16_d217_k3,ent_8697,mentions,semantic
edge_smt_8698,ch16_d217_k3,ent_8698,mentions,semantic
edge_smt_8699,ch16_d217_k3,ent_8699,mentions,semantic
edge_smt_8700,ch16_d217_k3,ent_8700,mentions,semantic
edge_smt_8701,ch16_d217_k3,ent_8701,mentions,semantic
edge_smt_8702,ch16_d217_k3,ent_8702,mentions,semantic
edge_smt_8703,ch16_d217_k3,ent_8703,mentions,semantic
edge_smt_8704,ch16_d217_k3,ent_8704,mentions,semantic
edge_smt_8705,ch16_d217_k3,ent_8705,mentions,semantic
edge_smt_8706,ch16_d217_k3,ent_8706,mentions,semantic
edge_smt_8707,ch16_d217_k3,ent_8707,mentions,semantic
edge_smt_8708,ch16_d217_k3,ent_8708,mentions,semantic
edge_smt_8709,ch16_d217_k3,ent_8709,mentions,semantic
edge_smt_8710,ch16_d217_k3,ent_8710,mentions,semantic
edge_smt_8711,ch16_d217_k3,ent_8711,mentions,semantic
edge_smt_8712,ch16_d217_k3,ent_8712,mentions,semantic
edge_smt_8713,ch16_d217_k3,ent_8713,mentions,semantic
edge_smt_8714,ch16_d217_k3,ent_8714,mentions,semantic
edge_smt_8715,ch16_d217_k3,ent_8715,mentions,semantic
edge_smt_8716,ch16_d217_k3,ent_8716,mentions,semantic
edge_smt_8717,ch16_d217_k3,ent_8717,mentions,semantic
edge_smt_8718,ch16_d217_k3,ent_8718,mentions,semantic
edge_smt_8719,ch17_d219_k1,ent_8719,mentions,semantic
edge_smt_8720,ch17_d219_k1,ent_8720,mentions,semantic
edge_smt_8721,ch17_d219_k1,ent_8721,mentions,semantic
edge_smt_8722,ch17_d219_k1,ent_8722,mentions,semantic
edge_smt_8723,ch17_d219_k1,ent_8723,mentions,semantic
edge_smt_8724,ch17_d219_k1,ent_8724,mentions,semantic
edge_smt_8725,ch17_d219_k1,ent_8725,mentions,semantic
edge_smt_8726,ch17_d219_k1,ent_8726,mentions,semantic
edge_smt_8727,ch17_d219_k1,ent_8727,mentions,semantic
edge_smt_8728,ch17_d219_k1,ent_8728,mentions,semantic
edge_smt_8729,ch17_d219_k1,ent_8729,mentions,semantic
edge_smt_8730,ch17_d219_k1,ent_8730,mentions,semantic
edge_smt_8731,ch17_d219_k1,ent_8731,mentions,semantic
edge_smt_8732,ch17_d219_k1,ent_8732,mentions,semantic
edge_smt_8733,ch17_d219_k1,ent_8733,mentions,semantic
edge_smt_8734,ch17_d219_k1,ent_8734,mentions,semantic
edge_smt_8735,ch17_d219_k1,ent_8735,mentions,semantic
edge_smt_8736,ch17_d219_k1,ent_8736,mentions,semantic
edge_smt_8737,ch17_d219_k1,ent_8737,mentions,semantic
edge_smt_8738,ch17_d219_k1,ent_8738,mentions,semantic
edge_smt_8739,ch17_d219_k1,ent_8739,mentions,semantic
edge_smt_8740,ch17_d219_k1,ent_8740,mentions,semantic
edge_smt_8741,ch17_d219_k1,ent_8741,mentions,semantic
edge_smt_8742,ch17_d219_k1,ent_8742,mentions,semantic
edge_smt_8743,ch17_d219_k1,ent_8743,mentions,semantic
edge_smt_8744,ch17_d219_k1,ent_8744,mentions,semantic
edge_smt_8745,ch17_d219_k1,ent_8745,mentions,semantic
edge_smt_8746,ch17_d219_k1,ent_8746,mentions,semantic
edge_smt_8747,ch17_d219_k1,ent_8747,mentions,semantic
edge_smt_8748,ch17_d219_k1,ent_8748,mentions,semantic
edge_smt_8749,ch17_d219_k1,ent_8749,mentions,semantic
edge_smt_8750,ch17_d219_k1,ent_8750,mentions,semantic
edge_smt_8751,ch17_d219_k1,ent_8751,mentions,semantic
edge_smt_8752,ch17_d219_k1,ent_8752,mentions,semantic
edge_smt_8753,ch17_d219_k1,ent_8753,mentions,semantic
edge_smt_8754,ch17_d219_k1,ent_8754,mentions,semantic
edge_smt_8755,ch17_d219_k1,ent_8755,mentions,semantic
edge_smt_8756,ch17_d219_k1,ent_8756,mentions,semantic
edge_smt_8757,ch17_d219_k1,ent_8757,mentions,semantic
edge_smt_8758,ch17_d219_k1,ent_8758,mentions,semantic
edge_smt_8759,ch17_d219_k1,ent_8759,mentions,semantic
edge_smt_8760,ch17_d219_k1,ent_8760,mentions,semantic
edge_smt_8761,ch17_d219_k1,ent_8761,mentions,semantic
edge_smt_8762,ch17_d219_k1,ent_8762,mentions,semantic
edge_smt_8763,ch17_d219_k1,ent_8763,mentions,semantic
edge_smt_8764,ch17_d219_k1,ent_8764,mentions,semantic
edge_smt_8765,ch17_d219_k1,ent_8765,mentions,semantic
edge_smt_8766,ch17_d219_k1,ent_8766,mentions,semantic
edge_smt_8767,ch17_d219_k1,ent_8767,mentions,semantic
edge_smt_8768,ch17_d219_k1,ent_8768,mentions,semantic
edge_smt_8769,ch17_d219_k1,ent_8769,mentions,semantic
edge_smt_8770,ch17_d219_k1,ent_8770,mentions,semantic
edge_smt_8771,ch17_d219_k1,ent_8771,mentions,semantic
edge_smt_8772,ch17_d219_k1,ent_8772,mentions,semantic
edge_smt_8773,ch17_d219_k1,ent_8773,mentions,semantic
edge_smt_8774,ch17_d219_k1,ent_8774,mentions,semantic
edge_smt_8775,ch17_d219_k1,ent_8775,mentions,semantic
edge_smt_8776,ch17_d219_k1,ent_8776,mentions,semantic
edge_smt_8777,ch17_d219_k1,ent_8777,mentions,semantic
edge_smt_8778,ch17_d219_k1,ent_8778,mentions,semantic
edge_smt_8779,ch17_d219_k1,ent_8779,mentions,semantic
edge_smt_8780,ch17_d219_k1,ent_8780,mentions,semantic
edge_smt_8781,ch17_d219_k1,ent_8781,mentions,semantic
edge_smt_8782,ch17_d219_k1,ent_8782,mentions,semantic
edge_smt_8783,ch17_d219_k1,ent_8783,mentions,semantic
edge_smt_8784,ch17_d219_k1,ent_8784,mentions,semantic
edge_smt_8785,ch17_d219_k1,ent_8785,mentions,semantic
edge_smt_8786,ch17_d219_k1,ent_8786,mentions,semantic
edge_smt_8787,ch17_d219_k1,ent_8787,mentions,semantic
edge_smt_8788,ch17_d219_k1,ent_8788,mentions,semantic
edge_smt_8789,ch17_d219_k1,ent_8789,mentions,semantic
edge_smt_8790,ch17_d219_k1,ent_8790,mentions,semantic
edge_smt_8791,ch17_d219_k1,ent_8791,mentions,semantic
edge_smt_8792,ch17_d219_k1,ent_8792,mentions,semantic
edge_smt_8793,ch17_d219_k1,ent_8793,mentions,semantic
edge_smt_8794,ch17_d219_k1,ent_8794,mentions,semantic
edge_smt_8795,ch17_d219_k1,ent_8795,mentions,semantic
edge_smt_8796,ch17_d219_k1,ent_8796,mentions,semantic
edge_smt_8797,ch17_d219_k1,ent_8797,mentions,semantic
edge_smt_8798,ch17_d219_k1,ent_8798,mentions,semantic
edge_smt_8799,ch17_d219_k1,ent_8799,mentions,semantic
edge_smt_8800,ch17_d219_k1,ent_8800,mentions,semantic
edge_smt_8801,ch17_d219_k1,ent_8801,mentions,semantic
edge_smt_8802,ch17_d219_k1,ent_8802,mentions,semantic
edge_smt_8803,ch17_d219_k1,ent_8803,mentions,semantic
edge_smt_8804,ch17_d219_k1,ent_8804,mentions,semantic
edge_smt_8805,ch17_d219_k1,ent_8805,mentions,semantic
edge_smt_8806,ch17_d219_k1,ent_8806,mentions,semantic
edge_smt_8807,ch17_d219_k1,ent_8807,mentions,semantic
edge_smt_8808,ch17_d219_k1,ent_8808,mentions,semantic
edge_smt_8809,ch17_d219_k1,ent_8809,mentions,semantic
edge_smt_8810,ch17_d219_k1,ent_8810,mentions,semantic
edge_smt_8811,ch17_d219_k1,ent_8811,mentions,semantic
edge_smt_8812,ch17_d219_k1,ent_8812,mentions,semantic
edge_smt_8813,ch17_d219_k1,ent_8813,mentions,semantic
edge_smt_8814,ch17_d219_k1,ent_8814,mentions,semantic
edge_smt_8815,ch17_d219_k1,ent_8815,mentions,semantic
edge_smt_8816,ch17_d219_k1,ent_8816,mentions,semantic
edge_smt_8817,ch17_d219_k1,ent_8817,mentions,semantic
edge_smt_8818,ch17_d219_k1,ent_8818,mentions,semantic
edge_smt_8819,ch17_d219_k1,ent_8819,mentions,semantic
edge_smt_8820,ch17_d219_k1,ent_8820,mentions,semantic
edge_smt_8821,ch17_d219_k1,ent_8821,mentions,semantic
edge_smt_8822,ch17_d219_k1,ent_8822,mentions,semantic
edge_smt_8823,ch17_d219_k1,ent_8823,mentions,semantic
edge_smt_8824,ch17_d219_k1,ent_8824,mentions,semantic
edge_smt_8825,ch17_d219_k1,ent_8825,mentions,semantic
edge_smt_8826,ch17_d219_k1,ent_8826,mentions,semantic
edge_smt_8827,ch17_d219_k1,ent_8827,mentions,semantic
edge_smt_8828,ch17_d219_k1,ent_8828,mentions,semantic
edge_smt_8829,ch17_d219_k1,ent_8829,mentions,semantic
edge_smt_8830,ch17_d219_k1,ent_8830,mentions,semantic
edge_smt_8831,ch17_d219_k1,ent_8831,mentions,semantic
edge_smt_8832,ch17_d219_k1,ent_8832,mentions,semantic
edge_smt_8833,ch17_d219_k1,ent_8833,mentions,semantic
edge_smt_8834,ch17_d219_k1,ent_8834,mentions,semantic
edge_smt_8835,ch17_d219_k1,ent_8835,mentions,semantic
edge_smt_8836,ch17_d219_k1,ent_8836,mentions,semantic
edge_smt_8837,ch17_d219_k1,ent_8837,mentions,semantic
edge_smt_8838,ch17_d219_k1,ent_8838,mentions,semantic
edge_smt_8839,ch17_d219_k1,ent_8839,mentions,semantic
edge_smt_8840,ch17_d219_k1,ent_8840,mentions,semantic
edge_smt_8841,ch17_d219_k1,ent_8841,mentions,semantic
edge_smt_8842,ch17_d219_k1,ent_8842,mentions,semantic
edge_smt_8843,ch17_d219_k1,ent_8843,mentions,semantic
edge_smt_8844,ch17_d219_k1,ent_8844,mentions,semantic
edge_smt_8845,ch17_d219_k1,ent_8845,mentions,semantic
edge_smt_8846,ch17_d219_k1,ent_8846,mentions,semantic
edge_smt_8847,ch17_d219_k1,ent_8847,mentions,semantic
edge_smt_8848,ch17_d219_k1,ent_8848,mentions,semantic
edge_smt_8849,ch17_d219_k1,ent_8849,mentions,semantic
edge_smt_8850,ch17_d219_k1,ent_8850,mentions,semantic
edge_smt_8851,ch17_d219_k1,ent_8851,mentions,semantic
edge_smt_8852,ch17_d219_k1,ent_8852,mentions,semantic
edge_smt_8853,ch17_d219_k1,ent_8853,mentions,semantic
edge_smt_8854,ch17_d219_k1,ent_8854,mentions,semantic
edge_smt_8855,ch17_d219_k1,ent_8855,mentions,semantic
edge_smt_8856,ch17_d219_k1,ent_8856,mentions,semantic
edge_smt_8857,ch17_d219_k1,ent_8857,mentions,semantic
edge_smt_8858,ch17_d219_k1,ent_8858,mentions,semantic
edge_smt_8859,ch17_d219_k1,ent_8859,mentions,semantic
edge_smt_8860,ch17_d219_k1,ent_8860,mentions,semantic
edge_smt_8861,ch17_d219_k1,ent_8861,mentions,semantic
edge_smt_8862,ch17_d219_k1,ent_8862,mentions,semantic
edge_smt_8863,ch17_d219_k1,ent_8863,mentions,semantic
edge_smt_8864,ch17_d219_k1,ent_8864,mentions,semantic
edge_smt_8865,ch17_d219_k1,ent_8865,mentions,semantic
edge_smt_8866,ch17_d219_k1,ent_8866,mentions,semantic
edge_smt_8867,ch17_d219_k1,ent_8867,mentions,semantic
edge_smt_8868,ch17_d219_k1,ent_8868,mentions,semantic
edge_smt_8869,ch17_d219_k1,ent_8869,mentions,semantic
edge_smt_8870,ch17_d219_k1,ent_8870,mentions,semantic
edge_smt_8871,ch17_d219_k1,ent_8871,mentions,semantic
edge_smt_8872,ch17_d219_k1,ent_8872,mentions,semantic
edge_smt_8873,ch17_d219_k1,ent_8873,mentions,semantic
edge_smt_8874,ch17_d219_k1,ent_8874,mentions,semantic
edge_smt_8875,ch17_d219_k1,ent_8875,mentions,semantic
edge_smt_8876,ch17_d219_k1,ent_8876,mentions,semantic
edge_smt_8877,ch17_d219_k1,ent_8877,mentions,semantic
edge_smt_8878,ch17_d219_k1,ent_8878,mentions,semantic
edge_smt_8879,ch17_d219_k1,ent_8879,mentions,semantic
edge_smt_8880,ch17_d219_k1,ent_8880,mentions,semantic
edge_smt_8881,ch17_d219_k1,ent_8881,mentions,semantic
edge_smt_8882,ch17_d219_k1,ent_8882,mentions,semantic
edge_smt_8883,ch17_d219_k1,ent_8883,mentions,semantic
edge_smt_8884,ch17_d219_k1,ent_8884,mentions,semantic
edge_smt_8885,ch17_d219_k1,ent_8885,mentions,semantic
edge_smt_8886,ch17_d219_k1,ent_8886,mentions,semantic
edge_smt_8887,ch17_d219_k1,ent_8887,mentions,semantic
edge_smt_8888,ch17_d219_k1,ent_8888,mentions,semantic
edge_smt_8889,ch17_d219_k1,ent_8889,mentions,semantic
edge_smt_8890,ch17_d219_k1,ent_8890,mentions,semantic
edge_smt_8891,ch17_d219_k1,ent_8891,mentions,semantic
edge_smt_8892,ch17_d219_k1,ent_8892,mentions,semantic
edge_smt_8893,ch17_d219_k1,ent_8893,mentions,semantic
edge_smt_8894,ch17_d219_k1,ent_8894,mentions,semantic
edge_smt_8895,ch17_d219_k1,ent_8895,mentions,semantic
edge_smt_8896,ch17_d219_k1,ent_8896,mentions,semantic
edge_smt_8897,ch17_d219_k1,ent_8897,mentions,semantic
edge_smt_8898,ch17_d219_k1,ent_8898,mentions,semantic
edge_smt_8899,ch17_d219_k1,ent_8899,mentions,semantic
edge_smt_8900,ch17_d219_k1,ent_8900,mentions,semantic
edge_smt_8901,ch17_d219_k1,ent_8901,mentions,semantic
edge_smt_8902,ch17_d219_k1,ent_8902,mentions,semantic
edge_smt_8903,ch17_d219_k1,ent_8903,mentions,semantic
edge_smt_8904,ch17_d219_k1,ent_8904,mentions,semantic
edge_smt_8905,ch17_d219_k1,ent_8905,mentions,semantic
edge_smt_8906,ch17_d219_k1,ent_8906,mentions,semantic
edge_smt_8907,ch17_d219_k1,ent_8907,mentions,semantic
edge_smt_8908,ch17_d219_k1,ent_8908,mentions,semantic
edge_smt_8909,ch17_d219_k1,ent_8909,mentions,semantic
edge_smt_8910,ch17_d219_k1,ent_8910,mentions,semantic
edge_smt_8911,ch17_d219_k1,ent_8911,mentions,semantic
edge_smt_8912,ch17_d219_k1,ent_8912,mentions,semantic
edge_smt_8913,ch17_d219_k1,ent_8913,mentions,semantic
edge_smt_8914,ch17_d219_k1,ent_8914,mentions,semantic
edge_smt_8915,ch17_d219_k1,ent_8915,mentions,semantic
edge_smt_8916,ch17_d219_k1,ent_8916,mentions,semantic
edge_smt_8917,ch17_d219_k1,ent_8917,mentions,semantic
edge_smt_8918,ch17_d219_k1,ent_8918,mentions,semantic
edge_smt_8919,ch17_d219_k1,ent_8919,mentions,semantic
edge_smt_8920,ch17_d219_k1,ent_8920,mentions,semantic
edge_smt_8921,ch17_d219_k1,ent_8921,mentions,semantic
edge_smt_8922,ch17_d219_k1,ent_8922,mentions,semantic
edge_smt_8923,ch17_d219_k1,ent_8923,mentions,semantic
edge_smt_8924,ch17_d219_k1,ent_8924,mentions,semantic
edge_smt_8925,ch17_d219_k1,ent_8925,mentions,semantic
edge_smt_8926,ch17_d219_k1,ent_8926,mentions,semantic
edge_smt_8927,ch17_d219_k1,ent_8927,mentions,semantic
edge_smt_8928,ch17_d219_k1,ent_8928,mentions,semantic
edge_smt_8929,ch17_d219_k1_a,ent_8929,mentions,semantic
edge_smt_8930,ch17_d219_k1_a,ent_8930,mentions,semantic
edge_smt_8931,ch17_d219_k1_a,ent_8931,mentions,semantic
edge_smt_8932,ch17_d219_k1_a,ent_8932,mentions,semantic
edge_smt_8933,ch17_d219_k1_a,ent_8933,mentions,semantic
edge_smt_8934,ch17_d219_k1_a,ent_8934,mentions,semantic
edge_smt_8935,ch17_d219_k1_a,ent_8935,mentions,semantic
edge_smt_8936,ch17_d219_k1_a,ent_8936,mentions,semantic
edge_smt_8937,ch17_d219_k1_a,ent_8937,mentions,semantic
edge_smt_8938,ch17_d219_k1_a,ent_8938,mentions,semantic
edge_smt_8939,ch17_d219_k1_a,ent_8939,mentions,semantic
edge_smt_8940,ch17_d219_k1_a,ent_8940,mentions,semantic
edge_smt_8941,ch17_d219_k1_a,ent_8941,mentions,semantic
edge_smt_8942,ch17_d219_k1_a,ent_8942,mentions,semantic
edge_smt_8943,ch17_d219_k1_a,ent_8943,mentions,semantic
edge_smt_8944,ch17_d219_k1_a,ent_8944,mentions,semantic
edge_smt_8945,ch17_d219_k1_a,ent_8945,mentions,semantic
edge_smt_8946,ch17_d219_k1_a,ent_8946,mentions,semantic
edge_smt_8947,ch17_d219_k1_a,ent_8947,mentions,semantic
edge_smt_8948,ch17_d219_k1_a,ent_8948,mentions,semantic
edge_smt_8949,ch17_d219_k1_a,ent_8949,mentions,semantic
edge_smt_8950,ch17_d219_k1_a,ent_8950,mentions,semantic
edge_smt_8951,ch17_d219_k1_a,ent_8951,mentions,semantic
edge_smt_8952,ch17_d219_k1_a,ent_8952,mentions,semantic
edge_smt_8953,ch17_d219_k1_a,ent_8953,mentions,semantic
edge_smt_8954,ch17_d219_k1_a,ent_8954,mentions,semantic
edge_smt_8955,ch17_d219_k1_a,ent_8955,mentions,semantic
edge_smt_8956,ch17_d219_k1_a,ent_8956,mentions,semantic
edge_smt_8957,ch17_d219_k1_a,ent_8957,mentions,semantic
edge_smt_8958,ch17_d219_k1_a,ent_8958,mentions,semantic
edge_smt_8959,ch17_d219_k1_a,ent_8959,mentions,semantic
edge_smt_8960,ch17_d219_k1_a,ent_8960,mentions,semantic
edge_smt_8961,ch17_d219_k1_a,ent_8961,mentions,semantic
edge_smt_8962,ch17_d219_k1_a,ent_8962,mentions,semantic
edge_smt_8963,ch17_d219_k1_a,ent_8963,mentions,semantic
edge_smt_8964,ch17_d219_k1_a,ent_8964,mentions,semantic
edge_smt_8965,ch17_d219_k1_a,ent_8965,mentions,semantic
edge_smt_8966,ch17_d219_k1_a,ent_8966,mentions,semantic
edge_smt_8967,ch17_d219_k1_a,ent_8967,mentions,semantic
edge_smt_8968,ch17_d219_k1_a,ent_8968,mentions,semantic
edge_smt_8969,ch17_d219_k1_a,ent_8969,mentions,semantic
edge_smt_8970,ch17_d219_k1_a,ent_8970,mentions,semantic
edge_smt_8971,ch17_d219_k1_a,ent_8971,mentions,semantic
edge_smt_8972,ch17_d219_k1_a,ent_8972,mentions,semantic
edge_smt_8973,ch17_d219_k1_a,ent_8973,mentions,semantic
edge_smt_8974,ch17_d219_k1_a,ent_8974,mentions,semantic
edge_smt_8975,ch17_d219_k1_a,ent_8975,mentions,semantic
edge_smt_8976,ch17_d219_k1_a,ent_8976,mentions,semantic
edge_smt_8977,ch17_d219_k1_a,ent_8977,mentions,semantic
edge_smt_8978,ch17_d219_k1_a,ent_8978,mentions,semantic
edge_smt_8979,ch17_d219_k1_a,ent_8979,mentions,semantic
edge_smt_8980,ch17_d219_k1_a,ent_8980,mentions,semantic
edge_smt_8981,ch17_d219_k1_a,ent_8981,mentions,semantic
edge_smt_8982,ch17_d219_k1_a,ent_8982,mentions,semantic
edge_smt_8983,ch17_d219_k1_a,ent_8983,mentions,semantic
edge_smt_8984,ch17_d219_k1_a,ent_8984,mentions,semantic
edge_smt_8985,ch17_d219_k1_a,ent_8985,mentions,semantic
edge_smt_8986,ch17_d219_k1_a,ent_8986,mentions,semantic
edge_smt_8987,ch17_d219_k1_a,ent_8987,mentions,semantic
edge_smt_8988,ch17_d219_k1_a,ent_8988,mentions,semantic
edge_smt_8989,ch17_d219_k1_a,ent_8989,mentions,semantic
edge_smt_8990,ch17_d219_k1_a,ent_8990,mentions,semantic
edge_smt_8991,ch17_d219_k1_a,ent_8991,mentions,semantic
edge_smt_8992,ch17_d219_k1_a,ent_8992,mentions,semantic
edge_smt_8993,ch17_d219_k1_a,ent_8993,mentions,semantic
edge_smt_8994,ch17_d219_k1_a,ent_8994,mentions,semantic
edge_smt_8995,ch17_d219_k1_a,ent_8995,mentions,semantic
edge_smt_8996,ch17_d219_k1_a,ent_8996,mentions,semantic
edge_smt_8997,ch17_d219_k1_a,ent_8997,mentions,semantic
edge_smt_8998,ch17_d219_k1_a,ent_8998,mentions,semantic
edge_smt_8999,ch17_d219_k1_a,ent_8999,mentions,semantic
edge_smt_9000,ch17_d219_k1_a,ent_9000,mentions,semantic
edge_smt_9001,ch17_d219_k1_a,ent_9001,mentions,semantic
edge_smt_9002,ch17_d219_k1_a,ent_9002,mentions,semantic
edge_smt_9003,ch17_d219_k1_a,ent_9003,mentions,semantic
edge_smt_9004,ch17_d219_k1_a,ent_9004,mentions,semantic
edge_smt_9005,ch17_d219_k1_a,ent_9005,mentions,semantic
edge_smt_9006,ch17_d219_k1_a,ent_9006,mentions,semantic
edge_smt_9007,ch17_d219_k1_a,ent_9007,mentions,semantic
edge_smt_9008,ch17_d219_k1_a,ent_9008,mentions,semantic
edge_smt_9009,ch17_d219_k1_a,ent_9009,mentions,semantic
edge_smt_9010,ch17_d219_k1_a,ent_9010,mentions,semantic
edge_smt_9011,ch17_d219_k1_a,ent_9011,mentions,semantic
edge_smt_9012,ch17_d219_k1_a,ent_9012,mentions,semantic
edge_smt_9013,ch17_d219_k1_a,ent_9013,mentions,semantic
edge_smt_9014,ch17_d219_k1_a,ent_9014,mentions,semantic
edge_smt_9015,ch17_d219_k1_a,ent_9015,mentions,semantic
edge_smt_9016,ch17_d219_k1_a,ent_9016,mentions,semantic
edge_smt_9017,ch17_d219_k1_a,ent_9017,mentions,semantic
edge_smt_9018,ch17_d219_k1_a,ent_9018,mentions,semantic
edge_smt_9019,ch17_d219_k1_a,ent_9019,mentions,semantic
edge_smt_9020,ch17_d219_k1_a,ent_9020,mentions,semantic
edge_smt_9021,ch17_d219_k1_a,ent_9021,mentions,semantic
edge_smt_9022,ch17_d219_k1_a,ent_9022,mentions,semantic
edge_smt_9023,ch17_d219_k1_a,ent_9023,mentions,semantic
edge_smt_9024,ch17_d219_k1_a,ent_9024,mentions,semantic
edge_smt_9025,ch17_d219_k1_a,ent_9025,mentions,semantic
edge_smt_9026,ch17_d219_k1_a,ent_9026,mentions,semantic
edge_smt_9027,ch17_d219_k1_a,ent_9027,mentions,semantic
edge_smt_9028,ch17_d219_k1_a,ent_9028,mentions,semantic
edge_smt_9029,ch17_d219_k1_a,ent_9029,mentions,semantic
edge_smt_9030,ch17_d219_k1_a,ent_9030,mentions,semantic
edge_smt_9031,ch17_d219_k1_a,ent_9031,mentions,semantic
edge_smt_9032,ch17_d219_k1_a,ent_9032,mentions,semantic
edge_smt_9033,ch17_d219_k1_a,ent_9033,mentions,semantic
edge_smt_9034,ch17_d219_k1_a,ent_9034,mentions,semantic
edge_smt_9035,ch17_d219_k1_a,ent_9035,mentions,semantic
edge_smt_9036,ch17_d219_k1_a,ent_9036,mentions,semantic
edge_smt_9037,ch17_d219_k1_a,ent_9037,mentions,semantic
edge_smt_9038,ch17_d219_k1_a,ent_9038,mentions,semantic
edge_smt_9039,ch17_d219_k1_a,ent_9039,mentions,semantic
edge_smt_9040,ch17_d219_k1_a,ent_9040,mentions,semantic
edge_smt_9041,ch17_d219_k1_a,ent_9041,mentions,semantic
edge_smt_9042,ch17_d219_k1_a,ent_9042,mentions,semantic
edge_smt_9043,ch17_d219_k1_a,ent_9043,mentions,semantic
edge_smt_9044,ch17_d219_k1_a,ent_9044,mentions,semantic
edge_smt_9045,ch17_d219_k1_a,ent_9045,mentions,semantic
edge_smt_9046,ch17_d219_k1_a,ent_9046,mentions,semantic
edge_smt_9047,ch17_d219_k1_a,ent_9047,mentions,semantic
edge_smt_9048,ch17_d219_k1_a,ent_9048,mentions,semantic
edge_smt_9049,ch17_d219_k1_a,ent_9049,mentions,semantic
edge_smt_9050,ch17_d219_k1_a,ent_9050,mentions,semantic
edge_smt_9051,ch17_d219_k1_a,ent_9051,mentions,semantic
edge_smt_9052,ch17_d219_k1_a,ent_9052,mentions,semantic
edge_smt_9053,ch17_d219_k1_a,ent_9053,mentions,semantic
edge_smt_9054,ch17_d219_k1_a,ent_9054,mentions,semantic
edge_smt_9055,ch17_d219_k1_a,ent_9055,mentions,semantic
edge_smt_9056,ch17_d219_k1_a,ent_9056,mentions,semantic
edge_smt_9057,ch17_d219_k1_a,ent_9057,mentions,semantic
edge_smt_9058,ch17_d219_k1_a,ent_9058,mentions,semantic
edge_smt_9059,ch17_d219_k1_a,ent_9059,mentions,semantic
edge_smt_9060,ch17_d219_k1_a,ent_9060,mentions,semantic
edge_smt_9061,ch17_d219_k1_a,ent_9061,mentions,semantic
edge_smt_9062,ch17_d219_k1_a,ent_9062,mentions,semantic
edge_smt_9063,ch17_d219_k1_b,ent_9063,mentions,semantic
edge_smt_9064,ch17_d219_k1_b,ent_9064,mentions,semantic
edge_smt_9065,ch17_d219_k1_b,ent_9065,mentions,semantic
edge_smt_9066,ch17_d219_k1_b,ent_9066,mentions,semantic
edge_smt_9067,ch17_d219_k1_b,ent_9067,mentions,semantic
edge_smt_9068,ch17_d219_k1_b,ent_9068,mentions,semantic
edge_smt_9069,ch17_d219_k1_b,ent_9069,mentions,semantic
edge_smt_9070,ch17_d219_k1_b,ent_9070,mentions,semantic
edge_smt_9071,ch17_d219_k1_b,ent_9071,mentions,semantic
edge_smt_9072,ch17_d219_k1_b,ent_9072,mentions,semantic
edge_smt_9073,ch17_d219_k1_b,ent_9073,mentions,semantic
edge_smt_9074,ch17_d219_k1_b,ent_9074,mentions,semantic
edge_smt_9075,ch17_d219_k1_b,ent_9075,mentions,semantic
edge_smt_9076,ch17_d219_k1_b,ent_9076,mentions,semantic
edge_smt_9077,ch17_d219_k1_b,ent_9077,mentions,semantic
edge_smt_9078,ch17_d219_k1_b,ent_9078,mentions,semantic
edge_smt_9079,ch17_d219_k1_b,ent_9079,mentions,semantic
edge_smt_9080,ch17_d219_k1_b,ent_9080,mentions,semantic
edge_smt_9081,ch17_d219_k1_b,ent_9081,mentions,semantic
edge_smt_9082,ch17_d219_k1_b,ent_9082,mentions,semantic
edge_smt_9083,ch17_d219_k1_b,ent_9083,mentions,semantic
edge_smt_9084,ch17_d219_k1_b,ent_9084,mentions,semantic
edge_smt_9085,ch17_d219_k1_b,ent_9085,mentions,semantic
edge_smt_9086,ch17_d219_k1_b,ent_9086,mentions,semantic
edge_smt_9087,ch17_d219_k1_b,ent_9087,mentions,semantic
edge_smt_9088,ch17_d219_k1_b,ent_9088,mentions,semantic
edge_smt_9089,ch17_d219_k1_b,ent_9089,mentions,semantic
edge_smt_9090,ch17_d219_k1_b,ent_9090,mentions,semantic
edge_smt_9091,ch17_d219_k1_b,ent_9091,mentions,semantic
edge_smt_9092,ch17_d219_k1_b,ent_9092,mentions,semantic
edge_smt_9093,ch17_d219_k1_b,ent_9093,mentions,semantic
edge_smt_9094,ch17_d219_k1_b,ent_9094,mentions,semantic
edge_smt_9095,ch17_d219_k1_b,ent_9095,mentions,semantic
edge_smt_9096,ch17_d219_k1_b,ent_9096,mentions,semantic
edge_smt_9097,ch17_d219_k1_b,ent_9097,mentions,semantic
edge_smt_9098,ch17_d219_k1_b,ent_9098,mentions,semantic
edge_smt_9099,ch17_d219_k1_b,ent_9099,mentions,semantic
edge_smt_9100,ch17_d219_k1_b,ent_9100,mentions,semantic
edge_smt_9101,ch17_d219_k1_b,ent_9101,mentions,semantic
edge_smt_9102,ch17_d219_k1_b,ent_9102,mentions,semantic
edge_smt_9103,ch17_d219_k1_b,ent_9103,mentions,semantic
edge_smt_9104,ch17_d219_k1_b,ent_9104,mentions,semantic
edge_smt_9105,ch17_d219_k1_b,ent_9105,mentions,semantic
edge_smt_9106,ch17_d219_k1_b,ent_9106,mentions,semantic
edge_smt_9107,ch17_d219_k1_b,ent_9107,mentions,semantic
edge_smt_9108,ch17_d219_k1_b,ent_9108,mentions,semantic
edge_smt_9109,ch17_d219_k1_b,ent_9109,mentions,semantic
edge_smt_9110,ch17_d219_k1_b,ent_9110,mentions,semantic
edge_smt_9111,ch17_d219_k1_b,ent_9111,mentions,semantic
edge_smt_9112,ch17_d219_k1_b,ent_9112,mentions,semantic
edge_smt_9113,ch17_d219_k1_b,ent_9113,mentions,semantic
edge_smt_9114,ch17_d219_k1_b,ent_9114,mentions,semantic
edge_smt_9115,ch17_d219_k1_b,ent_9115,mentions,semantic
edge_smt_9116,ch17_d219_k1_b,ent_9116,mentions,semantic
edge_smt_9117,ch17_d219_k1_b,ent_9117,mentions,semantic
edge_smt_9118,ch17_d219_k1_b,ent_9118,mentions,semantic
edge_smt_9119,ch17_d219_k1_b,ent_9119,mentions,semantic
edge_smt_9120,ch17_d219_k1_b,ent_9120,mentions,semantic
edge_smt_9121,ch17_d219_k1_b,ent_9121,mentions,semantic
edge_smt_9122,ch17_d219_k1_c,ent_9122,mentions,semantic
edge_smt_9123,ch17_d219_k1_c,ent_9123,mentions,semantic
edge_smt_9124,ch17_d219_k1_c,ent_9124,mentions,semantic
edge_smt_9125,ch17_d219_k1_c,ent_9125,mentions,semantic
edge_smt_9126,ch17_d219_k1_c,ent_9126,mentions,semantic
edge_smt_9127,ch17_d219_k1_c,ent_9127,mentions,semantic
edge_smt_9128,ch17_d219_k1_c,ent_9128,mentions,semantic
edge_smt_9129,ch17_d219_k1_c,ent_9129,mentions,semantic
edge_smt_9130,ch17_d219_k1_c,ent_9130,mentions,semantic
edge_smt_9131,ch17_d219_k1_c,ent_9131,mentions,semantic
edge_smt_9132,ch17_d219_k1_c,ent_9132,mentions,semantic
edge_smt_9133,ch17_d219_k1_c,ent_9133,mentions,semantic
edge_smt_9134,ch17_d219_k1_c,ent_9134,mentions,semantic
edge_smt_9135,ch17_d219_k1_c,ent_9135,mentions,semantic
edge_smt_9136,ch17_d219_k2,ent_9136,mentions,semantic
edge_smt_9137,ch17_d219_k2,ent_9137,mentions,semantic
edge_smt_9138,ch17_d219_k2,ent_9138,mentions,semantic
edge_smt_9139,ch17_d219_k2,ent_9139,mentions,semantic
edge_smt_9140,ch17_d219_k2,ent_9140,mentions,semantic
edge_smt_9141,ch17_d219_k2,ent_9141,mentions,semantic
edge_smt_9142,ch17_d219_k2,ent_9142,mentions,semantic
edge_smt_9143,ch17_d219_k2,ent_9143,mentions,semantic
edge_smt_9144,ch17_d219_k2,ent_9144,mentions,semantic
edge_smt_9145,ch17_d219_k2,ent_9145,mentions,semantic
edge_smt_9146,ch17_d219_k2,ent_9146,mentions,semantic
edge_smt_9147,ch17_d219_k2,ent_9147,mentions,semantic
edge_smt_9148,ch17_d219_k2,ent_9148,mentions,semantic
edge_smt_9149,ch17_d219_k2,ent_9149,mentions,semantic
edge_smt_9150,ch17_d219_k2,ent_9150,mentions,semantic
edge_smt_9151,ch17_d219_k2,ent_9151,mentions,semantic
edge_smt_9152,ch17_d219_k2,ent_9152,mentions,semantic
edge_smt_9153,ch17_d219_k2,ent_9153,mentions,semantic
edge_smt_9154,ch17_d219_k2,ent_9154,mentions,semantic
edge_smt_9155,ch17_d219_k2,ent_9155,mentions,semantic
edge_smt_9156,ch17_d219_k2,ent_9156,mentions,semantic
edge_smt_9157,ch17_d219_k2,ent_9157,mentions,semantic
edge_smt_9158,ch17_d219_k2,ent_9158,mentions,semantic
edge_smt_9159,ch17_d219_k2,ent_9159,mentions,semantic
edge_smt_9160,ch17_d219_k2,ent_9160,mentions,semantic
edge_smt_9161,ch17_d219_k2,ent_9161,mentions,semantic
edge_smt_9162,ch17_d219_k2,ent_9162,mentions,semantic
edge_smt_9163,ch17_d219_k2,ent_9163,mentions,semantic
edge_smt_9164,ch17_d219_k2,ent_9164,mentions,semantic
edge_smt_9165,ch17_d219_k2,ent_9165,mentions,semantic
edge_smt_9166,ch17_d219_k2,ent_9166,mentions,semantic
edge_smt_9167,ch17_d219_k2,ent_9167,mentions,semantic
edge_smt_9168,ch17_d219_k2,ent_9168,mentions,semantic
edge_smt_9169,ch17_d219_k2,ent_9169,mentions,semantic
edge_smt_9170,ch17_d219_k2,ent_9170,mentions,semantic
edge_smt_9171,ch17_d219_k2,ent_9171,mentions,semantic
edge_smt_9172,ch17_d219_k2,ent_9172,mentions,semantic
edge_smt_9173,ch17_d219_k2,ent_9173,mentions,semantic
edge_smt_9174,ch17_d219_k2,ent_9174,mentions,semantic
edge_smt_9175,ch17_d219_k2,ent_9175,mentions,semantic
edge_smt_9176,ch17_d219_k2,ent_9176,mentions,semantic
edge_smt_9177,ch17_d219_k2,ent_9177,mentions,semantic
edge_smt_9178,ch17_d219_k2,ent_9178,mentions,semantic
edge_smt_9179,ch17_d219_k2,ent_9179,mentions,semantic
edge_smt_9180,ch17_d219_k2,ent_9180,mentions,semantic
edge_smt_9181,ch17_d219_k2,ent_9181,mentions,semantic
edge_smt_9182,ch17_d219_k2,ent_9182,mentions,semantic
edge_smt_9183,ch17_d219_k2,ent_9183,mentions,semantic
edge_smt_9184,ch17_d219_k2,ent_9184,mentions,semantic
edge_smt_9185,ch17_d219_k2,ent_9185,mentions,semantic
edge_smt_9186,ch17_d219_k2,ent_9186,mentions,semantic
edge_smt_9187,ch17_d219_k2,ent_9187,mentions,semantic
edge_smt_9188,ch17_d219_k2,ent_9188,mentions,semantic
edge_smt_9189,ch17_d219_k2,ent_9189,mentions,semantic
edge_smt_9190,ch17_d219_k2,ent_9190,mentions,semantic
edge_smt_9191,ch17_d219_k2,ent_9191,mentions,semantic
edge_smt_9192,ch17_d219_k2,ent_9192,mentions,semantic
edge_smt_9193,ch17_d219_k2,ent_9193,mentions,semantic
edge_smt_9194,ch17_d219_k2,ent_9194,mentions,semantic
edge_smt_9195,ch17_d219_k2,ent_9195,mentions,semantic
edge_smt_9196,ch17_d219_k2,ent_9196,mentions,semantic
edge_smt_9197,ch17_d219_k2,ent_9197,mentions,semantic
edge_smt_9198,ch17_d219_k2,ent_9198,mentions,semantic
edge_smt_9199,ch17_d219_k2,ent_9199,mentions,semantic
edge_smt_9200,ch17_d219_k2,ent_9200,mentions,semantic
edge_smt_9201,ch17_d219_k2,ent_9201,mentions,semantic
edge_smt_9202,ch17_d219_k2,ent_9202,mentions,semantic
edge_smt_9203,ch17_d219_k2,ent_9203,mentions,semantic
edge_smt_9204,ch17_d219_k2,ent_9204,mentions,semantic
edge_smt_9205,ch17_d219_k2,ent_9205,mentions,semantic
edge_smt_9206,ch17_d219_k2,ent_9206,mentions,semantic
edge_smt_9207,ch17_d219_k2,ent_9207,mentions,semantic
edge_smt_9208,ch17_d219_k2,ent_9208,mentions,semantic
edge_smt_9209,ch17_d219_k2,ent_9209,mentions,semantic
edge_smt_9210,ch17_d219_k2,ent_9210,mentions,semantic
edge_smt_9211,ch17_d219_k2,ent_9211,mentions,semantic
edge_smt_9212,ch17_d219_k2,ent_9212,mentions,semantic
edge_smt_9213,ch17_d219_k2,ent_9213,mentions,semantic
edge_smt_9214,ch17_d219_k2,ent_9214,mentions,semantic
edge_smt_9215,ch17_d219_k2,ent_9215,mentions,semantic
edge_smt_9216,ch17_d219_k2,ent_9216,mentions,semantic
edge_smt_9217,ch17_d219_k2,ent_9217,mentions,semantic
edge_smt_9218,ch17_d219_k2,ent_9218,mentions,semantic
edge_smt_9219,ch17_d219_k2,ent_9219,mentions,semantic
edge_smt_9220,ch17_d219_k2,ent_9220,mentions,semantic
edge_smt_9221,ch17_d219_k2,ent_9221,mentions,semantic
edge_smt_9222,ch17_d219_k2,ent_9222,mentions,semantic
edge_smt_9223,ch17_d219_k2,ent_9223,mentions,semantic
edge_smt_9224,ch17_d219_k2,ent_9224,mentions,semantic
edge_smt_9225,ch17_d219_k2,ent_9225,mentions,semantic
edge_smt_9226,ch17_d219_k2,ent_9226,mentions,semantic
edge_smt_9227,ch17_d219_k2,ent_9227,mentions,semantic
edge_smt_9228,ch17_d219_k2,ent_9228,mentions,semantic
edge_smt_9229,ch17_d219_k2,ent_9229,mentions,semantic
edge_smt_9230,ch17_d219_k2,ent_9230,mentions,semantic
edge_smt_9231,ch17_d219_k2,ent_9231,mentions,semantic
edge_smt_9232,ch17_d219_k2,ent_9232,mentions,semantic
edge_smt_9233,ch17_d219_k2,ent_9233,mentions,semantic
edge_smt_9234,ch17_d219_k2,ent_9234,mentions,semantic
edge_smt_9235,ch17_d219_k2,ent_9235,mentions,semantic
edge_smt_9236,ch17_d219_k2,ent_9236,mentions,semantic
edge_smt_9237,ch17_d219_k2,ent_9237,mentions,semantic
edge_smt_9238,ch17_d219_k2,ent_9238,mentions,semantic
edge_smt_9239,ch17_d219_k2,ent_9239,mentions,semantic
edge_smt_9240,ch17_d219_k2,ent_9240,mentions,semantic
edge_smt_9241,ch17_d219_k2,ent_9241,mentions,semantic
edge_smt_9242,ch17_d219_k2,ent_9242,mentions,semantic
edge_smt_9243,ch17_d219_k2,ent_9243,mentions,semantic
edge_smt_9244,ch17_d219_k2,ent_9244,mentions,semantic
edge_smt_9245,ch17_d219_k2,ent_9245,mentions,semantic
edge_smt_9246,ch17_d219_k2,ent_9246,mentions,semantic
edge_smt_9247,ch17_d219_k2,ent_9247,mentions,semantic
edge_smt_9248,ch17_d219_k2,ent_9248,mentions,semantic
edge_smt_9249,ch17_d219_k2,ent_9249,mentions,semantic
edge_smt_9250,ch17_d219_k2,ent_9250,mentions,semantic
edge_smt_9251,ch17_d219_k2,ent_9251,mentions,semantic
edge_smt_9252,ch17_d219_k2,ent_9252,mentions,semantic
edge_smt_9253,ch17_d219_k2,ent_9253,mentions,semantic
edge_smt_9254,ch17_d219_k2,ent_9254,mentions,semantic
edge_smt_9255,ch17_d219_k2,ent_9255,mentions,semantic
edge_smt_9256,ch17_d219_k2,ent_9256,mentions,semantic
edge_smt_9257,ch17_d219_k2,ent_9257,mentions,semantic
edge_smt_9258,ch17_d219_k2,ent_9258,mentions,semantic
edge_smt_9259,ch17_d219_k2,ent_9259,mentions,semantic
edge_smt_9260,ch17_d219_k2,ent_9260,mentions,semantic
edge_smt_9261,ch17_d219_k2,ent_9261,mentions,semantic
edge_smt_9262,ch17_d219_k2,ent_9262,mentions,semantic
edge_smt_9263,ch17_d219_k2,ent_9263,mentions,semantic
edge_smt_9264,ch17_d219_k2,ent_9264,mentions,semantic
edge_smt_9265,ch17_d219_k2,ent_9265,mentions,semantic
edge_smt_9266,ch17_d219_k2,ent_9266,mentions,semantic
edge_smt_9267,ch17_d219_k2,ent_9267,mentions,semantic
edge_smt_9268,ch17_d219_k2_a,ent_9268,mentions,semantic
edge_smt_9269,ch17_d219_k2_a,ent_9269,mentions,semantic
edge_smt_9270,ch17_d219_k2_a,ent_9270,mentions,semantic
edge_smt_9271,ch17_d219_k2_a,ent_9271,mentions,semantic
edge_smt_9272,ch17_d219_k2_a,ent_9272,mentions,semantic
edge_smt_9273,ch17_d219_k2_a,ent_9273,mentions,semantic
edge_smt_9274,ch17_d219_k2_a,ent_9274,mentions,semantic
edge_smt_9275,ch17_d219_k2_a,ent_9275,mentions,semantic
edge_smt_9276,ch17_d219_k2_a,ent_9276,mentions,semantic
edge_smt_9277,ch17_d219_k2_a,ent_9277,mentions,semantic
edge_smt_9278,ch17_d219_k2_a,ent_9278,mentions,semantic
edge_smt_9279,ch17_d219_k2_a,ent_9279,mentions,semantic
edge_smt_9280,ch17_d219_k2_a,ent_9280,mentions,semantic
edge_smt_9281,ch17_d219_k2_a,ent_9281,mentions,semantic
edge_smt_9282,ch17_d219_k2_a,ent_9282,mentions,semantic
edge_smt_9283,ch17_d219_k2_a,ent_9283,mentions,semantic
edge_smt_9284,ch17_d219_k2_a,ent_9284,mentions,semantic
edge_smt_9285,ch17_d219_k2_a,ent_9285,mentions,semantic
edge_smt_9286,ch17_d219_k2_a,ent_9286,mentions,semantic
edge_smt_9287,ch17_d219_k2_a,ent_9287,mentions,semantic
edge_smt_9288,ch17_d219_k2_a,ent_9288,mentions,semantic
edge_smt_9289,ch17_d219_k2_a,ent_9289,mentions,semantic
edge_smt_9290,ch17_d219_k2_a,ent_9290,mentions,semantic
edge_smt_9291,ch17_d219_k2_a,ent_9291,mentions,semantic
edge_smt_9292,ch17_d219_k2_a,ent_9292,mentions,semantic
edge_smt_9293,ch17_d219_k2_a,ent_9293,mentions,semantic
edge_smt_9294,ch17_d219_k2_a,ent_9294,mentions,semantic
edge_smt_9295,ch17_d219_k2_a,ent_9295,mentions,semantic
edge_smt_9296,ch17_d219_k2_a,ent_9296,mentions,semantic
edge_smt_9297,ch17_d219_k2_a,ent_9297,mentions,semantic
edge_smt_9298,ch17_d219_k2_a,ent_9298,mentions,semantic
edge_smt_9299,ch17_d219_k2_a,ent_9299,mentions,semantic
edge_smt_9300,ch17_d219_k2_a,ent_9300,mentions,semantic
edge_smt_9301,ch17_d219_k2_a,ent_9301,mentions,semantic
edge_smt_9302,ch17_d219_k2_a,ent_9302,mentions,semantic
edge_smt_9303,ch17_d219_k2_a,ent_9303,mentions,semantic
edge_smt_9304,ch17_d219_k2_a,ent_9304,mentions,semantic
edge_smt_9305,ch17_d219_k2_a,ent_9305,mentions,semantic
edge_smt_9306,ch17_d219_k2_a,ent_9306,mentions,semantic
edge_smt_9307,ch17_d219_k2_a,ent_9307,mentions,semantic
edge_smt_9308,ch17_d219_k2_a,ent_9308,mentions,semantic
edge_smt_9309,ch17_d219_k2_a,ent_9309,mentions,semantic
edge_smt_9310,ch17_d219_k2_a,ent_9310,mentions,semantic
edge_smt_9311,ch17_d219_k2_a,ent_9311,mentions,semantic
edge_smt_9312,ch17_d219_k2_a,ent_9312,mentions,semantic
edge_smt_9313,ch17_d219_k2_a,ent_9313,mentions,semantic
edge_smt_9314,ch17_d219_k2_a,ent_9314,mentions,semantic
edge_smt_9315,ch17_d219_k2_a,ent_9315,mentions,semantic
edge_smt_9316,ch17_d219_k2_a,ent_9316,mentions,semantic
edge_smt_9317,ch17_d219_k2_a,ent_9317,mentions,semantic
edge_smt_9318,ch17_d219_k2_a,ent_9318,mentions,semantic
edge_smt_9319,ch17_d219_k2_a,ent_9319,mentions,semantic
edge_smt_9320,ch17_d219_k2_a,ent_9320,mentions,semantic
edge_smt_9321,ch17_d219_k2_a,ent_9321,mentions,semantic
edge_smt_9322,ch17_d219_k2_a,ent_9322,mentions,semantic
edge_smt_9323,ch17_d219_k2_a,ent_9323,mentions,semantic
edge_smt_9324,ch17_d219_k2_a,ent_9324,mentions,semantic
edge_smt_9325,ch17_d219_k2_a,ent_9325,mentions,semantic
edge_smt_9326,ch17_d219_k2_a,ent_9326,mentions,semantic
edge_smt_9327,ch17_d219_k2_a,ent_9327,mentions,semantic
edge_smt_9328,ch17_d219_k2_a,ent_9328,mentions,semantic
edge_smt_9329,ch17_d219_k2_a,ent_9329,mentions,semantic
edge_smt_9330,ch17_d219_k2_a,ent_9330,mentions,semantic
edge_smt_9331,ch17_d219_k2_a,ent_9331,mentions,semantic
edge_smt_9332,ch17_d219_k2_a,ent_9332,mentions,semantic
edge_smt_9333,ch17_d219_k2_a,ent_9333,mentions,semantic
edge_smt_9334,ch17_d219_k2_a,ent_9334,mentions,semantic
edge_smt_9335,ch17_d219_k2_a,ent_9335,mentions,semantic
edge_smt_9336,ch17_d219_k2_a,ent_9336,mentions,semantic
edge_smt_9337,ch17_d219_k2_a,ent_9337,mentions,semantic
edge_smt_9338,ch17_d219_k2_a,ent_9338,mentions,semantic
edge_smt_9339,ch17_d219_k2_a,ent_9339,mentions,semantic
edge_smt_9340,ch17_d219_k2_a,ent_9340,mentions,semantic
edge_smt_9341,ch17_d219_k2_a,ent_9341,mentions,semantic
edge_smt_9342,ch17_d219_k2_a,ent_9342,mentions,semantic
edge_smt_9343,ch17_d219_k2_a,ent_9343,mentions,semantic
edge_smt_9344,ch17_d219_k2_a,ent_9344,mentions,semantic
edge_smt_9345,ch17_d219_k2_a,ent_9345,mentions,semantic
edge_smt_9346,ch17_d219_k2_a,ent_9346,mentions,semantic
edge_smt_9347,ch17_d219_k2_a,ent_9347,mentions,semantic
edge_smt_9348,ch17_d219_k2_a,ent_9348,mentions,semantic
edge_smt_9349,ch17_d219_k2_a,ent_9349,mentions,semantic
edge_smt_9350,ch17_d219_k2_a,ent_9350,mentions,semantic
edge_smt_9351,ch17_d219_k2_a,ent_9351,mentions,semantic
edge_smt_9352,ch17_d219_k2_a,ent_9352,mentions,semantic
edge_smt_9353,ch17_d219_k2_a,ent_9353,mentions,semantic
edge_smt_9354,ch17_d219_k2_a,ent_9354,mentions,semantic
edge_smt_9355,ch17_d219_k2_a,ent_9355,mentions,semantic
edge_smt_9356,ch17_d219_k2_a,ent_9356,mentions,semantic
edge_smt_9357,ch17_d219_k2_a,ent_9357,mentions,semantic
edge_smt_9358,ch17_d219_k2_a,ent_9358,mentions,semantic
edge_smt_9359,ch17_d219_k2_a,ent_9359,mentions,semantic
edge_smt_9360,ch17_d219_k2_a,ent_9360,mentions,semantic
edge_smt_9361,ch17_d219_k2_a,ent_9361,mentions,semantic
edge_smt_9362,ch17_d219_k2_a,ent_9362,mentions,semantic
edge_smt_9363,ch17_d219_k2_a,ent_9363,mentions,semantic
edge_smt_9364,ch17_d219_k2_a,ent_9364,mentions,semantic
edge_smt_9365,ch17_d219_k2_a,ent_9365,mentions,semantic
edge_smt_9366,ch17_d219_k2_a,ent_9366,mentions,semantic
edge_smt_9367,ch17_d219_k2_a,ent_9367,mentions,semantic
edge_smt_9368,ch17_d219_k2_a,ent_9368,mentions,semantic
edge_smt_9369,ch17_d219_k2_a,ent_9369,mentions,semantic
edge_smt_9370,ch17_d219_k2_a,ent_9370,mentions,semantic
edge_smt_9371,ch17_d219_k2_a,ent_9371,mentions,semantic
edge_smt_9372,ch17_d219_k2_a,ent_9372,mentions,semantic
edge_smt_9373,ch17_d219_k2_a,ent_9373,mentions,semantic
edge_smt_9374,ch17_d219_k2_a,ent_9374,mentions,semantic
edge_smt_9375,ch17_d219_k2_a,ent_9375,mentions,semantic
edge_smt_9376,ch17_d219_k2_a,ent_9376,mentions,semantic
edge_smt_9377,ch17_d219_k2_a,ent_9377,mentions,semantic
edge_smt_9378,ch17_d219_k2_a,ent_9378,mentions,semantic
edge_smt_9379,ch17_d219_k2_a,ent_9379,mentions,semantic
edge_smt_9380,ch17_d219_k2_a,ent_9380,mentions,semantic
edge_smt_9381,ch17_d219_k2_a,ent_9381,mentions,semantic
edge_smt_9382,ch17_d219_k2_a,ent_9382,mentions,semantic
edge_smt_9383,ch17_d219_k2_a,ent_9383,mentions,semantic
edge_smt_9384,ch17_d219_k2_a,ent_9384,mentions,semantic
edge_smt_9385,ch17_d219_k2_a,ent_9385,mentions,semantic
edge_smt_9386,ch17_d219_k2_a,ent_9386,mentions,semantic
edge_smt_9387,ch17_d219_k2_a,ent_9387,mentions,semantic
edge_smt_9388,ch17_d219_k2_a,ent_9388,mentions,semantic
edge_smt_9389,ch17_d219_k2_a,ent_9389,mentions,semantic
edge_smt_9390,ch17_d219_k2_a,ent_9390,mentions,semantic
edge_smt_9391,ch17_d219_k2_a,ent_9391,mentions,semantic
edge_smt_9392,ch17_d219_k2_a,ent_9392,mentions,semantic
edge_smt_9393,ch17_d219_k2_a,ent_9393,mentions,semantic
edge_smt_9394,ch17_d219_k2_a,ent_9394,mentions,semantic
edge_smt_9395,ch17_d219_k2_a,ent_9395,mentions,semantic
edge_smt_9396,ch17_d219_k2_b,ent_9396,mentions,semantic
edge_smt_9397,ch17_d219_k2_b,ent_9397,mentions,semantic
edge_smt_9398,ch17_d219_k2_b,ent_9398,mentions,semantic
edge_smt_9399,ch17_d220_k1,ent_9399,mentions,semantic
edge_smt_9400,ch17_d220_k1,ent_9400,mentions,semantic
edge_smt_9401,ch17_d220_k1,ent_9401,mentions,semantic
edge_smt_9402,ch17_d220_k1,ent_9402,mentions,semantic
edge_smt_9403,ch17_d220_k1,ent_9403,mentions,semantic
edge_smt_9404,ch17_d220_k2,ent_9404,mentions,semantic
edge_smt_9405,ch17_d220_k2,ent_9405,mentions,semantic
edge_smt_9406,ch17_d220_k2,ent_9406,mentions,semantic
edge_smt_9407,ch17_d220_k2,ent_9407,mentions,semantic
edge_smt_9408,ch17_d220_k2,ent_9408,mentions,semantic
edge_smt_9409,ch17_d220_k2,ent_9409,mentions,semantic
edge_smt_9410,ch17_d220_k2,ent_9410,mentions,semantic
edge_smt_9411,ch17_d220_k2,ent_9411,mentions,semantic
edge_smt_9412,ch17_d220_k2,ent_9412,mentions,semantic
edge_smt_9413,ch17_d220_k2,ent_9413,mentions,semantic
edge_smt_9414,ch17_d220_k2,ent_9414,mentions,semantic
edge_smt_9415,ch17_d220_k2,ent_9415,mentions,semantic
edge_smt_9416,ch17_d220_k3,ent_9416,mentions,semantic
edge_smt_9417,ch17_d220_k3,ent_9417,mentions,semantic
edge_smt_9418,ch17_d220_k3,ent_9418,mentions,semantic
edge_smt_9419,ch17_d220_k3,ent_9419,mentions,semantic
edge_smt_9420,ch17_d220_k3,ent_9420,mentions,semantic
edge_smt_9421,ch17_d220_k3,ent_9421,mentions,semantic
edge_smt_9422,ch17_d220_k3,ent_9422,mentions,semantic
edge_smt_9423,ch17_d220_k3,ent_9423,mentions,semantic
edge_smt_9424,ch17_d220_k3,ent_9424,mentions,semantic
edge_smt_9425,ch17_d220_k3,ent_9425,mentions,semantic
edge_smt_9426,ch17_d220_k3,ent_9426,mentions,semantic
edge_smt_9427,ch17_d220_k3,ent_9427,mentions,semantic
edge_smt_9428,ent_5,ent_3,related_to,semantic
edge_smt_9429,ent_3,ent_4,related_to,semantic
edge_smt_9430,ent_4,ent_1,related_to,semantic
edge_smt_9431,ent_12,ent_11,related_to,semantic
edge_smt_9432,ent_11,ent_14,involves,semantic
edge_smt_9433,ent_12,ent_14,involves,semantic
edge_smt_9434,ent_18,ent_15,defines,semantic
edge_smt_9435,ent_15,ent_16,related_to,semantic
edge_smt_9436,ent_16,ent_22,has_condition,semantic
edge_smt_9437,ent_22,ent_20,enables,semantic
edge_smt_9438,ent_19,ent_21,defines,semantic
edge_smt_9439,ent_21,ent_26,regulates,semantic
edge_smt_9440,ent_30,ent_33,defines,semantic
edge_smt_9441,ent_33,ent_34,related_to,semantic
edge_smt_9442,ent_34,ent_28,related_to,semantic
edge_smt_9443,ent_28,ent_29,related_to,semantic
edge_smt_9444,ent_29,ent_35,related_to,semantic
edge_smt_9445,ent_35,ent_40,involves,semantic
edge_smt_9446,ent_44,ent_60,defines,semantic
edge_smt_9447,ent_60,ent_43,defines,semantic
edge_smt_9448,ent_43,ent_64,has_purpose,semantic
edge_smt_9449,ent_64,ent_67,cites,semantic
edge_smt_9450,ent_45,ent_50,defines,semantic
edge_smt_9451,ent_50,ent_62,related_to,semantic
edge_smt_9452,ent_62,ent_55,related_to,semantic
edge_smt_9453,ent_55,ent_56,related_to,semantic
edge_smt_9454,ent_68,ent_73,defines,semantic
edge_smt_9455,ent_73,ent_74,defines,semantic
edge_smt_9456,ent_90,ent_83,defines,semantic
edge_smt_9457,ent_83,ent_86,results_in,semantic
edge_smt_9458,ent_91,ent_88,defines,semantic
edge_smt_9459,ent_88,ent_89,related_to,semantic
edge_smt_9460,ent_95,ent_97,defines,semantic
edge_smt_9461,ent_97,ent_98,defines,semantic
edge_smt_9462,ent_103,ent_102,defines,semantic
edge_smt_9463,ent_125,ent_122,defines,semantic
edge_smt_9464,ent_127,ent_120,defines,semantic
edge_smt_9465,ent_120,ent_124,defines,semantic
edge_smt_9466,ent_146,ent_144,defines,semantic
edge_smt_9467,ent_154,ent_148,involves,semantic
edge_smt_9468,ent_156,ent_155,related_to,semantic
edge_smt_9469,ent_155,ent_158,involves,semantic
edge_smt_9470,ent_158,ent_157,related_to,semantic
edge_smt_9471,ent_165,ent_167,has_purpose,semantic
edge_smt_9472,ent_322,ent_323,related_to,semantic
edge_smt_9473,ent_323,ent_302,involves,semantic
edge_smt_9474,ent_302,ent_327,related_to,semantic
edge_smt_9475,ent_327,ent_321,involves,semantic
edge_smt_9476,ent_321,ent_307,involves,semantic
edge_smt_9477,ent_323,ent_327,related_to,semantic
edge_smt_9478,ent_448,ent_447,related_to,semantic
edge_smt_9479,ent_447,ent_445,related_to,semantic
edge_smt_9480,ent_453,ent_449,related_to,semantic
edge_smt_9481,ent_449,ent_455,related_to,semantic
edge_smt_9482,ent_455,ent_450,related_to,semantic
edge_smt_9483,ent_450,ent_461,involves,semantic
edge_smt_9484,ent_461,ent_462,involves,semantic
edge_smt_9485,ent_462,ent_452,involves,semantic
edge_smt_9486,ent_461,ent_452,involves,semantic
edge_smt_9487,ent_464,ent_467,involves,semantic
edge_smt_9488,ent_467,ent_469,involves,semantic
edge_smt_9489,ent_471,ent_470,related_to,semantic
edge_smt_9490,ent_470,ent_477,defines,semantic
edge_smt_9491,ent_471,ent_477,defines,semantic
edge_smt_9492,ent_512,ent_513,related_to,semantic
edge_smt_9493,ent_513,ent_516,requires,semantic
edge_smt_9494,ent_521,ent_522,related_to,semantic
edge_smt_9495,ent_522,ent_525,involves,semantic
edge_smt_9496,ent_525,ent_524,has_purpose,semantic
edge_smt_9497,ent_522,ent_524,has_purpose,semantic
edge_smt_9498,ent_526,ent_530,enables,semantic
edge_smt_9499,ent_532,ent_535,requires,semantic
edge_smt_9500,ent_584,ent_588,requires,semantic
edge_smt_9501,ent_588,ent_581,has_exception,semantic
edge_smt_9502,ent_584,ent_581,has_exception,semantic
edge_smt_9503,ent_585,ent_583,related_to,semantic
edge_smt_9504,ent_583,ent_587,related_to,semantic
edge_smt_9505,ent_590,ent_593,enables,semantic
edge_smt_9506,ent_593,ent_594,involves,semantic
edge_smt_9507,ent_594,ent_592,regulates,semantic
edge_smt_9508,ent_592,ent_595,cites,semantic
edge_smt_9509,ent_593,ent_592,regulates,semantic
edge_smt_9510,ent_609,ent_610,involves,semantic
edge_smt_9511,ent_610,ent_608,prohibits,semantic
edge_smt_9512,ent_612,ent_636,requires,semantic
edge_smt_9513,ent_639,ent_644,requires,semantic
edge_smt_9514,ent_661,ent_663,involves,semantic
edge_smt_9515,ent_663,ent_664,involves,semantic
edge_smt_9516,ent_664,ent_662,has_exception,semantic
edge_smt_9517,ent_663,ent_662,has_exception,semantic
edge_smt_9518,ent_681,ent_685,requires,semantic
edge_smt_9519,ent_698,ent_699,involves,semantic
edge_smt_9520,ent_699,ent_689,involves,semantic
edge_smt_9521,ent_689,ent_696,defines,semantic
edge_smt_9522,ent_696,ent_702,cites,semantic
edge_smt_9523,ent_699,ent_696,defines,semantic
edge_smt_9524,ent_692,ent_700,involves,semantic
edge_smt_9525,ent_700,ent_703,cites,semantic
edge_smt_9526,ent_687,ent_688,related_to,semantic
edge_smt_9527,ent_688,ent_694,related_to,semantic
edge_smt_9528,ent_694,ent_691,related_to,semantic
edge_smt_9529,ent_691,ent_701,not,semantic
edge_smt_9530,ent_701,ent_704,requires,semantic
edge_smt_9531,ent_694,ent_701,not,semantic
edge_smt_9532,ent_733,ent_735,involves,semantic
edge_smt_9533,ent_735,ent_725,involves,semantic
edge_smt_9534,ent_725,ent_730,defines,semantic
edge_smt_9535,ent_735,ent_730,defines,semantic
edge_smt_9536,ent_720,ent_723,has_condition,semantic
edge_smt_9537,ent_722,ent_724,related_to,semantic
edge_smt_9538,ent_728,ent_719,related_to,semantic
edge_smt_9539,ent_719,ent_732,involves,semantic
edge_smt_9540,ent_732,ent_734,related_to,semantic
edge_smt_9541,ent_734,ent_736,involves,semantic
edge_smt_9542,ent_751,ent_753,involves,semantic
edge_smt_9543,ent_753,ent_750,prohibits,semantic
edge_smt_9544,ent_756,ent_759,enables,semantic
edge_smt_9545,ent_759,ent_762,involves,semantic
edge_smt_9546,ent_762,ent_755,involves,semantic
edge_smt_9547,ent_755,ent_763,requires,semantic
edge_smt_9548,ent_765,ent_769,involves,semantic
edge_smt_9549,ent_769,ent_778,involves,semantic
edge_smt_9550,ent_778,ent_764,involves,semantic
edge_smt_9551,ent_764,ent_772,involves,semantic
edge_smt_9552,ent_772,ent_773,related_to,semantic
edge_smt_9553,ent_773,ent_774,related_to,semantic
edge_smt_9554,ent_774,ent_768,related_to,semantic
edge_smt_9555,ent_768,ent_781,cites,semantic
edge_smt_9556,ent_778,ent_772,involves,semantic
edge_smt_9557,ent_773,ent_768,related_to,semantic
edge_smt_9558,ent_787,ent_792,requires,semantic
edge_smt_9559,ent_789,ent_785,defines,semantic
edge_smt_9560,ent_785,ent_782,has_condition,semantic
edge_smt_9561,ent_815,ent_849,cites,semantic
edge_smt_9562,ent_849,ent_824,defines,semantic
edge_smt_9563,ent_824,ent_808,applies_to,semantic
edge_smt_9564,ent_808,ent_827,defines,semantic
edge_smt_9565,ent_824,ent_827,defines,semantic
edge_smt_9566,ent_837,ent_833,related_to,semantic
edge_smt_9567,ent_833,ent_812,involves,semantic
edge_smt_9568,ent_812,ent_830,involves,semantic
edge_smt_9569,ent_821,ent_850,cites,semantic
edge_smt_9570,ent_850,ent_840,results_in,semantic
edge_smt_9571,ent_821,ent_840,results_in,semantic
edge_smt_9572,ent_819,ent_851,cites,semantic
edge_smt_9573,ent_928,ent_952,requires,semantic
edge_smt_9574,ent_925,ent_930,involves,semantic
edge_smt_9575,ent_930,ent_921,involves,semantic
edge_smt_9576,ent_939,ent_948,related_to,semantic
edge_smt_9577,ent_948,ent_950,related_to,semantic
edge_smt_9578,ent_950,ent_936,related_to,semantic
edge_smt_9579,ent_936,ent_937,related_to,semantic
edge_smt_9580,ent_937,ent_938,related_to,semantic
edge_smt_9581,ent_935,ent_946,related_to,semantic
edge_smt_9582,ent_932,ent_933,related_to,semantic
edge_smt_9583,ent_933,ent_934,related_to,semantic
edge_smt_9584,ent_1000,ent_1011,cites,semantic
edge_smt_9585,ent_1011,ent_996,regulates,semantic
edge_smt_9586,ent_996,ent_999,enables,semantic
edge_smt_9587,ent_999,ent_1002,has_condition,semantic
edge_smt_9588,ent_1023,ent_1027,regulates,semantic
edge_smt_9589,ent_1027,ent_1026,has_condition,semantic
edge_smt_9590,ent_1031,ent_1032,defines,semantic
edge_smt_9591,ent_1032,ent_1033,has_condition,semantic
edge_smt_9592,ent_1042,ent_1043,regulates,semantic
edge_smt_9593,ent_1043,ent_1034,prohibits,semantic
edge_smt_9594,ent_1052,ent_1053,related_to,semantic
edge_smt_9595,ent_1053,ent_1054,enables,semantic
edge_smt_9596,ent_1052,ent_1054,enables,semantic
edge_smt_9597,ent_1072,ent_1075,cites,semantic
edge_smt_9598,ent_1093,ent_1122,requires,semantic
edge_smt_9599,ent_1144,ent_1135,applies_to,semantic
edge_smt_9600,ent_1135,ent_1143,enables,semantic
edge_smt_9601,ent_1136,ent_1153,regulates,semantic
edge_smt_9602,ent_1153,ent_1147,has_condition,semantic
edge_smt_9603,ent_1164,ent_1169,defines,semantic
edge_smt_9604,ent_1169,ent_1163,regulates,semantic
edge_smt_9605,ent_1163,ent_1172,requires,semantic
edge_smt_9606,ent_1176,ent_1190,defines,semantic
edge_smt_9607,ent_1190,ent_1178,enables,semantic
edge_smt_9608,ent_1188,ent_1196,related_to,semantic
edge_smt_9609,ent_1196,ent_1198,requires,semantic
edge_smt_9610,ent_1188,ent_1198,requires,semantic
edge_smt_9611,ent_1202,ent_1208,defines,semantic
edge_smt_9612,ent_1208,ent_1199,applies_to,semantic
edge_smt_9613,ent_1199,ent_1200,defines,semantic
edge_smt_9614,ent_1200,ent_1214,applies_to,semantic
edge_smt_9615,ent_1214,ent_1201,applies_to,semantic
edge_smt_9616,ent_1201,ent_1205,requires,semantic
edge_smt_9617,ent_1205,ent_1207,involves,semantic
edge_smt_9618,ent_1207,ent_1204,involves,semantic
edge_smt_9619,ent_1204,ent_1211,cites,semantic
edge_smt_9620,ent_1208,ent_1200,defines,semantic
edge_smt_9621,ent_1214,ent_1205,requires,semantic
edge_smt_9622,ent_1218,ent_1252,results_in,semantic
edge_smt_9623,ent_1219,ent_1256,requires,semantic
edge_smt_9624,ent_1229,ent_1236,has_condition,semantic
edge_smt_9625,ent_1236,ent_1253,cites,semantic
edge_smt_9626,ent_1220,ent_1215,defines,semantic
edge_smt_9627,ent_1215,ent_1224,related_to,semantic
edge_smt_9628,ent_1224,ent_1247,involves,semantic
edge_smt_9629,ent_1221,ent_1243,requires,semantic
edge_smt_9630,ent_1222,ent_1244,requires,semantic
edge_smt_9631,ent_1308,ent_1304,has_exception,semantic
edge_smt_9632,ent_1315,ent_1317,defines,semantic
edge_smt_9633,ent_1317,ent_1314,defines,semantic
edge_smt_9634,ent_1314,ent_1318,regulates,semantic
edge_smt_9635,ent_1318,ent_1319,related_to,semantic
edge_smt_9636,ent_1321,ent_1322,involves,semantic
edge_smt_9637,ent_1343,ent_1341,has_condition,semantic
edge_smt_9638,ent_1341,ent_1347,enables,semantic
edge_smt_9639,ent_1365,ent_1366,involves,semantic
edge_smt_9640,ent_1366,ent_1364,has_exception,semantic
edge_smt_9641,ent_1364,ent_1367,cites,semantic
edge_smt_9642,ent_1365,ent_1364,has_exception,semantic
edge_smt_9643,ent_1372,ent_1371,related_to,semantic
edge_smt_9644,ent_1373,ent_1374,involves,semantic
edge_smt_9645,ent_1378,ent_1393,results_in,semantic
edge_smt_9646,ent_1393,ent_1388,cites,semantic
edge_smt_9647,ent_1388,ent_1380,results_in,semantic
edge_smt_9648,ent_1393,ent_1380,results_in,semantic
edge_smt_9649,ent_1396,ent_1403,results_in,semantic
edge_smt_9650,ent_1403,ent_1402,cites,semantic
edge_smt_9651,ent_1402,ent_1399,regulates,semantic
edge_smt_9652,ent_1403,ent_1399,regulates,semantic
edge_smt_9653,ent_1411,ent_1413,defines,semantic
edge_smt_9654,ent_1412,ent_1420,requires,semantic
edge_smt_9655,ent_1422,ent_1423,results_in,semantic
edge_smt_9656,ent_1424,ent_1425,involves,semantic
edge_smt_9657,ent_1425,ent_1429,cites,semantic
edge_smt_9658,ent_1432,ent_1433,involves,semantic
edge_smt_9659,ent_1433,ent_1437,cites,semantic
edge_smt_9660,ent_1440,ent_1441,related_to,semantic
edge_smt_9661,ent_1441,ent_1442,involves,semantic
edge_smt_9662,ent_1442,ent_1445,cites,semantic
edge_smt_9663,ent_1453,ent_1454,cites,semantic
edge_smt_9664,ent_1471,ent_1472,enables,semantic
edge_smt_9665,ent_1472,ent_1474,has_condition,semantic
edge_smt_9666,ent_1482,ent_1493,cites,semantic
edge_smt_9667,ent_1522,ent_1527,enables,semantic
edge_smt_9668,ent_1527,ent_1533,has_condition,semantic
edge_smt_9669,ent_1533,ent_1557,cites,semantic
edge_smt_9670,ent_1526,ent_1531,has_exception,semantic
edge_smt_9671,ent_1531,ent_1558,cites,semantic
edge_smt_9672,ent_1523,ent_1539,has_condition,semantic
edge_smt_9673,ent_1539,ent_1577,enables,semantic
edge_smt_9674,ent_1577,ent_1562,cites,semantic
edge_smt_9675,ent_1536,ent_1563,cites,semantic
edge_smt_9676,ent_1563,ent_1532,has_exception,semantic
edge_smt_9677,ent_1536,ent_1532,has_exception,semantic
edge_smt_9678,ent_1521,ent_1543,involves,semantic
edge_smt_9679,ent_1543,ent_1564,cites,semantic
edge_smt_9680,ent_1564,ent_1541,defines,semantic
edge_smt_9681,ent_1543,ent_1541,defines,semantic
edge_smt_9682,ent_1652,ent_1672,enables,semantic
edge_smt_9683,ent_1672,ent_1677,has_condition,semantic
edge_smt_9684,ent_1655,ent_1698,has_purpose,semantic
edge_smt_9685,ent_1698,ent_1706,involves,semantic
edge_smt_9686,ent_1706,ent_1662,involves,semantic
edge_smt_9687,ent_1663,ent_1712,not,semantic
edge_smt_9688,ent_1712,ent_1642,applies_to,semantic
edge_smt_9689,ent_1642,ent_1718,cites,semantic
edge_smt_9690,ent_1664,ent_1691,has_condition,semantic
edge_smt_9691,ent_1691,ent_1721,cites,semantic
edge_smt_9692,ent_1721,ent_1684,has_exception,semantic
edge_smt_9693,ent_1691,ent_1684,has_exception,semantic
edge_smt_9694,ent_1665,ent_1696,involves,semantic
edge_smt_9695,ent_1666,ent_1697,involves,semantic
edge_smt_9696,ent_1697,ent_1722,cites,semantic
edge_smt_9697,ent_1722,ent_1699,has_condition,semantic
edge_smt_9698,ent_1699,ent_1707,involves,semantic
edge_smt_9699,ent_1707,ent_1667,defines,semantic
edge_smt_9700,ent_1697,ent_1699,has_condition,semantic
edge_smt_9701,ent_1699,ent_1667,defines,semantic
edge_smt_9702,ent_1834,ent_1861,regulates,semantic
edge_smt_9703,ent_1861,ent_1832,regulates,semantic
edge_smt_9704,ent_1832,ent_1833,applies_to,semantic
edge_smt_9705,ent_1833,ent_1825,applies_to,semantic
edge_smt_9706,ent_1825,ent_1837,applies_to,semantic
edge_smt_9707,ent_1861,ent_1833,applies_to,semantic
edge_smt_9708,ent_1846,ent_1860,cites,semantic
edge_smt_9709,ent_1896,ent_1900,cites,semantic
edge_smt_9710,ent_1900,ent_1894,regulates,semantic
edge_smt_9711,ent_1894,ent_1905,requires,semantic
edge_smt_9712,ent_1914,ent_1908,has_exception,semantic
edge_smt_9713,ent_1908,ent_1910,cites,semantic
edge_smt_9714,ent_1950,ent_1947,cites,semantic
edge_smt_9715,ent_1955,ent_1976,involves,semantic
edge_smt_9716,ent_2004,ent_2010,defines,semantic
edge_smt_9717,ent_2014,ent_2011,regulates,semantic
edge_smt_9718,ent_2011,ent_2016,requires,semantic
edge_smt_9719,ent_2016,ent_2019,involves,semantic
edge_smt_9720,ent_2019,ent_2022,cites,semantic
edge_smt_9721,ent_2022,ent_2020,has_purpose,semantic
edge_smt_9722,ent_2019,ent_2020,has_purpose,semantic
edge_smt_9723,ent_2034,ent_2040,regulates,semantic
edge_smt_9724,ent_2040,ent_2046,regulates,semantic
edge_smt_9725,ent_2046,ent_2032,regulates,semantic
edge_smt_9726,ent_2032,ent_2035,involves,semantic
edge_smt_9727,ent_2077,ent_2082,cites,semantic
edge_smt_9728,ent_2092,ent_2097,cites,semantic
edge_smt_9729,ent_2107,ent_2115,cites,semantic
edge_smt_9730,ent_2140,ent_2134,regulates,semantic
edge_smt_9731,ent_2142,ent_2161,requires,semantic
edge_smt_9732,ent_2161,ent_2158,cites,semantic
edge_smt_9733,ent_2162,ent_2163,related_to,semantic
edge_smt_9734,ent_2163,ent_2165,requires,semantic
edge_smt_9735,ent_2176,ent_2167,related_to,semantic
edge_smt_9736,ent_2167,ent_2173,cites,semantic
edge_smt_9737,ent_2182,ent_2195,requires,semantic
edge_smt_9738,ent_2189,ent_2177,involves,semantic
edge_smt_9739,ent_2177,ent_2183,related_to,semantic
edge_smt_9740,ent_2183,ent_2184,related_to,semantic
edge_smt_9741,ent_2184,ent_2185,related_to,semantic
edge_smt_9742,ent_2183,ent_2185,related_to,semantic
edge_smt_9743,ent_2192,ent_2187,involves,semantic
edge_smt_9744,ent_2234,ent_2223,involves,semantic
edge_smt_9745,ent_2223,ent_2238,requires,semantic
edge_smt_9746,ent_2240,ent_2243,requires,semantic
edge_smt_9747,ent_2243,ent_2247,cites,semantic
edge_smt_9748,ent_2247,ent_2242,has_exception,semantic
edge_smt_9749,ent_2242,ent_2248,regulates,semantic
edge_smt_9750,ent_2243,ent_2242,has_exception,semantic
edge_smt_9751,ent_2276,ent_2274,defines,semantic
edge_smt_9752,ent_2295,ent_2305,results_in,semantic
edge_smt_9753,ent_2305,ent_2287,regulates,semantic
edge_smt_9754,ent_2287,ent_2310,requires,semantic
edge_smt_9755,ent_2310,ent_2292,has_exception,semantic
edge_smt_9756,ent_2292,ent_2296,regulates,semantic
edge_smt_9757,ent_2296,ent_2304,has_condition,semantic
edge_smt_9758,ent_2287,ent_2292,has_exception,semantic
edge_smt_9759,ent_2321,ent_2329,cites,semantic
edge_smt_9760,ent_2329,ent_2315,defines,semantic
edge_smt_9761,ent_2337,ent_2335,has_purpose,semantic
edge_smt_9762,ent_2335,ent_2333,related_to,semantic
edge_smt_9763,ent_2333,ent_2332,has_condition,semantic
edge_smt_9764,ent_2345,ent_2347,involves,semantic
edge_smt_9765,ent_2347,ent_2351,involves,semantic
edge_smt_9766,ent_2351,ent_2356,cites,semantic
edge_smt_9767,ent_2356,ent_2348,defines,semantic
edge_smt_9768,ent_2348,ent_2343,applies_to,semantic
edge_smt_9769,ent_2343,ent_2352,applies_to,semantic
edge_smt_9770,ent_2352,ent_2341,applies_to,semantic
edge_smt_9771,ent_2341,ent_2353,applies_to,semantic
edge_smt_9772,ent_2351,ent_2348,defines,semantic
edge_smt_9773,ent_2370,ent_2377,cites,semantic
edge_smt_9774,ent_2377,ent_2364,defines,semantic
edge_smt_9775,ent_2385,ent_2384,has_purpose,semantic
edge_smt_9776,ent_2384,ent_2381,related_to,semantic
edge_smt_9777,ent_2381,ent_2380,has_condition,semantic
edge_smt_9778,ent_2400,ent_2396,related_to,semantic
edge_smt_9779,ent_2451,ent_2444,related_to,semantic
edge_smt_9780,ent_2444,ent_2445,related_to,semantic
edge_smt_9781,ent_2445,ent_2446,related_to,semantic
edge_smt_9782,ent_2446,ent_2448,related_to,semantic
edge_smt_9783,ent_2448,ent_2443,related_to,semantic
edge_smt_9784,ent_2443,ent_2442,related_to,semantic
edge_smt_9785,ent_2442,ent_2441,enables,semantic
edge_smt_9786,ent_2441,ent_2440,has_condition,semantic
edge_smt_9787,ent_2443,ent_2441,enables,semantic
edge_smt_9788,ent_2454,ent_2468,requires,semantic
edge_smt_9789,ent_2468,ent_2469,requires,semantic
edge_smt_9790,ent_2469,ent_2455,has_condition,semantic
edge_smt_9791,ent_2455,ent_2457,involves,semantic
edge_smt_9792,ent_2468,ent_2455,has_condition,semantic
edge_smt_9793,ent_2461,ent_2459,has_condition,semantic
edge_smt_9794,ent_2456,ent_2464,involves,semantic
edge_smt_9795,ent_2502,ent_2494,involves,semantic
edge_smt_9796,ent_2494,ent_2499,involves,semantic
edge_smt_9797,ent_2499,ent_2503,defines,semantic
edge_smt_9798,ent_2494,ent_2503,defines,semantic
edge_smt_9799,ent_2534,ent_2539,involves,semantic
edge_smt_9800,ent_2539,ent_2532,involves,semantic
edge_smt_9801,ent_2532,ent_2538,related_to,semantic
edge_smt_9802,ent_2538,ent_2542,involves,semantic
edge_smt_9803,ent_2539,ent_2538,related_to,semantic
edge_smt_9804,ent_2536,ent_2546,cites,semantic
edge_smt_9805,ent_2533,ent_2541,involves,semantic
edge_smt_9806,ent_2541,ent_2544,results_in,semantic
edge_smt_9807,ent_2563,ent_2567,involves,semantic
edge_smt_9808,ent_2567,ent_2561,involves,semantic
edge_smt_9809,ent_2561,ent_2566,related_to,semantic
edge_smt_9810,ent_2566,ent_2570,cites,semantic
edge_smt_9811,ent_2567,ent_2566,related_to,semantic
edge_smt_9812,ent_2576,ent_2580,involves,semantic
edge_smt_9813,ent_2580,ent_2582,involves,semantic
edge_smt_9814,ent_2582,ent_2573,involves,semantic
edge_smt_9815,ent_2573,ent_2572,defines,semantic
edge_smt_9816,ent_2572,ent_2577,related_to,semantic
edge_smt_9817,ent_2577,ent_2574,defines,semantic
edge_smt_9818,ent_2574,ent_2579,involves,semantic
edge_smt_9819,ent_2579,ent_2575,involves,semantic
edge_smt_9820,ent_2575,ent_2581,involves,semantic
edge_smt_9821,ent_2581,ent_2583,involves,semantic
edge_smt_9822,ent_2582,ent_2572,defines,semantic
edge_smt_9823,ent_2572,ent_2574,defines,semantic
edge_smt_9824,ent_2592,ent_2596,involves,semantic
edge_smt_9825,ent_2593,ent_2600,has_condition,semantic
edge_smt_9826,ent_2600,ent_2599,results_in,semantic
edge_smt_9827,ent_2599,ent_2602,related_to,semantic
edge_smt_9828,ent_2602,ent_2603,requires,semantic
edge_smt_9829,ent_2615,ent_2623,prohibits,semantic
edge_smt_9830,ent_2618,ent_2631,applies_to,semantic
edge_smt_9831,ent_2654,ent_2659,prohibits,semantic
edge_smt_9832,ent_2663,ent_2665,requires,semantic
edge_smt_9833,ent_2666,ent_2670,regulates,semantic
edge_smt_9834,ent_2671,ent_2672,related_to,semantic
edge_smt_9835,ent_2672,ent_2675,requires,semantic
edge_smt_9836,ent_2781,ent_2784,cites,semantic
edge_smt_9837,ent_2799,ent_2798,has_condition,semantic
edge_smt_9838,ent_2809,ent_2802,involves,semantic
edge_smt_9839,ent_2802,ent_2808,not,semantic
edge_smt_9840,ent_2809,ent_2808,not,semantic
edge_smt_9841,ent_2843,ent_2841,has_condition,semantic
edge_smt_9842,ent_2853,ent_2854,enables,semantic
edge_smt_9843,ent_2854,ent_2856,involves,semantic
edge_smt_9844,ent_2863,ent_2868,involves,semantic
edge_smt_9845,ent_2868,ent_2861,involves,semantic
edge_smt_9846,ent_2887,ent_2892,involves,semantic
edge_smt_9847,ent_2892,ent_2893,involves,semantic
edge_smt_9848,ent_2893,ent_2886,applies_to,semantic
edge_smt_9849,ent_2886,ent_2888,applies_to,semantic
edge_smt_9850,ent_2893,ent_2888,applies_to,semantic
edge_smt_9851,ent_2889,ent_2890,has_condition,semantic
edge_smt_9852,ent_2894,ent_2896,applies_to,semantic
edge_smt_9853,ent_2896,ent_2897,involves,semantic
edge_smt_9854,ent_2898,ent_2899,defines,semantic
edge_smt_9855,ent_2899,ent_2900,has_purpose,semantic
edge_smt_9856,ent_2904,ent_2905,defines,semantic
edge_smt_9857,ent_2905,ent_2909,regulates,semantic
edge_smt_9858,ent_2909,ent_2906,involves,semantic
edge_smt_9859,ent_2910,ent_2915,defines,semantic
edge_smt_9860,ent_2914,ent_2912,cites,semantic
edge_smt_9861,ent_2919,ent_2920,related_to,semantic
edge_smt_9862,ent_2920,ent_2931,requires,semantic
edge_smt_9863,ent_2921,ent_2922,related_to,semantic
edge_smt_9864,ent_2922,ent_2925,applies_to,semantic
edge_smt_9865,ent_2925,ent_2917,involves,semantic
edge_smt_9866,ent_2917,ent_2932,regulates,semantic
edge_smt_9867,ent_2921,ent_2925,applies_to,semantic
edge_smt_9868,ent_2925,ent_2932,regulates,semantic
edge_smt_9869,ent_2939,ent_2937,enables,semantic
edge_smt_9870,ent_2943,ent_2947,requires,semantic
edge_smt_9871,ent_2947,ent_2945,has_condition,semantic
edge_smt_9872,ent_2943,ent_2945,has_condition,semantic
edge_smt_9873,ent_2951,ent_2954,requires,semantic
edge_smt_9874,ent_2954,ent_2953,has_condition,semantic
edge_smt_9875,ent_2980,ent_2985,applies_to,semantic
edge_smt_9876,ent_2985,ent_2984,related_to,semantic
edge_smt_9877,ent_2984,ent_2982,related_to,semantic
edge_smt_9878,ent_2982,ent_2983,related_to,semantic
edge_smt_9879,ent_2996,ent_2998,involves,semantic
edge_smt_9880,ent_2998,ent_2997,defines,semantic
edge_smt_9881,ent_2997,ent_3000,involves,semantic
edge_smt_9882,ent_3000,ent_2988,involves,semantic
edge_smt_9883,ent_2988,ent_2989,related_to,semantic
edge_smt_9884,ent_2989,ent_2987,related_to,semantic
edge_smt_9885,ent_2987,ent_2995,involves,semantic
edge_smt_9886,ent_2996,ent_2997,defines,semantic
edge_smt_9887,ent_2997,ent_2988,involves,semantic
edge_smt_9888,ent_2989,ent_2995,involves,semantic
edge_smt_9889,ent_3002,ent_3025,requires,semantic
edge_smt_9890,ent_3025,ent_3007,has_condition,semantic
edge_smt_9891,ent_3044,ent_3045,related_to,semantic
edge_smt_9892,ent_3045,ent_3043,related_to,semantic
edge_smt_9893,ent_3043,ent_3050,involves,semantic
edge_smt_9894,ent_3050,ent_3049,has_exception,semantic
edge_smt_9895,ent_3043,ent_3049,has_exception,semantic
edge_smt_9896,ent_3052,ent_3053,regulates,semantic
edge_smt_9897,ent_3053,ent_3055,involves,semantic
edge_smt_9898,ent_3055,ent_3054,related_to,semantic
edge_smt_9899,ent_3057,ent_3064,requires,semantic
edge_smt_9900,ent_3064,ent_3059,cites,semantic
edge_smt_9901,ent_3078,ent_3088,involves,semantic
edge_smt_9902,ent_3088,ent_3086,has_purpose,semantic
edge_smt_9903,ent_3086,ent_3095,involves,semantic
edge_smt_9904,ent_3095,ent_3067,involves,semantic
edge_smt_9905,ent_3078,ent_3086,has_purpose,semantic
edge_smt_9906,ent_3126,ent_3130,related_to,semantic
edge_smt_9907,ent_3130,ent_3131,related_to,semantic
edge_smt_9908,ent_3131,ent_3132,related_to,semantic
edge_smt_9909,ent_3132,ent_3133,related_to,semantic
edge_smt_9910,ent_3133,ent_3128,related_to,semantic
edge_smt_9911,ent_3137,ent_3135,related_to,semantic
edge_smt_9912,ent_3135,ent_3136,related_to,semantic
edge_smt_9913,ent_3136,ent_3134,involves,semantic
edge_smt_9914,ent_3148,ent_3147,related_to,semantic
edge_smt_9915,ent_3163,ent_3171,enables,semantic
edge_smt_9916,ent_3171,ent_3176,cites,semantic
edge_smt_9917,ent_3199,ent_3191,regulates,semantic
edge_smt_9918,ent_3191,ent_3195,enables,semantic
edge_smt_9919,ent_3178,ent_3202,enables,semantic
edge_smt_9920,ent_3217,ent_3214,regulates,semantic
edge_smt_9921,ent_3214,ent_3216,enables,semantic
edge_smt_9922,ent_3223,ent_3226,regulates,semantic
edge_smt_9923,ent_3265,ent_3235,regulates,semantic
edge_smt_9924,ent_3235,ent_3246,enables,semantic
edge_smt_9925,ent_3266,ent_3241,involves,semantic
edge_smt_9926,ent_3241,ent_3242,related_to,semantic
edge_smt_9927,ent_3288,ent_3285,regulates,semantic
edge_smt_9928,ent_3312,ent_3327,cites,semantic
edge_smt_9929,ent_3327,ent_3298,involves,semantic
edge_smt_9930,ent_3298,ent_3305,related_to,semantic
edge_smt_9931,ent_3305,ent_3309,enables,semantic
edge_smt_9932,ent_3312,ent_3298,involves,semantic
edge_smt_9933,ent_3299,ent_3331,requires,semantic
edge_smt_9934,ent_3354,ent_3343,has_exception,semantic
edge_smt_9935,ent_3377,ent_3373,has_condition,semantic
edge_smt_9936,ent_3373,ent_3375,related_to,semantic
edge_smt_9937,ent_3385,ent_3407,enables,semantic
edge_smt_9938,ent_3386,ent_3412,regulates,semantic
edge_smt_9939,ent_3390,ent_3406,prohibits,semantic
edge_smt_9940,ent_3417,ent_3429,involves,semantic
edge_smt_9941,ent_3429,ent_3428,related_to,semantic
edge_smt_9942,ent_3428,ent_3427,related_to,semantic
edge_smt_9943,ent_3441,ent_3446,cites,semantic
edge_smt_9944,ent_3447,ent_3436,regulates,semantic
edge_smt_9945,ent_3448,ent_3437,regulates,semantic
edge_smt_9946,ent_3437,ent_3443,related_to,semantic
edge_smt_9947,ent_3448,ent_3443,related_to,semantic
edge_smt_9948,ent_3483,ent_3490,cites,semantic
edge_smt_9949,ent_3495,ent_3501,cites,semantic
edge_smt_9950,ent_3518,ent_3515,cites,semantic
edge_smt_9951,ent_3544,ent_3548,involves,semantic
edge_smt_9952,ent_3548,ent_3547,has_condition,semantic
edge_smt_9953,ent_3561,ent_3567,involves,semantic
edge_smt_9954,ent_3605,ent_3609,regulates,semantic
edge_smt_9955,ent_3609,ent_3608,involves,semantic
edge_smt_9956,ent_3610,ent_3613,involves,semantic
edge_smt_9957,ent_3613,ent_3612,related_to,semantic
edge_smt_9958,ent_3619,ent_3618,related_to,semantic
edge_smt_9959,ent_3641,ent_3637,cites,semantic
edge_smt_9960,ent_3648,ent_3647,defines,semantic
edge_smt_9961,ent_3649,ent_3650,defines,semantic
edge_smt_9962,ent_3650,ent_3651,related_to,semantic
edge_smt_9963,ent_3651,ent_3652,related_to,semantic
edge_smt_9964,ent_3652,ent_3653,related_to,semantic
edge_smt_9965,ent_3660,ent_3659,prohibits,semantic
edge_smt_9966,ent_3676,ent_3662,requires,semantic
edge_smt_9967,ent_3716,ent_3712,requires,semantic
edge_smt_9968,ent_3730,ent_3739,prohibits,semantic
edge_smt_9969,ent_3759,ent_3751,involves,semantic
edge_smt_9970,ent_3751,ent_3757,involves,semantic
edge_smt_9971,ent_3775,ent_3784,requires,semantic
edge_smt_9972,ent_3784,ent_3781,cites,semantic
edge_smt_9973,ent_3803,ent_3793,involves,semantic
edge_smt_9974,ent_3793,ent_3801,involves,semantic
edge_smt_9975,ent_3805,ent_3798,has_condition,semantic
edge_smt_9976,ent_3823,ent_3821,has_condition,semantic
edge_smt_9977,ent_3824,ent_3825,related_to,semantic
edge_smt_9978,ent_3825,ent_3822,has_condition,semantic
edge_smt_9979,ent_3824,ent_3822,has_condition,semantic
edge_smt_9980,ent_3839,ent_3830,has_condition,semantic
edge_smt_9981,ent_3833,ent_3837,involves,semantic
edge_smt_9982,ent_3834,ent_3835,enables,semantic
edge_smt_9983,ent_3842,ent_3851,requires,semantic
edge_smt_9984,ent_3852,ent_3865,violates,semantic
edge_smt_9985,ent_3865,ent_3869,requires,semantic
edge_smt_9986,ent_3876,ent_3871,enables,semantic
edge_smt_9987,ent_3882,ent_3873,related_to,semantic
edge_smt_9988,ent_3873,ent_3887,cites,semantic
edge_smt_9989,ent_3890,ent_3889,related_to,semantic
edge_smt_9990,ent_3889,ent_3897,enables,semantic
edge_smt_9991,ent_3897,ent_3909,cites,semantic
edge_smt_9992,ent_3909,ent_3903,cites,semantic
edge_smt_9993,ent_3903,ent_3905,modifies,semantic
edge_smt_9994,ent_3905,ent_3906,has_purpose,semantic
edge_smt_9995,ent_3897,ent_3903,cites,semantic
edge_smt_9996,ent_3916,ent_3921,cites,semantic
edge_smt_9997,ent_3939,ent_3948,applies_to,semantic
edge_smt_9998,ent_3948,ent_3949,related_to,semantic
edge_smt_9999,ent_3949,ent_3950,lack,semantic
edge_smt_10000,ent_3950,ent_3946,enables,semantic
edge_smt_10001,ent_3948,ent_3950,lack,semantic
edge_smt_10002,ent_3960,ent_3967,involves,semantic
edge_smt_10003,ent_3982,ent_3981,requires,semantic
edge_smt_10004,ent_3983,ent_3980,related_to,semantic
edge_smt_10005,ent_3992,ent_3993,related_to,semantic
edge_smt_10006,ent_3993,ent_3985,involves,semantic
edge_smt_10007,ent_3985,ent_3989,related_to,semantic
edge_smt_10008,ent_3989,ent_3994,cites,semantic
edge_smt_10009,ent_3993,ent_3989,related_to,semantic
edge_smt_10010,ent_4008,ent_3999,applies_to,semantic
edge_smt_10011,ent_3999,ent_3996,related_to,semantic
edge_smt_10012,ent_3996,ent_4010,involves,semantic
edge_smt_10013,ent_4010,ent_3998,involves,semantic
edge_smt_10014,ent_3998,ent_4009,regulates,semantic
edge_smt_10015,ent_4010,ent_4009,regulates,semantic
edge_smt_10016,ent_4023,ent_4030,enables,semantic
edge_smt_10017,ent_4030,ent_4031,related_to,semantic
edge_smt_10018,ent_4031,ent_4021,has_condition,semantic
edge_smt_10019,ent_4021,ent_4019,related_to,semantic
edge_smt_10020,ent_4019,ent_4029,defines,semantic
edge_smt_10021,ent_4029,ent_4034,cites,semantic
edge_smt_10022,ent_4030,ent_4021,has_condition,semantic
edge_smt_10023,ent_4021,ent_4029,defines,semantic
edge_smt_10024,ent_4046,ent_4052,involves,semantic
edge_smt_10025,ent_4052,ent_4053,related_to,semantic
edge_smt_10026,ent_4053,ent_4040,has_condition,semantic
edge_smt_10027,ent_4040,ent_4038,related_to,semantic
edge_smt_10028,ent_4038,ent_4049,defines,semantic
edge_smt_10029,ent_4046,ent_4053,related_to,semantic
edge_smt_10030,ent_4040,ent_4049,defines,semantic
edge_smt_10031,ent_4064,ent_4061,applies_to,semantic
edge_smt_10032,ent_4083,ent_4076,defines,semantic
edge_smt_10033,ent_4076,ent_4081,involves,semantic
edge_smt_10034,ent_4081,ent_4077,involves,semantic
edge_smt_10035,ent_4077,ent_4080,involves,semantic
edge_smt_10036,ent_4092,ent_4093,related_to,semantic
edge_smt_10037,ent_4093,ent_4094,related_to,semantic
edge_smt_10038,ent_4094,ent_4090,prohibits,semantic
edge_smt_10039,ent_4095,ent_4102,requires,semantic
edge_smt_10040,ent_4110,ent_4109,defines,semantic
edge_smt_10041,ent_4109,ent_4106,enables,semantic
edge_smt_10042,ent_4114,ent_4113,related_to,semantic
edge_smt_10043,ent_4121,ent_4115,regulates,semantic
edge_smt_10044,ent_4122,ent_4123,related_to,semantic
edge_smt_10045,ent_4120,ent_4124,related_to,semantic
edge_smt_10046,ent_4117,ent_4116,involves,semantic
edge_smt_10047,ent_4126,ent_4127,involves,semantic
edge_smt_10048,ent_4133,ent_4128,defines,semantic
edge_smt_10049,ent_4128,ent_4132,involves,semantic
edge_smt_10050,ent_4132,ent_4131,related_to,semantic
edge_smt_10051,ent_4131,ent_4130,has_condition,semantic
edge_smt_10052,ent_4137,ent_4143,defines,semantic
edge_smt_10053,ent_4143,ent_4136,defines,semantic
edge_smt_10054,ent_4136,ent_4139,related_to,semantic
edge_smt_10055,ent_4139,ent_4135,related_to,semantic
edge_smt_10056,ent_4144,ent_4145,regulates,semantic
edge_smt_10057,ent_4145,ent_4147,involves,semantic
edge_smt_10058,ent_4147,ent_4146,related_to,semantic
edge_smt_10059,ent_4148,ent_4162,requires,semantic
edge_smt_10060,ent_4169,ent_4166,defines,semantic
edge_smt_10061,ent_4177,ent_4196,requires,semantic
edge_smt_10062,ent_4196,ent_4186,has_condition,semantic
edge_smt_10063,ent_4186,ent_4188,involves,semantic
edge_smt_10064,ent_4188,ent_4189,related_to,semantic
edge_smt_10065,ent_4189,ent_4187,related_to,semantic
edge_smt_10066,ent_4177,ent_4186,has_condition,semantic
edge_smt_10067,ent_4190,ent_4191,related_to,semantic
edge_smt_10068,ent_4191,ent_4194,related_to,semantic
edge_smt_10069,ent_4194,ent_4197,requires,semantic
edge_smt_10070,ent_4198,ent_4212,requires,semantic
edge_smt_10071,ent_4213,ent_4218,prohibits,semantic
edge_smt_10072,ent_4222,ent_4226,involves,semantic
edge_smt_10073,ent_4226,ent_4228,involves,semantic
edge_smt_10074,ent_4228,ent_4223,involves,semantic
edge_smt_10075,ent_4223,ent_4229,cites,semantic
edge_smt_10076,ent_4229,ent_4224,has_condition,semantic
edge_smt_10077,ent_4224,ent_4227,involves,semantic
edge_smt_10078,ent_4227,ent_4230,related_to,semantic
edge_smt_10079,ent_4228,ent_4229,cites,semantic
edge_smt_10080,ent_4241,ent_4240,involves,semantic
edge_smt_10081,ent_4240,ent_4242,related_to,semantic
edge_smt_10082,ent_4242,ent_4239,involves,semantic
edge_smt_10083,ent_4239,ent_4233,involves,semantic
edge_smt_10084,ent_4233,ent_4243,involves,semantic
edge_smt_10085,ent_4243,ent_4237,has_condition,semantic
edge_smt_10086,ent_4239,ent_4243,involves,semantic
edge_smt_10087,ent_4249,ent_4251,involves,semantic
edge_smt_10088,ent_4251,ent_4244,involves,semantic
edge_smt_10089,ent_4244,ent_4256,requires,semantic
edge_smt_10090,ent_4257,ent_4258,related_to,semantic
edge_smt_10091,ent_4258,ent_4259,involves,semantic
edge_smt_10092,ent_4276,ent_4268,enables,semantic
edge_smt_10093,ent_4283,ent_4293,involves,semantic
edge_smt_10094,ent_4293,ent_4288,has_condition,semantic
edge_smt_10095,ent_4288,ent_4286,enables,semantic
edge_smt_10096,ent_4297,ent_4303,involves,semantic
edge_smt_10097,ent_4303,ent_4296,applies_to,semantic
edge_smt_10098,ent_4296,ent_4299,applies_to,semantic
edge_smt_10099,ent_4302,ent_4304,involves,semantic
edge_smt_10100,ent_4304,ent_4298,involves,semantic
edge_smt_10101,ent_4298,ent_4300,involves,semantic
edge_smt_10102,ent_4307,ent_4317,involves,semantic
edge_smt_10103,ent_4317,ent_4312,has_condition,semantic
edge_smt_10104,ent_4312,ent_4313,related_to,semantic
edge_smt_10105,ent_4313,ent_4309,enables,semantic
edge_smt_10106,ent_4310,ent_4306,applies_to,semantic
edge_smt_10107,ent_4306,ent_4319,enables,semantic
edge_smt_10108,ent_4319,ent_4314,has_condition,semantic
edge_smt_10109,ent_4314,ent_4321,involves,semantic
edge_smt_10110,ent_4310,ent_4319,enables,semantic
edge_smt_10111,ent_4335,ent_4328,applies_to,semantic
edge_smt_10112,ent_4328,ent_4347,requires,semantic
edge_smt_10113,ent_4348,ent_4354,involves,semantic
edge_smt_10114,ent_4358,ent_4362,enables,semantic
edge_smt_10115,ent_4362,ent_4353,has_condition,semantic
edge_smt_10116,ent_4353,ent_4363,has_exception,semantic
edge_smt_10117,ent_4363,ent_4364,enables,semantic
edge_smt_10118,ent_4364,ent_4352,has_condition,semantic
edge_smt_10119,ent_4362,ent_4363,has_exception,semantic
edge_smt_10120,ent_4375,ent_4378,involves,semantic
edge_smt_10121,ent_4378,ent_4376,enables,semantic
edge_smt_10122,ent_4385,ent_4388,involves,semantic
edge_smt_10123,ent_4388,ent_4389,related_to,semantic
edge_smt_10124,ent_4389,ent_4393,involves,semantic
edge_smt_10125,ent_4393,ent_4386,regulates,semantic
edge_smt_10126,ent_4386,ent_4387,enables,semantic
edge_smt_10127,ent_4389,ent_4386,regulates,semantic
edge_smt_10128,ent_4402,ent_4400,applies_to,semantic
edge_smt_10129,ent_4400,ent_4401,enables,semantic
edge_smt_10130,ent_4414,ent_4409,enables,semantic
edge_smt_10131,ent_4407,ent_4422,requires,semantic
edge_smt_10132,ent_4422,ent_4411,related_to,semantic
edge_smt_10133,ent_4433,ent_4429,applies_to,semantic
edge_smt_10134,ent_4429,ent_4449,related_to,semantic
edge_smt_10135,ent_4449,ent_4436,involves,semantic
edge_smt_10136,ent_4436,ent_4434,has_condition,semantic
edge_smt_10137,ent_4433,ent_4449,related_to,semantic
edge_smt_10138,ent_4476,ent_4482,defines,semantic
edge_smt_10139,ent_4494,ent_4508,cites,semantic
edge_smt_10140,ent_4510,ent_4514,enables,semantic
edge_smt_10141,ent_4514,ent_4511,cites,semantic
edge_smt_10142,ent_4511,ent_4513,involves,semantic
edge_smt_10143,ent_4521,ent_4539,requires,semantic
edge_smt_10144,ent_4520,ent_4538,applies_to,semantic
edge_smt_10145,ent_4538,ent_4526,prohibits,semantic
edge_smt_10146,ent_4541,ent_4542,applies_to,semantic
edge_smt_10147,ent_4542,ent_4543,enables,semantic
edge_smt_10148,ent_4541,ent_4543,enables,semantic
edge_smt_10149,ent_4544,ent_4547,requires,semantic
edge_smt_10150,ent_4547,ent_4546,involves,semantic
edge_smt_10151,ent_4546,ent_4554,has_purpose,semantic
edge_smt_10152,ent_4554,ent_4545,defines,semantic
edge_smt_10153,ent_4545,ent_4551,applies_to,semantic
edge_smt_10154,ent_4547,ent_4554,has_purpose,semantic
edge_smt_10155,ent_4555,ent_4556,enables,semantic
edge_smt_10156,ent_4570,ent_4559,applies_to,semantic
edge_smt_10157,ent_4559,ent_4564,applies_to,semantic
edge_smt_10158,ent_4578,ent_4574,defines,semantic
edge_smt_10159,ent_4574,ent_4579,involves,semantic
edge_smt_10160,ent_4579,ent_4575,involves,semantic
edge_smt_10161,ent_4575,ent_4577,cites,semantic
edge_smt_10162,ent_4577,ent_4576,involves,semantic
edge_smt_10163,ent_4579,ent_4577,cites,semantic
edge_smt_10164,ent_4595,ent_4584,involves,semantic
edge_smt_10165,ent_4584,ent_4593,regulates,semantic
edge_smt_10166,ent_4593,ent_4591,has_condition,semantic
edge_smt_10167,ent_4595,ent_4593,regulates,semantic
edge_smt_10168,ent_4603,ent_4602,prohibits,semantic
edge_smt_10169,ent_4612,ent_4617,enables,semantic
edge_smt_10170,ent_4613,ent_4621,involves,semantic
edge_smt_10171,ent_4627,ent_4629,requires,semantic
edge_smt_10172,ent_4630,ent_4635,cites,semantic
edge_smt_10173,ent_4646,ent_4647,involves,semantic
edge_smt_10174,ent_4647,ent_4655,defines,semantic
edge_smt_10175,ent_4664,ent_4660,has_exception,semantic
edge_smt_10176,ent_4700,ent_4701,involves,semantic
edge_smt_10177,ent_4701,ent_4696,defines,semantic
edge_smt_10178,ent_4696,ent_4698,related_to,semantic
edge_smt_10179,ent_4698,ent_4714,applies_to,semantic
edge_smt_10180,ent_4714,ent_4703,has_condition,semantic
edge_smt_10181,ent_4696,ent_4714,applies_to,semantic
edge_smt_10182,ent_4741,ent_4743,involves,semantic
edge_smt_10183,ent_4743,ent_4740,regulates,semantic
edge_smt_10184,ent_4740,ent_4744,requires,semantic
edge_smt_10185,ent_4741,ent_4740,regulates,semantic
edge_smt_10186,ent_4746,ent_4748,cites,semantic
edge_smt_10187,ent_4755,ent_4753,has_exception,semantic
edge_smt_10188,ent_4753,ent_4759,cites,semantic
edge_smt_10189,ent_4768,ent_4777,defines,semantic
edge_smt_10190,ent_4777,ent_4778,cites,semantic
edge_smt_10191,ent_4778,ent_4761,applies_to,semantic
edge_smt_10192,ent_4761,ent_4767,related_to,semantic
edge_smt_10193,ent_4767,ent_4770,applies_to,semantic
edge_smt_10194,ent_4781,ent_4783,involves,semantic
edge_smt_10195,ent_4789,ent_4791,enables,semantic
edge_smt_10196,ent_4799,ent_4800,enables,semantic
edge_smt_10197,ent_4805,ent_4807,cites,semantic
edge_smt_10198,ent_4807,ent_4803,regulates,semantic
edge_smt_10199,ent_4803,ent_4804,enables,semantic
edge_smt_10200,ent_4835,ent_4837,enables,semantic
edge_smt_10201,ent_4833,ent_4814,related_to,semantic
edge_smt_10202,ent_4840,ent_4815,applies_to,semantic
edge_smt_10203,ent_4815,ent_4827,related_to,semantic
edge_smt_10204,ent_4841,ent_4817,applies_to,semantic
edge_smt_10205,ent_4817,ent_4824,related_to,semantic
edge_smt_10206,ent_4842,ent_4819,applies_to,semantic
edge_smt_10207,ent_4819,ent_4825,related_to,semantic
edge_smt_10208,ent_4825,ent_4811,related_to,semantic
edge_smt_10209,ent_4843,ent_4822,applies_to,semantic
edge_smt_10210,ent_4822,ent_4826,related_to,semantic
edge_smt_10211,ent_4877,ent_4878,cites,semantic
edge_smt_10212,ent_4878,ent_4879,regulates,semantic
edge_smt_10213,ent_4890,ent_4883,defines,semantic
edge_smt_10214,ent_4883,ent_4889,applies_to,semantic
edge_smt_10215,ent_4889,ent_4892,enables,semantic
edge_smt_10216,ent_4885,ent_4897,defines,semantic
edge_smt_10217,ent_4886,ent_4898,defines,semantic
edge_smt_10218,ent_4930,ent_4927,defines,semantic
edge_smt_10219,ent_4927,ent_4929,applies_to,semantic
edge_smt_10220,ent_4929,ent_4931,involves,semantic
edge_smt_10221,ent_4931,ent_4928,applies_to,semantic
edge_smt_10222,ent_4928,ent_4932,has_condition,semantic
edge_smt_10223,ent_4931,ent_4932,has_condition,semantic
edge_smt_10224,ent_4947,ent_4945,regulates,semantic
edge_smt_10225,ent_4945,ent_4952,applies_to,semantic
edge_smt_10226,ent_4951,ent_4953,enables,semantic
edge_smt_10227,ent_4958,ent_4960,applies_to,semantic
edge_smt_10228,ent_4960,ent_4961,related_to,semantic
edge_smt_10229,ent_4961,ent_4962,involves,semantic
edge_smt_10230,ent_4962,ent_4959,involves,semantic
edge_smt_10231,ent_4959,ent_4963,enables,semantic
edge_smt_10232,ent_4963,ent_4965,cites,semantic
edge_smt_10233,ent_4962,ent_4963,enables,semantic
edge_smt_10234,ent_4974,ent_4976,related_to,semantic
edge_smt_10235,ent_4976,ent_4973,enables,semantic
edge_smt_10236,ent_4982,ent_4983,enables,semantic
edge_smt_10237,ent_4983,ent_4986,has_condition,semantic
edge_smt_10238,ent_5006,ent_5007,enables,semantic
edge_smt_10239,ent_5012,ent_5013,enables,semantic
edge_smt_10240,ent_5015,ent_5022,requires,semantic
edge_smt_10241,ent_5022,ent_5017,has_condition,semantic
edge_smt_10242,ent_5017,ent_5021,involves,semantic
edge_smt_10243,ent_5030,ent_5026,prohibits,semantic
edge_smt_10244,ent_5031,ent_5033,defines,semantic
edge_smt_10245,ent_5033,ent_5037,related_to,semantic
edge_smt_10246,ent_5087,ent_5089,requires,semantic
edge_smt_10247,ent_5092,ent_5095,has_condition,semantic
edge_smt_10248,ent_5095,ent_5097,enables,semantic
edge_smt_10249,ent_5124,ent_5125,requires,semantic
edge_smt_10250,ent_5125,ent_5126,related_to,semantic
edge_smt_10251,ent_5126,ent_5123,requires,semantic
edge_smt_10252,ent_5127,ent_5128,applies_to,semantic
edge_smt_10253,ent_5131,ent_5133,involves,semantic
edge_smt_10254,ent_5133,ent_5132,involves,semantic
edge_smt_10255,ent_5135,ent_5145,has_condition,semantic
edge_smt_10256,ent_5152,ent_5165,requires,semantic
edge_smt_10257,ent_5156,ent_5167,requires,semantic
edge_smt_10258,ent_5212,ent_5220,involves,semantic
edge_smt_10259,ent_5219,ent_5207,involves,semantic
edge_smt_10260,ent_5206,ent_5218,involves,semantic
edge_smt_10261,ent_5218,ent_5222,cites,semantic
edge_smt_10262,ent_5210,ent_5221,involves,semantic
edge_smt_10263,ent_5221,ent_5216,has_condition,semantic
edge_smt_10264,ent_5252,ent_5254,regulates,semantic
edge_smt_10265,ent_5270,ent_5273,cites,semantic
edge_smt_10266,ent_5273,ent_5271,defines,semantic
edge_smt_10267,ent_5271,ent_5269,enables,semantic
edge_smt_10268,ent_5277,ent_5279,requires,semantic
edge_smt_10269,ent_5283,ent_5280,applies_to,semantic
edge_smt_10270,ent_5284,ent_5285,involves,semantic
edge_smt_10271,ent_5288,ent_5290,violates,semantic
edge_smt_10272,ent_5290,ent_5293,involves,semantic
edge_smt_10273,ent_5293,ent_5294,related_to,semantic
edge_smt_10274,ent_5294,ent_5289,involves,semantic
edge_smt_10275,ent_5297,ent_5306,results_in,semantic
edge_smt_10276,ent_5299,ent_5302,cites,semantic
edge_smt_10277,ent_5315,ent_5318,involves,semantic
edge_smt_10278,ent_5326,ent_5333,results_in,semantic
edge_smt_10279,ent_5333,ent_5327,has_condition,semantic
edge_smt_10280,ent_5335,ent_5343,results_in,semantic
edge_smt_10281,ent_5343,ent_5340,has_condition,semantic
edge_smt_10282,ent_5359,ent_5367,enables,semantic
edge_smt_10283,ent_5367,ent_5361,has_condition,semantic
edge_smt_10284,ent_5359,ent_5361,has_condition,semantic
edge_smt_10285,ent_5437,ent_5451,defines,semantic
edge_smt_10286,ent_5451,ent_5435,involves,semantic
edge_smt_10287,ent_5435,ent_5459,requires,semantic
edge_smt_10288,ent_5459,ent_5454,cites,semantic
edge_smt_10289,ent_5454,ent_5436,regulates,semantic
edge_smt_10290,ent_5443,ent_5453,cites,semantic
edge_smt_10291,ent_5463,ent_5461,defines,semantic
edge_smt_10292,ent_5461,ent_5472,involves,semantic
edge_smt_10293,ent_5472,ent_5462,involves,semantic
edge_smt_10294,ent_5462,ent_5475,applies_to,semantic
edge_smt_10295,ent_5472,ent_5475,applies_to,semantic
edge_smt_10296,ent_5485,ent_5484,violates,semantic
edge_smt_10297,ent_5486,ent_5489,regulates,semantic
edge_smt_10298,ent_5491,ent_5492,regulates,semantic
edge_smt_10299,ent_5494,ent_5495,involves,semantic
edge_smt_10300,ent_5497,ent_5502,requires,semantic
edge_smt_10301,ent_5503,ent_5511,requires,semantic
edge_smt_10302,ent_5510,ent_5506,involves,semantic
edge_smt_10303,ent_5518,ent_5520,has_purpose,semantic
edge_smt_10304,ent_5520,ent_5519,related_to,semantic
edge_smt_10305,ent_5519,ent_5522,involves,semantic
edge_smt_10306,ent_5522,ent_5521,defines,semantic
edge_smt_10307,ent_5519,ent_5521,defines,semantic
edge_smt_10308,ent_5526,ent_5524,defines,semantic
edge_smt_10309,ent_5524,ent_5525,has_purpose,semantic
edge_smt_10310,ent_5529,ent_5530,cites,semantic
edge_smt_10311,ent_5533,ent_5534,related_to,semantic
edge_smt_10312,ent_5534,ent_5532,involves,semantic
edge_smt_10313,ent_5546,ent_5544,involves,semantic
edge_smt_10314,ent_5550,ent_5549,applies_to,semantic
edge_smt_10315,ent_5553,ent_5554,prohibits,semantic
edge_smt_10316,ent_5554,ent_5566,involves,semantic
edge_smt_10317,ent_5566,ent_5560,has_condition,semantic
edge_smt_10318,ent_5563,ent_5559,has_exception,semantic
edge_smt_10319,ent_5581,ent_5590,involves,semantic
edge_smt_10320,ent_5590,ent_5582,enables,semantic
edge_smt_10321,ent_5608,ent_5642,prohibits,semantic
edge_smt_10322,ent_5642,ent_5621,has_condition,semantic
edge_smt_10323,ent_5650,ent_5651,has_condition,semantic
edge_smt_10324,ent_5659,ent_5668,has_condition,semantic
edge_smt_10325,ent_5668,ent_5662,has_condition,semantic
edge_smt_10326,ent_5659,ent_5662,has_condition,semantic
edge_smt_10327,ent_5689,ent_5705,involves,semantic
edge_smt_10328,ent_5714,ent_5726,related_to,semantic
edge_smt_10329,ent_5726,ent_5718,has_condition,semantic
edge_smt_10330,ent_5713,ent_5717,enables,semantic
edge_smt_10331,ent_5731,ent_5727,involves,semantic
edge_smt_10332,ent_5727,ent_5729,enables,semantic
edge_smt_10333,ent_5729,ent_5732,cites,semantic
edge_smt_10334,ent_5737,ent_5734,regulates,semantic
edge_smt_10335,ent_5734,ent_5738,enables,semantic
edge_smt_10336,ent_5738,ent_5735,has_condition,semantic
edge_smt_10337,ent_5753,ent_5745,regulates,semantic
edge_smt_10338,ent_5745,ent_5739,defines,semantic
edge_smt_10339,ent_5739,ent_5743,applies_to,semantic
edge_smt_10340,ent_5743,ent_5761,requires,semantic
edge_smt_10341,ent_5752,ent_5760,cites,semantic
edge_smt_10342,ent_5766,ent_5770,has_condition,semantic
edge_smt_10343,ent_5770,ent_5764,applies_to,semantic
edge_smt_10344,ent_5764,ent_5771,has_condition,semantic
edge_smt_10345,ent_5771,ent_5767,applies_to,semantic
edge_smt_10346,ent_5767,ent_5772,has_condition,semantic
edge_smt_10347,ent_5772,ent_5765,applies_to,semantic
edge_smt_10348,ent_5765,ent_5763,defines,semantic
edge_smt_10349,ent_5763,ent_5776,has_condition,semantic
edge_smt_10350,ent_5776,ent_5769,enables,semantic
edge_smt_10351,ent_5769,ent_5779,cites,semantic
edge_smt_10352,ent_5772,ent_5763,defines,semantic
edge_smt_10353,ent_5780,ent_5784,regulates,semantic
edge_smt_10354,ent_5784,ent_5783,has_condition,semantic
edge_smt_10355,ent_5785,ent_5797,requires,semantic
edge_smt_10356,ent_5797,ent_5796,cites,semantic
edge_smt_10357,ent_5796,ent_5795,defines,semantic
edge_smt_10358,ent_5797,ent_5795,defines,semantic
edge_smt_10359,ent_5800,ent_5801,prohibits,semantic
edge_smt_10360,ent_5801,ent_5806,cites,semantic
edge_smt_10361,ent_5811,ent_5813,requires,semantic
edge_smt_10362,ent_5813,ent_5809,applies_to,semantic
edge_smt_10363,ent_5816,ent_5817,requires,semantic
edge_smt_10364,ent_5817,ent_5820,cites,semantic
edge_smt_10365,ent_5827,ent_5830,has_condition,semantic
edge_smt_10366,ent_5833,ent_5836,requires,semantic
edge_smt_10367,ent_5835,ent_5834,defines,semantic
edge_smt_10368,ent_5837,ent_5839,requires,semantic
edge_smt_10369,ent_5842,ent_5847,defines,semantic
edge_smt_10370,ent_5847,ent_5859,requires,semantic
edge_smt_10371,ent_5859,ent_5857,cites,semantic
edge_smt_10372,ent_5879,ent_5881,defines,semantic
edge_smt_10373,ent_5881,ent_5884,cites,semantic
edge_smt_10374,ent_5889,ent_5892,prohibits,semantic
edge_smt_10375,ent_5910,ent_5904,involves,semantic
edge_smt_10376,ent_5904,ent_5905,prohibits,semantic
edge_smt_10377,ent_5925,ent_5918,involves,semantic
edge_smt_10378,ent_5918,ent_5921,prohibits,semantic
edge_smt_10379,ent_5919,ent_5922,enables,semantic
edge_smt_10380,ent_5922,ent_5916,applies_to,semantic
edge_smt_10381,ent_5943,ent_5946,involves,semantic
edge_smt_10382,ent_5958,ent_5961,regulates,semantic
edge_smt_10383,ent_5964,ent_5966,defines,semantic
edge_smt_10384,ent_5966,ent_5968,cites,semantic
edge_smt_10385,ent_5972,ent_5975,enables,semantic
edge_smt_10386,ent_5978,ent_5980,defines,semantic
edge_smt_10387,ent_5981,ent_5983,related_to,semantic
edge_smt_10388,ent_5983,ent_5984,enables,semantic
edge_smt_10389,ent_5981,ent_5984,enables,semantic
edge_smt_10390,ent_5994,ent_6002,cites,semantic
edge_smt_10391,ent_6002,ent_5995,defines,semantic
edge_smt_10392,ent_5995,ent_5998,related_to,semantic
edge_smt_10393,ent_5998,ent_5989,involves,semantic
edge_smt_10394,ent_5989,ent_5993,enables,semantic
edge_smt_10395,ent_5993,ent_5996,regulates,semantic
edge_smt_10396,ent_5994,ent_5995,defines,semantic
edge_smt_10397,ent_5995,ent_5989,involves,semantic
edge_smt_10398,ent_5989,ent_5996,regulates,semantic
edge_smt_10399,ent_6008,ent_6009,has_exception,semantic
edge_smt_10400,ent_6021,ent_6025,requires,semantic
edge_smt_10401,ent_6028,ent_6031,related_to,semantic
edge_smt_10402,ent_6031,ent_6033,related_to,semantic
edge_smt_10403,ent_6033,ent_6029,has_purpose,semantic
edge_smt_10404,ent_6029,ent_6038,involves,semantic
edge_smt_10405,ent_6031,ent_6029,has_purpose,semantic
edge_smt_10406,ent_6030,ent_6039,involves,semantic
edge_smt_10407,ent_6039,ent_6041,cites,semantic
edge_smt_10408,ent_6041,ent_6035,has_exception,semantic
edge_smt_10409,ent_6039,ent_6035,has_exception,semantic
edge_smt_10410,ent_6043,ent_6044,defines,semantic
edge_smt_10411,ent_6044,ent_6046,defines,semantic
edge_smt_10412,ent_6047,ent_6048,defines,semantic
edge_smt_10413,ent_6048,ent_6049,related_to,semantic
edge_smt_10414,ent_6066,ent_6060,cites,semantic
edge_smt_10415,ent_6053,ent_6055,has_exception,semantic
edge_smt_10416,ent_6055,ent_6058,cites,semantic
edge_smt_10417,ent_6104,ent_6101,has_condition,semantic
edge_smt_10418,ent_6094,ent_6099,related_to,semantic
edge_smt_10419,ent_6099,ent_6102,enables,semantic
edge_smt_10420,ent_6094,ent_6102,enables,semantic
edge_smt_10421,ent_6107,ent_6116,requires,semantic
edge_smt_10422,ent_6116,ent_6112,has_exception,semantic
edge_smt_10423,ent_6107,ent_6112,has_exception,semantic
edge_smt_10424,ent_6120,ent_6122,related_to,semantic
edge_smt_10425,ent_6122,ent_6123,related_to,semantic
edge_smt_10426,ent_6123,ent_6117,requires,semantic
edge_smt_10427,ent_6117,ent_6125,defines,semantic
edge_smt_10428,ent_6125,ent_6124,related_to,semantic
edge_smt_10429,ent_6124,ent_6121,involves,semantic
edge_smt_10430,ent_6122,ent_6117,requires,semantic
edge_smt_10431,ent_6130,ent_6131,related_to,semantic
edge_smt_10432,ent_6131,ent_6132,related_to,semantic
edge_smt_10433,ent_6132,ent_6133,has_condition,semantic
edge_smt_10434,ent_6141,ent_6146,requires,semantic
edge_smt_10435,ent_6146,ent_6145,has_condition,semantic
edge_smt_10436,ent_6141,ent_6145,has_condition,semantic
edge_smt_10437,ent_6147,ent_6151,not,semantic
edge_smt_10438,ent_6151,ent_6150,cites,semantic
edge_smt_10439,ent_6153,ent_6152,involves,semantic
edge_smt_10440,ent_6152,ent_6156,defines,semantic
edge_smt_10441,ent_6156,ent_6155,cites,semantic
edge_smt_10442,ent_6158,ent_6157,related_to,semantic
edge_smt_10443,ent_6157,ent_6161,has_condition,semantic
edge_smt_10444,ent_6161,ent_6162,cites,semantic
edge_smt_10445,ent_6164,ent_6166,has_condition,semantic
edge_smt_10446,ent_6166,ent_6167,cites,semantic
edge_smt_10447,ent_6170,ent_6172,related_to,semantic
edge_smt_10448,ent_6172,ent_6169,related_to,semantic
edge_smt_10449,ent_6173,ent_6174,has_purpose,semantic
edge_smt_10450,ent_6179,ent_6180,regulates,semantic
edge_smt_10451,ent_6182,ent_6183,cites,semantic
edge_smt_10452,ent_6188,ent_6190,related_to,semantic
edge_smt_10453,ent_6190,ent_6189,related_to,semantic
edge_smt_10454,ent_6189,ent_6191,related_to,semantic
edge_smt_10455,ent_6193,ent_6198,requires,semantic
edge_smt_10456,ent_6200,ent_6203,requires,semantic
edge_smt_10457,ent_6212,ent_6208,has_exception,semantic
edge_smt_10458,ent_6226,ent_6214,applies_to,semantic
edge_smt_10459,ent_6214,ent_6220,regulates,semantic
edge_smt_10460,ent_6229,ent_6230,defines,semantic
edge_smt_10461,ent_6230,ent_6227,involves,semantic
edge_smt_10462,ent_6231,ent_6232,defines,semantic
edge_smt_10463,ent_6232,ent_6233,defines,semantic
edge_smt_10464,ent_6233,ent_6228,applies_to,semantic
edge_smt_10465,ent_6235,ent_6238,requires,semantic
edge_smt_10466,ent_6244,ent_6242,has_condition,semantic
edge_smt_10467,ent_6248,ent_6249,involves,semantic
edge_smt_10468,ent_6265,ent_6271,cites,semantic
edge_smt_10469,ent_6271,ent_6262,has_purpose,semantic
edge_smt_10470,ent_6262,ent_6269,involves,semantic
edge_smt_10471,ent_6269,ent_6270,related_to,semantic
edge_smt_10472,ent_6265,ent_6262,has_purpose,semantic
edge_smt_10473,ent_6283,ent_6281,has_condition,semantic
edge_smt_10474,ent_6281,ent_6277,has_exception,semantic
edge_smt_10475,ent_6294,ent_6293,cites,semantic
edge_smt_10476,ent_6293,ent_6289,defines,semantic
edge_smt_10477,ent_6294,ent_6289,defines,semantic
edge_smt_10478,ent_6304,ent_6301,has_condition,semantic
edge_smt_10479,ent_6301,ent_6302,violates,semantic
edge_smt_10480,ent_6302,ent_6303,violates,semantic
edge_smt_10481,ent_6314,ent_6316,related_to,semantic
edge_smt_10482,ent_6316,ent_6333,requires,semantic
edge_smt_10483,ent_6317,ent_6322,enables,semantic
edge_smt_10484,ent_6322,ent_6332,cites,semantic
edge_smt_10485,ent_6315,ent_6318,related_to,semantic
edge_smt_10486,ent_6318,ent_6323,involves,semantic
edge_smt_10487,ent_6315,ent_6323,involves,semantic
edge_smt_10488,ent_6335,ent_6342,involves,semantic
edge_smt_10489,ent_6342,ent_6344,involves,semantic
edge_smt_10490,ent_6344,ent_6334,involves,semantic
edge_smt_10491,ent_6334,ent_6347,requires,semantic
edge_smt_10492,ent_6347,ent_6339,has_exception,semantic
edge_smt_10493,ent_6335,ent_6344,involves,semantic
edge_smt_10494,ent_6334,ent_6339,has_exception,semantic
edge_smt_10495,ent_6357,ent_6373,cites,semantic
edge_smt_10496,ent_6375,ent_6381,involves,semantic
edge_smt_10497,ent_6381,ent_6385,cites,semantic
edge_smt_10498,ent_6385,ent_6379,has_condition,semantic
edge_smt_10499,ent_6381,ent_6379,has_condition,semantic
edge_smt_10500,ent_6390,ent_6399,regulates,semantic
edge_smt_10501,ent_6388,ent_6401,applies_to,semantic
edge_smt_10502,ent_6407,ent_6416,cites,semantic
edge_smt_10503,ent_6416,ent_6405,has_exception,semantic
edge_smt_10504,ent_6407,ent_6405,has_exception,semantic
edge_smt_10505,ent_6418,ent_6422,has_condition,semantic
edge_smt_10506,ent_6422,ent_6420,related_to,semantic
edge_smt_10507,ent_6420,ent_6423,cites,semantic
edge_smt_10508,ent_6423,ent_6421,has_condition,semantic
edge_smt_10509,ent_6420,ent_6421,has_condition,semantic
edge_smt_10510,ent_6427,ent_6428,enables,semantic
edge_smt_10511,ent_6428,ent_6429,cites,semantic
edge_smt_10512,ent_6430,ent_6432,related_to,semantic
edge_smt_10513,ent_6432,ent_6435,enables,semantic
edge_smt_10514,ent_6435,ent_6436,cites,semantic
edge_smt_10515,ent_6440,ent_6446,regulates,semantic
edge_smt_10516,ent_6446,ent_6445,involves,semantic
edge_smt_10517,ent_6452,ent_6450,applies_to,semantic
edge_smt_10518,ent_6450,ent_6454,defines,semantic
edge_smt_10519,ent_6458,ent_6457,involves,semantic
edge_smt_10520,ent_6457,ent_6459,related_to,semantic
edge_smt_10521,ent_6459,ent_6460,cites,semantic
edge_smt_10522,ent_6467,ent_6463,related_to,semantic
edge_smt_10523,ent_6463,ent_6465,related_to,semantic
edge_smt_10524,ent_6465,ent_6470,defines,semantic
edge_smt_10525,ent_6463,ent_6470,defines,semantic
edge_smt_10526,ent_6468,ent_6464,related_to,semantic
edge_smt_10527,ent_6464,ent_6466,related_to,semantic
edge_smt_10528,ent_6466,ent_6469,related_to,semantic
edge_smt_10529,ent_6469,ent_6472,requires,semantic
edge_smt_10530,ent_6479,ent_6474,related_to,semantic
edge_smt_10531,ent_6474,ent_6476,related_to,semantic
edge_smt_10532,ent_6476,ent_6490,results_in,semantic
edge_smt_10533,ent_6490,ent_6484,cites,semantic
edge_smt_10534,ent_6484,ent_6481,regulates,semantic
edge_smt_10535,ent_6481,ent_6475,related_to,semantic
edge_smt_10536,ent_6475,ent_6477,related_to,semantic
edge_smt_10537,ent_6477,ent_6483,results_in,semantic
edge_smt_10538,ent_6475,ent_6483,results_in,semantic
edge_smt_10539,ent_6495,ent_6497,cites,semantic
edge_smt_10540,ent_6498,ent_6508,regulates,semantic
edge_smt_10541,ent_6504,ent_6500,related_to,semantic
edge_smt_10542,ent_6500,ent_6502,related_to,semantic
edge_smt_10543,ent_6520,ent_6517,requires,semantic
edge_smt_10544,ent_6517,ent_6513,related_to,semantic
edge_smt_10545,ent_6513,ent_6515,related_to,semantic
edge_smt_10546,ent_6515,ent_6519,requires,semantic
edge_smt_10547,ent_6519,ent_6518,cites,semantic
edge_smt_10548,ent_6526,ent_6521,related_to,semantic
edge_smt_10549,ent_6521,ent_6523,related_to,semantic
edge_smt_10550,ent_6525,ent_6524,defines,semantic
edge_smt_10551,ent_6531,ent_6527,results_in,semantic
edge_smt_10552,ent_6527,ent_6529,cites,semantic
edge_smt_10553,ent_6550,ent_6537,related_to,semantic
edge_smt_10554,ent_6537,ent_6545,related_to,semantic
edge_smt_10555,ent_6545,ent_6579,requires,semantic
edge_smt_10556,ent_6535,ent_6569,involves,semantic
edge_smt_10557,ent_6569,ent_6571,involves,semantic
edge_smt_10558,ent_6571,ent_6538,involves,semantic
edge_smt_10559,ent_6538,ent_6536,related_to,semantic
edge_smt_10560,ent_6535,ent_6571,involves,semantic
edge_smt_10561,ent_6568,ent_6574,involves,semantic
edge_smt_10562,ent_6554,ent_6540,related_to,semantic
edge_smt_10563,ent_6540,ent_6548,related_to,semantic
edge_smt_10564,ent_6548,ent_6541,defines,semantic
edge_smt_10565,ent_6541,ent_6542,defines,semantic
edge_smt_10566,ent_6542,ent_6566,involves,semantic
edge_smt_10567,ent_6540,ent_6541,defines,semantic
edge_smt_10568,ent_6555,ent_6578,involves,semantic
edge_smt_10569,ent_6578,ent_6534,involves,semantic
edge_smt_10570,ent_6534,ent_6556,related_to,semantic
edge_smt_10571,ent_6563,ent_6544,related_to,semantic
edge_smt_10572,ent_6544,ent_6549,related_to,semantic
edge_smt_10573,ent_6549,ent_6582,requires,semantic
edge_smt_10574,ent_6570,ent_6565,involves,semantic
edge_smt_10575,ent_6745,ent_6766,enables,semantic
edge_smt_10576,ent_6751,ent_6772,has_purpose,semantic
edge_smt_10577,ent_6768,ent_6782,cites,semantic
edge_smt_10578,ent_6848,ent_6837,defines,semantic
edge_smt_10579,ent_6916,ent_6890,has_condition,semantic
edge_smt_10580,ent_6878,ent_6866,involves,semantic
edge_smt_10581,ent_6866,ent_6888,enables,semantic
edge_smt_10582,ent_6888,ent_6919,requires,semantic
edge_smt_10583,ent_6936,ent_6935,cites,semantic
edge_smt_10584,ent_6938,ent_6940,cites,semantic
edge_smt_10585,ent_6947,ent_6945,cites,semantic
edge_smt_10586,ent_6966,ent_6965,has_condition,semantic
edge_smt_10587,ent_6965,ent_6962,involves,semantic
edge_smt_10588,ent_6962,ent_6961,has_condition,semantic
edge_smt_10589,ent_6965,ent_6961,has_condition,semantic
edge_smt_10590,ent_6970,ent_6968,cites,semantic
edge_smt_10591,ent_6974,ent_6980,requires,semantic
edge_smt_10592,ent_6979,ent_6976,has_condition,semantic
edge_smt_10593,ent_6997,ent_6996,cites,semantic
edge_smt_10594,ent_7106,ent_7093,has_condition,semantic
edge_smt_10595,ent_7076,ent_7100,violates,semantic
edge_smt_10596,ent_7105,ent_7096,involves,semantic
edge_smt_10597,ent_7135,ent_7136,defines,semantic
edge_smt_10598,ent_7136,ent_7133,results_in,semantic
edge_smt_10599,ent_7134,ent_7137,cites,semantic
edge_smt_10600,ent_7185,ent_7196,related_to,semantic
edge_smt_10601,ent_7198,ent_7201,related_to,semantic
edge_smt_10602,ent_7201,ent_7197,involves,semantic
edge_smt_10603,ent_7197,ent_7199,related_to,semantic
edge_smt_10604,ent_7199,ent_7203,involves,semantic
edge_smt_10605,ent_7198,ent_7197,involves,semantic
edge_smt_10606,ent_7276,ent_7277,defines,semantic
edge_smt_10607,ent_7277,ent_7279,related_to,semantic
edge_smt_10608,ent_7291,ent_7294,requires,semantic
edge_smt_10609,ent_7294,ent_7292,related_to,semantic
edge_smt_10610,ent_7296,ent_7293,involves,semantic
edge_smt_10611,ent_7293,ent_7290,defines,semantic
edge_smt_10612,ent_7296,ent_7290,defines,semantic
edge_smt_10613,ent_7302,ent_7300,related_to,semantic
edge_smt_10614,ent_7300,ent_7307,defines,semantic
edge_smt_10615,ent_7307,ent_7298,requires,semantic
edge_smt_10616,ent_7298,ent_7299,defines,semantic
edge_smt_10617,ent_7302,ent_7307,defines,semantic
edge_smt_10618,ent_7320,ent_7321,regulates,semantic
edge_smt_10619,ent_7321,ent_7336,defines,semantic
edge_smt_10620,ent_7322,ent_7316,regulates,semantic
edge_smt_10621,ent_7316,ent_7330,related_to,semantic
edge_smt_10622,ent_7330,ent_7315,related_to,semantic
edge_smt_10623,ent_7315,ent_7333,requires,semantic
edge_smt_10624,ent_7333,ent_7334,requires,semantic
edge_smt_10625,ent_7330,ent_7333,requires,semantic
edge_smt_10626,ent_7317,ent_7335,involves,semantic
edge_smt_10627,ent_7388,ent_7409,cites,semantic
edge_smt_10628,ent_7409,ent_7360,regulates,semantic
edge_smt_10629,ent_7360,ent_7361,defines,semantic
edge_smt_10630,ent_7361,ent_7404,has_purpose,semantic
edge_smt_10631,ent_7404,ent_7367,involves,semantic
edge_smt_10632,ent_7367,ent_7398,involves,semantic
edge_smt_10633,ent_7398,ent_7374,involves,semantic
edge_smt_10634,ent_7374,ent_7368,related_to,semantic
edge_smt_10635,ent_7409,ent_7361,defines,semantic
edge_smt_10636,ent_7369,ent_7383,related_to,semantic
edge_smt_10637,ent_7383,ent_7394,involves,semantic
edge_smt_10638,ent_7394,ent_7410,cites,semantic
edge_smt_10639,ent_7410,ent_7395,involves,semantic
edge_smt_10640,ent_7395,ent_7372,involves,semantic
edge_smt_10641,ent_7372,ent_7362,defines,semantic
edge_smt_10642,ent_7394,ent_7395,involves,semantic
edge_smt_10643,ent_7395,ent_7362,defines,semantic
edge_smt_10644,ent_7459,ent_7460,defines,semantic
edge_smt_10645,ent_7460,ent_7461,cites,semantic
edge_smt_10646,ent_7521,ent_7494,involves,semantic
edge_smt_10647,ent_7494,ent_7507,requires,semantic
edge_smt_10648,ent_7521,ent_7507,requires,semantic
edge_smt_10649,ent_7538,ent_7523,involves,semantic
edge_smt_10650,ent_7516,ent_7533,cites,semantic
edge_smt_10651,ent_7539,ent_7490,involves,semantic
edge_smt_10652,ent_7490,ent_7482,related_to,semantic
edge_smt_10653,ent_7480,ent_7481,related_to,semantic
edge_smt_10654,ent_7591,ent_7596,cites,semantic
edge_smt_10655,ent_7596,ent_7588,regulates,semantic
edge_smt_10656,ent_7588,ent_7600,requires,semantic
edge_smt_10657,ent_7610,ent_7655,requires,semantic
edge_smt_10658,ent_7614,ent_7647,involves,semantic
edge_smt_10659,ent_7687,ent_7680,regulates,semantic
edge_smt_10660,ent_7680,ent_7681,regulates,semantic
edge_smt_10661,ent_7681,ent_7685,enables,semantic
edge_smt_10662,ent_7685,ent_7698,regulates,semantic
edge_smt_10663,ent_7681,ent_7698,regulates,semantic
edge_smt_10664,ent_7716,ent_7722,enables,semantic
edge_smt_10665,ent_7722,ent_7726,has_condition,semantic
edge_smt_10666,ent_7726,ent_7737,cites,semantic
edge_smt_10667,ent_7728,ent_7725,has_exception,semantic
edge_smt_10668,ent_7747,ent_7744,regulates,semantic
edge_smt_10669,ent_7744,ent_7754,requires,semantic
edge_smt_10670,ent_7777,ent_7770,regulates,semantic
edge_smt_10671,ent_7770,ent_7774,prohibits,semantic
edge_smt_10672,ent_7774,ent_7771,regulates,semantic
edge_smt_10673,ent_7771,ent_7781,not,semantic
edge_smt_10674,ent_7781,ent_7773,involves,semantic
edge_smt_10675,ent_7773,ent_7775,enables,semantic
edge_smt_10676,ent_7770,ent_7771,regulates,semantic
edge_smt_10677,ent_7833,ent_7839,cites,semantic
edge_smt_10678,ent_7839,ent_7836,regulates,semantic
edge_smt_10679,ent_7833,ent_7836,regulates,semantic
edge_smt_10680,ent_7847,ent_7842,related_to,semantic
edge_smt_10681,ent_7842,ent_7849,involves,semantic
edge_smt_10682,ent_7865,ent_7862,requires,semantic
edge_smt_10683,ent_7892,ent_7881,cites,semantic
edge_smt_10684,ent_7871,ent_7879,cites,semantic
edge_smt_10685,ent_7879,ent_7878,violates,semantic
edge_smt_10686,ent_7878,ent_7869,involves,semantic
edge_smt_10687,ent_7869,ent_7874,involves,semantic
edge_smt_10688,ent_7874,ent_7882,cites,semantic
edge_smt_10689,ent_7871,ent_7878,violates,semantic
edge_smt_10690,ent_7902,ent_7914,cites,semantic
edge_smt_10691,ent_7914,ent_7894,regulates,semantic
edge_smt_10692,ent_7894,ent_7895,not,semantic
edge_smt_10693,ent_7895,ent_7899,enables,semantic
edge_smt_10694,ent_7899,ent_7915,cites,semantic
edge_smt_10695,ent_7914,ent_7895,not,semantic
edge_smt_10696,ent_7933,ent_7937,enables,semantic
edge_smt_10697,ent_7937,ent_7940,has_condition,semantic
edge_smt_10698,ent_7940,ent_7948,cites,semantic
edge_smt_10699,ent_7948,ent_7932,regulates,semantic
edge_smt_10700,ent_7932,ent_7936,not,semantic
edge_smt_10701,ent_7936,ent_7941,not,semantic
edge_smt_10702,ent_7948,ent_7936,not,semantic
edge_smt_10703,ent_7958,ent_7955,regulates,semantic
edge_smt_10704,ent_7955,ent_7965,requires,semantic
edge_smt_10705,ent_7973,ent_7990,cites,semantic
edge_smt_10706,ent_7990,ent_7989,violates,semantic
edge_smt_10707,ent_7989,ent_7969,involves,semantic
edge_smt_10708,ent_7969,ent_7981,not,semantic
edge_smt_10709,ent_7981,ent_7992,cites,semantic
edge_smt_10710,ent_7973,ent_7989,violates,semantic
edge_smt_10711,ent_7989,ent_7981,not,semantic
edge_smt_10712,ent_8006,ent_8001,regulates,semantic
edge_smt_10713,ent_8001,ent_8016,involves,semantic
edge_smt_10714,ent_8016,ent_8004,involves,semantic
edge_smt_10715,ent_8004,ent_8005,prohibits,semantic
edge_smt_10716,ent_8024,ent_8017,regulates,semantic
edge_smt_10717,ent_8017,ent_8021,prohibits,semantic
edge_smt_10718,ent_8021,ent_8018,regulates,semantic
edge_smt_10719,ent_8018,ent_8027,not,semantic
edge_smt_10720,ent_8027,ent_8020,involves,semantic
edge_smt_10721,ent_8020,ent_8022,enables,semantic
edge_smt_10722,ent_8017,ent_8018,regulates,semantic
edge_smt_10723,ent_8075,ent_8072,related_to,semantic
edge_smt_10724,ent_8072,ent_8077,involves,semantic
edge_smt_10725,ent_8090,ent_8087,requires,semantic
edge_smt_10726,ent_8101,ent_8096,cites,semantic
edge_smt_10727,ent_8109,ent_8105,involves,semantic
edge_smt_10728,ent_8125,ent_8136,cites,semantic
edge_smt_10729,ent_8136,ent_8114,regulates,semantic
edge_smt_10730,ent_8114,ent_8120,not,semantic
edge_smt_10731,ent_8120,ent_8127,not,semantic
edge_smt_10732,ent_8127,ent_8115,involves,semantic
edge_smt_10733,ent_8115,ent_8122,enables,semantic
edge_smt_10734,ent_8122,ent_8137,cites,semantic
edge_smt_10735,ent_8136,ent_8120,not,semantic
edge_smt_10736,ent_8112,ent_8124,enables,semantic
edge_smt_10737,ent_8124,ent_8140,regulates,semantic
edge_smt_10738,ent_8112,ent_8140,regulates,semantic
edge_smt_10739,ent_8164,ent_8168,enables,semantic
edge_smt_10740,ent_8168,ent_8171,has_condition,semantic
edge_smt_10741,ent_8171,ent_8179,cites,semantic
edge_smt_10742,ent_8179,ent_8163,regulates,semantic
edge_smt_10743,ent_8163,ent_8167,not,semantic
edge_smt_10744,ent_8167,ent_8172,not,semantic
edge_smt_10745,ent_8179,ent_8167,not,semantic
edge_smt_10746,ent_8189,ent_8186,regulates,semantic
edge_smt_10747,ent_8186,ent_8196,requires,semantic
edge_smt_10748,ent_8234,ent_8215,regulates,semantic
edge_smt_10749,ent_8215,ent_8231,prohibits,semantic
edge_smt_10750,ent_8219,ent_8232,prohibits,semantic
edge_smt_10751,ent_8232,ent_8240,regulates,semantic
edge_smt_10752,ent_8240,ent_8216,involves,semantic
edge_smt_10753,ent_8216,ent_8222,defines,semantic
edge_smt_10754,ent_8222,ent_8233,enables,semantic
edge_smt_10755,ent_8233,ent_8253,regulates,semantic
edge_smt_10756,ent_8219,ent_8240,regulates,semantic
edge_smt_10757,ent_8240,ent_8222,defines,semantic
edge_smt_10758,ent_8222,ent_8253,regulates,semantic
edge_smt_10759,ent_8260,ent_8256,cites,semantic
edge_smt_10760,ent_8256,ent_8255,regulates,semantic
edge_smt_10761,ent_8261,ent_8265,prohibits,semantic
edge_smt_10762,ent_8274,ent_8277,cites,semantic
edge_smt_10763,ent_8282,ent_8284,cites,semantic
edge_smt_10764,ent_8300,ent_8304,cites,semantic
edge_smt_10765,ent_8304,ent_8307,defines,semantic
edge_smt_10766,ent_8308,ent_8315,regulates,semantic
edge_smt_10767,ent_8335,ent_8343,prohibits,semantic
edge_smt_10768,ent_8358,ent_8363,cites,semantic
edge_smt_10769,ent_8363,ent_8354,regulates,semantic
edge_smt_10770,ent_8354,ent_8360,involves,semantic
edge_smt_10771,ent_8369,ent_8368,related_to,semantic
edge_smt_10772,ent_8368,ent_8374,related_to,semantic
edge_smt_10773,ent_8395,ent_8403,defines,semantic
edge_smt_10774,ent_8412,ent_8405,applies_to,semantic
edge_smt_10775,ent_8405,ent_8411,related_to,semantic
edge_smt_10776,ent_8426,ent_8432,enables,semantic
edge_smt_10777,ent_8432,ent_8435,cites,semantic
edge_smt_10778,ent_8444,ent_8449,enables,semantic
edge_smt_10779,ent_8455,ent_8454,has_condition,semantic
edge_smt_10780,ent_8470,ent_8471,cites,semantic
edge_smt_10781,ent_8474,ent_8479,enables,semantic
edge_smt_10782,ent_8483,ent_8480,cites,semantic
edge_smt_10783,ent_8488,ent_8485,related_to,semantic
edge_smt_10784,ent_8485,ent_8484,related_to,semantic
edge_smt_10785,ent_8484,ent_8487,involves,semantic
edge_smt_10786,ent_8487,ent_8489,cites,semantic
edge_smt_10787,ent_8493,ent_8494,cites,semantic
edge_smt_10788,ent_8499,ent_8501,cites,semantic
edge_smt_10789,ent_8520,ent_8533,involves,semantic
edge_smt_10790,ent_8533,ent_8521,related_to,semantic
edge_smt_10791,ent_8521,ent_8529,cites,semantic
edge_smt_10792,ent_8529,ent_8526,defines,semantic
edge_smt_10793,ent_8534,ent_8536,involves,semantic
edge_smt_10794,ent_8536,ent_8544,cites,semantic
edge_smt_10795,ent_8544,ent_8538,has_exception,semantic
edge_smt_10796,ent_8536,ent_8538,has_exception,semantic
edge_smt_10797,ent_8575,ent_8576,regulates,semantic
edge_smt_10798,ent_8580,ent_8582,regulates,semantic
edge_smt_10799,ent_8584,ent_8587,regulates,semantic
edge_smt_10800,ent_8587,ent_8586,related_to,semantic
edge_smt_10801,ent_8590,ent_8591,involves,semantic
edge_smt_10802,ent_8598,ent_8594,has_condition,semantic
edge_smt_10803,ent_8601,ent_8593,involves,semantic
edge_smt_10804,ent_8597,ent_8600,involves,semantic
edge_smt_10805,ent_8600,ent_8595,has_condition,semantic
edge_smt_10806,ent_8604,ent_8605,related_to,semantic
edge_smt_10807,ent_8605,ent_8602,involves,semantic
edge_smt_10808,ent_8613,ent_8616,involves,semantic
edge_smt_10809,ent_8616,ent_8614,related_to,semantic
edge_smt_10810,ent_8617,ent_8611,defines,semantic
edge_smt_10811,ent_8630,ent_8631,involves,semantic
edge_smt_10812,ent_8631,ent_8633,involves,semantic
edge_smt_10813,ent_8647,ent_8648,has_condition,semantic
edge_smt_10814,ent_8652,ent_8653,cites,semantic
edge_smt_10815,ent_8657,ent_8654,involves,semantic
edge_smt_10816,ent_8654,ent_8659,cites,semantic
edge_smt_10817,ent_8665,ent_8667,violates,semantic
edge_smt_10818,ent_8667,ent_8660,has_condition,semantic
edge_smt_10819,ent_8660,ent_8666,enables,semantic
edge_smt_10820,ent_8666,ent_8664,cites,semantic
edge_smt_10821,ent_8680,ent_8674,applies_to,semantic
edge_smt_10822,ent_8674,ent_8692,involves,semantic
edge_smt_10823,ent_8680,ent_8692,involves,semantic
edge_smt_10824,ent_8683,ent_8694,enables,semantic
edge_smt_10825,ent_8694,ent_8690,cites,semantic
edge_smt_10826,ent_8685,ent_8691,cites,semantic
edge_smt_10827,ent_8709,ent_8716,violates,semantic
edge_smt_10828,ent_8716,ent_8703,has_condition,semantic
edge_smt_10829,ent_8703,ent_8715,enables,semantic
edge_smt_10830,ent_8715,ent_8714,cites,semantic
edge_smt_10831,ent_8928,ent_8889,related_to,semantic
edge_smt_10832,ent_8742,ent_8890,regulates,semantic
edge_smt_10833,ent_8890,ent_8776,has_exception,semantic
edge_smt_10834,ent_8776,ent_8772,regulates,semantic
edge_smt_10835,ent_8772,ent_8764,enables,semantic
edge_smt_10836,ent_8764,ent_8781,has_condition,semantic
edge_smt_10837,ent_8781,ent_8918,regulates,semantic
edge_smt_10838,ent_8764,ent_8918,regulates,semantic
edge_smt_10839,ent_8817,ent_8886,cites,semantic
edge_smt_10840,ent_8886,ent_8720,has_condition,semantic
edge_smt_10841,ent_8720,ent_8824,applies_to,semantic
edge_smt_10842,ent_8817,ent_8720,has_condition,semantic
edge_smt_10843,ent_8743,ent_8744,involves,semantic
edge_smt_10844,ent_8744,ent_8875,applies_to,semantic
edge_smt_10845,ent_8875,ent_8801,has_condition,semantic
edge_smt_10846,ent_8801,ent_8866,involves,semantic
edge_smt_10847,ent_8744,ent_8801,has_condition,semantic
edge_smt_10848,ent_8876,ent_8829,defines,semantic
edge_smt_10849,ent_8829,ent_8805,has_condition,semantic
edge_smt_10850,ent_8805,ent_8767,enables,semantic
edge_smt_10851,ent_8767,ent_8921,regulates,semantic
edge_smt_10852,ent_8921,ent_8779,has_condition,semantic
edge_smt_10853,ent_8805,ent_8921,regulates,semantic
edge_smt_10854,ent_8878,ent_8726,has_condition,semantic
edge_smt_10855,ent_8726,ent_8825,applies_to,semantic
edge_smt_10856,ent_8749,ent_8836,defines,semantic
edge_smt_10857,ent_8836,ent_8830,has_condition,semantic
edge_smt_10858,ent_8830,ent_8809,has_condition,semantic
edge_smt_10859,ent_8809,ent_8814,related_to,semantic
edge_smt_10860,ent_8814,ent_8879,cites,semantic
edge_smt_10861,ent_8879,ent_8765,defines,semantic
edge_smt_10862,ent_8845,ent_8794,has_condition,semantic
edge_smt_10863,ent_8794,ent_8887,cites,semantic
edge_smt_10864,ent_8746,ent_8893,regulates,semantic
edge_smt_10865,ent_8893,ent_8831,has_condition,semantic
edge_smt_10866,ent_8831,ent_8806,has_condition,semantic
edge_smt_10867,ent_8806,ent_8770,enables,semantic
edge_smt_10868,ent_8770,ent_8787,regulates,semantic
edge_smt_10869,ent_8787,ent_8880,cites,semantic
edge_smt_10870,ent_8806,ent_8787,regulates,semantic
edge_smt_10871,ent_8812,ent_8826,applies_to,semantic
edge_smt_10872,ent_8747,ent_8882,applies_to,semantic
edge_smt_10873,ent_8882,ent_8832,has_condition,semantic
edge_smt_10874,ent_8832,ent_8807,has_condition,semantic
edge_smt_10875,ent_8807,ent_8811,results_in,semantic
edge_smt_10876,ent_8811,ent_8771,enables,semantic
edge_smt_10877,ent_8771,ent_8789,regulates,semantic
edge_smt_10878,ent_8789,ent_8926,regulates,semantic
edge_smt_10879,ent_8747,ent_8832,has_condition,semantic
edge_smt_10880,ent_8832,ent_8811,results_in,semantic
edge_smt_10881,ent_8811,ent_8789,regulates,semantic
edge_smt_10882,ent_8813,ent_8827,applies_to,semantic
edge_smt_10883,ent_8748,ent_8851,involves,semantic
edge_smt_10884,ent_8851,ent_8815,has_condition,semantic
edge_smt_10885,ent_8815,ent_8888,cites,semantic
edge_smt_10886,ent_9233,ent_9234,related_to,semantic
edge_smt_10887,ent_9234,ent_9212,applies_to,semantic
edge_smt_10888,ent_9212,ent_9153,involves,semantic
edge_smt_10889,ent_9235,ent_9165,involves,semantic
edge_smt_10890,ent_9165,ent_9160,involves,semantic
edge_smt_10891,ent_9160,ent_9157,related_to,semantic
edge_smt_10892,ent_9157,ent_9262,requires,semantic
edge_smt_10893,ent_9262,ent_9252,cites,semantic
edge_smt_10894,ent_9252,ent_9148,regulates,semantic
edge_smt_10895,ent_9148,ent_9236,has_exception,semantic
edge_smt_10896,ent_9236,ent_9263,not,semantic
edge_smt_10897,ent_9263,ent_9192,related_to,semantic
edge_smt_10898,ent_9235,ent_9160,involves,semantic
edge_smt_10899,ent_9252,ent_9236,has_exception,semantic
edge_smt_10900,ent_9267,ent_9161,involves,semantic
edge_smt_10901,ent_9161,ent_9138,related_to,semantic
edge_smt_10902,ent_9136,ent_9137,related_to,semantic
edge_smt_10903,ent_9237,ent_9166,involves,semantic
edge_smt_10904,ent_9166,ent_9176,related_to,semantic
edge_smt_10905,ent_9176,ent_9202,involves,semantic
edge_smt_10906,ent_9202,ent_9254,cites,semantic
edge_smt_10907,ent_9254,ent_9141,regulates,semantic
edge_smt_10908,ent_9141,ent_9178,prohibits,semantic
edge_smt_10909,ent_9239,ent_9255,related_to,semantic
edge_smt_10910,ent_9255,ent_9265,related_to,semantic
edge_smt_10911,ent_9265,ent_9150,regulates,semantic
edge_smt_10912,ent_9150,ent_9174,not,semantic
edge_smt_10913,ent_9174,ent_9201,not,semantic
edge_smt_10914,ent_9201,ent_9181,enables,semantic
edge_smt_10915,ent_9240,ent_9177,related_to,semantic
edge_smt_10916,ent_9177,ent_9203,involves,semantic
edge_smt_10917,ent_9203,ent_9256,cites,semantic
edge_smt_10918,ent_9256,ent_9144,regulates,semantic
edge_smt_10919,ent_9144,ent_9179,prohibits,semantic
edge_smt_10920,ent_9402,ent_9399,results_in,semantic
edge_smt_10921,ent_9399,ent_9400,related_to,semantic
edge_smt_10922,ent_9403,ent_9401,results_in,semantic
edge_smt_10923,ent_9427,ent_9423,related_to,semantic
edge_smt_10924,ent_9423,ent_9416,related_to,semantic
edge_smt_10925,ent_9416,ent_9417,related_to,semantic
