node_id,node_type,graph_type,sentences,label,law_code,law_name,issued,chapter_id,chapter_num,chapter_roman,chapter_title,article_id,article_num,article_title,clause_id,clause_num,clause_content,point_id,point_label,point_content,section_id,section_num,section_title
45_2019_QH14,LAW,structural,"[""BỘ LUẬT LAO ĐỘNG""]",BỘ LUẬT LAO ĐỘNG,45/2019/QH14,BỘ LUẬT LAO ĐỘNG,Quốc hội ban hành Bộ luật Lao động.,,,,,,,,,,,,,,,,
ch1,CHAPTER,structural,"[""NHỮNG QUY ĐỊNH CHUNG""]",NHỮNG QUY ĐỊNH CHUNG,,,,ch1,1.0,I,NHỮNG QUY ĐỊNH CHUNG,,,,,,,,,,,,
ch1_d1,ARTICLE,structural,"[""Phạm vi điều chỉnh Bộ luật Lao động quy định tiêu chuẩn lao động"", ""quyền, nghĩa vụ, trách nhiệm của người lao động, người sử dụng lao động, tổ chức đại diện người lao động tại cơ sở, tổ chức đại diện người sử dụng lao động trong quan hệ lao động và các quan hệ khác liên quan trực tiếp đến quan hệ lao động"", ""quản lý nhà nước về lao động""]","Phạm vi điều chỉnh Bộ luật Lao động quy định tiêu chuẩn lao động; quyền, nghĩa vụ, trách nhiệm của người lao động, người sử dụng lao động, tổ chức đại diện người lao động tại cơ sở, tổ chức đại diện người sử dụng lao động trong quan hệ lao động và các quan hệ khác liên quan trực tiếp đến quan hệ lao động; quản lý nhà nước về lao động.",,,,,,,,ch1_d1,1,"Phạm vi điều chỉnh Bộ luật Lao động quy định tiêu chuẩn lao động; quyền, nghĩa vụ, trách nhiệm của người lao động, người sử dụng lao động, tổ chức đại diện người lao động tại cơ sở, tổ chức đại diện người sử dụng lao động trong quan hệ lao động và các quan hệ khác liên quan trực tiếp đến quan hệ lao động; quản lý nhà nước về lao động.",,,,,,,,,
ch1_d2,ARTICLE,structural,"[""Đối tượng áp dụng""]",Đối tượng áp dụng,,,,,,,,ch1_d2,2,Đối tượng áp dụng,,,,,,,,,
ch1_d2_k1,CLAUSE,structural,"[""Người lao động, người học nghề, người tập nghề và người làm việc không có quan hệ lao động""]","Người lao động, người học nghề, người tập nghề và người làm việc không có quan hệ lao động.",,,,,,,,,,,ch1_d2_k1,1,"Người lao động, người học nghề, người tập nghề và người làm việc không có quan hệ lao động.",,,,,,
ch1_d2_k2,CLAUSE,structural,"[""Người sử dụng lao động""]",Người sử dụng lao động.,,,,,,,,,,,ch1_d2_k2,2,Người sử dụng lao động.,,,,,,
ch1_d2_k3,CLAUSE,structural,"[""Người lao động nước ngoài làm việc tại Việt Nam""]",Người lao động nước ngoài làm việc tại Việt Nam.,,,,,,,,,,,ch1_d2_k3,3,Người lao động nước ngoài làm việc tại Việt Nam.,,,,,,
ch1_d2_k4,CLAUSE,structural,"[""Cơ quan, tổ chức, cá nhân khác có liên quan trực tiếp đến quan hệ lao động""]","Cơ quan, tổ chức, cá nhân khác có liên quan trực tiếp đến quan hệ lao động.",,,,,,,,,,,ch1_d2_k4,4,"Cơ quan, tổ chức, cá nhân khác có liên quan trực tiếp đến quan hệ lao động.",,,,,,
ch1_d3,ARTICLE,structural,"[""Giải thích từ ngữ Trong Bộ luật này, các từ ngữ dưới đây được hiểu như sau:""]","Giải thích từ ngữ Trong Bộ luật này, các từ ngữ dưới đây được hiểu như sau:",,,,,,,,ch1_d3,3,"Giải thích từ ngữ Trong Bộ luật này, các từ ngữ dưới đây được hiểu như sau:",,,,,,,,,
ch1_d3_k1,CLAUSE,structural,"[""Người lao động là người làm việc cho người sử dụng lao động theo thỏa thuận, được trả lương và chịu sự quản lý, điều hành, giám sát của người sử dụng lao động"", ""Độ tuổi lao động tối thiểu của người lao động là đủ 15 tuổi, trừ trường hợp quy định tại Mục 1 Chương XI của Bộ luật này""]","Người lao động là người làm việc cho người sử dụng lao động theo thỏa thuận, được trả lương và chịu sự quản lý, điều hành, giám sát của người sử dụng lao động. Độ tuổi lao động tối thiểu của người lao động là đủ 15 tuổi, trừ trường hợp quy định tại Mục 1 Chương XI của Bộ luật này.",,,,,,,,,,,ch1_d3_k1,1,"Người lao động là người làm việc cho người sử dụng lao động theo thỏa thuận, được trả lương và chịu sự quản lý, điều hành, giám sát của người sử dụng lao động. Độ tuổi lao động tối thiểu của người lao động là đủ 15 tuổi, trừ trường hợp quy định tại Mục 1 Chương XI của Bộ luật này.",,,,,,
ch1_d3_k2,CLAUSE,structural,"[""Người sử dụng lao động là doanh nghiệp, cơ quan, tổ chức, hợp tác xã, hộ gia đình, cá nhân có thuê mướn, sử dụng người lao động làm việc cho mình theo thỏa thuận"", ""trường hợp người sử dụng lao động là cá nhân thì phải có năng lực hành vi dân sự đầy đủ""]","Người sử dụng lao động là doanh nghiệp, cơ quan, tổ chức, hợp tác xã, hộ gia đình, cá nhân có thuê mướn, sử dụng người lao động làm việc cho mình theo thỏa thuận; trường hợp người sử dụng lao động là cá nhân thì phải có năng lực hành vi dân sự đầy đủ.",,,,,,,,,,,ch1_d3_k2,2,"Người sử dụng lao động là doanh nghiệp, cơ quan, tổ chức, hợp tác xã, hộ gia đình, cá nhân có thuê mướn, sử dụng người lao động làm việc cho mình theo thỏa thuận; trường hợp người sử dụng lao động là cá nhân thì phải có năng lực hành vi dân sự đầy đủ.",,,,,,
ch1_d3_k3,CLAUSE,structural,"[""Tổ chức đại diện người lao động tại cơ sở là tổ chức được thành lập trên cơ sở tự nguyện của người lao động tại một đơn vị sử dụng lao động nhằm mục đích bảo vệ quyền và lợi ích hợp pháp, chính đáng của người lao động trong quan hệ lao động thông qua thương lượng tập thể hoặc các hình thức khác theo quy định của pháp luật về lao động"", ""Tổ chức đại diện người lao động tại cơ sở bao gồm công đoàn cơ sở và tổ chức của người lao động tại doanh nghiệp""]","Tổ chức đại diện người lao động tại cơ sở là tổ chức được thành lập trên cơ sở tự nguyện của người lao động tại một đơn vị sử dụng lao động nhằm mục đích bảo vệ quyền và lợi ích hợp pháp, chính đáng của người lao động trong quan hệ lao động thông qua thương lượng tập thể hoặc các hình thức khác theo quy định của pháp luật về lao động. Tổ chức đại diện người lao động tại cơ sở bao gồm công đoàn cơ sở và tổ chức của người lao động tại doanh nghiệp.",,,,,,,,,,,ch1_d3_k3,3,"Tổ chức đại diện người lao động tại cơ sở là tổ chức được thành lập trên cơ sở tự nguyện của người lao động tại một đơn vị sử dụng lao động nhằm mục đích bảo vệ quyền và lợi ích hợp pháp, chính đáng của người lao động trong quan hệ lao động thông qua thương lượng tập thể hoặc các hình thức khác theo quy định của pháp luật về lao động. Tổ chức đại diện người lao động tại cơ sở bao gồm công đoàn cơ sở và tổ chức của người lao động tại doanh nghiệp.",,,,,,
ch1_d3_k4,CLAUSE,structural,"[""Tổ chức đại diện người sử dụng lao động là tổ chức được thành lập hợp pháp, đại diện và bảo vệ quyền, lợi ích hợp pháp của người sử dụng lao động trong quan hệ lao động""]","Tổ chức đại diện người sử dụng lao động là tổ chức được thành lập hợp pháp, đại diện và bảo vệ quyền, lợi ích hợp pháp của người sử dụng lao động trong quan hệ lao động.",,,,,,,,,,,ch1_d3_k4,4,"Tổ chức đại diện người sử dụng lao động là tổ chức được thành lập hợp pháp, đại diện và bảo vệ quyền, lợi ích hợp pháp của người sử dụng lao động trong quan hệ lao động.",,,,,,
ch1_d3_k5,CLAUSE,structural,"[""Quan hệ lao động là quan hệ xã hội phát sinh trong việc thuê mướn, sử dụng lao động, trả lương giữa người lao động, người sử dụng lao động, các tổ chức đại diện của các bên, cơ quan nhà nước có thẩm quyền"", ""Quan hệ lao động bao gồm quan hệ lao động cá nhân và quan hệ lao động tập thể""]","Quan hệ lao động là quan hệ xã hội phát sinh trong việc thuê mướn, sử dụng lao động, trả lương giữa người lao động, người sử dụng lao động, các tổ chức đại diện của các bên, cơ quan nhà nước có thẩm quyền. Quan hệ lao động bao gồm quan hệ lao động cá nhân và quan hệ lao động tập thể.",,,,,,,,,,,ch1_d3_k5,5,"Quan hệ lao động là quan hệ xã hội phát sinh trong việc thuê mướn, sử dụng lao động, trả lương giữa người lao động, người sử dụng lao động, các tổ chức đại diện của các bên, cơ quan nhà nước có thẩm quyền. Quan hệ lao động bao gồm quan hệ lao động cá nhân và quan hệ lao động tập thể.",,,,,,
ch1_d3_k6,CLAUSE,structural,"[""Người làm việc không có quan hệ lao động là người làm việc không trên cơ sở thuê mướn bằng hợp đồng lao động""]",Người làm việc không có quan hệ lao động là người làm việc không trên cơ sở thuê mướn bằng hợp đồng lao động.,,,,,,,,,,,ch1_d3_k6,6,Người làm việc không có quan hệ lao động là người làm việc không trên cơ sở thuê mướn bằng hợp đồng lao động.,,,,,,
ch1_d3_k7,CLAUSE,structural,"[""Cưỡng bức lao động là việc dùng vũ lực, đe dọa dùng vũ lực hoặc các thủ đoạn khác để ép buộc người lao động phải làm việc trái ý muốn của họ""]","Cưỡng bức lao động là việc dùng vũ lực, đe dọa dùng vũ lực hoặc các thủ đoạn khác để ép buộc người lao động phải làm việc trái ý muốn của họ.",,,,,,,,,,,ch1_d3_k7,7,"Cưỡng bức lao động là việc dùng vũ lực, đe dọa dùng vũ lực hoặc các thủ đoạn khác để ép buộc người lao động phải làm việc trái ý muốn của họ.",,,,,,
ch1_d3_k8,CLAUSE,structural,"[""Phân biệt đối xử trong lao động là hành vi phân biệt, loại trừ hoặc ưu tiên dựa trên chủng tộc, màu da, nguồn gốc quốc gia hoặc nguồn gốc xã hội, dân tộc, giới tính, độ tuổi, tình trạng thai sản, tình trạng hôn nhân, tôn giáo, tín ngưỡng, chính kiến, khuyết tật, trách nhiệm gia đình hoặc trên cơ sở tình trạng nhiễm HIV hoặc vì lý do thành lập, gia nhập và hoạt động công đoàn, tổ chức của người lao động tại doanh nghiệp có tác động làm ảnh hưởng đến bình đẳng về cơ hội việc làm hoặc nghề nghiệp"", ""Việc phân biệt, loại trừ hoặc ưu tiên xuất phát từ yêu cầu đặc thù của công việc và các hành vi duy trì, bảo vệ việc làm cho người lao động dễ bị tổn thương thì không bị xem là phân biệt đối xử""]","Phân biệt đối xử trong lao động là hành vi phân biệt, loại trừ hoặc ưu tiên dựa trên chủng tộc, màu da, nguồn gốc quốc gia hoặc nguồn gốc xã hội, dân tộc, giới tính, độ tuổi, tình trạng thai sản, tình trạng hôn nhân, tôn giáo, tín ngưỡng, chính kiến, khuyết tật, trách nhiệm gia đình hoặc trên cơ sở tình trạng nhiễm HIV hoặc vì lý do thành lập, gia nhập và hoạt động công đoàn, tổ chức của người lao động tại doanh nghiệp có tác động làm ảnh hưởng đến bình đẳng về cơ hội việc làm hoặc nghề nghiệp. Việc phân biệt, loại trừ hoặc ưu tiên xuất phát từ yêu cầu đặc thù của công việc và các hành vi duy trì, bảo vệ việc làm cho người lao động dễ bị tổn thương thì không bị xem là phân biệt đối xử.",,,,,,,,,,,ch1_d3_k8,8,"Phân biệt đối xử trong lao động là hành vi phân biệt, loại trừ hoặc ưu tiên dựa trên chủng tộc, màu da, nguồn gốc quốc gia hoặc nguồn gốc xã hội, dân tộc, giới tính, độ tuổi, tình trạng thai sản, tình trạng hôn nhân, tôn giáo, tín ngưỡng, chính kiến, khuyết tật, trách nhiệm gia đình hoặc trên cơ sở tình trạng nhiễm HIV hoặc vì lý do thành lập, gia nhập và hoạt động công đoàn, tổ chức của người lao động tại doanh nghiệp có tác động làm ảnh hưởng đến bình đẳng về cơ hội việc làm hoặc nghề nghiệp. Việc phân biệt, loại trừ hoặc ưu tiên xuất phát từ yêu cầu đặc thù của công việc và các hành vi duy trì, bảo vệ việc làm cho người lao động dễ bị tổn thương thì không bị xem là phân biệt đối xử.",,,,,,
ch1_d3_k9,CLAUSE,structural,"[""Quấy rối tình dục tại nơi làm việc là hành vi có tính chất tình dục của bất kỳ người nào đối với người khác tại nơi làm việc mà không được người đó mong muốn hoặc chấp nhận"", ""Nơi làm việc là bất kỳ nơi nào mà người lao động thực tế làm việc theo thỏa thuận hoặc phân công của người sử dụng lao động""]",Quấy rối tình dục tại nơi làm việc là hành vi có tính chất tình dục của bất kỳ người nào đối với người khác tại nơi làm việc mà không được người đó mong muốn hoặc chấp nhận. Nơi làm việc là bất kỳ nơi nào mà người lao động thực tế làm việc theo thỏa thuận hoặc phân công của người sử dụng lao động.,,,,,,,,,,,ch1_d3_k9,9,Quấy rối tình dục tại nơi làm việc là hành vi có tính chất tình dục của bất kỳ người nào đối với người khác tại nơi làm việc mà không được người đó mong muốn hoặc chấp nhận. Nơi làm việc là bất kỳ nơi nào mà người lao động thực tế làm việc theo thỏa thuận hoặc phân công của người sử dụng lao động.,,,,,,
ch1_d4,ARTICLE,structural,"[""Chính sách của Nhà nước về lao động""]",Chính sách của Nhà nước về lao động,,,,,,,,ch1_d4,4,Chính sách của Nhà nước về lao động,,,,,,,,,
ch1_d4_k1,CLAUSE,structural,"[""Bảo đảm quyền và lợi ích hợp pháp, chính đáng của người lao động, người làm việc không có quan hệ lao động"", ""khuyến khích những thỏa thuận bảo đảm cho người lao động có điều kiện thuận lợi hơn so với quy định của pháp luật về lao động""]","Bảo đảm quyền và lợi ích hợp pháp, chính đáng của người lao động, người làm việc không có quan hệ lao động; khuyến khích những thỏa thuận bảo đảm cho người lao động có điều kiện thuận lợi hơn so với quy định của pháp luật về lao động.",,,,,,,,,,,ch1_d4_k1,1,"Bảo đảm quyền và lợi ích hợp pháp, chính đáng của người lao động, người làm việc không có quan hệ lao động; khuyến khích những thỏa thuận bảo đảm cho người lao động có điều kiện thuận lợi hơn so với quy định của pháp luật về lao động.",,,,,,
ch1_d4_k2,CLAUSE,structural,"[""Bảo đảm quyền và lợi ích hợp pháp của người sử dụng lao động, quản lý lao động đúng pháp luật, dân chủ, công bằng, văn minh và nâng cao trách nhiệm xã hội""]","Bảo đảm quyền và lợi ích hợp pháp của người sử dụng lao động, quản lý lao động đúng pháp luật, dân chủ, công bằng, văn minh và nâng cao trách nhiệm xã hội.",,,,,,,,,,,ch1_d4_k2,2,"Bảo đảm quyền và lợi ích hợp pháp của người sử dụng lao động, quản lý lao động đúng pháp luật, dân chủ, công bằng, văn minh và nâng cao trách nhiệm xã hội.",,,,,,
ch1_d4_k3,CLAUSE,structural,"[""Tạo điều kiện thuận lợi đối với hoạt động tạo việc làm, tự tạo việc làm, dạy nghề và học nghề để có việc làm"", ""hoạt động sản xuất, kinh doanh thu hút nhiều lao động"", ""áp dụng một số quy định của Bộ luật này đối với người làm việc không có quan hệ lao động""]","Tạo điều kiện thuận lợi đối với hoạt động tạo việc làm, tự tạo việc làm, dạy nghề và học nghề để có việc làm; hoạt động sản xuất, kinh doanh thu hút nhiều lao động; áp dụng một số quy định của Bộ luật này đối với người làm việc không có quan hệ lao động.",,,,,,,,,,,ch1_d4_k3,3,"Tạo điều kiện thuận lợi đối với hoạt động tạo việc làm, tự tạo việc làm, dạy nghề và học nghề để có việc làm; hoạt động sản xuất, kinh doanh thu hút nhiều lao động; áp dụng một số quy định của Bộ luật này đối với người làm việc không có quan hệ lao động.",,,,,,
ch1_d4_k4,CLAUSE,structural,"[""Có chính sách phát triển, phân bố nguồn nhân lực"", ""nâng cao năng suất lao động"", ""đào tạo, bồi dưỡng và nâng cao trình độ, kỹ năng nghề cho người lao động"", ""hỗ trợ duy trì, chuyển đổi nghề nghiệp, việc làm cho người lao động"", ""ưu đãi đối với người lao động có trình độ chuyên môn, kỹ thuật cao đáp ứng yêu cầu của cách mạng công nghiệp, sự nghiệp công nghiệp hóa, hiện đại hóa đất nước""]","Có chính sách phát triển, phân bố nguồn nhân lực; nâng cao năng suất lao động; đào tạo, bồi dưỡng và nâng cao trình độ, kỹ năng nghề cho người lao động; hỗ trợ duy trì, chuyển đổi nghề nghiệp, việc làm cho người lao động; ưu đãi đối với người lao động có trình độ chuyên môn, kỹ thuật cao đáp ứng yêu cầu của cách mạng công nghiệp, sự nghiệp công nghiệp hóa, hiện đại hóa đất nước.",,,,,,,,,,,ch1_d4_k4,4,"Có chính sách phát triển, phân bố nguồn nhân lực; nâng cao năng suất lao động; đào tạo, bồi dưỡng và nâng cao trình độ, kỹ năng nghề cho người lao động; hỗ trợ duy trì, chuyển đổi nghề nghiệp, việc làm cho người lao động; ưu đãi đối với người lao động có trình độ chuyên môn, kỹ thuật cao đáp ứng yêu cầu của cách mạng công nghiệp, sự nghiệp công nghiệp hóa, hiện đại hóa đất nước.",,,,,,
ch1_d4_k5,CLAUSE,structural,"[""Có chính sách phát triển thị trường lao động, đa dạng các hình thức kết nối cung, cầu lao động""]","Có chính sách phát triển thị trường lao động, đa dạng các hình thức kết nối cung, cầu lao động.",,,,,,,,,,,ch1_d4_k5,5,"Có chính sách phát triển thị trường lao động, đa dạng các hình thức kết nối cung, cầu lao động.",,,,,,
ch1_d4_k6,CLAUSE,structural,"[""Thúc đẩy người lao động và người sử dụng lao động đối thoại, thương lượng tập thể, xây dựng quan hệ lao động tiến bộ, hài hòa và ổn định""]","Thúc đẩy người lao động và người sử dụng lao động đối thoại, thương lượng tập thể, xây dựng quan hệ lao động tiến bộ, hài hòa và ổn định.",,,,,,,,,,,ch1_d4_k6,6,"Thúc đẩy người lao động và người sử dụng lao động đối thoại, thương lượng tập thể, xây dựng quan hệ lao động tiến bộ, hài hòa và ổn định.",,,,,,
ch1_d4_k7,CLAUSE,structural,"[""Bảo đảm bình đẳng giới"", ""quy định chế độ lao động và chính sách xã hội nhằm bảo vệ lao động nữ, lao động là người khuyết tật, người lao động cao tuổi, lao động chưa thành niên""]","Bảo đảm bình đẳng giới; quy định chế độ lao động và chính sách xã hội nhằm bảo vệ lao động nữ, lao động là người khuyết tật, người lao động cao tuổi, lao động chưa thành niên.",,,,,,,,,,,ch1_d4_k7,7,"Bảo đảm bình đẳng giới; quy định chế độ lao động và chính sách xã hội nhằm bảo vệ lao động nữ, lao động là người khuyết tật, người lao động cao tuổi, lao động chưa thành niên.",,,,,,
ch1_d5,ARTICLE,structural,"[""Quyền và nghĩa vụ của người lao động""]",Quyền và nghĩa vụ của người lao động,,,,,,,,ch1_d5,5,Quyền và nghĩa vụ của người lao động,,,,,,,,,
ch1_d5_k1,CLAUSE,structural,"[""Người lao động có các quyền sau đây: a) Làm việc"", ""tự do lựa chọn việc làm, nơi làm việc, nghề nghiệp, học nghề, nâng cao trình độ nghề nghiệp"", ""không bị phân biệt đối xử, cưỡng bức lao động, quấy rối tình dục tại nơi làm việc"", ""b) Hưởng lương phù hợp với trình độ, kỹ năng nghề trên cơ sở thỏa thuận với người sử dụng lao động"", ""được bảo hộ lao động, làm việc trong điều kiện bảo đảm về an toàn, vệ sinh lao động"", ""nghỉ theo chế độ, nghỉ hằng năm có hưởng lương và được hưởng phúc lợi tập thể"", ""c) Thành lập, gia nhập, hoạt động trong tổ chức đại diện người lao động, tổ chức nghề nghiệp và tổ chức khác theo quy định của pháp luật"", ""yêu cầu và tham gia đối thoại, thực hiện quy chế dân chủ, thương lượng tập thể với người sử dụng lao động và được tham vấn tại nơi làm việc để bảo vệ quyền và lợi ích hợp pháp, chính đáng của mình"", ""tham gia quản lý theo nội quy của người sử dụng lao động"", ""d) Từ chối làm việc nếu có nguy cơ rõ ràng đe dọa trực tiếp đến tính mạng, sức khỏe trong quá trình thực hiện công việc"", ""đ) Đơn phương chấm dứt hợp đồng lao động"", ""e) Đình công"", ""g) Các quyền khác theo quy định của pháp luật""]","Người lao động có các quyền sau đây: a) Làm việc; tự do lựa chọn việc làm, nơi làm việc, nghề nghiệp, học nghề, nâng cao trình độ nghề nghiệp; không bị phân biệt đối xử, cưỡng bức lao động, quấy rối tình dục tại nơi làm việc; b) Hưởng lương phù hợp với trình độ, kỹ năng nghề trên cơ sở thỏa thuận với người sử dụng lao động; được bảo hộ lao động, làm việc trong điều kiện bảo đảm về an toàn, vệ sinh lao động; nghỉ theo chế độ, nghỉ hằng năm có hưởng lương và được hưởng phúc lợi tập thể; c) Thành lập, gia nhập, hoạt động trong tổ chức đại diện người lao động, tổ chức nghề nghiệp và tổ chức khác theo quy định của pháp luật; yêu cầu và tham gia đối thoại, thực hiện quy chế dân chủ, thương lượng tập thể với người sử dụng lao động và được tham vấn tại nơi làm việc để bảo vệ quyền và lợi ích hợp pháp, chính đáng của mình; tham gia quản lý theo nội quy của người sử dụng lao động; d) Từ chối làm việc nếu có nguy cơ rõ ràng đe dọa trực tiếp đến tính mạng, sức khỏe trong quá trình thực hiện công việc; đ) Đơn phương chấm dứt hợp đồng lao động; e) Đình công; g) Các quyền khác theo quy định của pháp luật.",,,,,,,,,,,ch1_d5_k1,1,"Người lao động có các quyền sau đây: a) Làm việc; tự do lựa chọn việc làm, nơi làm việc, nghề nghiệp, học nghề, nâng cao trình độ nghề nghiệp; không bị phân biệt đối xử, cưỡng bức lao động, quấy rối tình dục tại nơi làm việc; b) Hưởng lương phù hợp với trình độ, kỹ năng nghề trên cơ sở thỏa thuận với người sử dụng lao động; được bảo hộ lao động, làm việc trong điều kiện bảo đảm về an toàn, vệ sinh lao động; nghỉ theo chế độ, nghỉ hằng năm có hưởng lương và được hưởng phúc lợi tập thể; c) Thành lập, gia nhập, hoạt động trong tổ chức đại diện người lao động, tổ chức nghề nghiệp và tổ chức khác theo quy định của pháp luật; yêu cầu và tham gia đối thoại, thực hiện quy chế dân chủ, thương lượng tập thể với người sử dụng lao động và được tham vấn tại nơi làm việc để bảo vệ quyền và lợi ích hợp pháp, chính đáng của mình; tham gia quản lý theo nội quy của người sử dụng lao động; d) Từ chối làm việc nếu có nguy cơ rõ ràng đe dọa trực tiếp đến tính mạng, sức khỏe trong quá trình thực hiện công việc; đ) Đơn phương chấm dứt hợp đồng lao động; e) Đình công; g) Các quyền khác theo quy định của pháp luật.",,,,,,
ch1_d5_k1_a,POINT,structural,[],"Làm việc; tự do lựa chọn việc làm, nơi làm việc, nghề nghiệp, học nghề, nâng cao trình độ nghề nghiệp; không bị phân biệt đối xử, cưỡng bức lao động, quấy rối tình dục tại nơi làm việc;",,,,,,,,,,,,,,ch1_d5_k1_a,a),"Làm việc; tự do lựa chọn việc làm, nơi làm việc, nghề nghiệp, học nghề, nâng cao trình độ nghề nghiệp; không bị phân biệt đối xử, cưỡng bức lao động, quấy rối tình dục tại nơi làm việc;",,,
ch1_d5_k1_b,POINT,structural,[],"Hưởng lương phù hợp với trình độ, kỹ năng nghề trên cơ sở thỏa thuận với người sử dụng lao động; được bảo hộ lao động, làm việc trong điều kiện bảo đảm về an toàn, vệ sinh lao động; nghỉ theo chế độ, nghỉ hằng năm có hưởng lương và được hưởng phúc lợi tập thể;",,,,,,,,,,,,,,ch1_d5_k1_b,b),"Hưởng lương phù hợp với trình độ, kỹ năng nghề trên cơ sở thỏa thuận với người sử dụng lao động; được bảo hộ lao động, làm việc trong điều kiện bảo đảm về an toàn, vệ sinh lao động; nghỉ theo chế độ, nghỉ hằng năm có hưởng lương và được hưởng phúc lợi tập thể;",,,
ch1_d5_k1_c,POINT,structural,[],"Thành lập, gia nhập, hoạt động trong tổ chức đại diện người lao động, tổ chức nghề nghiệp và tổ chức khác theo quy định của pháp luật; yêu cầu và tham gia đối thoại, thực hiện quy chế dân chủ, thương lượng tập thể với người sử dụng lao động và được tham vấn tại nơi làm việc để bảo vệ quyền và lợi ích hợp pháp, chính đáng của mình; tham gia quản lý theo nội quy của người sử dụng lao động;",,,,,,,,,,,,,,ch1_d5_k1_c,c),"Thành lập, gia nhập, hoạt động trong tổ chức đại diện người lao động, tổ chức nghề nghiệp và tổ chức khác theo quy định của pháp luật; yêu cầu và tham gia đối thoại, thực hiện quy chế dân chủ, thương lượng tập thể với người sử dụng lao động và được tham vấn tại nơi làm việc để bảo vệ quyền và lợi ích hợp pháp, chính đáng của mình; tham gia quản lý theo nội quy của người sử dụng lao động;",,,
ch1_d5_k1_d,POINT,structural,[],"Từ chối làm việc nếu có nguy cơ rõ ràng đe dọa trực tiếp đến tính mạng, sức khỏe trong quá trình thực hiện công việc;",,,,,,,,,,,,,,ch1_d5_k1_d,d),"Từ chối làm việc nếu có nguy cơ rõ ràng đe dọa trực tiếp đến tính mạng, sức khỏe trong quá trình thực hiện công việc;",,,
ch1_d5_k1_đ,POINT,structural,[],Đơn phương chấm dứt hợp đồng lao động;,,,,,,,,,,,,,,ch1_d5_k1_đ,đ),Đơn phương chấm dứt hợp đồng lao động;,,,
ch1_d5_k1_e,POINT,structural,[],Đình công;,,,,,,,,,,,,,,ch1_d5_k1_e,e),Đình công;,,,
ch1_d5_k1_g,POINT,structural,[],Các quyền khác theo quy định của pháp luật.,,,,,,,,,,,,,,ch1_d5_k1_g,g),Các quyền khác theo quy định của pháp luật.,,,
ch1_d5_k2,CLAUSE,structural,"[""Người lao động có các nghĩa vụ sau đây: a) Thực hiện hợp đồng lao động, thỏa ước lao động tập thể và thỏa thuận hợp pháp khác"", ""b) Chấp hành kỷ luật lao động, nội quy lao động"", ""tuân theo sự quản lý, điều hành, giám sát của người sử dụng lao động"", ""c) Thực hiện quy định của pháp luật về lao động, việc làm, giáo dục nghề nghiệp, bảo hiểm xã hội, bảo hiểm y tế, bảo hiểm thất nghiệp và an toàn, vệ sinh lao động""]","Người lao động có các nghĩa vụ sau đây: a) Thực hiện hợp đồng lao động, thỏa ước lao động tập thể và thỏa thuận hợp pháp khác; b) Chấp hành kỷ luật lao động, nội quy lao động; tuân theo sự quản lý, điều hành, giám sát của người sử dụng lao động; c) Thực hiện quy định của pháp luật về lao động, việc làm, giáo dục nghề nghiệp, bảo hiểm xã hội, bảo hiểm y tế, bảo hiểm thất nghiệp và an toàn, vệ sinh lao động.",,,,,,,,,,,ch1_d5_k2,2,"Người lao động có các nghĩa vụ sau đây: a) Thực hiện hợp đồng lao động, thỏa ước lao động tập thể và thỏa thuận hợp pháp khác; b) Chấp hành kỷ luật lao động, nội quy lao động; tuân theo sự quản lý, điều hành, giám sát của người sử dụng lao động; c) Thực hiện quy định của pháp luật về lao động, việc làm, giáo dục nghề nghiệp, bảo hiểm xã hội, bảo hiểm y tế, bảo hiểm thất nghiệp và an toàn, vệ sinh lao động.",,,,,,
ch1_d5_k2_a,POINT,structural,[],"Thực hiện hợp đồng lao động, thỏa ước lao động tập thể và thỏa thuận hợp pháp khác;",,,,,,,,,,,,,,ch1_d5_k2_a,a),"Thực hiện hợp đồng lao động, thỏa ước lao động tập thể và thỏa thuận hợp pháp khác;",,,
ch1_d5_k2_b,POINT,structural,[],"Chấp hành kỷ luật lao động, nội quy lao động; tuân theo sự quản lý, điều hành, giám sát của người sử dụng lao động;",,,,,,,,,,,,,,ch1_d5_k2_b,b),"Chấp hành kỷ luật lao động, nội quy lao động; tuân theo sự quản lý, điều hành, giám sát của người sử dụng lao động;",,,
ch1_d5_k2_c,POINT,structural,[],"Thực hiện quy định của pháp luật về lao động, việc làm, giáo dục nghề nghiệp, bảo hiểm xã hội, bảo hiểm y tế, bảo hiểm thất nghiệp và an toàn, vệ sinh lao động.",,,,,,,,,,,,,,ch1_d5_k2_c,c),"Thực hiện quy định của pháp luật về lao động, việc làm, giáo dục nghề nghiệp, bảo hiểm xã hội, bảo hiểm y tế, bảo hiểm thất nghiệp và an toàn, vệ sinh lao động.",,,
ch1_d6,ARTICLE,structural,"[""Quyền và nghĩa vụ của người sử dụng lao động""]",Quyền và nghĩa vụ của người sử dụng lao động,,,,,,,,ch1_d6,6,Quyền và nghĩa vụ của người sử dụng lao động,,,,,,,,,
ch1_d6_k1,CLAUSE,structural,"[""Người sử dụng lao động có các quyền sau đây: a) Tuyển dụng, bố trí, quản lý, điều hành, giám sát lao động"", ""khen thưởng và xử lý vi phạm kỷ luật lao động"", ""b) Thành lập, gia nhập, hoạt động trong tổ chức đại diện người sử dụng lao động, tổ chức nghề nghiệp và tổ chức khác theo quy định của pháp luật"", ""c) Yêu cầu tổ chức đại diện người lao động thương lượng với mục đích ký kết thỏa ước lao động tập thể"", ""tham gia giải quyết tranh chấp lao động, đình công"", ""đối thoại, trao đổi với tổ chức đại diện người lao động về các vấn đề trong quan hệ lao động, cải thiện đời sống vật chất và tinh thần của người lao động"", ""d) Đóng cửa tạm thời nơi làm việc"", ""đ) Các quyền khác theo quy định của pháp luật""]","Người sử dụng lao động có các quyền sau đây: a) Tuyển dụng, bố trí, quản lý, điều hành, giám sát lao động; khen thưởng và xử lý vi phạm kỷ luật lao động; b) Thành lập, gia nhập, hoạt động trong tổ chức đại diện người sử dụng lao động, tổ chức nghề nghiệp và tổ chức khác theo quy định của pháp luật; c) Yêu cầu tổ chức đại diện người lao động thương lượng với mục đích ký kết thỏa ước lao động tập thể; tham gia giải quyết tranh chấp lao động, đình công; đối thoại, trao đổi với tổ chức đại diện người lao động về các vấn đề trong quan hệ lao động, cải thiện đời sống vật chất và tinh thần của người lao động; d) Đóng cửa tạm thời nơi làm việc; đ) Các quyền khác theo quy định của pháp luật.",,,,,,,,,,,ch1_d6_k1,1,"Người sử dụng lao động có các quyền sau đây: a) Tuyển dụng, bố trí, quản lý, điều hành, giám sát lao động; khen thưởng và xử lý vi phạm kỷ luật lao động; b) Thành lập, gia nhập, hoạt động trong tổ chức đại diện người sử dụng lao động, tổ chức nghề nghiệp và tổ chức khác theo quy định của pháp luật; c) Yêu cầu tổ chức đại diện người lao động thương lượng với mục đích ký kết thỏa ước lao động tập thể; tham gia giải quyết tranh chấp lao động, đình công; đối thoại, trao đổi với tổ chức đại diện người lao động về các vấn đề trong quan hệ lao động, cải thiện đời sống vật chất và tinh thần của người lao động; d) Đóng cửa tạm thời nơi làm việc; đ) Các quyền khác theo quy định của pháp luật.",,,,,,
ch1_d6_k1_a,POINT,structural,[],"Tuyển dụng, bố trí, quản lý, điều hành, giám sát lao động; khen thưởng và xử lý vi phạm kỷ luật lao động;",,,,,,,,,,,,,,ch1_d6_k1_a,a),"Tuyển dụng, bố trí, quản lý, điều hành, giám sát lao động; khen thưởng và xử lý vi phạm kỷ luật lao động;",,,
ch1_d6_k1_b,POINT,structural,[],"Thành lập, gia nhập, hoạt động trong tổ chức đại diện người sử dụng lao động, tổ chức nghề nghiệp và tổ chức khác theo quy định của pháp luật;",,,,,,,,,,,,,,ch1_d6_k1_b,b),"Thành lập, gia nhập, hoạt động trong tổ chức đại diện người sử dụng lao động, tổ chức nghề nghiệp và tổ chức khác theo quy định của pháp luật;",,,
ch1_d6_k1_c,POINT,structural,[],"Yêu cầu tổ chức đại diện người lao động thương lượng với mục đích ký kết thỏa ước lao động tập thể; tham gia giải quyết tranh chấp lao động, đình công; đối thoại, trao đổi với tổ chức đại diện người lao động về các vấn đề trong quan hệ lao động, cải thiện đời sống vật chất và tinh thần của người lao động;",,,,,,,,,,,,,,ch1_d6_k1_c,c),"Yêu cầu tổ chức đại diện người lao động thương lượng với mục đích ký kết thỏa ước lao động tập thể; tham gia giải quyết tranh chấp lao động, đình công; đối thoại, trao đổi với tổ chức đại diện người lao động về các vấn đề trong quan hệ lao động, cải thiện đời sống vật chất và tinh thần của người lao động;",,,
ch1_d6_k1_d,POINT,structural,[],Đóng cửa tạm thời nơi làm việc;,,,,,,,,,,,,,,ch1_d6_k1_d,d),Đóng cửa tạm thời nơi làm việc;,,,
ch1_d6_k1_đ,POINT,structural,[],Các quyền khác theo quy định của pháp luật.,,,,,,,,,,,,,,ch1_d6_k1_đ,đ),Các quyền khác theo quy định của pháp luật.,,,
ch1_d6_k2,CLAUSE,structural,"[""Người sử dụng lao động có các nghĩa vụ sau đây: a) Thực hiện hợp đồng lao động, thỏa ước lao động tập thể và thỏa thuận hợp pháp khác"", ""tôn trọng danh dự, nhân phẩm của người lao động"", ""b) Thiết lập cơ chế và thực hiện đối thoại, trao đổi với người lao động và tổ chức đại diện người lao động"", ""thực hiện quy chế dân chủ ở cơ sở tại nơi làm việc"", ""c) Đào tạo, đào tạo lại, bồi dưỡng nâng cao trình độ, kỹ năng nghề nhằm duy trì, chuyển đổi nghề nghiệp, việc làm cho người lao động"", ""d) Thực hiện quy định của pháp luật về lao động, việc làm, giáo dục nghề nghiệp, bảo hiểm xã hội, bảo hiểm y tế, bảo hiểm thất nghiệp và an toàn, vệ sinh lao động"", ""xây dựng và thực hiện các giải pháp phòng, chống quấy rối tình dục tại nơi làm việc"", ""đ) Tham gia phát triển tiêu chuẩn kỹ năng nghề quốc gia, đánh giá, công nhận kỹ năng nghề cho người lao động""]","Người sử dụng lao động có các nghĩa vụ sau đây: a) Thực hiện hợp đồng lao động, thỏa ước lao động tập thể và thỏa thuận hợp pháp khác; tôn trọng danh dự, nhân phẩm của người lao động; b) Thiết lập cơ chế và thực hiện đối thoại, trao đổi với người lao động và tổ chức đại diện người lao động; thực hiện quy chế dân chủ ở cơ sở tại nơi làm việc; c) Đào tạo, đào tạo lại, bồi dưỡng nâng cao trình độ, kỹ năng nghề nhằm duy trì, chuyển đổi nghề nghiệp, việc làm cho người lao động; d) Thực hiện quy định của pháp luật về lao động, việc làm, giáo dục nghề nghiệp, bảo hiểm xã hội, bảo hiểm y tế, bảo hiểm thất nghiệp và an toàn, vệ sinh lao động; xây dựng và thực hiện các giải pháp phòng, chống quấy rối tình dục tại nơi làm việc; đ) Tham gia phát triển tiêu chuẩn kỹ năng nghề quốc gia, đánh giá, công nhận kỹ năng nghề cho người lao động.",,,,,,,,,,,ch1_d6_k2,2,"Người sử dụng lao động có các nghĩa vụ sau đây: a) Thực hiện hợp đồng lao động, thỏa ước lao động tập thể và thỏa thuận hợp pháp khác; tôn trọng danh dự, nhân phẩm của người lao động; b) Thiết lập cơ chế và thực hiện đối thoại, trao đổi với người lao động và tổ chức đại diện người lao động; thực hiện quy chế dân chủ ở cơ sở tại nơi làm việc; c) Đào tạo, đào tạo lại, bồi dưỡng nâng cao trình độ, kỹ năng nghề nhằm duy trì, chuyển đổi nghề nghiệp, việc làm cho người lao động; d) Thực hiện quy định của pháp luật về lao động, việc làm, giáo dục nghề nghiệp, bảo hiểm xã hội, bảo hiểm y tế, bảo hiểm thất nghiệp và an toàn, vệ sinh lao động; xây dựng và thực hiện các giải pháp phòng, chống quấy rối tình dục tại nơi làm việc; đ) Tham gia phát triển tiêu chuẩn kỹ năng nghề quốc gia, đánh giá, công nhận kỹ năng nghề cho người lao động.",,,,,,
ch1_d6_k2_a,POINT,structural,[],"Thực hiện hợp đồng lao động, thỏa ước lao động tập thể và thỏa thuận hợp pháp khác; tôn trọng danh dự, nhân phẩm của người lao động;",,,,,,,,,,,,,,ch1_d6_k2_a,a),"Thực hiện hợp đồng lao động, thỏa ước lao động tập thể và thỏa thuận hợp pháp khác; tôn trọng danh dự, nhân phẩm của người lao động;",,,
ch1_d6_k2_b,POINT,structural,[],"Thiết lập cơ chế và thực hiện đối thoại, trao đổi với người lao động và tổ chức đại diện người lao động; thực hiện quy chế dân chủ ở cơ sở tại nơi làm việc;",,,,,,,,,,,,,,ch1_d6_k2_b,b),"Thiết lập cơ chế và thực hiện đối thoại, trao đổi với người lao động và tổ chức đại diện người lao động; thực hiện quy chế dân chủ ở cơ sở tại nơi làm việc;",,,
ch1_d6_k2_c,POINT,structural,[],"Đào tạo, đào tạo lại, bồi dưỡng nâng cao trình độ, kỹ năng nghề nhằm duy trì, chuyển đổi nghề nghiệp, việc làm cho người lao động;",,,,,,,,,,,,,,ch1_d6_k2_c,c),"Đào tạo, đào tạo lại, bồi dưỡng nâng cao trình độ, kỹ năng nghề nhằm duy trì, chuyển đổi nghề nghiệp, việc làm cho người lao động;",,,
ch1_d6_k2_d,POINT,structural,[],"Thực hiện quy định của pháp luật về lao động, việc làm, giáo dục nghề nghiệp, bảo hiểm xã hội, bảo hiểm y tế, bảo hiểm thất nghiệp và an toàn, vệ sinh lao động; xây dựng và thực hiện các giải pháp phòng, chống quấy rối tình dục tại nơi làm việc;",,,,,,,,,,,,,,ch1_d6_k2_d,d),"Thực hiện quy định của pháp luật về lao động, việc làm, giáo dục nghề nghiệp, bảo hiểm xã hội, bảo hiểm y tế, bảo hiểm thất nghiệp và an toàn, vệ sinh lao động; xây dựng và thực hiện các giải pháp phòng, chống quấy rối tình dục tại nơi làm việc;",,,
ch1_d6_k2_đ,POINT,structural,[],"Tham gia phát triển tiêu chuẩn kỹ năng nghề quốc gia, đánh giá, công nhận kỹ năng nghề cho người lao động.",,,,,,,,,,,,,,ch1_d6_k2_đ,đ),"Tham gia phát triển tiêu chuẩn kỹ năng nghề quốc gia, đánh giá, công nhận kỹ năng nghề cho người lao động.",,,
ch1_d7,ARTICLE,structural,"[""Xây dựng quan hệ lao động""]",Xây dựng quan hệ lao động,,,,,,,,ch1_d7,7,Xây dựng quan hệ lao động,,,,,,,,,
ch1_d7_k1,CLAUSE,structural,"[""Quan hệ lao động được xác lập qua đối thoại, thương lượng, thỏa thuận theo nguyên tắc tự nguyện, thiện chí, bình đẳng, hợp tác, tôn trọng quyền và lợi ích hợp pháp của nhau""]","Quan hệ lao động được xác lập qua đối thoại, thương lượng, thỏa thuận theo nguyên tắc tự nguyện, thiện chí, bình đẳng, hợp tác, tôn trọng quyền và lợi ích hợp pháp của nhau.",,,,,,,,,,,ch1_d7_k1,1,"Quan hệ lao động được xác lập qua đối thoại, thương lượng, thỏa thuận theo nguyên tắc tự nguyện, thiện chí, bình đẳng, hợp tác, tôn trọng quyền và lợi ích hợp pháp của nhau.",,,,,,
ch1_d7_k2,CLAUSE,structural,"[""Người sử dụng lao động, tổ chức đại diện người sử dụng lao động và người lao động, tổ chức đại diện người lao động xây dựng quan hệ lao động tiến bộ, hài hòa và ổn định với sự hỗ trợ của cơ quan nhà nước có thẩm quyền""]","Người sử dụng lao động, tổ chức đại diện người sử dụng lao động và người lao động, tổ chức đại diện người lao động xây dựng quan hệ lao động tiến bộ, hài hòa và ổn định với sự hỗ trợ của cơ quan nhà nước có thẩm quyền.",,,,,,,,,,,ch1_d7_k2,2,"Người sử dụng lao động, tổ chức đại diện người sử dụng lao động và người lao động, tổ chức đại diện người lao động xây dựng quan hệ lao động tiến bộ, hài hòa và ổn định với sự hỗ trợ của cơ quan nhà nước có thẩm quyền.",,,,,,
ch1_d7_k3,CLAUSE,structural,"[""Công đoàn tham gia cùng với cơ quan nhà nước có thẩm quyền hỗ trợ xây dựng quan hệ lao động tiến bộ, hài hòa và ổn định"", ""giám sát việc thi hành quy định của pháp luật về lao động"", ""bảo vệ quyền và lợi ích hợp pháp, chính đáng của người lao động""]","Công đoàn tham gia cùng với cơ quan nhà nước có thẩm quyền hỗ trợ xây dựng quan hệ lao động tiến bộ, hài hòa và ổn định; giám sát việc thi hành quy định của pháp luật về lao động; bảo vệ quyền và lợi ích hợp pháp, chính đáng của người lao động.",,,,,,,,,,,ch1_d7_k3,3,"Công đoàn tham gia cùng với cơ quan nhà nước có thẩm quyền hỗ trợ xây dựng quan hệ lao động tiến bộ, hài hòa và ổn định; giám sát việc thi hành quy định của pháp luật về lao động; bảo vệ quyền và lợi ích hợp pháp, chính đáng của người lao động.",,,,,,
ch1_d7_k4,CLAUSE,structural,"[""Phòng Thương mại và Công nghiệp Việt Nam, Liên minh Hợp tác xã Việt Nam và các tổ chức đại diện của người sử dụng lao động khác được thành lập theo quy định của pháp luật có vai trò đại diện, bảo vệ quyền và lợi ích hợp pháp của người sử dụng lao động, tham gia xây dựng quan hệ lao động tiến bộ, hài hòa và ổn định""]","Phòng Thương mại và Công nghiệp Việt Nam, Liên minh Hợp tác xã Việt Nam và các tổ chức đại diện của người sử dụng lao động khác được thành lập theo quy định của pháp luật có vai trò đại diện, bảo vệ quyền và lợi ích hợp pháp của người sử dụng lao động, tham gia xây dựng quan hệ lao động tiến bộ, hài hòa và ổn định.",,,,,,,,,,,ch1_d7_k4,4,"Phòng Thương mại và Công nghiệp Việt Nam, Liên minh Hợp tác xã Việt Nam và các tổ chức đại diện của người sử dụng lao động khác được thành lập theo quy định của pháp luật có vai trò đại diện, bảo vệ quyền và lợi ích hợp pháp của người sử dụng lao động, tham gia xây dựng quan hệ lao động tiến bộ, hài hòa và ổn định.",,,,,,
ch1_d8,ARTICLE,structural,"[""Các hành vi bị nghiêm cấm trong lĩnh vực lao động""]",Các hành vi bị nghiêm cấm trong lĩnh vực lao động,,,,,,,,ch1_d8,8,Các hành vi bị nghiêm cấm trong lĩnh vực lao động,,,,,,,,,
ch1_d8_k1,CLAUSE,structural,"[""Phân biệt đối xử trong lao động""]",Phân biệt đối xử trong lao động.,,,,,,,,,,,ch1_d8_k1,1,Phân biệt đối xử trong lao động.,,,,,,
ch1_d8_k2,CLAUSE,structural,"[""Ngược đãi người lao động, cưỡng bức lao động""]","Ngược đãi người lao động, cưỡng bức lao động.",,,,,,,,,,,ch1_d8_k2,2,"Ngược đãi người lao động, cưỡng bức lao động.",,,,,,
ch1_d8_k3,CLAUSE,structural,"[""Quấy rối tình dục tại nơi làm việc""]",Quấy rối tình dục tại nơi làm việc.,,,,,,,,,,,ch1_d8_k3,3,Quấy rối tình dục tại nơi làm việc.,,,,,,
ch1_d8_k4,CLAUSE,structural,"[""Lợi dụng danh nghĩa dạy nghề, tập nghề để trục lợi, bóc lột sức lao động hoặc lôi kéo, dụ dỗ, ép buộc người học nghề, người tập nghề vào hoạt động trái pháp luật""]","Lợi dụng danh nghĩa dạy nghề, tập nghề để trục lợi, bóc lột sức lao động hoặc lôi kéo, dụ dỗ, ép buộc người học nghề, người tập nghề vào hoạt động trái pháp luật.",,,,,,,,,,,ch1_d8_k4,4,"Lợi dụng danh nghĩa dạy nghề, tập nghề để trục lợi, bóc lột sức lao động hoặc lôi kéo, dụ dỗ, ép buộc người học nghề, người tập nghề vào hoạt động trái pháp luật.",,,,,,
ch1_d8_k5,CLAUSE,structural,"[""Sử dụng lao động chưa qua đào tạo hoặc chưa có chứng chỉ kỹ năng nghề quốc gia đối với nghề, công việc phải sử dụng lao động đã được đào tạo hoặc phải có chứng chỉ kỹ năng nghề quốc gia""]","Sử dụng lao động chưa qua đào tạo hoặc chưa có chứng chỉ kỹ năng nghề quốc gia đối với nghề, công việc phải sử dụng lao động đã được đào tạo hoặc phải có chứng chỉ kỹ năng nghề quốc gia.",,,,,,,,,,,ch1_d8_k5,5,"Sử dụng lao động chưa qua đào tạo hoặc chưa có chứng chỉ kỹ năng nghề quốc gia đối với nghề, công việc phải sử dụng lao động đã được đào tạo hoặc phải có chứng chỉ kỹ năng nghề quốc gia.",,,,,,
ch1_d8_k6,CLAUSE,structural,"[""Lôi kéo, dụ dỗ, hứa hẹn, quảng cáo gian dối hoặc thủ đoạn khác để lừa gạt người lao động hoặc để tuyển dụng người lao động với mục đích mua bán người, bóc lột, cưỡng bức lao động hoặc lợi dụng dịch vụ việc làm, hoạt động đưa người lao động đi làm việc ở nước ngoài theo hợp đồng để thực hiện hành vi trái pháp luật""]","Lôi kéo, dụ dỗ, hứa hẹn, quảng cáo gian dối hoặc thủ đoạn khác để lừa gạt người lao động hoặc để tuyển dụng người lao động với mục đích mua bán người, bóc lột, cưỡng bức lao động hoặc lợi dụng dịch vụ việc làm, hoạt động đưa người lao động đi làm việc ở nước ngoài theo hợp đồng để thực hiện hành vi trái pháp luật.",,,,,,,,,,,ch1_d8_k6,6,"Lôi kéo, dụ dỗ, hứa hẹn, quảng cáo gian dối hoặc thủ đoạn khác để lừa gạt người lao động hoặc để tuyển dụng người lao động với mục đích mua bán người, bóc lột, cưỡng bức lao động hoặc lợi dụng dịch vụ việc làm, hoạt động đưa người lao động đi làm việc ở nước ngoài theo hợp đồng để thực hiện hành vi trái pháp luật.",,,,,,
ch1_d8_k7,CLAUSE,structural,"[""Sử dụng lao động chưa thành niên trái pháp luật""]",Sử dụng lao động chưa thành niên trái pháp luật.,,,,,,,,,,,ch1_d8_k7,7,Sử dụng lao động chưa thành niên trái pháp luật.,,,,,,
ch2,CHAPTER,structural,"[""VIỆC LÀM, TUYỂN DỤNG VÀ QUẢN LÝ LAO ĐỘNG""]","VIỆC LÀM, TUYỂN DỤNG VÀ QUẢN LÝ LAO ĐỘNG",,,,ch2,2.0,II,"VIỆC LÀM, TUYỂN DỤNG VÀ QUẢN LÝ LAO ĐỘNG",,,,,,,,,,,,
ch2_d9,ARTICLE,structural,"[""Việc làm, giải quyết việc làm""]","Việc làm, giải quyết việc làm",,,,,,,,ch2_d9,9,"Việc làm, giải quyết việc làm",,,,,,,,,
ch2_d9_k1,CLAUSE,structural,"[""Việc làm là hoạt động lao động tạo ra thu nhập mà pháp luật không cấm""]",Việc làm là hoạt động lao động tạo ra thu nhập mà pháp luật không cấm.,,,,,,,,,,,ch2_d9_k1,1,Việc làm là hoạt động lao động tạo ra thu nhập mà pháp luật không cấm.,,,,,,
ch2_d9_k2,CLAUSE,structural,"[""Nhà nước, người sử dụng lao động và xã hội có trách nhiệm tham gia giải quyết việc làm, bảo đảm cho mọi người có khả năng lao động đều có cơ hội có việc làm""]","Nhà nước, người sử dụng lao động và xã hội có trách nhiệm tham gia giải quyết việc làm, bảo đảm cho mọi người có khả năng lao động đều có cơ hội có việc làm.",,,,,,,,,,,ch2_d9_k2,2,"Nhà nước, người sử dụng lao động và xã hội có trách nhiệm tham gia giải quyết việc làm, bảo đảm cho mọi người có khả năng lao động đều có cơ hội có việc làm.",,,,,,
ch2_d10,ARTICLE,structural,"[""Quyền làm việc của người lao động""]",Quyền làm việc của người lao động,,,,,,,,ch2_d10,10,Quyền làm việc của người lao động,,,,,,,,,
ch2_d10_k1,CLAUSE,structural,"[""Được tự do lựa chọn việc làm, làm việc cho bất kỳ người sử dụng lao động nào và ở bất kỳ nơi nào mà pháp luật không cấm""]","Được tự do lựa chọn việc làm, làm việc cho bất kỳ người sử dụng lao động nào và ở bất kỳ nơi nào mà pháp luật không cấm.",,,,,,,,,,,ch2_d10_k1,1,"Được tự do lựa chọn việc làm, làm việc cho bất kỳ người sử dụng lao động nào và ở bất kỳ nơi nào mà pháp luật không cấm.",,,,,,
ch2_d10_k2,CLAUSE,structural,"[""Trực tiếp liên hệ với người sử dụng lao động hoặc thông qua tổ chức dịch vụ việc làm để tìm kiếm việc làm theo nguyện vọng, khả năng, trình độ nghề nghiệp và sức khỏe của mình""]","Trực tiếp liên hệ với người sử dụng lao động hoặc thông qua tổ chức dịch vụ việc làm để tìm kiếm việc làm theo nguyện vọng, khả năng, trình độ nghề nghiệp và sức khỏe của mình.",,,,,,,,,,,ch2_d10_k2,2,"Trực tiếp liên hệ với người sử dụng lao động hoặc thông qua tổ chức dịch vụ việc làm để tìm kiếm việc làm theo nguyện vọng, khả năng, trình độ nghề nghiệp và sức khỏe của mình.",,,,,,
ch2_d11,ARTICLE,structural,"[""Tuyển dụng lao động""]",Tuyển dụng lao động,,,,,,,,ch2_d11,11,Tuyển dụng lao động,,,,,,,,,
ch2_d11_k1,CLAUSE,structural,"[""Người sử dụng lao động có quyền trực tiếp hoặc thông qua tổ chức dịch vụ việc làm, doanh nghiệp hoạt động cho thuê lại lao động để tuyển dụng lao động theo nhu cầu của người sử dụng lao động""]","Người sử dụng lao động có quyền trực tiếp hoặc thông qua tổ chức dịch vụ việc làm, doanh nghiệp hoạt động cho thuê lại lao động để tuyển dụng lao động theo nhu cầu của người sử dụng lao động.",,,,,,,,,,,ch2_d11_k1,1,"Người sử dụng lao động có quyền trực tiếp hoặc thông qua tổ chức dịch vụ việc làm, doanh nghiệp hoạt động cho thuê lại lao động để tuyển dụng lao động theo nhu cầu của người sử dụng lao động.",,,,,,
ch2_d11_k2,CLAUSE,structural,"[""Người lao động không phải trả chi phí cho việc tuyển dụng lao động""]",Người lao động không phải trả chi phí cho việc tuyển dụng lao động.,,,,,,,,,,,ch2_d11_k2,2,Người lao động không phải trả chi phí cho việc tuyển dụng lao động.,,,,,,
ch2_d12,ARTICLE,structural,"[""Trách nhiệm quản lý lao động của người sử dụng lao động""]",Trách nhiệm quản lý lao động của người sử dụng lao động,,,,,,,,ch2_d12,12,Trách nhiệm quản lý lao động của người sử dụng lao động,,,,,,,,,
ch2_d12_k1,CLAUSE,structural,"[""Lập, cập nhật, quản lý, sử dụng sổ quản lý lao động bằng bản giấy hoặc bản điện tử và xuất trình khi cơ quan nhà nước có thẩm quyền yêu cầu""]","Lập, cập nhật, quản lý, sử dụng sổ quản lý lao động bằng bản giấy hoặc bản điện tử và xuất trình khi cơ quan nhà nước có thẩm quyền yêu cầu.",,,,,,,,,,,ch2_d12_k1,1,"Lập, cập nhật, quản lý, sử dụng sổ quản lý lao động bằng bản giấy hoặc bản điện tử và xuất trình khi cơ quan nhà nước có thẩm quyền yêu cầu.",,,,,,
ch2_d12_k2,CLAUSE,structural,"[""Khai trình việc sử dụng lao động trong thời hạn 30 ngày kể từ ngày bắt đầu hoạt động, định kỳ báo cáo tình hình thay đổi về lao động trong quá trình hoạt động với cơ quan chuyên môn về lao động thuộc Ủy ban nhân dân cấp tỉnh và thông báo cho cơ quan bảo hiểm xã hội""]","Khai trình việc sử dụng lao động trong thời hạn 30 ngày kể từ ngày bắt đầu hoạt động, định kỳ báo cáo tình hình thay đổi về lao động trong quá trình hoạt động với cơ quan chuyên môn về lao động thuộc Ủy ban nhân dân cấp tỉnh và thông báo cho cơ quan bảo hiểm xã hội.",,,,,,,,,,,ch2_d12_k2,2,"Khai trình việc sử dụng lao động trong thời hạn 30 ngày kể từ ngày bắt đầu hoạt động, định kỳ báo cáo tình hình thay đổi về lao động trong quá trình hoạt động với cơ quan chuyên môn về lao động thuộc Ủy ban nhân dân cấp tỉnh và thông báo cho cơ quan bảo hiểm xã hội.",,,,,,
ch2_d12_k3,CLAUSE,structural,"[""Chính phủ quy định chi tiết Điều này""]",Chính phủ quy định chi tiết Điều này.,,,,,,,,,,,ch2_d12_k3,3,Chính phủ quy định chi tiết Điều này.,,,,,,
ch3,CHAPTER,structural,"[""HỢP ĐỒNG LAO ĐỘNG""]",HỢP ĐỒNG LAO ĐỘNG,,,,ch3,3.0,III,HỢP ĐỒNG LAO ĐỘNG,,,,,,,,,,,,
ch3_muc1,SECTION,structural,[],GIAO KẾT HỢP ĐỒNG LAO ĐỘNG,,,,,,,,,,,,,,,,,ch3_muc1,1,GIAO KẾT HỢP ĐỒNG LAO ĐỘNG
ch3_muc1_d13,ARTICLE,structural,"[""Hợp đồng lao động""]",Hợp đồng lao động,,,,,,,,ch3_muc1_d13,13,Hợp đồng lao động,,,,,,,,,
ch3_muc1_d13_k1,CLAUSE,structural,"[""Hợp đồng lao động là sự thỏa thuận giữa người lao động và người sử dụng lao động về việc làm có trả công, tiền lương, điều kiện lao động, quyền và nghĩa vụ của mỗi bên trong quan hệ lao động"", ""Trường hợp hai bên thỏa thuận bằng tên gọi khác nhưng có nội dung thể hiện về việc làm có trả công, tiền lương và sự quản lý, điều hành, giám sát của một bên thì được coi là hợp đồng lao động""]","Hợp đồng lao động là sự thỏa thuận giữa người lao động và người sử dụng lao động về việc làm có trả công, tiền lương, điều kiện lao động, quyền và nghĩa vụ của mỗi bên trong quan hệ lao động. Trường hợp hai bên thỏa thuận bằng tên gọi khác nhưng có nội dung thể hiện về việc làm có trả công, tiền lương và sự quản lý, điều hành, giám sát của một bên thì được coi là hợp đồng lao động.",,,,,,,,,,,ch3_muc1_d13_k1,1,"Hợp đồng lao động là sự thỏa thuận giữa người lao động và người sử dụng lao động về việc làm có trả công, tiền lương, điều kiện lao động, quyền và nghĩa vụ của mỗi bên trong quan hệ lao động. Trường hợp hai bên thỏa thuận bằng tên gọi khác nhưng có nội dung thể hiện về việc làm có trả công, tiền lương và sự quản lý, điều hành, giám sát của một bên thì được coi là hợp đồng lao động.",,,,,,
ch3_muc1_d13_k2,CLAUSE,structural,"[""Trước khi nhận người lao động vào làm việc thì người sử dụng lao động phải giao kết hợp đồng lao động với người lao động""]",Trước khi nhận người lao động vào làm việc thì người sử dụng lao động phải giao kết hợp đồng lao động với người lao động.,,,,,,,,,,,ch3_muc1_d13_k2,2,Trước khi nhận người lao động vào làm việc thì người sử dụng lao động phải giao kết hợp đồng lao động với người lao động.,,,,,,
ch3_muc1_d14,ARTICLE,structural,"[""Hình thức hợp đồng lao động""]",Hình thức hợp đồng lao động,,,,,,,,ch3_muc1_d14,14,Hình thức hợp đồng lao động,,,,,,,,,
ch3_muc1_d14_k1,CLAUSE,structural,"[""Hợp đồng lao động phải được giao kết bằng văn bản và được làm thành 02 bản, người lao động giữ 01 bản, người sử dụng lao động giữ 01 bản, trừ trường hợp quy định tại khoản 2 Điều này"", ""Hợp đồng lao động được giao kết thông qua phương tiện điện tử dưới hình thức thông điệp dữ liệu theo quy định của pháp luật về giao dịch điện tử có giá trị như hợp đồng lao động bằng văn bản""]","Hợp đồng lao động phải được giao kết bằng văn bản và được làm thành 02 bản, người lao động giữ 01 bản, người sử dụng lao động giữ 01 bản, trừ trường hợp quy định tại khoản 2 Điều này. Hợp đồng lao động được giao kết thông qua phương tiện điện tử dưới hình thức thông điệp dữ liệu theo quy định của pháp luật về giao dịch điện tử có giá trị như hợp đồng lao động bằng văn bản.",,,,,,,,,,,ch3_muc1_d14_k1,1,"Hợp đồng lao động phải được giao kết bằng văn bản và được làm thành 02 bản, người lao động giữ 01 bản, người sử dụng lao động giữ 01 bản, trừ trường hợp quy định tại khoản 2 Điều này. Hợp đồng lao động được giao kết thông qua phương tiện điện tử dưới hình thức thông điệp dữ liệu theo quy định của pháp luật về giao dịch điện tử có giá trị như hợp đồng lao động bằng văn bản.",,,,,,
ch3_muc1_d14_k2,CLAUSE,structural,"[""Hai bên có thể giao kết hợp đồng lao động bằng lời nói đối với hợp đồng có thời hạn dưới 01 tháng, trừ trường hợp quy định tại khoản 2 Điều 18, điểm a khoản 1 Điều 145 và khoản 1 Điều 162 của Bộ luật này""]","Hai bên có thể giao kết hợp đồng lao động bằng lời nói đối với hợp đồng có thời hạn dưới 01 tháng, trừ trường hợp quy định tại khoản 2 Điều 18, điểm a khoản 1 Điều 145 và khoản 1 Điều 162 của Bộ luật này.",,,,,,,,,,,ch3_muc1_d14_k2,2,"Hai bên có thể giao kết hợp đồng lao động bằng lời nói đối với hợp đồng có thời hạn dưới 01 tháng, trừ trường hợp quy định tại khoản 2 Điều 18, điểm a khoản 1 Điều 145 và khoản 1 Điều 162 của Bộ luật này.",,,,,,
ch3_muc1_d15,ARTICLE,structural,"[""Nguyên tắc giao kết hợp đồng lao động""]",Nguyên tắc giao kết hợp đồng lao động,,,,,,,,ch3_muc1_d15,15,Nguyên tắc giao kết hợp đồng lao động,,,,,,,,,
ch3_muc1_d15_k1,CLAUSE,structural,"[""Tự nguyện, bình đẳng, thiện chí, hợp tác và trung thực""]","Tự nguyện, bình đẳng, thiện chí, hợp tác và trung thực.",,,,,,,,,,,ch3_muc1_d15_k1,1,"Tự nguyện, bình đẳng, thiện chí, hợp tác và trung thực.",,,,,,
ch3_muc1_d15_k2,CLAUSE,structural,"[""Tự do giao kết hợp đồng lao động nhưng không được trái pháp luật, thỏa ước lao động tập thể và đạo đức xã hội""]","Tự do giao kết hợp đồng lao động nhưng không được trái pháp luật, thỏa ước lao động tập thể và đạo đức xã hội.",,,,,,,,,,,ch3_muc1_d15_k2,2,"Tự do giao kết hợp đồng lao động nhưng không được trái pháp luật, thỏa ước lao động tập thể và đạo đức xã hội.",,,,,,
ch3_muc1_d16,ARTICLE,structural,"[""Nghĩa vụ cung cấp thông tin khi giao kết hợp đồng lao động""]",Nghĩa vụ cung cấp thông tin khi giao kết hợp đồng lao động,,,,,,,,ch3_muc1_d16,16,Nghĩa vụ cung cấp thông tin khi giao kết hợp đồng lao động,,,,,,,,,
ch3_muc1_d16_k1,CLAUSE,structural,"[""Người sử dụng lao động phải cung cấp thông tin trung thực cho người lao động về công việc, địa điểm làm việc, điều kiện làm việc, thời giờ làm việc, thời giờ nghỉ ngơi, an toàn, vệ sinh lao động, tiền lương, hình thức trả lương, bảo hiểm xã hội, bảo hiểm y tế, bảo hiểm thất nghiệp, quy định về bảo vệ bí mật kinh doanh, bảo vệ bí mật công nghệ và vấn đề khác liên quan trực tiếp đến việc giao kết hợp đồng lao động mà người lao động yêu cầu""]","Người sử dụng lao động phải cung cấp thông tin trung thực cho người lao động về công việc, địa điểm làm việc, điều kiện làm việc, thời giờ làm việc, thời giờ nghỉ ngơi, an toàn, vệ sinh lao động, tiền lương, hình thức trả lương, bảo hiểm xã hội, bảo hiểm y tế, bảo hiểm thất nghiệp, quy định về bảo vệ bí mật kinh doanh, bảo vệ bí mật công nghệ và vấn đề khác liên quan trực tiếp đến việc giao kết hợp đồng lao động mà người lao động yêu cầu.",,,,,,,,,,,ch3_muc1_d16_k1,1,"Người sử dụng lao động phải cung cấp thông tin trung thực cho người lao động về công việc, địa điểm làm việc, điều kiện làm việc, thời giờ làm việc, thời giờ nghỉ ngơi, an toàn, vệ sinh lao động, tiền lương, hình thức trả lương, bảo hiểm xã hội, bảo hiểm y tế, bảo hiểm thất nghiệp, quy định về bảo vệ bí mật kinh doanh, bảo vệ bí mật công nghệ và vấn đề khác liên quan trực tiếp đến việc giao kết hợp đồng lao động mà người lao động yêu cầu.",,,,,,
ch3_muc1_d16_k2,CLAUSE,structural,"[""Người lao động phải cung cấp thông tin trung thực cho người sử dụng lao động về họ tên, ngày tháng năm sinh, giới tính, nơi cư trú, trình độ học vấn, trình độ kỹ năng nghề, xác nhận tình trạng sức khỏe và vấn đề khác liên quan trực tiếp đến việc giao kết hợp đồng lao động mà người sử dụng lao động yêu cầu""]","Người lao động phải cung cấp thông tin trung thực cho người sử dụng lao động về họ tên, ngày tháng năm sinh, giới tính, nơi cư trú, trình độ học vấn, trình độ kỹ năng nghề, xác nhận tình trạng sức khỏe và vấn đề khác liên quan trực tiếp đến việc giao kết hợp đồng lao động mà người sử dụng lao động yêu cầu.",,,,,,,,,,,ch3_muc1_d16_k2,2,"Người lao động phải cung cấp thông tin trung thực cho người sử dụng lao động về họ tên, ngày tháng năm sinh, giới tính, nơi cư trú, trình độ học vấn, trình độ kỹ năng nghề, xác nhận tình trạng sức khỏe và vấn đề khác liên quan trực tiếp đến việc giao kết hợp đồng lao động mà người sử dụng lao động yêu cầu.",,,,,,
ch3_muc1_d17,ARTICLE,structural,"[""Hành vi người sử dụng lao động không được làm khi giao kết, thực hiện hợp đồng lao động""]","Hành vi người sử dụng lao động không được làm khi giao kết, thực hiện hợp đồng lao động",,,,,,,,ch3_muc1_d17,17,"Hành vi người sử dụng lao động không được làm khi giao kết, thực hiện hợp đồng lao động",,,,,,,,,
ch3_muc1_d17_k1,CLAUSE,structural,"[""Giữ bản chính giấy tờ tùy thân, văn bằng, chứng chỉ của người lao động""]","Giữ bản chính giấy tờ tùy thân, văn bằng, chứng chỉ của người lao động.",,,,,,,,,,,ch3_muc1_d17_k1,1,"Giữ bản chính giấy tờ tùy thân, văn bằng, chứng chỉ của người lao động.",,,,,,
ch3_muc1_d17_k2,CLAUSE,structural,"[""Yêu cầu người lao động phải thực hiện biện pháp bảo đảm bằng tiền hoặc tài sản khác cho việc thực hiện hợp đồng lao động""]",Yêu cầu người lao động phải thực hiện biện pháp bảo đảm bằng tiền hoặc tài sản khác cho việc thực hiện hợp đồng lao động.,,,,,,,,,,,ch3_muc1_d17_k2,2,Yêu cầu người lao động phải thực hiện biện pháp bảo đảm bằng tiền hoặc tài sản khác cho việc thực hiện hợp đồng lao động.,,,,,,
ch3_muc1_d17_k3,CLAUSE,structural,"[""Buộc người lao động thực hiện hợp đồng lao động để trả nợ cho người sử dụng lao động""]",Buộc người lao động thực hiện hợp đồng lao động để trả nợ cho người sử dụng lao động.,,,,,,,,,,,ch3_muc1_d17_k3,3,Buộc người lao động thực hiện hợp đồng lao động để trả nợ cho người sử dụng lao động.,,,,,,
ch3_muc1_d18,ARTICLE,structural,"[""Thẩm quyền giao kết hợp đồng lao động""]",Thẩm quyền giao kết hợp đồng lao động,,,,,,,,ch3_muc1_d18,18,Thẩm quyền giao kết hợp đồng lao động,,,,,,,,,
ch3_muc1_d18_k1,CLAUSE,structural,"[""Người lao động trực tiếp giao kết hợp đồng lao động, trừ trường hợp quy định tại khoản 2 Điều này""]","Người lao động trực tiếp giao kết hợp đồng lao động, trừ trường hợp quy định tại khoản 2 Điều này.",,,,,,,,,,,ch3_muc1_d18_k1,1,"Người lao động trực tiếp giao kết hợp đồng lao động, trừ trường hợp quy định tại khoản 2 Điều này.",,,,,,
ch3_muc1_d18_k2,CLAUSE,structural,"[""Đối với công việc theo mùa vụ, công việc nhất định có thời hạn dưới 12 tháng thì nhóm người lao động từ đủ 18 tuổi trở lên có thể ủy quyền cho một người lao động trong nhóm để giao kết hợp đồng lao động"", ""trong trường hợp này, hợp đồng lao động phải được giao kết bằng văn bản và có hiệu lực như giao kết với từng người lao động"", ""Hợp đồng lao động do người được ủy quyền ký kết phải kèm theo danh sách ghi rõ họ tên, ngày tháng năm sinh, giới tính, nơi cư trú và chữ ký của từng người lao động""]","Đối với công việc theo mùa vụ, công việc nhất định có thời hạn dưới 12 tháng thì nhóm người lao động từ đủ 18 tuổi trở lên có thể ủy quyền cho một người lao động trong nhóm để giao kết hợp đồng lao động; trong trường hợp này, hợp đồng lao động phải được giao kết bằng văn bản và có hiệu lực như giao kết với từng người lao động. Hợp đồng lao động do người được ủy quyền ký kết phải kèm theo danh sách ghi rõ họ tên, ngày tháng năm sinh, giới tính, nơi cư trú và chữ ký của từng người lao động.",,,,,,,,,,,ch3_muc1_d18_k2,2,"Đối với công việc theo mùa vụ, công việc nhất định có thời hạn dưới 12 tháng thì nhóm người lao động từ đủ 18 tuổi trở lên có thể ủy quyền cho một người lao động trong nhóm để giao kết hợp đồng lao động; trong trường hợp này, hợp đồng lao động phải được giao kết bằng văn bản và có hiệu lực như giao kết với từng người lao động. Hợp đồng lao động do người được ủy quyền ký kết phải kèm theo danh sách ghi rõ họ tên, ngày tháng năm sinh, giới tính, nơi cư trú và chữ ký của từng người lao động.",,,,,,
ch3_muc1_d18_k3,CLAUSE,structural,"[""Người giao kết hợp đồng lao động bên phía người sử dụng lao động là người thuộc một trong các trường hợp sau đây: a) Người đại diện theo pháp luật của doanh nghiệp hoặc người được ủy quyền theo quy định của pháp luật"", ""b) Người đứng đầu cơ quan, tổ chức có tư cách pháp nhân theo quy định của pháp luật hoặc người được ủy quyền theo quy định của pháp luật"", ""c) Người đại diện của hộ gia đình, tổ hợp tác, tổ chức khác không có tư cách pháp nhân hoặc người được ủy quyền theo quy định của pháp luật"", ""d) Cá nhân trực tiếp sử dụng lao động""]","Người giao kết hợp đồng lao động bên phía người sử dụng lao động là người thuộc một trong các trường hợp sau đây: a) Người đại diện theo pháp luật của doanh nghiệp hoặc người được ủy quyền theo quy định của pháp luật; b) Người đứng đầu cơ quan, tổ chức có tư cách pháp nhân theo quy định của pháp luật hoặc người được ủy quyền theo quy định của pháp luật; c) Người đại diện của hộ gia đình, tổ hợp tác, tổ chức khác không có tư cách pháp nhân hoặc người được ủy quyền theo quy định của pháp luật; d) Cá nhân trực tiếp sử dụng lao động.",,,,,,,,,,,ch3_muc1_d18_k3,3,"Người giao kết hợp đồng lao động bên phía người sử dụng lao động là người thuộc một trong các trường hợp sau đây: a) Người đại diện theo pháp luật của doanh nghiệp hoặc người được ủy quyền theo quy định của pháp luật; b) Người đứng đầu cơ quan, tổ chức có tư cách pháp nhân theo quy định của pháp luật hoặc người được ủy quyền theo quy định của pháp luật; c) Người đại diện của hộ gia đình, tổ hợp tác, tổ chức khác không có tư cách pháp nhân hoặc người được ủy quyền theo quy định của pháp luật; d) Cá nhân trực tiếp sử dụng lao động.",,,,,,
ch3_muc1_d18_k3_a,POINT,structural,[],Người đại diện theo pháp luật của doanh nghiệp hoặc người được ủy quyền theo quy định của pháp luật;,,,,,,,,,,,,,,ch3_muc1_d18_k3_a,a),Người đại diện theo pháp luật của doanh nghiệp hoặc người được ủy quyền theo quy định của pháp luật;,,,
ch3_muc1_d18_k3_b,POINT,structural,[],"Người đứng đầu cơ quan, tổ chức có tư cách pháp nhân theo quy định của pháp luật hoặc người được ủy quyền theo quy định của pháp luật;",,,,,,,,,,,,,,ch3_muc1_d18_k3_b,b),"Người đứng đầu cơ quan, tổ chức có tư cách pháp nhân theo quy định của pháp luật hoặc người được ủy quyền theo quy định của pháp luật;",,,
ch3_muc1_d18_k3_c,POINT,structural,[],"Người đại diện của hộ gia đình, tổ hợp tác, tổ chức khác không có tư cách pháp nhân hoặc người được ủy quyền theo quy định của pháp luật;",,,,,,,,,,,,,,ch3_muc1_d18_k3_c,c),"Người đại diện của hộ gia đình, tổ hợp tác, tổ chức khác không có tư cách pháp nhân hoặc người được ủy quyền theo quy định của pháp luật;",,,
ch3_muc1_d18_k3_d,POINT,structural,[],Cá nhân trực tiếp sử dụng lao động.,,,,,,,,,,,,,,ch3_muc1_d18_k3_d,d),Cá nhân trực tiếp sử dụng lao động.,,,
ch3_muc1_d18_k4,CLAUSE,structural,"[""Người giao kết hợp đồng lao động bên phía người lao động là người thuộc một trong các trường hợp sau đây: a) Người lao động từ đủ 18 tuổi trở lên"", ""b) Người lao động từ đủ 15 tuổi đến chưa đủ 18 tuổi khi có sự đồng ý bằng văn bản của người đại diện theo pháp luật của người đó"", ""c) Người chưa đủ 15 tuổi và người đại diện theo pháp luật của người đó"", ""d) Người lao động được những người lao động trong nhóm ủy quyền hợp pháp giao kết hợp đồng lao động""]",Người giao kết hợp đồng lao động bên phía người lao động là người thuộc một trong các trường hợp sau đây: a) Người lao động từ đủ 18 tuổi trở lên; b) Người lao động từ đủ 15 tuổi đến chưa đủ 18 tuổi khi có sự đồng ý bằng văn bản của người đại diện theo pháp luật của người đó; c) Người chưa đủ 15 tuổi và người đại diện theo pháp luật của người đó; d) Người lao động được những người lao động trong nhóm ủy quyền hợp pháp giao kết hợp đồng lao động.,,,,,,,,,,,ch3_muc1_d18_k4,4,Người giao kết hợp đồng lao động bên phía người lao động là người thuộc một trong các trường hợp sau đây: a) Người lao động từ đủ 18 tuổi trở lên; b) Người lao động từ đủ 15 tuổi đến chưa đủ 18 tuổi khi có sự đồng ý bằng văn bản của người đại diện theo pháp luật của người đó; c) Người chưa đủ 15 tuổi và người đại diện theo pháp luật của người đó; d) Người lao động được những người lao động trong nhóm ủy quyền hợp pháp giao kết hợp đồng lao động.,,,,,,
ch3_muc1_d18_k4_a,POINT,structural,[],Người lao động từ đủ 18 tuổi trở lên;,,,,,,,,,,,,,,ch3_muc1_d18_k4_a,a),Người lao động từ đủ 18 tuổi trở lên;,,,
ch3_muc1_d18_k4_b,POINT,structural,[],Người lao động từ đủ 15 tuổi đến chưa đủ 18 tuổi khi có sự đồng ý bằng văn bản của người đại diện theo pháp luật của người đó;,,,,,,,,,,,,,,ch3_muc1_d18_k4_b,b),Người lao động từ đủ 15 tuổi đến chưa đủ 18 tuổi khi có sự đồng ý bằng văn bản của người đại diện theo pháp luật của người đó;,,,
ch3_muc1_d18_k4_c,POINT,structural,[],Người chưa đủ 15 tuổi và người đại diện theo pháp luật của người đó;,,,,,,,,,,,,,,ch3_muc1_d18_k4_c,c),Người chưa đủ 15 tuổi và người đại diện theo pháp luật của người đó;,,,
ch3_muc1_d18_k4_d,POINT,structural,[],Người lao động được những người lao động trong nhóm ủy quyền hợp pháp giao kết hợp đồng lao động.,,,,,,,,,,,,,,ch3_muc1_d18_k4_d,d),Người lao động được những người lao động trong nhóm ủy quyền hợp pháp giao kết hợp đồng lao động.,,,
ch3_muc1_d18_k5,CLAUSE,structural,"[""Người được ủy quyền giao kết hợp đồng lao động không được ủy quyền lại cho người khác giao kết hợp đồng lao động""]",Người được ủy quyền giao kết hợp đồng lao động không được ủy quyền lại cho người khác giao kết hợp đồng lao động.,,,,,,,,,,,ch3_muc1_d18_k5,5,Người được ủy quyền giao kết hợp đồng lao động không được ủy quyền lại cho người khác giao kết hợp đồng lao động.,,,,,,
ch3_muc1_d19,ARTICLE,structural,"[""Giao kết nhiều hợp đồng lao động""]",Giao kết nhiều hợp đồng lao động,,,,,,,,ch3_muc1_d19,19,Giao kết nhiều hợp đồng lao động,,,,,,,,,
ch3_muc1_d19_k1,CLAUSE,structural,"[""Người lao động có thể giao kết nhiều hợp đồng lao động với nhiều người sử dụng lao động nhưng phải bảo đảm thực hiện đầy đủ các nội dung đã giao kết""]",Người lao động có thể giao kết nhiều hợp đồng lao động với nhiều người sử dụng lao động nhưng phải bảo đảm thực hiện đầy đủ các nội dung đã giao kết.,,,,,,,,,,,ch3_muc1_d19_k1,1,Người lao động có thể giao kết nhiều hợp đồng lao động với nhiều người sử dụng lao động nhưng phải bảo đảm thực hiện đầy đủ các nội dung đã giao kết.,,,,,,
ch3_muc1_d19_k2,CLAUSE,structural,"[""Người lao động đồng thời giao kết nhiều hợp đồng lao động với nhiều người sử dụng lao động thì việc tham gia bảo hiểm xã hội, bảo hiểm y tế, bảo hiểm thất nghiệp được thực hiện theo quy định của pháp luật về bảo hiểm xã hội, bảo hiểm y tế, bảo hiểm thất nghiệp và an toàn, vệ sinh lao động""]","Người lao động đồng thời giao kết nhiều hợp đồng lao động với nhiều người sử dụng lao động thì việc tham gia bảo hiểm xã hội, bảo hiểm y tế, bảo hiểm thất nghiệp được thực hiện theo quy định của pháp luật về bảo hiểm xã hội, bảo hiểm y tế, bảo hiểm thất nghiệp và an toàn, vệ sinh lao động.",,,,,,,,,,,ch3_muc1_d19_k2,2,"Người lao động đồng thời giao kết nhiều hợp đồng lao động với nhiều người sử dụng lao động thì việc tham gia bảo hiểm xã hội, bảo hiểm y tế, bảo hiểm thất nghiệp được thực hiện theo quy định của pháp luật về bảo hiểm xã hội, bảo hiểm y tế, bảo hiểm thất nghiệp và an toàn, vệ sinh lao động.",,,,,,
ch3_muc1_d20,ARTICLE,structural,"[""Loại hợp đồng lao động""]",Loại hợp đồng lao động,,,,,,,,ch3_muc1_d20,20,Loại hợp đồng lao động,,,,,,,,,
ch3_muc1_d20_k1,CLAUSE,structural,"[""Hợp đồng lao động phải được giao kết theo một trong các loại sau đây: a) Hợp đồng lao động không xác định thời hạn là hợp đồng mà trong đó hai bên không xác định thời hạn, thời điểm chấm dứt hiệu lực của hợp đồng"", ""b) Hợp đồng lao động xác định thời hạn là hợp đồng mà trong đó hai bên xác định thời hạn, thời điểm chấm dứt hiệu lực của hợp đồng trong thời gian không quá 36 tháng kể từ thời điểm có hiệu lực của hợp đồng""]","Hợp đồng lao động phải được giao kết theo một trong các loại sau đây: a) Hợp đồng lao động không xác định thời hạn là hợp đồng mà trong đó hai bên không xác định thời hạn, thời điểm chấm dứt hiệu lực của hợp đồng; b) Hợp đồng lao động xác định thời hạn là hợp đồng mà trong đó hai bên xác định thời hạn, thời điểm chấm dứt hiệu lực của hợp đồng trong thời gian không quá 36 tháng kể từ thời điểm có hiệu lực của hợp đồng.",,,,,,,,,,,ch3_muc1_d20_k1,1,"Hợp đồng lao động phải được giao kết theo một trong các loại sau đây: a) Hợp đồng lao động không xác định thời hạn là hợp đồng mà trong đó hai bên không xác định thời hạn, thời điểm chấm dứt hiệu lực của hợp đồng; b) Hợp đồng lao động xác định thời hạn là hợp đồng mà trong đó hai bên xác định thời hạn, thời điểm chấm dứt hiệu lực của hợp đồng trong thời gian không quá 36 tháng kể từ thời điểm có hiệu lực của hợp đồng.",,,,,,
ch3_muc1_d20_k1_a,POINT,structural,[],"Hợp đồng lao động không xác định thời hạn là hợp đồng mà trong đó hai bên không xác định thời hạn, thời điểm chấm dứt hiệu lực của hợp đồng;",,,,,,,,,,,,,,ch3_muc1_d20_k1_a,a),"Hợp đồng lao động không xác định thời hạn là hợp đồng mà trong đó hai bên không xác định thời hạn, thời điểm chấm dứt hiệu lực của hợp đồng;",,,
ch3_muc1_d20_k1_b,POINT,structural,[],"Hợp đồng lao động xác định thời hạn là hợp đồng mà trong đó hai bên xác định thời hạn, thời điểm chấm dứt hiệu lực của hợp đồng trong thời gian không quá 36 tháng kể từ thời điểm có hiệu lực của hợp đồng.",,,,,,,,,,,,,,ch3_muc1_d20_k1_b,b),"Hợp đồng lao động xác định thời hạn là hợp đồng mà trong đó hai bên xác định thời hạn, thời điểm chấm dứt hiệu lực của hợp đồng trong thời gian không quá 36 tháng kể từ thời điểm có hiệu lực của hợp đồng.",,,
ch3_muc1_d20_k2,CLAUSE,structural,"[""Khi hợp đồng lao động quy định tại điểm b khoản 1 Điều này hết hạn mà người lao động vẫn tiếp tục làm việc thì thực hiện như sau: a) Trong thời hạn 30 ngày kể từ ngày hợp đồng lao động hết hạn, hai bên phải ký kết hợp đồng lao động mới"", ""trong thời gian chưa ký kết hợp đồng lao động mới thì quyền, nghĩa vụ và lợi ích của hai bên được thực hiện theo hợp đồng đã giao kết"", ""b) Nếu hết thời hạn 30 ngày kể từ ngày hợp đồng lao động hết hạn mà hai bên không ký kết hợp đồng lao động mới thì hợp đồng đã giao kết theo quy định tại điểm b khoản 1 Điều này trở thành hợp đồng lao động không xác định thời hạn"", ""c) Trường hợp hai bên ký kết hợp đồng lao động mới là hợp đồng lao động xác định thời hạn thì cũng chỉ được ký thêm 01 lần, sau đó nếu người lao động vẫn tiếp tục làm việc thì phải ký kết hợp đồng lao động không xác định thời hạn, trừ hợp đồng lao động đối với người được thuê làm giám đốc trong doanh nghiệp có vốn nhà nước và trường hợp quy định tại khoản 1 Điều 149, khoản 2 Điều 151 và khoản 4 Điều 177 của Bộ luật này""]","Khi hợp đồng lao động quy định tại điểm b khoản 1 Điều này hết hạn mà người lao động vẫn tiếp tục làm việc thì thực hiện như sau: a) Trong thời hạn 30 ngày kể từ ngày hợp đồng lao động hết hạn, hai bên phải ký kết hợp đồng lao động mới; trong thời gian chưa ký kết hợp đồng lao động mới thì quyền, nghĩa vụ và lợi ích của hai bên được thực hiện theo hợp đồng đã giao kết; b) Nếu hết thời hạn 30 ngày kể từ ngày hợp đồng lao động hết hạn mà hai bên không ký kết hợp đồng lao động mới thì hợp đồng đã giao kết theo quy định tại điểm b khoản 1 Điều này trở thành hợp đồng lao động không xác định thời hạn; c) Trường hợp hai bên ký kết hợp đồng lao động mới là hợp đồng lao động xác định thời hạn thì cũng chỉ được ký thêm 01 lần, sau đó nếu người lao động vẫn tiếp tục làm việc thì phải ký kết hợp đồng lao động không xác định thời hạn, trừ hợp đồng lao động đối với người được thuê làm giám đốc trong doanh nghiệp có vốn nhà nước và trường hợp quy định tại khoản 1 Điều 149, khoản 2 Điều 151 và khoản 4 Điều 177 của Bộ luật này.",,,,,,,,,,,ch3_muc1_d20_k2,2,"Khi hợp đồng lao động quy định tại điểm b khoản 1 Điều này hết hạn mà người lao động vẫn tiếp tục làm việc thì thực hiện như sau: a) Trong thời hạn 30 ngày kể từ ngày hợp đồng lao động hết hạn, hai bên phải ký kết hợp đồng lao động mới; trong thời gian chưa ký kết hợp đồng lao động mới thì quyền, nghĩa vụ và lợi ích của hai bên được thực hiện theo hợp đồng đã giao kết; b) Nếu hết thời hạn 30 ngày kể từ ngày hợp đồng lao động hết hạn mà hai bên không ký kết hợp đồng lao động mới thì hợp đồng đã giao kết theo quy định tại điểm b khoản 1 Điều này trở thành hợp đồng lao động không xác định thời hạn; c) Trường hợp hai bên ký kết hợp đồng lao động mới là hợp đồng lao động xác định thời hạn thì cũng chỉ được ký thêm 01 lần, sau đó nếu người lao động vẫn tiếp tục làm việc thì phải ký kết hợp đồng lao động không xác định thời hạn, trừ hợp đồng lao động đối với người được thuê làm giám đốc trong doanh nghiệp có vốn nhà nước và trường hợp quy định tại khoản 1 Điều 149, khoản 2 Điều 151 và khoản 4 Điều 177 của Bộ luật này.",,,,,,
ch3_muc1_d20_k2_a,POINT,structural,[],"Trong thời hạn 30 ngày kể từ ngày hợp đồng lao động hết hạn, hai bên phải ký kết hợp đồng lao động mới; trong thời gian chưa ký kết hợp đồng lao động mới thì quyền, nghĩa vụ và lợi ích của hai bên được thực hiện theo hợp đồng đã giao kết;",,,,,,,,,,,,,,ch3_muc1_d20_k2_a,a),"Trong thời hạn 30 ngày kể từ ngày hợp đồng lao động hết hạn, hai bên phải ký kết hợp đồng lao động mới; trong thời gian chưa ký kết hợp đồng lao động mới thì quyền, nghĩa vụ và lợi ích của hai bên được thực hiện theo hợp đồng đã giao kết;",,,
ch3_muc1_d20_k2_b,POINT,structural,[],Nếu hết thời hạn 30 ngày kể từ ngày hợp đồng lao động hết hạn mà hai bên không ký kết hợp đồng lao động mới thì hợp đồng đã giao kết theo quy định tại điểm b khoản 1 Điều này trở thành hợp đồng lao động không xác định thời hạn;,,,,,,,,,,,,,,ch3_muc1_d20_k2_b,b),Nếu hết thời hạn 30 ngày kể từ ngày hợp đồng lao động hết hạn mà hai bên không ký kết hợp đồng lao động mới thì hợp đồng đã giao kết theo quy định tại điểm b khoản 1 Điều này trở thành hợp đồng lao động không xác định thời hạn;,,,
ch3_muc1_d20_k2_c,POINT,structural,[],"Trường hợp hai bên ký kết hợp đồng lao động mới là hợp đồng lao động xác định thời hạn thì cũng chỉ được ký thêm 01 lần, sau đó nếu người lao động vẫn tiếp tục làm việc thì phải ký kết hợp đồng lao động không xác định thời hạn, trừ hợp đồng lao động đối với người được thuê làm giám đốc trong doanh nghiệp có vốn nhà nước và trường hợp quy định tại khoản 1 Điều 149, khoản 2 Điều 151 và khoản 4 Điều 177 của Bộ luật này.",,,,,,,,,,,,,,ch3_muc1_d20_k2_c,c),"Trường hợp hai bên ký kết hợp đồng lao động mới là hợp đồng lao động xác định thời hạn thì cũng chỉ được ký thêm 01 lần, sau đó nếu người lao động vẫn tiếp tục làm việc thì phải ký kết hợp đồng lao động không xác định thời hạn, trừ hợp đồng lao động đối với người được thuê làm giám đốc trong doanh nghiệp có vốn nhà nước và trường hợp quy định tại khoản 1 Điều 149, khoản 2 Điều 151 và khoản 4 Điều 177 của Bộ luật này.",,,
ch3_muc1_d21,ARTICLE,structural,"[""Nội dung hợp đồng lao động""]",Nội dung hợp đồng lao động,,,,,,,,ch3_muc1_d21,21,Nội dung hợp đồng lao động,,,,,,,,,
ch3_muc1_d21_k1,CLAUSE,structural,"[""Hợp đồng lao động phải có những nội dung chủ yếu sau đây: a) Tên, địa chỉ của người sử dụng lao động và họ tên, chức danh của người giao kết hợp đồng lao động bên phía người sử dụng lao động"", ""b) Họ tên, ngày tháng năm sinh, giới tính, nơi cư trú, số thẻ Căn cước công dân, Chứng minh nhân dân hoặc hộ chiếu của người giao kết hợp đồng lao động bên phía người lao động"", ""c) Công việc và địa điểm làm việc"", ""d) Thời hạn của hợp đồng lao động"", ""đ) Mức lương theo công việc hoặc chức danh, hình thức trả lương, thời hạn trả lương, phụ cấp lương và các khoản bổ sung khác"", ""e) Chế độ nâng bậc, nâng lương"", ""g) Thời giờ làm việc, thời giờ nghỉ ngơi"", ""h) Trang bị bảo hộ lao động cho người lao động"", ""i) Bảo hiểm xã hội, bảo hiểm y tế và bảo hiểm thất nghiệp"", ""k) Đào tạo, bồi dưỡng, nâng cao trình độ, kỹ năng nghề""]","Hợp đồng lao động phải có những nội dung chủ yếu sau đây: a) Tên, địa chỉ của người sử dụng lao động và họ tên, chức danh của người giao kết hợp đồng lao động bên phía người sử dụng lao động; b) Họ tên, ngày tháng năm sinh, giới tính, nơi cư trú, số thẻ Căn cước công dân, Chứng minh nhân dân hoặc hộ chiếu của người giao kết hợp đồng lao động bên phía người lao động; c) Công việc và địa điểm làm việc; d) Thời hạn của hợp đồng lao động; đ) Mức lương theo công việc hoặc chức danh, hình thức trả lương, thời hạn trả lương, phụ cấp lương và các khoản bổ sung khác; e) Chế độ nâng bậc, nâng lương; g) Thời giờ làm việc, thời giờ nghỉ ngơi; h) Trang bị bảo hộ lao động cho người lao động; i) Bảo hiểm xã hội, bảo hiểm y tế và bảo hiểm thất nghiệp; k) Đào tạo, bồi dưỡng, nâng cao trình độ, kỹ năng nghề.",,,,,,,,,,,ch3_muc1_d21_k1,1,"Hợp đồng lao động phải có những nội dung chủ yếu sau đây: a) Tên, địa chỉ của người sử dụng lao động và họ tên, chức danh của người giao kết hợp đồng lao động bên phía người sử dụng lao động; b) Họ tên, ngày tháng năm sinh, giới tính, nơi cư trú, số thẻ Căn cước công dân, Chứng minh nhân dân hoặc hộ chiếu của người giao kết hợp đồng lao động bên phía người lao động; c) Công việc và địa điểm làm việc; d) Thời hạn của hợp đồng lao động; đ) Mức lương theo công việc hoặc chức danh, hình thức trả lương, thời hạn trả lương, phụ cấp lương và các khoản bổ sung khác; e) Chế độ nâng bậc, nâng lương; g) Thời giờ làm việc, thời giờ nghỉ ngơi; h) Trang bị bảo hộ lao động cho người lao động; i) Bảo hiểm xã hội, bảo hiểm y tế và bảo hiểm thất nghiệp; k) Đào tạo, bồi dưỡng, nâng cao trình độ, kỹ năng nghề.",,,,,,
ch3_muc1_d21_k1_a,POINT,structural,[],"Tên, địa chỉ của người sử dụng lao động và họ tên, chức danh của người giao kết hợp đồng lao động bên phía người sử dụng lao động;",,,,,,,,,,,,,,ch3_muc1_d21_k1_a,a),"Tên, địa chỉ của người sử dụng lao động và họ tên, chức danh của người giao kết hợp đồng lao động bên phía người sử dụng lao động;",,,
ch3_muc1_d21_k1_b,POINT,structural,[],"Họ tên, ngày tháng năm sinh, giới tính, nơi cư trú, số thẻ Căn cước công dân, Chứng minh nhân dân hoặc hộ chiếu của người giao kết hợp đồng lao động bên phía người lao động;",,,,,,,,,,,,,,ch3_muc1_d21_k1_b,b),"Họ tên, ngày tháng năm sinh, giới tính, nơi cư trú, số thẻ Căn cước công dân, Chứng minh nhân dân hoặc hộ chiếu của người giao kết hợp đồng lao động bên phía người lao động;",,,
ch3_muc1_d21_k1_c,POINT,structural,[],Công việc và địa điểm làm việc;,,,,,,,,,,,,,,ch3_muc1_d21_k1_c,c),Công việc và địa điểm làm việc;,,,
ch3_muc1_d21_k1_d,POINT,structural,[],Thời hạn của hợp đồng lao động;,,,,,,,,,,,,,,ch3_muc1_d21_k1_d,d),Thời hạn của hợp đồng lao động;,,,
ch3_muc1_d21_k1_đ,POINT,structural,[],"Mức lương theo công việc hoặc chức danh, hình thức trả lương, thời hạn trả lương, phụ cấp lương và các khoản bổ sung khác;",,,,,,,,,,,,,,ch3_muc1_d21_k1_đ,đ),"Mức lương theo công việc hoặc chức danh, hình thức trả lương, thời hạn trả lương, phụ cấp lương và các khoản bổ sung khác;",,,
ch3_muc1_d21_k1_e,POINT,structural,[],"Chế độ nâng bậc, nâng lương;",,,,,,,,,,,,,,ch3_muc1_d21_k1_e,e),"Chế độ nâng bậc, nâng lương;",,,
ch3_muc1_d21_k1_g,POINT,structural,[],"Thời giờ làm việc, thời giờ nghỉ ngơi;",,,,,,,,,,,,,,ch3_muc1_d21_k1_g,g),"Thời giờ làm việc, thời giờ nghỉ ngơi;",,,
ch3_muc1_d21_k1_h,POINT,structural,[],Trang bị bảo hộ lao động cho người lao động;,,,,,,,,,,,,,,ch3_muc1_d21_k1_h,h),Trang bị bảo hộ lao động cho người lao động;,,,
ch3_muc1_d21_k1_i,POINT,structural,[],"Bảo hiểm xã hội, bảo hiểm y tế và bảo hiểm thất nghiệp;",,,,,,,,,,,,,,ch3_muc1_d21_k1_i,i),"Bảo hiểm xã hội, bảo hiểm y tế và bảo hiểm thất nghiệp;",,,
ch3_muc1_d21_k1_k,POINT,structural,[],"Đào tạo, bồi dưỡng, nâng cao trình độ, kỹ năng nghề.",,,,,,,,,,,,,,ch3_muc1_d21_k1_k,k),"Đào tạo, bồi dưỡng, nâng cao trình độ, kỹ năng nghề.",,,
ch3_muc1_d21_k2,CLAUSE,structural,"[""Khi người lao động làm việc có liên quan trực tiếp đến bí mật kinh doanh, bí mật công nghệ theo quy định của pháp luật thì người sử dụng lao động có quyền thỏa thuận bằng văn bản với người lao động về nội dung, thời hạn bảo vệ bí mật kinh doanh, bảo vệ bí mật công nghệ, quyền lợi và việc bồi thường trong trường hợp vi phạm""]","Khi người lao động làm việc có liên quan trực tiếp đến bí mật kinh doanh, bí mật công nghệ theo quy định của pháp luật thì người sử dụng lao động có quyền thỏa thuận bằng văn bản với người lao động về nội dung, thời hạn bảo vệ bí mật kinh doanh, bảo vệ bí mật công nghệ, quyền lợi và việc bồi thường trong trường hợp vi phạm.",,,,,,,,,,,ch3_muc1_d21_k2,2,"Khi người lao động làm việc có liên quan trực tiếp đến bí mật kinh doanh, bí mật công nghệ theo quy định của pháp luật thì người sử dụng lao động có quyền thỏa thuận bằng văn bản với người lao động về nội dung, thời hạn bảo vệ bí mật kinh doanh, bảo vệ bí mật công nghệ, quyền lợi và việc bồi thường trong trường hợp vi phạm.",,,,,,
ch3_muc1_d21_k3,CLAUSE,structural,"[""Đối với người lao động làm việc trong lĩnh vực nông nghiệp, lâm nghiệp, ngư nghiệp, diêm nghiệp thì tùy theo loại công việc mà hai bên có thể giảm một số nội dung chủ yếu của hợp đồng lao động và thỏa thuận bổ sung nội dung về phương thức giải quyết trong trường hợp thực hiện hợp đồng chịu ảnh hưởng của thiên tai, hỏa hoạn, thời tiết""]","Đối với người lao động làm việc trong lĩnh vực nông nghiệp, lâm nghiệp, ngư nghiệp, diêm nghiệp thì tùy theo loại công việc mà hai bên có thể giảm một số nội dung chủ yếu của hợp đồng lao động và thỏa thuận bổ sung nội dung về phương thức giải quyết trong trường hợp thực hiện hợp đồng chịu ảnh hưởng của thiên tai, hỏa hoạn, thời tiết.",,,,,,,,,,,ch3_muc1_d21_k3,3,"Đối với người lao động làm việc trong lĩnh vực nông nghiệp, lâm nghiệp, ngư nghiệp, diêm nghiệp thì tùy theo loại công việc mà hai bên có thể giảm một số nội dung chủ yếu của hợp đồng lao động và thỏa thuận bổ sung nội dung về phương thức giải quyết trong trường hợp thực hiện hợp đồng chịu ảnh hưởng của thiên tai, hỏa hoạn, thời tiết.",,,,,,
ch3_muc1_d21_k4,CLAUSE,structural,"[""Chính phủ quy định nội dung của hợp đồng lao động đối với người lao động được thuê làm giám đốc trong doanh nghiệp có vốn nhà nước""]",Chính phủ quy định nội dung của hợp đồng lao động đối với người lao động được thuê làm giám đốc trong doanh nghiệp có vốn nhà nước.,,,,,,,,,,,ch3_muc1_d21_k4,4,Chính phủ quy định nội dung của hợp đồng lao động đối với người lao động được thuê làm giám đốc trong doanh nghiệp có vốn nhà nước.,,,,,,
ch3_muc1_d21_k5,CLAUSE,structural,"[""Bộ trưởng Bộ Lao động - Thương binh và Xã hội quy định chi tiết các khoản 1, 2 và 3 Điều này""]","Bộ trưởng Bộ Lao động - Thương binh và Xã hội quy định chi tiết các khoản 1, 2 và 3 Điều này.",,,,,,,,,,,ch3_muc1_d21_k5,5,"Bộ trưởng Bộ Lao động - Thương binh và Xã hội quy định chi tiết các khoản 1, 2 và 3 Điều này.",,,,,,
ch3_muc1_d22,ARTICLE,structural,"[""Phụ lục hợp đồng lao động""]",Phụ lục hợp đồng lao động,,,,,,,,ch3_muc1_d22,22,Phụ lục hợp đồng lao động,,,,,,,,,
ch3_muc1_d22_k1,CLAUSE,structural,"[""Phụ lục hợp đồng lao động là bộ phận của hợp đồng lao động và có hiệu lực như hợp đồng lao động""]",Phụ lục hợp đồng lao động là bộ phận của hợp đồng lao động và có hiệu lực như hợp đồng lao động.,,,,,,,,,,,ch3_muc1_d22_k1,1,Phụ lục hợp đồng lao động là bộ phận của hợp đồng lao động và có hiệu lực như hợp đồng lao động.,,,,,,
ch3_muc1_d22_k2,CLAUSE,structural,"[""Phụ lục hợp đồng lao động quy định chi tiết, sửa đổi, bổ sung một số điều, khoản của hợp đồng lao động nhưng không được sửa đổi thời hạn của hợp đồng lao động"", ""Trường hợp phụ lục hợp đồng lao động quy định chi tiết một số điều, khoản của hợp đồng lao động mà dẫn đến cách hiểu khác với hợp đồng lao động thì thực hiện theo nội dung của hợp đồng lao động"", ""Trường hợp phụ lục hợp đồng lao động sửa đổi, bổ sung một số điều, khoản của hợp đồng lao động thì phải ghi rõ nội dung điều, khoản sửa đổi, bổ sung và thời điểm có hiệu lực""]","Phụ lục hợp đồng lao động quy định chi tiết, sửa đổi, bổ sung một số điều, khoản của hợp đồng lao động nhưng không được sửa đổi thời hạn của hợp đồng lao động. Trường hợp phụ lục hợp đồng lao động quy định chi tiết một số điều, khoản của hợp đồng lao động mà dẫn đến cách hiểu khác với hợp đồng lao động thì thực hiện theo nội dung của hợp đồng lao động. Trường hợp phụ lục hợp đồng lao động sửa đổi, bổ sung một số điều, khoản của hợp đồng lao động thì phải ghi rõ nội dung điều, khoản sửa đổi, bổ sung và thời điểm có hiệu lực.",,,,,,,,,,,ch3_muc1_d22_k2,2,"Phụ lục hợp đồng lao động quy định chi tiết, sửa đổi, bổ sung một số điều, khoản của hợp đồng lao động nhưng không được sửa đổi thời hạn của hợp đồng lao động. Trường hợp phụ lục hợp đồng lao động quy định chi tiết một số điều, khoản của hợp đồng lao động mà dẫn đến cách hiểu khác với hợp đồng lao động thì thực hiện theo nội dung của hợp đồng lao động. Trường hợp phụ lục hợp đồng lao động sửa đổi, bổ sung một số điều, khoản của hợp đồng lao động thì phải ghi rõ nội dung điều, khoản sửa đổi, bổ sung và thời điểm có hiệu lực.",,,,,,
ch3_muc1_d23,ARTICLE,structural,"[""Hiệu lực của hợp đồng lao động Hợp đồng lao động có hiệu lực kể từ ngày hai bên giao kết, trừ trường hợp hai bên có thỏa thuận hoặc pháp luật có quy định khác""]","Hiệu lực của hợp đồng lao động Hợp đồng lao động có hiệu lực kể từ ngày hai bên giao kết, trừ trường hợp hai bên có thỏa thuận hoặc pháp luật có quy định khác.",,,,,,,,ch3_muc1_d23,23,"Hiệu lực của hợp đồng lao động Hợp đồng lao động có hiệu lực kể từ ngày hai bên giao kết, trừ trường hợp hai bên có thỏa thuận hoặc pháp luật có quy định khác.",,,,,,,,,
ch3_muc1_d24,ARTICLE,structural,"[""Thử việc""]",Thử việc,,,,,,,,ch3_muc1_d24,24,Thử việc,,,,,,,,,
ch3_muc1_d24_k1,CLAUSE,structural,"[""Người sử dụng lao động và người lao động có thể thỏa thuận nội dung thử việc ghi trong hợp đồng lao động hoặc thỏa thuận về thử việc bằng việc giao kết hợp đồng thử việc""]",Người sử dụng lao động và người lao động có thể thỏa thuận nội dung thử việc ghi trong hợp đồng lao động hoặc thỏa thuận về thử việc bằng việc giao kết hợp đồng thử việc.,,,,,,,,,,,ch3_muc1_d24_k1,1,Người sử dụng lao động và người lao động có thể thỏa thuận nội dung thử việc ghi trong hợp đồng lao động hoặc thỏa thuận về thử việc bằng việc giao kết hợp đồng thử việc.,,,,,,
ch3_muc1_d24_k2,CLAUSE,structural,"[""Nội dung chủ yếu của hợp đồng thử việc gồm thời gian thử việc và nội dung quy định tại các điểm a, b, c, đ, g và h khoản 1 Điều 21 của Bộ luật này""]","Nội dung chủ yếu của hợp đồng thử việc gồm thời gian thử việc và nội dung quy định tại các điểm a, b, c, đ, g và h khoản 1 Điều 21 của Bộ luật này.",,,,,,,,,,,ch3_muc1_d24_k2,2,"Nội dung chủ yếu của hợp đồng thử việc gồm thời gian thử việc và nội dung quy định tại các điểm a, b, c, đ, g và h khoản 1 Điều 21 của Bộ luật này.",,,,,,
ch3_muc1_d24_k3,CLAUSE,structural,"[""Không áp dụng thử việc đối với người lao động giao kết hợp đồng lao động có thời hạn dưới 01 tháng""]",Không áp dụng thử việc đối với người lao động giao kết hợp đồng lao động có thời hạn dưới 01 tháng.,,,,,,,,,,,ch3_muc1_d24_k3,3,Không áp dụng thử việc đối với người lao động giao kết hợp đồng lao động có thời hạn dưới 01 tháng.,,,,,,
ch3_muc1_d25,ARTICLE,structural,"[""Thời gian thử việc Thời gian thử việc do hai bên thỏa thuận căn cứ vào tính chất và mức độ phức tạp của công việc nhưng chỉ được thử việc một lần đối với một công việc và bảo đảm điều kiện sau đây:""]",Thời gian thử việc Thời gian thử việc do hai bên thỏa thuận căn cứ vào tính chất và mức độ phức tạp của công việc nhưng chỉ được thử việc một lần đối với một công việc và bảo đảm điều kiện sau đây:,,,,,,,,ch3_muc1_d25,25,Thời gian thử việc Thời gian thử việc do hai bên thỏa thuận căn cứ vào tính chất và mức độ phức tạp của công việc nhưng chỉ được thử việc một lần đối với một công việc và bảo đảm điều kiện sau đây:,,,,,,,,,
ch3_muc1_d25_k1,CLAUSE,structural,"[""Không quá 180 ngày đối với công việc của người quản lý doanh nghiệp theo quy định của Luật Doanh nghiệp, Luật Quản lý, sử dụng vốn nhà nước đầu tư vào sản xuất, kinh doanh tại doanh nghiệp""]","Không quá 180 ngày đối với công việc của người quản lý doanh nghiệp theo quy định của Luật Doanh nghiệp, Luật Quản lý, sử dụng vốn nhà nước đầu tư vào sản xuất, kinh doanh tại doanh nghiệp;",,,,,,,,,,,ch3_muc1_d25_k1,1,"Không quá 180 ngày đối với công việc của người quản lý doanh nghiệp theo quy định của Luật Doanh nghiệp, Luật Quản lý, sử dụng vốn nhà nước đầu tư vào sản xuất, kinh doanh tại doanh nghiệp;",,,,,,
ch3_muc1_d25_k2,CLAUSE,structural,"[""Không quá 60 ngày đối với công việc có chức danh nghề nghiệp cần trình độ chuyên môn, kỹ thuật từ cao đẳng trở lên""]","Không quá 60 ngày đối với công việc có chức danh nghề nghiệp cần trình độ chuyên môn, kỹ thuật từ cao đẳng trở lên;",,,,,,,,,,,ch3_muc1_d25_k2,2,"Không quá 60 ngày đối với công việc có chức danh nghề nghiệp cần trình độ chuyên môn, kỹ thuật từ cao đẳng trở lên;",,,,,,
ch3_muc1_d25_k3,CLAUSE,structural,"[""Không quá 30 ngày đối với công việc có chức danh nghề nghiệp cần trình độ chuyên môn, kỹ thuật trung cấp, công nhân kỹ thuật, nhân viên nghiệp vụ""]","Không quá 30 ngày đối với công việc có chức danh nghề nghiệp cần trình độ chuyên môn, kỹ thuật trung cấp, công nhân kỹ thuật, nhân viên nghiệp vụ;",,,,,,,,,,,ch3_muc1_d25_k3,3,"Không quá 30 ngày đối với công việc có chức danh nghề nghiệp cần trình độ chuyên môn, kỹ thuật trung cấp, công nhân kỹ thuật, nhân viên nghiệp vụ;",,,,,,
ch3_muc1_d25_k4,CLAUSE,structural,"[""Không quá 06 ngày làm việc đối với công việc khác""]",Không quá 06 ngày làm việc đối với công việc khác.,,,,,,,,,,,ch3_muc1_d25_k4,4,Không quá 06 ngày làm việc đối với công việc khác.,,,,,,
ch3_muc1_d26,ARTICLE,structural,"[""Tiền lương thử việc Tiền lương của người lao động trong thời gian thử việc do hai bên thỏa thuận nhưng ít nhất phải bằng 85% mức lương của công việc đó""]",Tiền lương thử việc Tiền lương của người lao động trong thời gian thử việc do hai bên thỏa thuận nhưng ít nhất phải bằng 85% mức lương của công việc đó.,,,,,,,,ch3_muc1_d26,26,Tiền lương thử việc Tiền lương của người lao động trong thời gian thử việc do hai bên thỏa thuận nhưng ít nhất phải bằng 85% mức lương của công việc đó.,,,,,,,,,
ch3_muc1_d27,ARTICLE,structural,"[""Kết thúc thời gian thử việc""]",Kết thúc thời gian thử việc,,,,,,,,ch3_muc1_d27,27,Kết thúc thời gian thử việc,,,,,,,,,
ch3_muc1_d27_k1,CLAUSE,structural,"[""Khi kết thúc thời gian thử việc, người sử dụng lao động phải thông báo kết quả thử việc cho người lao động"", ""Trường hợp thử việc đạt yêu cầu thì người sử dụng lao động tiếp tục thực hiện hợp đồng lao động đã giao kết đối với trường hợp thỏa thuận thử việc trong hợp đồng lao động hoặc phải giao kết hợp đồng lao động đối với trường hợp giao kết hợp đồng thử việc"", ""Trường hợp thử việc không đạt yêu cầu thì chấm dứt hợp đồng lao động đã giao kết hoặc hợp đồng thử việc""]","Khi kết thúc thời gian thử việc, người sử dụng lao động phải thông báo kết quả thử việc cho người lao động. Trường hợp thử việc đạt yêu cầu thì người sử dụng lao động tiếp tục thực hiện hợp đồng lao động đã giao kết đối với trường hợp thỏa thuận thử việc trong hợp đồng lao động hoặc phải giao kết hợp đồng lao động đối với trường hợp giao kết hợp đồng thử việc. Trường hợp thử việc không đạt yêu cầu thì chấm dứt hợp đồng lao động đã giao kết hoặc hợp đồng thử việc.",,,,,,,,,,,ch3_muc1_d27_k1,1,"Khi kết thúc thời gian thử việc, người sử dụng lao động phải thông báo kết quả thử việc cho người lao động. Trường hợp thử việc đạt yêu cầu thì người sử dụng lao động tiếp tục thực hiện hợp đồng lao động đã giao kết đối với trường hợp thỏa thuận thử việc trong hợp đồng lao động hoặc phải giao kết hợp đồng lao động đối với trường hợp giao kết hợp đồng thử việc. Trường hợp thử việc không đạt yêu cầu thì chấm dứt hợp đồng lao động đã giao kết hoặc hợp đồng thử việc.",,,,,,
ch3_muc1_d27_k2,CLAUSE,structural,"[""Trong thời gian thử việc, mỗi bên có quyền hủy bỏ hợp đồng thử việc hoặc hợp đồng lao động đã giao kết mà không cần báo trước và không phải bồi thường""]","Trong thời gian thử việc, mỗi bên có quyền hủy bỏ hợp đồng thử việc hoặc hợp đồng lao động đã giao kết mà không cần báo trước và không phải bồi thường.",,,,,,,,,,,ch3_muc1_d27_k2,2,"Trong thời gian thử việc, mỗi bên có quyền hủy bỏ hợp đồng thử việc hoặc hợp đồng lao động đã giao kết mà không cần báo trước và không phải bồi thường.",,,,,,
ch3_muc2,SECTION,structural,[],THỰC HIỆN HỢP ĐỒNG LAO ĐỘNG,,,,,,,,,,,,,,,,,ch3_muc2,2,THỰC HIỆN HỢP ĐỒNG LAO ĐỘNG
ch3_muc2_d28,ARTICLE,structural,"[""Thực hiện công việc theo hợp đồng lao động Công việc theo hợp đồng lao động phải do người lao động đã giao kết hợp đồng thực hiện"", ""Địa điểm làm việc được thực hiện theo hợp đồng lao động, trừ trường hợp hai bên có thỏa thuận khác""]","Thực hiện công việc theo hợp đồng lao động Công việc theo hợp đồng lao động phải do người lao động đã giao kết hợp đồng thực hiện. Địa điểm làm việc được thực hiện theo hợp đồng lao động, trừ trường hợp hai bên có thỏa thuận khác.",,,,,,,,ch3_muc2_d28,28,"Thực hiện công việc theo hợp đồng lao động Công việc theo hợp đồng lao động phải do người lao động đã giao kết hợp đồng thực hiện. Địa điểm làm việc được thực hiện theo hợp đồng lao động, trừ trường hợp hai bên có thỏa thuận khác.",,,,,,,,,
ch3_muc2_d29,ARTICLE,structural,"[""Chuyển người lao động làm công việc khác so với hợp đồng lao động""]",Chuyển người lao động làm công việc khác so với hợp đồng lao động,,,,,,,,ch3_muc2_d29,29,Chuyển người lao động làm công việc khác so với hợp đồng lao động,,,,,,,,,
ch3_muc2_d29_k1,CLAUSE,structural,"[""Khi gặp khó khăn đột xuất do thiên tai, hỏa hoạn, dịch bệnh nguy hiểm, áp dụng biện pháp ngăn ngừa, khắc phục tai nạn lao động, bệnh nghề nghiệp, sự cố điện, nước hoặc do nhu cầu sản xuất, kinh doanh thì người sử dụng lao động được quyền tạm thời chuyển người lao động làm công việc khác so với hợp đồng lao động nhưng không được quá 60 ngày làm việc cộng dồn trong 01 năm"", ""trường hợp chuyển người lao động làm công việc khác so với hợp đồng lao động quá 60 ngày làm việc cộng dồn trong 01 năm thì chỉ được thực hiện khi người lao động đồng ý bằng văn bản"", ""Người sử dụng lao động quy định cụ thể trong nội quy lao động những trường hợp do nhu cầu sản xuất, kinh doanh mà người sử dụng lao động được tạm thời chuyển người lao động làm công việc khác so với hợp đồng lao động""]","Khi gặp khó khăn đột xuất do thiên tai, hỏa hoạn, dịch bệnh nguy hiểm, áp dụng biện pháp ngăn ngừa, khắc phục tai nạn lao động, bệnh nghề nghiệp, sự cố điện, nước hoặc do nhu cầu sản xuất, kinh doanh thì người sử dụng lao động được quyền tạm thời chuyển người lao động làm công việc khác so với hợp đồng lao động nhưng không được quá 60 ngày làm việc cộng dồn trong 01 năm; trường hợp chuyển người lao động làm công việc khác so với hợp đồng lao động quá 60 ngày làm việc cộng dồn trong 01 năm thì chỉ được thực hiện khi người lao động đồng ý bằng văn bản. Người sử dụng lao động quy định cụ thể trong nội quy lao động những trường hợp do nhu cầu sản xuất, kinh doanh mà người sử dụng lao động được tạm thời chuyển người lao động làm công việc khác so với hợp đồng lao động.",,,,,,,,,,,ch3_muc2_d29_k1,1,"Khi gặp khó khăn đột xuất do thiên tai, hỏa hoạn, dịch bệnh nguy hiểm, áp dụng biện pháp ngăn ngừa, khắc phục tai nạn lao động, bệnh nghề nghiệp, sự cố điện, nước hoặc do nhu cầu sản xuất, kinh doanh thì người sử dụng lao động được quyền tạm thời chuyển người lao động làm công việc khác so với hợp đồng lao động nhưng không được quá 60 ngày làm việc cộng dồn trong 01 năm; trường hợp chuyển người lao động làm công việc khác so với hợp đồng lao động quá 60 ngày làm việc cộng dồn trong 01 năm thì chỉ được thực hiện khi người lao động đồng ý bằng văn bản. Người sử dụng lao động quy định cụ thể trong nội quy lao động những trường hợp do nhu cầu sản xuất, kinh doanh mà người sử dụng lao động được tạm thời chuyển người lao động làm công việc khác so với hợp đồng lao động.",,,,,,
ch3_muc2_d29_k2,CLAUSE,structural,"[""Khi tạm thời chuyển người lao động làm công việc khác so với hợp đồng lao động quy định tại khoản 1 Điều này, người sử dụng lao động phải báo cho người lao động biết trước ít nhất 03 ngày làm việc, thông báo rõ thời hạn làm tạm thời và bố trí công việc phù hợp với sức khỏe, giới tính của người lao động""]","Khi tạm thời chuyển người lao động làm công việc khác so với hợp đồng lao động quy định tại khoản 1 Điều này, người sử dụng lao động phải báo cho người lao động biết trước ít nhất 03 ngày làm việc, thông báo rõ thời hạn làm tạm thời và bố trí công việc phù hợp với sức khỏe, giới tính của người lao động.",,,,,,,,,,,ch3_muc2_d29_k2,2,"Khi tạm thời chuyển người lao động làm công việc khác so với hợp đồng lao động quy định tại khoản 1 Điều này, người sử dụng lao động phải báo cho người lao động biết trước ít nhất 03 ngày làm việc, thông báo rõ thời hạn làm tạm thời và bố trí công việc phù hợp với sức khỏe, giới tính của người lao động.",,,,,,
ch3_muc2_d29_k3,CLAUSE,structural,"[""Người lao động chuyển sang làm công việc khác so với hợp đồng lao động được trả lương theo công việc mới"", ""Nếu tiền lương của công việc mới thấp hơn tiền lương của công việc cũ thì được giữ nguyên tiền lương của công việc cũ trong thời hạn 30 ngày làm việc"", ""Tiền lương theo công việc mới ít nhất phải bằng 85% tiền lương của công việc cũ nhưng không thấp hơn mức lương tối thiểu""]",Người lao động chuyển sang làm công việc khác so với hợp đồng lao động được trả lương theo công việc mới. Nếu tiền lương của công việc mới thấp hơn tiền lương của công việc cũ thì được giữ nguyên tiền lương của công việc cũ trong thời hạn 30 ngày làm việc. Tiền lương theo công việc mới ít nhất phải bằng 85% tiền lương của công việc cũ nhưng không thấp hơn mức lương tối thiểu.,,,,,,,,,,,ch3_muc2_d29_k3,3,Người lao động chuyển sang làm công việc khác so với hợp đồng lao động được trả lương theo công việc mới. Nếu tiền lương của công việc mới thấp hơn tiền lương của công việc cũ thì được giữ nguyên tiền lương của công việc cũ trong thời hạn 30 ngày làm việc. Tiền lương theo công việc mới ít nhất phải bằng 85% tiền lương của công việc cũ nhưng không thấp hơn mức lương tối thiểu.,,,,,,
ch3_muc2_d29_k4,CLAUSE,structural,"[""Người lao động không đồng ý tạm thời làm công việc khác so với hợp đồng lao động quá 60 ngày làm việc cộng dồn trong 01 năm mà phải ngừng việc thì người sử dụng lao động phải trả lương ngừng việc theo quy định tại Điều 99 của Bộ luật này""]",Người lao động không đồng ý tạm thời làm công việc khác so với hợp đồng lao động quá 60 ngày làm việc cộng dồn trong 01 năm mà phải ngừng việc thì người sử dụng lao động phải trả lương ngừng việc theo quy định tại Điều 99 của Bộ luật này.,,,,,,,,,,,ch3_muc2_d29_k4,4,Người lao động không đồng ý tạm thời làm công việc khác so với hợp đồng lao động quá 60 ngày làm việc cộng dồn trong 01 năm mà phải ngừng việc thì người sử dụng lao động phải trả lương ngừng việc theo quy định tại Điều 99 của Bộ luật này.,,,,,,
ch3_muc2_d30,ARTICLE,structural,"[""Tạm hoãn thực hiện hợp đồng lao động""]",Tạm hoãn thực hiện hợp đồng lao động,,,,,,,,ch3_muc2_d30,30,Tạm hoãn thực hiện hợp đồng lao động,,,,,,,,,
ch3_muc2_d30_k1,CLAUSE,structural,"[""Các trường hợp tạm hoãn thực hiện hợp đồng lao động bao gồm: a) Người lao động thực hiện nghĩa vụ quân sự, nghĩa vụ tham gia Dân quân tự vệ"", ""b) Người lao động bị tạm giữ, tạm giam theo quy định của pháp luật về tố tụng hình sự"", ""c) Người lao động phải chấp hành quyết định áp dụng biện pháp đưa vào trường giáo dưỡng, cơ sở cai nghiện bắt buộc hoặc cơ sở giáo dục bắt buộc"", ""d) Lao động nữ mang thai theo quy định tại Điều 138 của Bộ luật này"", ""đ) Người lao động được bổ nhiệm làm người quản lý doanh nghiệp của công ty trách nhiệm hữu hạn một thành viên do Nhà nước nắm giữ 100% vốn điều lệ"", ""e) Người lao động được ủy quyền để thực hiện quyền, trách nhiệm của đại diện chủ sở hữu nhà nước đối với phần vốn nhà nước tại doanh nghiệp"", ""g) Người lao động được ủy quyền để thực hiện quyền, trách nhiệm của doanh nghiệp đối với phần vốn của doanh nghiệp đầu tư tại doanh nghiệp khác"", ""h) Trường hợp khác do hai bên thỏa thuận""]","Các trường hợp tạm hoãn thực hiện hợp đồng lao động bao gồm: a) Người lao động thực hiện nghĩa vụ quân sự, nghĩa vụ tham gia Dân quân tự vệ; b) Người lao động bị tạm giữ, tạm giam theo quy định của pháp luật về tố tụng hình sự; c) Người lao động phải chấp hành quyết định áp dụng biện pháp đưa vào trường giáo dưỡng, cơ sở cai nghiện bắt buộc hoặc cơ sở giáo dục bắt buộc; d) Lao động nữ mang thai theo quy định tại Điều 138 của Bộ luật này; đ) Người lao động được bổ nhiệm làm người quản lý doanh nghiệp của công ty trách nhiệm hữu hạn một thành viên do Nhà nước nắm giữ 100% vốn điều lệ; e) Người lao động được ủy quyền để thực hiện quyền, trách nhiệm của đại diện chủ sở hữu nhà nước đối với phần vốn nhà nước tại doanh nghiệp; g) Người lao động được ủy quyền để thực hiện quyền, trách nhiệm của doanh nghiệp đối với phần vốn của doanh nghiệp đầu tư tại doanh nghiệp khác; h) Trường hợp khác do hai bên thỏa thuận.",,,,,,,,,,,ch3_muc2_d30_k1,1,"Các trường hợp tạm hoãn thực hiện hợp đồng lao động bao gồm: a) Người lao động thực hiện nghĩa vụ quân sự, nghĩa vụ tham gia Dân quân tự vệ; b) Người lao động bị tạm giữ, tạm giam theo quy định của pháp luật về tố tụng hình sự; c) Người lao động phải chấp hành quyết định áp dụng biện pháp đưa vào trường giáo dưỡng, cơ sở cai nghiện bắt buộc hoặc cơ sở giáo dục bắt buộc; d) Lao động nữ mang thai theo quy định tại Điều 138 của Bộ luật này; đ) Người lao động được bổ nhiệm làm người quản lý doanh nghiệp của công ty trách nhiệm hữu hạn một thành viên do Nhà nước nắm giữ 100% vốn điều lệ; e) Người lao động được ủy quyền để thực hiện quyền, trách nhiệm của đại diện chủ sở hữu nhà nước đối với phần vốn nhà nước tại doanh nghiệp; g) Người lao động được ủy quyền để thực hiện quyền, trách nhiệm của doanh nghiệp đối với phần vốn của doanh nghiệp đầu tư tại doanh nghiệp khác; h) Trường hợp khác do hai bên thỏa thuận.",,,,,,
ch3_muc2_d30_k1_a,POINT,structural,[],"Người lao động thực hiện nghĩa vụ quân sự, nghĩa vụ tham gia Dân quân tự vệ;",,,,,,,,,,,,,,ch3_muc2_d30_k1_a,a),"Người lao động thực hiện nghĩa vụ quân sự, nghĩa vụ tham gia Dân quân tự vệ;",,,
ch3_muc2_d30_k1_b,POINT,structural,[],"Người lao động bị tạm giữ, tạm giam theo quy định của pháp luật về tố tụng hình sự;",,,,,,,,,,,,,,ch3_muc2_d30_k1_b,b),"Người lao động bị tạm giữ, tạm giam theo quy định của pháp luật về tố tụng hình sự;",,,
ch3_muc2_d30_k1_c,POINT,structural,[],"Người lao động phải chấp hành quyết định áp dụng biện pháp đưa vào trường giáo dưỡng, cơ sở cai nghiện bắt buộc hoặc cơ sở giáo dục bắt buộc;",,,,,,,,,,,,,,ch3_muc2_d30_k1_c,c),"Người lao động phải chấp hành quyết định áp dụng biện pháp đưa vào trường giáo dưỡng, cơ sở cai nghiện bắt buộc hoặc cơ sở giáo dục bắt buộc;",,,
ch3_muc2_d30_k1_d,POINT,structural,[],Lao động nữ mang thai theo quy định tại Điều 138 của Bộ luật này;,,,,,,,,,,,,,,ch3_muc2_d30_k1_d,d),Lao động nữ mang thai theo quy định tại Điều 138 của Bộ luật này;,,,
ch3_muc2_d30_k1_đ,POINT,structural,[],Người lao động được bổ nhiệm làm người quản lý doanh nghiệp của công ty trách nhiệm hữu hạn một thành viên do Nhà nước nắm giữ 100% vốn điều lệ;,,,,,,,,,,,,,,ch3_muc2_d30_k1_đ,đ),Người lao động được bổ nhiệm làm người quản lý doanh nghiệp của công ty trách nhiệm hữu hạn một thành viên do Nhà nước nắm giữ 100% vốn điều lệ;,,,
ch3_muc2_d30_k1_e,POINT,structural,[],"Người lao động được ủy quyền để thực hiện quyền, trách nhiệm của đại diện chủ sở hữu nhà nước đối với phần vốn nhà nước tại doanh nghiệp;",,,,,,,,,,,,,,ch3_muc2_d30_k1_e,e),"Người lao động được ủy quyền để thực hiện quyền, trách nhiệm của đại diện chủ sở hữu nhà nước đối với phần vốn nhà nước tại doanh nghiệp;",,,
ch3_muc2_d30_k1_g,POINT,structural,[],"Người lao động được ủy quyền để thực hiện quyền, trách nhiệm của doanh nghiệp đối với phần vốn của doanh nghiệp đầu tư tại doanh nghiệp khác;",,,,,,,,,,,,,,ch3_muc2_d30_k1_g,g),"Người lao động được ủy quyền để thực hiện quyền, trách nhiệm của doanh nghiệp đối với phần vốn của doanh nghiệp đầu tư tại doanh nghiệp khác;",,,
ch3_muc2_d30_k1_h,POINT,structural,[],Trường hợp khác do hai bên thỏa thuận.,,,,,,,,,,,,,,ch3_muc2_d30_k1_h,h),Trường hợp khác do hai bên thỏa thuận.,,,
ch3_muc2_d30_k2,CLAUSE,structural,"[""Trong thời gian tạm hoãn thực hiện hợp đồng lao động, người lao động không được hưởng lương và quyền, lợi ích đã giao kết trong hợp đồng lao động, trừ trường hợp hai bên có thỏa thuận hoặc pháp luật có quy định khác""]","Trong thời gian tạm hoãn thực hiện hợp đồng lao động, người lao động không được hưởng lương và quyền, lợi ích đã giao kết trong hợp đồng lao động, trừ trường hợp hai bên có thỏa thuận hoặc pháp luật có quy định khác.",,,,,,,,,,,ch3_muc2_d30_k2,2,"Trong thời gian tạm hoãn thực hiện hợp đồng lao động, người lao động không được hưởng lương và quyền, lợi ích đã giao kết trong hợp đồng lao động, trừ trường hợp hai bên có thỏa thuận hoặc pháp luật có quy định khác.",,,,,,
ch3_muc2_d31,ARTICLE,structural,"[""Nhận lại người lao động hết thời hạn tạm hoãn thực hiện hợp đồng lao động Trong thời hạn 15 ngày kể từ ngày hết thời hạn tạm hoãn thực hiện hợp đồng lao động, người lao động phải có mặt tại nơi làm việc và người sử dụng lao động phải nhận người lao động trở lại làm công việc theo hợp đồng lao động đã giao kết nếu hợp đồng lao động còn thời hạn, trừ trường hợp hai bên có thỏa thuận hoặc pháp luật có quy định khác""]","Nhận lại người lao động hết thời hạn tạm hoãn thực hiện hợp đồng lao động Trong thời hạn 15 ngày kể từ ngày hết thời hạn tạm hoãn thực hiện hợp đồng lao động, người lao động phải có mặt tại nơi làm việc và người sử dụng lao động phải nhận người lao động trở lại làm công việc theo hợp đồng lao động đã giao kết nếu hợp đồng lao động còn thời hạn, trừ trường hợp hai bên có thỏa thuận hoặc pháp luật có quy định khác.",,,,,,,,ch3_muc2_d31,31,"Nhận lại người lao động hết thời hạn tạm hoãn thực hiện hợp đồng lao động Trong thời hạn 15 ngày kể từ ngày hết thời hạn tạm hoãn thực hiện hợp đồng lao động, người lao động phải có mặt tại nơi làm việc và người sử dụng lao động phải nhận người lao động trở lại làm công việc theo hợp đồng lao động đã giao kết nếu hợp đồng lao động còn thời hạn, trừ trường hợp hai bên có thỏa thuận hoặc pháp luật có quy định khác.",,,,,,,,,
ch3_muc2_d32,ARTICLE,structural,"[""Làm việc không trọn thời gian""]",Làm việc không trọn thời gian,,,,,,,,ch3_muc2_d32,32,Làm việc không trọn thời gian,,,,,,,,,
ch3_muc2_d32_k1,CLAUSE,structural,"[""Người lao động làm việc không trọn thời gian là người lao động có thời gian làm việc ngắn hơn so với thời gian làm việc bình thường theo ngày hoặc theo tuần hoặc theo tháng được quy định trong pháp luật về lao động, thỏa ước lao động tập thể hoặc nội quy lao động""]","Người lao động làm việc không trọn thời gian là người lao động có thời gian làm việc ngắn hơn so với thời gian làm việc bình thường theo ngày hoặc theo tuần hoặc theo tháng được quy định trong pháp luật về lao động, thỏa ước lao động tập thể hoặc nội quy lao động.",,,,,,,,,,,ch3_muc2_d32_k1,1,"Người lao động làm việc không trọn thời gian là người lao động có thời gian làm việc ngắn hơn so với thời gian làm việc bình thường theo ngày hoặc theo tuần hoặc theo tháng được quy định trong pháp luật về lao động, thỏa ước lao động tập thể hoặc nội quy lao động.",,,,,,
ch3_muc2_d32_k2,CLAUSE,structural,"[""Người lao động thỏa thuận với người sử dụng lao động làm việc không trọn thời gian khi giao kết hợp đồng lao động""]",Người lao động thỏa thuận với người sử dụng lao động làm việc không trọn thời gian khi giao kết hợp đồng lao động.,,,,,,,,,,,ch3_muc2_d32_k2,2,Người lao động thỏa thuận với người sử dụng lao động làm việc không trọn thời gian khi giao kết hợp đồng lao động.,,,,,,
ch3_muc2_d32_k3,CLAUSE,structural,"[""Người lao động làm việc không trọn thời gian được hưởng lương"", ""bình đẳng trong thực hiện quyền và nghĩa vụ với người lao động làm việc trọn thời gian"", ""bình đẳng về cơ hội, không bị phân biệt đối xử, bảo đảm an toàn, vệ sinh lao động""]","Người lao động làm việc không trọn thời gian được hưởng lương; bình đẳng trong thực hiện quyền và nghĩa vụ với người lao động làm việc trọn thời gian; bình đẳng về cơ hội, không bị phân biệt đối xử, bảo đảm an toàn, vệ sinh lao động.",,,,,,,,,,,ch3_muc2_d32_k3,3,"Người lao động làm việc không trọn thời gian được hưởng lương; bình đẳng trong thực hiện quyền và nghĩa vụ với người lao động làm việc trọn thời gian; bình đẳng về cơ hội, không bị phân biệt đối xử, bảo đảm an toàn, vệ sinh lao động.",,,,,,
ch3_muc2_d33,ARTICLE,structural,"[""Sửa đổi, bổ sung hợp đồng lao động""]","Sửa đổi, bổ sung hợp đồng lao động",,,,,,,,ch3_muc2_d33,33,"Sửa đổi, bổ sung hợp đồng lao động",,,,,,,,,
ch3_muc2_d33_k1,CLAUSE,structural,"[""Trong quá trình thực hiện hợp đồng lao động, nếu bên nào có yêu cầu sửa đổi, bổ sung nội dung hợp đồng lao động thì phải báo cho bên kia biết trước ít nhất 03 ngày làm việc về nội dung cần sửa đổi, bổ sung""]","Trong quá trình thực hiện hợp đồng lao động, nếu bên nào có yêu cầu sửa đổi, bổ sung nội dung hợp đồng lao động thì phải báo cho bên kia biết trước ít nhất 03 ngày làm việc về nội dung cần sửa đổi, bổ sung.",,,,,,,,,,,ch3_muc2_d33_k1,1,"Trong quá trình thực hiện hợp đồng lao động, nếu bên nào có yêu cầu sửa đổi, bổ sung nội dung hợp đồng lao động thì phải báo cho bên kia biết trước ít nhất 03 ngày làm việc về nội dung cần sửa đổi, bổ sung.",,,,,,
ch3_muc2_d33_k2,CLAUSE,structural,"[""Trường hợp hai bên thỏa thuận được thì việc sửa đổi, bổ sung nội dung hợp đồng lao động được tiến hành bằng việc ký kết phụ lục hợp đồng lao động hoặc giao kết hợp đồng lao động mới""]","Trường hợp hai bên thỏa thuận được thì việc sửa đổi, bổ sung nội dung hợp đồng lao động được tiến hành bằng việc ký kết phụ lục hợp đồng lao động hoặc giao kết hợp đồng lao động mới.",,,,,,,,,,,ch3_muc2_d33_k2,2,"Trường hợp hai bên thỏa thuận được thì việc sửa đổi, bổ sung nội dung hợp đồng lao động được tiến hành bằng việc ký kết phụ lục hợp đồng lao động hoặc giao kết hợp đồng lao động mới.",,,,,,
ch3_muc2_d33_k3,CLAUSE,structural,"[""Trường hợp hai bên không thỏa thuận được việc sửa đổi, bổ sung nội dung hợp đồng lao động thì tiếp tục thực hiện hợp đồng lao động đã giao kết""]","Trường hợp hai bên không thỏa thuận được việc sửa đổi, bổ sung nội dung hợp đồng lao động thì tiếp tục thực hiện hợp đồng lao động đã giao kết.",,,,,,,,,,,ch3_muc2_d33_k3,3,"Trường hợp hai bên không thỏa thuận được việc sửa đổi, bổ sung nội dung hợp đồng lao động thì tiếp tục thực hiện hợp đồng lao động đã giao kết.",,,,,,
ch3_muc3,SECTION,structural,[],CHẤM DỨT HỢP ĐỒNG LAO ĐỘNG,,,,,,,,,,,,,,,,,ch3_muc3,3,CHẤM DỨT HỢP ĐỒNG LAO ĐỘNG
ch3_muc3_d34,ARTICLE,structural,"[""Các trường hợp chấm dứt hợp đồng lao động""]",Các trường hợp chấm dứt hợp đồng lao động,,,,,,,,ch3_muc3_d34,34,Các trường hợp chấm dứt hợp đồng lao động,,,,,,,,,
ch3_muc3_d34_k1,CLAUSE,structural,"[""Hết hạn hợp đồng lao động, trừ trường hợp quy định tại khoản 4 Điều 177 của Bộ luật này""]","Hết hạn hợp đồng lao động, trừ trường hợp quy định tại khoản 4 Điều 177 của Bộ luật này.",,,,,,,,,,,ch3_muc3_d34_k1,1,"Hết hạn hợp đồng lao động, trừ trường hợp quy định tại khoản 4 Điều 177 của Bộ luật này.",,,,,,
ch3_muc3_d34_k2,CLAUSE,structural,"[""Đã hoàn thành công việc theo hợp đồng lao động""]",Đã hoàn thành công việc theo hợp đồng lao động.,,,,,,,,,,,ch3_muc3_d34_k2,2,Đã hoàn thành công việc theo hợp đồng lao động.,,,,,,
ch3_muc3_d34_k3,CLAUSE,structural,"[""Hai bên thỏa thuận chấm dứt hợp đồng lao động""]",Hai bên thỏa thuận chấm dứt hợp đồng lao động.,,,,,,,,,,,ch3_muc3_d34_k3,3,Hai bên thỏa thuận chấm dứt hợp đồng lao động.,,,,,,
ch3_muc3_d34_k4,CLAUSE,structural,"[""Người lao động bị kết án phạt tù nhưng không được hưởng án treo hoặc không thuộc trường hợp được trả tự do theo quy định tại khoản 5 Điều 328 của Bộ luật Tố tụng hình sự, tử hình hoặc bị cấm làm công việc ghi trong hợp đồng lao động theo bản án, quyết định của Tòa án đã có hiệu lực pháp luật""]","Người lao động bị kết án phạt tù nhưng không được hưởng án treo hoặc không thuộc trường hợp được trả tự do theo quy định tại khoản 5 Điều 328 của Bộ luật Tố tụng hình sự, tử hình hoặc bị cấm làm công việc ghi trong hợp đồng lao động theo bản án, quyết định của Tòa án đã có hiệu lực pháp luật.",,,,,,,,,,,ch3_muc3_d34_k4,4,"Người lao động bị kết án phạt tù nhưng không được hưởng án treo hoặc không thuộc trường hợp được trả tự do theo quy định tại khoản 5 Điều 328 của Bộ luật Tố tụng hình sự, tử hình hoặc bị cấm làm công việc ghi trong hợp đồng lao động theo bản án, quyết định của Tòa án đã có hiệu lực pháp luật.",,,,,,
ch3_muc3_d34_k5,CLAUSE,structural,"[""Người lao động là người nước ngoài làm việc tại Việt Nam bị trục xuất theo bản án, quyết định của Tòa án đã có hiệu lực pháp luật, quyết định của cơ quan nhà nước có thẩm quyền""]","Người lao động là người nước ngoài làm việc tại Việt Nam bị trục xuất theo bản án, quyết định của Tòa án đã có hiệu lực pháp luật, quyết định của cơ quan nhà nước có thẩm quyền.",,,,,,,,,,,ch3_muc3_d34_k5,5,"Người lao động là người nước ngoài làm việc tại Việt Nam bị trục xuất theo bản án, quyết định của Tòa án đã có hiệu lực pháp luật, quyết định của cơ quan nhà nước có thẩm quyền.",,,,,,
ch3_muc3_d34_k6,CLAUSE,structural,"[""Người lao động chết"", ""bị Tòa án tuyên bố mất năng lực hành vi dân sự, mất tích hoặc đã chết""]","Người lao động chết; bị Tòa án tuyên bố mất năng lực hành vi dân sự, mất tích hoặc đã chết.",,,,,,,,,,,ch3_muc3_d34_k6,6,"Người lao động chết; bị Tòa án tuyên bố mất năng lực hành vi dân sự, mất tích hoặc đã chết.",,,,,,
ch3_muc3_d34_k7,CLAUSE,structural,"[""Người sử dụng lao động là cá nhân chết"", ""bị Tòa án tuyên bố mất năng lực hành vi dân sự, mất tích hoặc đã chết"", ""Người sử dụng lao động không phải là cá nhân chấm dứt hoạt động hoặc bị cơ quan chuyên môn về đăng ký kinh doanh thuộc Ủy ban nhân dân cấp tỉnh ra thông báo không có người đại diện theo pháp luật, người được ủy quyền thực hiện quyền và nghĩa vụ của người đại diện theo pháp luật""]","Người sử dụng lao động là cá nhân chết; bị Tòa án tuyên bố mất năng lực hành vi dân sự, mất tích hoặc đã chết. Người sử dụng lao động không phải là cá nhân chấm dứt hoạt động hoặc bị cơ quan chuyên môn về đăng ký kinh doanh thuộc Ủy ban nhân dân cấp tỉnh ra thông báo không có người đại diện theo pháp luật, người được ủy quyền thực hiện quyền và nghĩa vụ của người đại diện theo pháp luật.",,,,,,,,,,,ch3_muc3_d34_k7,7,"Người sử dụng lao động là cá nhân chết; bị Tòa án tuyên bố mất năng lực hành vi dân sự, mất tích hoặc đã chết. Người sử dụng lao động không phải là cá nhân chấm dứt hoạt động hoặc bị cơ quan chuyên môn về đăng ký kinh doanh thuộc Ủy ban nhân dân cấp tỉnh ra thông báo không có người đại diện theo pháp luật, người được ủy quyền thực hiện quyền và nghĩa vụ của người đại diện theo pháp luật.",,,,,,
ch3_muc3_d34_k8,CLAUSE,structural,"[""Người lao động bị xử lý kỷ luật sa thải""]",Người lao động bị xử lý kỷ luật sa thải.,,,,,,,,,,,ch3_muc3_d34_k8,8,Người lao động bị xử lý kỷ luật sa thải.,,,,,,
ch3_muc3_d34_k9,CLAUSE,structural,"[""Người lao động đơn phương chấm dứt hợp đồng lao động theo quy định tại Điều 35 của Bộ luật này""]",Người lao động đơn phương chấm dứt hợp đồng lao động theo quy định tại Điều 35 của Bộ luật này.,,,,,,,,,,,ch3_muc3_d34_k9,9,Người lao động đơn phương chấm dứt hợp đồng lao động theo quy định tại Điều 35 của Bộ luật này.,,,,,,
ch3_muc3_d34_k10,CLAUSE,structural,"[""Người sử dụng lao động đơn phương chấm dứt hợp đồng lao động theo quy định tại Điều 36 của Bộ luật này""]",Người sử dụng lao động đơn phương chấm dứt hợp đồng lao động theo quy định tại Điều 36 của Bộ luật này.,,,,,,,,,,,ch3_muc3_d34_k10,10,Người sử dụng lao động đơn phương chấm dứt hợp đồng lao động theo quy định tại Điều 36 của Bộ luật này.,,,,,,
ch3_muc3_d34_k11,CLAUSE,structural,"[""Người sử dụng lao động cho người lao động thôi việc theo quy định tại Điều 42 và Điều 43 của Bộ luật này""]",Người sử dụng lao động cho người lao động thôi việc theo quy định tại Điều 42 và Điều 43 của Bộ luật này.,,,,,,,,,,,ch3_muc3_d34_k11,11,Người sử dụng lao động cho người lao động thôi việc theo quy định tại Điều 42 và Điều 43 của Bộ luật này.,,,,,,
ch3_muc3_d34_k12,CLAUSE,structural,"[""Giấy phép lao động hết hiệu lực đối với người lao động là người nước ngoài làm việc tại Việt Nam theo quy định tại Điều 156 của Bộ luật này""]",Giấy phép lao động hết hiệu lực đối với người lao động là người nước ngoài làm việc tại Việt Nam theo quy định tại Điều 156 của Bộ luật này.,,,,,,,,,,,ch3_muc3_d34_k12,12,Giấy phép lao động hết hiệu lực đối với người lao động là người nước ngoài làm việc tại Việt Nam theo quy định tại Điều 156 của Bộ luật này.,,,,,,
ch3_muc3_d34_k13,CLAUSE,structural,"[""Trường hợp thỏa thuận nội dung thử việc ghi trong hợp đồng lao động mà thử việc không đạt yêu cầu hoặc một bên hủy bỏ thỏa thuận thử việc""]",Trường hợp thỏa thuận nội dung thử việc ghi trong hợp đồng lao động mà thử việc không đạt yêu cầu hoặc một bên hủy bỏ thỏa thuận thử việc.,,,,,,,,,,,ch3_muc3_d34_k13,13,Trường hợp thỏa thuận nội dung thử việc ghi trong hợp đồng lao động mà thử việc không đạt yêu cầu hoặc một bên hủy bỏ thỏa thuận thử việc.,,,,,,
ch3_muc3_d35,ARTICLE,structural,"[""Quyền đơn phương chấm dứt hợp đồng lao động của người lao động""]",Quyền đơn phương chấm dứt hợp đồng lao động của người lao động,,,,,,,,ch3_muc3_d35,35,Quyền đơn phương chấm dứt hợp đồng lao động của người lao động,,,,,,,,,
ch3_muc3_d35_k1,CLAUSE,structural,"[""Người lao động có quyền đơn phương chấm dứt hợp đồng lao động nhưng phải báo trước cho người sử dụng lao động như sau: a) Ít nhất 45 ngày nếu làm việc theo hợp đồng lao động không xác định thời hạn"", ""b) Ít nhất 30 ngày nếu làm việc theo hợp đồng lao động xác định thời hạn có thời hạn từ 12 tháng đến 36 tháng"", ""c) Ít nhất 03 ngày làm việc nếu làm việc theo hợp đồng lao động xác định thời hạn có thời hạn dưới 12 tháng"", ""d) Đối với một số ngành, nghề, công việc đặc thù thì thời hạn báo trước được thực hiện theo quy định của Chính phủ""]","Người lao động có quyền đơn phương chấm dứt hợp đồng lao động nhưng phải báo trước cho người sử dụng lao động như sau: a) Ít nhất 45 ngày nếu làm việc theo hợp đồng lao động không xác định thời hạn; b) Ít nhất 30 ngày nếu làm việc theo hợp đồng lao động xác định thời hạn có thời hạn từ 12 tháng đến 36 tháng; c) Ít nhất 03 ngày làm việc nếu làm việc theo hợp đồng lao động xác định thời hạn có thời hạn dưới 12 tháng; d) Đối với một số ngành, nghề, công việc đặc thù thì thời hạn báo trước được thực hiện theo quy định của Chính phủ.",,,,,,,,,,,ch3_muc3_d35_k1,1,"Người lao động có quyền đơn phương chấm dứt hợp đồng lao động nhưng phải báo trước cho người sử dụng lao động như sau: a) Ít nhất 45 ngày nếu làm việc theo hợp đồng lao động không xác định thời hạn; b) Ít nhất 30 ngày nếu làm việc theo hợp đồng lao động xác định thời hạn có thời hạn từ 12 tháng đến 36 tháng; c) Ít nhất 03 ngày làm việc nếu làm việc theo hợp đồng lao động xác định thời hạn có thời hạn dưới 12 tháng; d) Đối với một số ngành, nghề, công việc đặc thù thì thời hạn báo trước được thực hiện theo quy định của Chính phủ.",,,,,,
ch3_muc3_d35_k1_a,POINT,structural,[],Ít nhất 45 ngày nếu làm việc theo hợp đồng lao động không xác định thời hạn;,,,,,,,,,,,,,,ch3_muc3_d35_k1_a,a),Ít nhất 45 ngày nếu làm việc theo hợp đồng lao động không xác định thời hạn;,,,
ch3_muc3_d35_k1_b,POINT,structural,[],Ít nhất 30 ngày nếu làm việc theo hợp đồng lao động xác định thời hạn có thời hạn từ 12 tháng đến 36 tháng;,,,,,,,,,,,,,,ch3_muc3_d35_k1_b,b),Ít nhất 30 ngày nếu làm việc theo hợp đồng lao động xác định thời hạn có thời hạn từ 12 tháng đến 36 tháng;,,,
ch3_muc3_d35_k1_c,POINT,structural,[],Ít nhất 03 ngày làm việc nếu làm việc theo hợp đồng lao động xác định thời hạn có thời hạn dưới 12 tháng;,,,,,,,,,,,,,,ch3_muc3_d35_k1_c,c),Ít nhất 03 ngày làm việc nếu làm việc theo hợp đồng lao động xác định thời hạn có thời hạn dưới 12 tháng;,,,
ch3_muc3_d35_k1_d,POINT,structural,[],"Đối với một số ngành, nghề, công việc đặc thù thì thời hạn báo trước được thực hiện theo quy định của Chính phủ.",,,,,,,,,,,,,,ch3_muc3_d35_k1_d,d),"Đối với một số ngành, nghề, công việc đặc thù thì thời hạn báo trước được thực hiện theo quy định của Chính phủ.",,,
ch3_muc3_d35_k2,CLAUSE,structural,"[""Người lao động có quyền đơn phương chấm dứt hợp đồng lao động không cần báo trước trong trường hợp sau đây: a) Không được bố trí theo đúng công việc, địa điểm làm việc hoặc không được bảo đảm điều kiện làm việc theo thỏa thuận, trừ trường hợp quy định tại Điều 29 của Bộ luật này"", ""b) Không được trả đủ lương hoặc trả lương không đúng thời hạn, trừ trường hợp quy định tại khoản 4 Điều 97 của Bộ luật này"", ""c) Bị người sử dụng lao động ngược đãi, đánh đập hoặc có lời nói, hành vi nhục mạ, hành vi làm ảnh hưởng đến sức khỏe, nhân phẩm, danh dự"", ""bị cưỡng bức lao động"", ""d) Bị quấy rối tình dục tại nơi làm việc"", ""đ) Lao động nữ mang thai phải nghỉ việc theo quy định tại khoản 1 Điều 138 của Bộ luật này"", ""e) Đủ tuổi nghỉ hưu theo quy định tại Điều 169 của Bộ luật này, trừ trường hợp các bên có thỏa thuận khác"", ""g) Người sử dụng lao động cung cấp thông tin không trung thực theo quy định tại khoản 1 Điều 16 của Bộ luật này làm ảnh hưởng đến việc thực hiện hợp đồng lao động""]","Người lao động có quyền đơn phương chấm dứt hợp đồng lao động không cần báo trước trong trường hợp sau đây: a) Không được bố trí theo đúng công việc, địa điểm làm việc hoặc không được bảo đảm điều kiện làm việc theo thỏa thuận, trừ trường hợp quy định tại Điều 29 của Bộ luật này; b) Không được trả đủ lương hoặc trả lương không đúng thời hạn, trừ trường hợp quy định tại khoản 4 Điều 97 của Bộ luật này; c) Bị người sử dụng lao động ngược đãi, đánh đập hoặc có lời nói, hành vi nhục mạ, hành vi làm ảnh hưởng đến sức khỏe, nhân phẩm, danh dự; bị cưỡng bức lao động; d) Bị quấy rối tình dục tại nơi làm việc; đ) Lao động nữ mang thai phải nghỉ việc theo quy định tại khoản 1 Điều 138 của Bộ luật này; e) Đủ tuổi nghỉ hưu theo quy định tại Điều 169 của Bộ luật này, trừ trường hợp các bên có thỏa thuận khác; g) Người sử dụng lao động cung cấp thông tin không trung thực theo quy định tại khoản 1 Điều 16 của Bộ luật này làm ảnh hưởng đến việc thực hiện hợp đồng lao động.",,,,,,,,,,,ch3_muc3_d35_k2,2,"Người lao động có quyền đơn phương chấm dứt hợp đồng lao động không cần báo trước trong trường hợp sau đây: a) Không được bố trí theo đúng công việc, địa điểm làm việc hoặc không được bảo đảm điều kiện làm việc theo thỏa thuận, trừ trường hợp quy định tại Điều 29 của Bộ luật này; b) Không được trả đủ lương hoặc trả lương không đúng thời hạn, trừ trường hợp quy định tại khoản 4 Điều 97 của Bộ luật này; c) Bị người sử dụng lao động ngược đãi, đánh đập hoặc có lời nói, hành vi nhục mạ, hành vi làm ảnh hưởng đến sức khỏe, nhân phẩm, danh dự; bị cưỡng bức lao động; d) Bị quấy rối tình dục tại nơi làm việc; đ) Lao động nữ mang thai phải nghỉ việc theo quy định tại khoản 1 Điều 138 của Bộ luật này; e) Đủ tuổi nghỉ hưu theo quy định tại Điều 169 của Bộ luật này, trừ trường hợp các bên có thỏa thuận khác; g) Người sử dụng lao động cung cấp thông tin không trung thực theo quy định tại khoản 1 Điều 16 của Bộ luật này làm ảnh hưởng đến việc thực hiện hợp đồng lao động.",,,,,,
ch3_muc3_d35_k2_a,POINT,structural,[],"Không được bố trí theo đúng công việc, địa điểm làm việc hoặc không được bảo đảm điều kiện làm việc theo thỏa thuận, trừ trường hợp quy định tại Điều 29 của Bộ luật này;",,,,,,,,,,,,,,ch3_muc3_d35_k2_a,a),"Không được bố trí theo đúng công việc, địa điểm làm việc hoặc không được bảo đảm điều kiện làm việc theo thỏa thuận, trừ trường hợp quy định tại Điều 29 của Bộ luật này;",,,
ch3_muc3_d35_k2_b,POINT,structural,[],"Không được trả đủ lương hoặc trả lương không đúng thời hạn, trừ trường hợp quy định tại khoản 4 Điều 97 của Bộ luật này;",,,,,,,,,,,,,,ch3_muc3_d35_k2_b,b),"Không được trả đủ lương hoặc trả lương không đúng thời hạn, trừ trường hợp quy định tại khoản 4 Điều 97 của Bộ luật này;",,,
ch3_muc3_d35_k2_c,POINT,structural,[],"Bị người sử dụng lao động ngược đãi, đánh đập hoặc có lời nói, hành vi nhục mạ, hành vi làm ảnh hưởng đến sức khỏe, nhân phẩm, danh dự; bị cưỡng bức lao động;",,,,,,,,,,,,,,ch3_muc3_d35_k2_c,c),"Bị người sử dụng lao động ngược đãi, đánh đập hoặc có lời nói, hành vi nhục mạ, hành vi làm ảnh hưởng đến sức khỏe, nhân phẩm, danh dự; bị cưỡng bức lao động;",,,
ch3_muc3_d35_k2_d,POINT,structural,[],Bị quấy rối tình dục tại nơi làm việc;,,,,,,,,,,,,,,ch3_muc3_d35_k2_d,d),Bị quấy rối tình dục tại nơi làm việc;,,,
ch3_muc3_d35_k2_đ,POINT,structural,[],Lao động nữ mang thai phải nghỉ việc theo quy định tại khoản 1 Điều 138 của Bộ luật này;,,,,,,,,,,,,,,ch3_muc3_d35_k2_đ,đ),Lao động nữ mang thai phải nghỉ việc theo quy định tại khoản 1 Điều 138 của Bộ luật này;,,,
ch3_muc3_d35_k2_e,POINT,structural,[],"Đủ tuổi nghỉ hưu theo quy định tại Điều 169 của Bộ luật này, trừ trường hợp các bên có thỏa thuận khác;",,,,,,,,,,,,,,ch3_muc3_d35_k2_e,e),"Đủ tuổi nghỉ hưu theo quy định tại Điều 169 của Bộ luật này, trừ trường hợp các bên có thỏa thuận khác;",,,
ch3_muc3_d35_k2_g,POINT,structural,[],Người sử dụng lao động cung cấp thông tin không trung thực theo quy định tại khoản 1 Điều 16 của Bộ luật này làm ảnh hưởng đến việc thực hiện hợp đồng lao động.,,,,,,,,,,,,,,ch3_muc3_d35_k2_g,g),Người sử dụng lao động cung cấp thông tin không trung thực theo quy định tại khoản 1 Điều 16 của Bộ luật này làm ảnh hưởng đến việc thực hiện hợp đồng lao động.,,,
ch3_muc3_d36,ARTICLE,structural,"[""Quyền đơn phương chấm dứt hợp đồng lao động của người sử dụng lao động""]",Quyền đơn phương chấm dứt hợp đồng lao động của người sử dụng lao động,,,,,,,,ch3_muc3_d36,36,Quyền đơn phương chấm dứt hợp đồng lao động của người sử dụng lao động,,,,,,,,,
ch3_muc3_d36_k1,CLAUSE,structural,"[""Người sử dụng lao động có quyền đơn phương chấm dứt hợp đồng lao động trong trường hợp sau đây: a) Người lao động thường xuyên không hoàn thành công việc theo hợp đồng lao động được xác định theo tiêu chí đánh giá mức độ hoàn thành công việc trong quy chế của người sử dụng lao động"", ""Quy chế đánh giá mức độ hoàn thành công việc do người sử dụng lao động ban hành nhưng phải tham khảo ý kiến tổ chức đại diện người lao động tại cơ sở đối với nơi có tổ chức đại diện người lao động tại cơ sở"", ""b) Người lao động bị ốm đau, tai nạn đã điều trị 12 tháng liên tục đối với người làm việc theo hợp đồng lao động không xác định thời hạn hoặc đã điều trị 06 tháng liên tục đối với người làm việc theo hợp đồng lao động xác định thời hạn có thời hạn từ 12 tháng đến 36 tháng hoặc quá nửa thời hạn hợp đồng lao động đối với người làm việc theo hợp đồng lao động xác định thời hạn có thời hạn dưới 12 tháng mà khả năng lao động chưa hồi phục"", ""Khi sức khỏe của người lao động bình phục thì người sử dụng lao động xem xét để tiếp tục giao kết hợp đồng lao động với người lao động"", ""c) Do thiên tai, hỏa hoạn, dịch bệnh nguy hiểm, địch họa hoặc di dời, thu hẹp sản xuất, kinh doanh theo yêu cầu của cơ quan nhà nước có thẩm quyền mà người sử dụng lao động đã tìm mọi biện pháp khắc phục nhưng vẫn buộc phải giảm chỗ làm việc"", ""d) Người lao động không có mặt tại nơi làm việc sau thời hạn quy định tại Điều 31 của Bộ luật này"", ""đ) Người lao động đủ tuổi nghỉ hưu theo quy định tại Điều 169 của Bộ luật này, trừ trường hợp có thỏa thuận khác"", ""e) Người lao động tự ý bỏ việc mà không có lý do chính đáng từ 05 ngày làm việc liên tục trở lên"", ""g) Người lao động cung cấp không trung thực thông tin theo quy định tại khoản 2 Điều 16 của Bộ luật này khi giao kết hợp đồng lao động làm ảnh hưởng đến việc tuyển dụng người lao động""]","Người sử dụng lao động có quyền đơn phương chấm dứt hợp đồng lao động trong trường hợp sau đây: a) Người lao động thường xuyên không hoàn thành công việc theo hợp đồng lao động được xác định theo tiêu chí đánh giá mức độ hoàn thành công việc trong quy chế của người sử dụng lao động. Quy chế đánh giá mức độ hoàn thành công việc do người sử dụng lao động ban hành nhưng phải tham khảo ý kiến tổ chức đại diện người lao động tại cơ sở đối với nơi có tổ chức đại diện người lao động tại cơ sở; b) Người lao động bị ốm đau, tai nạn đã điều trị 12 tháng liên tục đối với người làm việc theo hợp đồng lao động không xác định thời hạn hoặc đã điều trị 06 tháng liên tục đối với người làm việc theo hợp đồng lao động xác định thời hạn có thời hạn từ 12 tháng đến 36 tháng hoặc quá nửa thời hạn hợp đồng lao động đối với người làm việc theo hợp đồng lao động xác định thời hạn có thời hạn dưới 12 tháng mà khả năng lao động chưa hồi phục. Khi sức khỏe của người lao động bình phục thì người sử dụng lao động xem xét để tiếp tục giao kết hợp đồng lao động với người lao động; c) Do thiên tai, hỏa hoạn, dịch bệnh nguy hiểm, địch họa hoặc di dời, thu hẹp sản xuất, kinh doanh theo yêu cầu của cơ quan nhà nước có thẩm quyền mà người sử dụng lao động đã tìm mọi biện pháp khắc phục nhưng vẫn buộc phải giảm chỗ làm việc; d) Người lao động không có mặt tại nơi làm việc sau thời hạn quy định tại Điều 31 của Bộ luật này; đ) Người lao động đủ tuổi nghỉ hưu theo quy định tại Điều 169 của Bộ luật này, trừ trường hợp có thỏa thuận khác; e) Người lao động tự ý bỏ việc mà không có lý do chính đáng từ 05 ngày làm việc liên tục trở lên; g) Người lao động cung cấp không trung thực thông tin theo quy định tại khoản 2 Điều 16 của Bộ luật này khi giao kết hợp đồng lao động làm ảnh hưởng đến việc tuyển dụng người lao động.",,,,,,,,,,,ch3_muc3_d36_k1,1,"Người sử dụng lao động có quyền đơn phương chấm dứt hợp đồng lao động trong trường hợp sau đây: a) Người lao động thường xuyên không hoàn thành công việc theo hợp đồng lao động được xác định theo tiêu chí đánh giá mức độ hoàn thành công việc trong quy chế của người sử dụng lao động. Quy chế đánh giá mức độ hoàn thành công việc do người sử dụng lao động ban hành nhưng phải tham khảo ý kiến tổ chức đại diện người lao động tại cơ sở đối với nơi có tổ chức đại diện người lao động tại cơ sở; b) Người lao động bị ốm đau, tai nạn đã điều trị 12 tháng liên tục đối với người làm việc theo hợp đồng lao động không xác định thời hạn hoặc đã điều trị 06 tháng liên tục đối với người làm việc theo hợp đồng lao động xác định thời hạn có thời hạn từ 12 tháng đến 36 tháng hoặc quá nửa thời hạn hợp đồng lao động đối với người làm việc theo hợp đồng lao động xác định thời hạn có thời hạn dưới 12 tháng mà khả năng lao động chưa hồi phục. Khi sức khỏe của người lao động bình phục thì người sử dụng lao động xem xét để tiếp tục giao kết hợp đồng lao động với người lao động; c) Do thiên tai, hỏa hoạn, dịch bệnh nguy hiểm, địch họa hoặc di dời, thu hẹp sản xuất, kinh doanh theo yêu cầu của cơ quan nhà nước có thẩm quyền mà người sử dụng lao động đã tìm mọi biện pháp khắc phục nhưng vẫn buộc phải giảm chỗ làm việc; d) Người lao động không có mặt tại nơi làm việc sau thời hạn quy định tại Điều 31 của Bộ luật này; đ) Người lao động đủ tuổi nghỉ hưu theo quy định tại Điều 169 của Bộ luật này, trừ trường hợp có thỏa thuận khác; e) Người lao động tự ý bỏ việc mà không có lý do chính đáng từ 05 ngày làm việc liên tục trở lên; g) Người lao động cung cấp không trung thực thông tin theo quy định tại khoản 2 Điều 16 của Bộ luật này khi giao kết hợp đồng lao động làm ảnh hưởng đến việc tuyển dụng người lao động.",,,,,,
ch3_muc3_d36_k1_a,POINT,structural,[],Người lao động thường xuyên không hoàn thành công việc theo hợp đồng lao động được xác định theo tiêu chí đánh giá mức độ hoàn thành công việc trong quy chế của người sử dụng lao động. Quy chế đánh giá mức độ hoàn thành công việc do người sử dụng lao động ban hành nhưng phải tham khảo ý kiến tổ chức đại diện người lao động tại cơ sở đối với nơi có tổ chức đại diện người lao động tại cơ sở;,,,,,,,,,,,,,,ch3_muc3_d36_k1_a,a),Người lao động thường xuyên không hoàn thành công việc theo hợp đồng lao động được xác định theo tiêu chí đánh giá mức độ hoàn thành công việc trong quy chế của người sử dụng lao động. Quy chế đánh giá mức độ hoàn thành công việc do người sử dụng lao động ban hành nhưng phải tham khảo ý kiến tổ chức đại diện người lao động tại cơ sở đối với nơi có tổ chức đại diện người lao động tại cơ sở;,,,
ch3_muc3_d36_k1_b,POINT,structural,[],"Người lao động bị ốm đau, tai nạn đã điều trị 12 tháng liên tục đối với người làm việc theo hợp đồng lao động không xác định thời hạn hoặc đã điều trị 06 tháng liên tục đối với người làm việc theo hợp đồng lao động xác định thời hạn có thời hạn từ 12 tháng đến 36 tháng hoặc quá nửa thời hạn hợp đồng lao động đối với người làm việc theo hợp đồng lao động xác định thời hạn có thời hạn dưới 12 tháng mà khả năng lao động chưa hồi phục. Khi sức khỏe của người lao động bình phục thì người sử dụng lao động xem xét để tiếp tục giao kết hợp đồng lao động với người lao động;",,,,,,,,,,,,,,ch3_muc3_d36_k1_b,b),"Người lao động bị ốm đau, tai nạn đã điều trị 12 tháng liên tục đối với người làm việc theo hợp đồng lao động không xác định thời hạn hoặc đã điều trị 06 tháng liên tục đối với người làm việc theo hợp đồng lao động xác định thời hạn có thời hạn từ 12 tháng đến 36 tháng hoặc quá nửa thời hạn hợp đồng lao động đối với người làm việc theo hợp đồng lao động xác định thời hạn có thời hạn dưới 12 tháng mà khả năng lao động chưa hồi phục. Khi sức khỏe của người lao động bình phục thì người sử dụng lao động xem xét để tiếp tục giao kết hợp đồng lao động với người lao động;",,,
ch3_muc3_d36_k1_c,POINT,structural,[],"Do thiên tai, hỏa hoạn, dịch bệnh nguy hiểm, địch họa hoặc di dời, thu hẹp sản xuất, kinh doanh theo yêu cầu của cơ quan nhà nước có thẩm quyền mà người sử dụng lao động đã tìm mọi biện pháp khắc phục nhưng vẫn buộc phải giảm chỗ làm việc;",,,,,,,,,,,,,,ch3_muc3_d36_k1_c,c),"Do thiên tai, hỏa hoạn, dịch bệnh nguy hiểm, địch họa hoặc di dời, thu hẹp sản xuất, kinh doanh theo yêu cầu của cơ quan nhà nước có thẩm quyền mà người sử dụng lao động đã tìm mọi biện pháp khắc phục nhưng vẫn buộc phải giảm chỗ làm việc;",,,
ch3_muc3_d36_k1_d,POINT,structural,[],Người lao động không có mặt tại nơi làm việc sau thời hạn quy định tại Điều 31 của Bộ luật này;,,,,,,,,,,,,,,ch3_muc3_d36_k1_d,d),Người lao động không có mặt tại nơi làm việc sau thời hạn quy định tại Điều 31 của Bộ luật này;,,,
ch3_muc3_d36_k1_đ,POINT,structural,[],"Người lao động đủ tuổi nghỉ hưu theo quy định tại Điều 169 của Bộ luật này, trừ trường hợp có thỏa thuận khác;",,,,,,,,,,,,,,ch3_muc3_d36_k1_đ,đ),"Người lao động đủ tuổi nghỉ hưu theo quy định tại Điều 169 của Bộ luật này, trừ trường hợp có thỏa thuận khác;",,,
ch3_muc3_d36_k1_e,POINT,structural,[],Người lao động tự ý bỏ việc mà không có lý do chính đáng từ 05 ngày làm việc liên tục trở lên;,,,,,,,,,,,,,,ch3_muc3_d36_k1_e,e),Người lao động tự ý bỏ việc mà không có lý do chính đáng từ 05 ngày làm việc liên tục trở lên;,,,
ch3_muc3_d36_k1_g,POINT,structural,[],Người lao động cung cấp không trung thực thông tin theo quy định tại khoản 2 Điều 16 của Bộ luật này khi giao kết hợp đồng lao động làm ảnh hưởng đến việc tuyển dụng người lao động.,,,,,,,,,,,,,,ch3_muc3_d36_k1_g,g),Người lao động cung cấp không trung thực thông tin theo quy định tại khoản 2 Điều 16 của Bộ luật này khi giao kết hợp đồng lao động làm ảnh hưởng đến việc tuyển dụng người lao động.,,,
ch3_muc3_d36_k2,CLAUSE,structural,"[""Khi đơn phương chấm dứt hợp đồng lao động trong trường hợp quy định tại các điểm a, b, c, đ và g khoản 1 Điều này, người sử dụng lao động phải báo trước cho người lao động như sau: a) Ít nhất 45 ngày đối với hợp đồng lao động không xác định thời hạn"", ""b) Ít nhất 30 ngày đối với hợp đồng lao động xác định thời hạn có thời hạn từ 12 tháng đến 36 tháng"", ""c) Ít nhất 03 ngày làm việc đối với hợp đồng lao động xác định thời hạn có thời hạn dưới 12 tháng và đối với trường hợp quy định tại điểm b khoản 1 Điều này"", ""d) Đối với một số ngành, nghề, công việc đặc thù thì thời hạn báo trước được thực hiện theo quy định của Chính phủ""]","Khi đơn phương chấm dứt hợp đồng lao động trong trường hợp quy định tại các điểm a, b, c, đ và g khoản 1 Điều này, người sử dụng lao động phải báo trước cho người lao động như sau: a) Ít nhất 45 ngày đối với hợp đồng lao động không xác định thời hạn; b) Ít nhất 30 ngày đối với hợp đồng lao động xác định thời hạn có thời hạn từ 12 tháng đến 36 tháng; c) Ít nhất 03 ngày làm việc đối với hợp đồng lao động xác định thời hạn có thời hạn dưới 12 tháng và đối với trường hợp quy định tại điểm b khoản 1 Điều này; d) Đối với một số ngành, nghề, công việc đặc thù thì thời hạn báo trước được thực hiện theo quy định của Chính phủ.",,,,,,,,,,,ch3_muc3_d36_k2,2,"Khi đơn phương chấm dứt hợp đồng lao động trong trường hợp quy định tại các điểm a, b, c, đ và g khoản 1 Điều này, người sử dụng lao động phải báo trước cho người lao động như sau: a) Ít nhất 45 ngày đối với hợp đồng lao động không xác định thời hạn; b) Ít nhất 30 ngày đối với hợp đồng lao động xác định thời hạn có thời hạn từ 12 tháng đến 36 tháng; c) Ít nhất 03 ngày làm việc đối với hợp đồng lao động xác định thời hạn có thời hạn dưới 12 tháng và đối với trường hợp quy định tại điểm b khoản 1 Điều này; d) Đối với một số ngành, nghề, công việc đặc thù thì thời hạn báo trước được thực hiện theo quy định của Chính phủ.",,,,,,
ch3_muc3_d36_k2_a,POINT,structural,[],Ít nhất 45 ngày đối với hợp đồng lao động không xác định thời hạn;,,,,,,,,,,,,,,ch3_muc3_d36_k2_a,a),Ít nhất 45 ngày đối với hợp đồng lao động không xác định thời hạn;,,,
ch3_muc3_d36_k2_b,POINT,structural,[],Ít nhất 30 ngày đối với hợp đồng lao động xác định thời hạn có thời hạn từ 12 tháng đến 36 tháng;,,,,,,,,,,,,,,ch3_muc3_d36_k2_b,b),Ít nhất 30 ngày đối với hợp đồng lao động xác định thời hạn có thời hạn từ 12 tháng đến 36 tháng;,,,
ch3_muc3_d36_k2_c,POINT,structural,[],Ít nhất 03 ngày làm việc đối với hợp đồng lao động xác định thời hạn có thời hạn dưới 12 tháng và đối với trường hợp quy định tại điểm b khoản 1 Điều này;,,,,,,,,,,,,,,ch3_muc3_d36_k2_c,c),Ít nhất 03 ngày làm việc đối với hợp đồng lao động xác định thời hạn có thời hạn dưới 12 tháng và đối với trường hợp quy định tại điểm b khoản 1 Điều này;,,,
ch3_muc3_d36_k2_d,POINT,structural,[],"Đối với một số ngành, nghề, công việc đặc thù thì thời hạn báo trước được thực hiện theo quy định của Chính phủ.",,,,,,,,,,,,,,ch3_muc3_d36_k2_d,d),"Đối với một số ngành, nghề, công việc đặc thù thì thời hạn báo trước được thực hiện theo quy định của Chính phủ.",,,
ch3_muc3_d36_k3,CLAUSE,structural,"[""Khi đơn phương chấm dứt hợp đồng lao động quy định tại điểm d và điểm e khoản 1 Điều này thì người sử dụng lao động không phải báo trước cho người lao động""]",Khi đơn phương chấm dứt hợp đồng lao động quy định tại điểm d và điểm e khoản 1 Điều này thì người sử dụng lao động không phải báo trước cho người lao động.,,,,,,,,,,,ch3_muc3_d36_k3,3,Khi đơn phương chấm dứt hợp đồng lao động quy định tại điểm d và điểm e khoản 1 Điều này thì người sử dụng lao động không phải báo trước cho người lao động.,,,,,,
ch3_muc3_d37,ARTICLE,structural,"[""Trường hợp người sử dụng lao động không được thực hiện quyền đơn phương chấm dứt hợp đồng lao động""]",Trường hợp người sử dụng lao động không được thực hiện quyền đơn phương chấm dứt hợp đồng lao động,,,,,,,,ch3_muc3_d37,37,Trường hợp người sử dụng lao động không được thực hiện quyền đơn phương chấm dứt hợp đồng lao động,,,,,,,,,
ch3_muc3_d37_k1,CLAUSE,structural,"[""Người lao động ốm đau hoặc bị tai nạn, bệnh nghề nghiệp đang điều trị, điều dưỡng theo chỉ định của cơ sở khám bệnh, chữa bệnh có thẩm quyền, trừ trường hợp quy định tại điểm b khoản 1 Điều 36 của Bộ luật này""]","Người lao động ốm đau hoặc bị tai nạn, bệnh nghề nghiệp đang điều trị, điều dưỡng theo chỉ định của cơ sở khám bệnh, chữa bệnh có thẩm quyền, trừ trường hợp quy định tại điểm b khoản 1 Điều 36 của Bộ luật này.",,,,,,,,,,,ch3_muc3_d37_k1,1,"Người lao động ốm đau hoặc bị tai nạn, bệnh nghề nghiệp đang điều trị, điều dưỡng theo chỉ định của cơ sở khám bệnh, chữa bệnh có thẩm quyền, trừ trường hợp quy định tại điểm b khoản 1 Điều 36 của Bộ luật này.",,,,,,
ch3_muc3_d37_k2,CLAUSE,structural,"[""Người lao động đang nghỉ hằng năm, nghỉ việc riêng và trường hợp nghỉ khác được người sử dụng lao động đồng ý""]","Người lao động đang nghỉ hằng năm, nghỉ việc riêng và trường hợp nghỉ khác được người sử dụng lao động đồng ý.",,,,,,,,,,,ch3_muc3_d37_k2,2,"Người lao động đang nghỉ hằng năm, nghỉ việc riêng và trường hợp nghỉ khác được người sử dụng lao động đồng ý.",,,,,,
ch3_muc3_d37_k3,CLAUSE,structural,"[""Người lao động nữ mang thai"", ""người lao động đang nghỉ thai sản hoặc nuôi con dưới 12 tháng tuổi""]",Người lao động nữ mang thai; người lao động đang nghỉ thai sản hoặc nuôi con dưới 12 tháng tuổi.,,,,,,,,,,,ch3_muc3_d37_k3,3,Người lao động nữ mang thai; người lao động đang nghỉ thai sản hoặc nuôi con dưới 12 tháng tuổi.,,,,,,
ch3_muc3_d38,ARTICLE,structural,"[""Hủy bỏ việc đơn phương chấm dứt hợp đồng lao động Mỗi bên đều có quyền hủy bỏ việc đơn phương chấm dứt hợp đồng lao động trước khi hết thời hạn báo trước nhưng phải thông báo bằng văn bản và phải được bên kia đồng ý""]",Hủy bỏ việc đơn phương chấm dứt hợp đồng lao động Mỗi bên đều có quyền hủy bỏ việc đơn phương chấm dứt hợp đồng lao động trước khi hết thời hạn báo trước nhưng phải thông báo bằng văn bản và phải được bên kia đồng ý.,,,,,,,,ch3_muc3_d38,38,Hủy bỏ việc đơn phương chấm dứt hợp đồng lao động Mỗi bên đều có quyền hủy bỏ việc đơn phương chấm dứt hợp đồng lao động trước khi hết thời hạn báo trước nhưng phải thông báo bằng văn bản và phải được bên kia đồng ý.,,,,,,,,,
ch3_muc3_d39,ARTICLE,structural,"[""Đơn phương chấm dứt hợp đồng lao động trái pháp luật Đơn phương chấm dứt hợp đồng lao động trái pháp luật là trường hợp chấm dứt hợp đồng lao động không đúng quy định tại các điều 35, 36 và 37 của Bộ luật này""]","Đơn phương chấm dứt hợp đồng lao động trái pháp luật Đơn phương chấm dứt hợp đồng lao động trái pháp luật là trường hợp chấm dứt hợp đồng lao động không đúng quy định tại các điều 35, 36 và 37 của Bộ luật này.",,,,,,,,ch3_muc3_d39,39,"Đơn phương chấm dứt hợp đồng lao động trái pháp luật Đơn phương chấm dứt hợp đồng lao động trái pháp luật là trường hợp chấm dứt hợp đồng lao động không đúng quy định tại các điều 35, 36 và 37 của Bộ luật này.",,,,,,,,,
ch3_muc3_d40,ARTICLE,structural,"[""Nghĩa vụ của người lao động khi đơn phương chấm dứt hợp đồng lao động trái pháp luật""]",Nghĩa vụ của người lao động khi đơn phương chấm dứt hợp đồng lao động trái pháp luật,,,,,,,,ch3_muc3_d40,40,Nghĩa vụ của người lao động khi đơn phương chấm dứt hợp đồng lao động trái pháp luật,,,,,,,,,
ch3_muc3_d40_k1,CLAUSE,structural,"[""Không được trợ cấp thôi việc""]",Không được trợ cấp thôi việc.,,,,,,,,,,,ch3_muc3_d40_k1,1,Không được trợ cấp thôi việc.,,,,,,
ch3_muc3_d40_k2,CLAUSE,structural,"[""Phải bồi thường cho người sử dụng lao động nửa tháng tiền lương theo hợp đồng lao động và một khoản tiền tương ứng với tiền lương theo hợp đồng lao động trong những ngày không báo trước""]",Phải bồi thường cho người sử dụng lao động nửa tháng tiền lương theo hợp đồng lao động và một khoản tiền tương ứng với tiền lương theo hợp đồng lao động trong những ngày không báo trước.,,,,,,,,,,,ch3_muc3_d40_k2,2,Phải bồi thường cho người sử dụng lao động nửa tháng tiền lương theo hợp đồng lao động và một khoản tiền tương ứng với tiền lương theo hợp đồng lao động trong những ngày không báo trước.,,,,,,
ch3_muc3_d40_k3,CLAUSE,structural,"[""Phải hoàn trả cho người sử dụng lao động chi phí đào tạo quy định tại Điều 62 của Bộ luật này""]",Phải hoàn trả cho người sử dụng lao động chi phí đào tạo quy định tại Điều 62 của Bộ luật này.,,,,,,,,,,,ch3_muc3_d40_k3,3,Phải hoàn trả cho người sử dụng lao động chi phí đào tạo quy định tại Điều 62 của Bộ luật này.,,,,,,
ch3_muc3_d41,ARTICLE,structural,"[""Nghĩa vụ của người sử dụng lao động khi đơn phương chấm dứt hợp đồng lao động trái pháp luật""]",Nghĩa vụ của người sử dụng lao động khi đơn phương chấm dứt hợp đồng lao động trái pháp luật,,,,,,,,ch3_muc3_d41,41,Nghĩa vụ của người sử dụng lao động khi đơn phương chấm dứt hợp đồng lao động trái pháp luật,,,,,,,,,
ch3_muc3_d41_k1,CLAUSE,structural,"[""Phải nhận người lao động trở lại làm việc theo hợp đồng lao động đã giao kết"", ""phải trả tiền lương, đóng bảo hiểm xã hội, bảo hiểm y tế, bảo hiểm thất nghiệp trong những ngày người lao động không được làm việc và phải trả thêm cho người lao động một khoản tiền ít nhất bằng 02 tháng tiền lương theo hợp đồng lao động"", ""Sau khi được nhận lại làm việc, người lao động hoàn trả cho người sử dụng lao động các khoản tiền trợ cấp thôi việc, trợ cấp mất việc làm nếu đã nhận của người sử dụng lao động"", ""Trường hợp không còn vị trí, công việc đã giao kết trong hợp đồng lao động mà người lao động vẫn muốn làm việc thì hai bên thỏa thuận để sửa đổi, bổ sung hợp đồng lao động"", ""Trường hợp vi phạm quy định về thời hạn báo trước quy định tại khoản 2 Điều 36 của Bộ luật này thì phải trả một khoản tiền tương ứng với tiền lương theo hợp đồng lao động trong những ngày không báo trước""]","Phải nhận người lao động trở lại làm việc theo hợp đồng lao động đã giao kết; phải trả tiền lương, đóng bảo hiểm xã hội, bảo hiểm y tế, bảo hiểm thất nghiệp trong những ngày người lao động không được làm việc và phải trả thêm cho người lao động một khoản tiền ít nhất bằng 02 tháng tiền lương theo hợp đồng lao động. Sau khi được nhận lại làm việc, người lao động hoàn trả cho người sử dụng lao động các khoản tiền trợ cấp thôi việc, trợ cấp mất việc làm nếu đã nhận của người sử dụng lao động. Trường hợp không còn vị trí, công việc đã giao kết trong hợp đồng lao động mà người lao động vẫn muốn làm việc thì hai bên thỏa thuận để sửa đổi, bổ sung hợp đồng lao động. Trường hợp vi phạm quy định về thời hạn báo trước quy định tại khoản 2 Điều 36 của Bộ luật này thì phải trả một khoản tiền tương ứng với tiền lương theo hợp đồng lao động trong những ngày không báo trước.",,,,,,,,,,,ch3_muc3_d41_k1,1,"Phải nhận người lao động trở lại làm việc theo hợp đồng lao động đã giao kết; phải trả tiền lương, đóng bảo hiểm xã hội, bảo hiểm y tế, bảo hiểm thất nghiệp trong những ngày người lao động không được làm việc và phải trả thêm cho người lao động một khoản tiền ít nhất bằng 02 tháng tiền lương theo hợp đồng lao động. Sau khi được nhận lại làm việc, người lao động hoàn trả cho người sử dụng lao động các khoản tiền trợ cấp thôi việc, trợ cấp mất việc làm nếu đã nhận của người sử dụng lao động. Trường hợp không còn vị trí, công việc đã giao kết trong hợp đồng lao động mà người lao động vẫn muốn làm việc thì hai bên thỏa thuận để sửa đổi, bổ sung hợp đồng lao động. Trường hợp vi phạm quy định về thời hạn báo trước quy định tại khoản 2 Điều 36 của Bộ luật này thì phải trả một khoản tiền tương ứng với tiền lương theo hợp đồng lao động trong những ngày không báo trước.",,,,,,
ch3_muc3_d41_k2,CLAUSE,structural,"[""Trường hợp người lao động không muốn tiếp tục làm việc thì ngoài khoản tiền phải trả quy định tại khoản 1 Điều này người sử dụng lao động phải trả trợ cấp thôi việc theo quy định tại Điều 46 của Bộ luật này để chấm dứt hợp đồng lao động""]",Trường hợp người lao động không muốn tiếp tục làm việc thì ngoài khoản tiền phải trả quy định tại khoản 1 Điều này người sử dụng lao động phải trả trợ cấp thôi việc theo quy định tại Điều 46 của Bộ luật này để chấm dứt hợp đồng lao động.,,,,,,,,,,,ch3_muc3_d41_k2,2,Trường hợp người lao động không muốn tiếp tục làm việc thì ngoài khoản tiền phải trả quy định tại khoản 1 Điều này người sử dụng lao động phải trả trợ cấp thôi việc theo quy định tại Điều 46 của Bộ luật này để chấm dứt hợp đồng lao động.,,,,,,
ch3_muc3_d41_k3,CLAUSE,structural,"[""Trường hợp người sử dụng lao động không muốn nhận lại người lao động và người lao động đồng ý thì ngoài khoản tiền người sử dụng lao động phải trả theo quy định tại khoản 1 Điều này và trợ cấp thôi việc theo quy định tại Điều 46 của Bộ luật này, hai bên thỏa thuận khoản tiền bồi thường thêm cho người lao động nhưng ít nhất bằng 02 tháng tiền lương theo hợp đồng lao động để chấm dứt hợp đồng lao động""]","Trường hợp người sử dụng lao động không muốn nhận lại người lao động và người lao động đồng ý thì ngoài khoản tiền người sử dụng lao động phải trả theo quy định tại khoản 1 Điều này và trợ cấp thôi việc theo quy định tại Điều 46 của Bộ luật này, hai bên thỏa thuận khoản tiền bồi thường thêm cho người lao động nhưng ít nhất bằng 02 tháng tiền lương theo hợp đồng lao động để chấm dứt hợp đồng lao động.",,,,,,,,,,,ch3_muc3_d41_k3,3,"Trường hợp người sử dụng lao động không muốn nhận lại người lao động và người lao động đồng ý thì ngoài khoản tiền người sử dụng lao động phải trả theo quy định tại khoản 1 Điều này và trợ cấp thôi việc theo quy định tại Điều 46 của Bộ luật này, hai bên thỏa thuận khoản tiền bồi thường thêm cho người lao động nhưng ít nhất bằng 02 tháng tiền lương theo hợp đồng lao động để chấm dứt hợp đồng lao động.",,,,,,
ch3_muc3_d42,ARTICLE,structural,"[""Nghĩa vụ của người sử dụng lao động trong trường hợp thay đổi cơ cấu, công nghệ hoặc vì lý do kinh tế""]","Nghĩa vụ của người sử dụng lao động trong trường hợp thay đổi cơ cấu, công nghệ hoặc vì lý do kinh tế",,,,,,,,ch3_muc3_d42,42,"Nghĩa vụ của người sử dụng lao động trong trường hợp thay đổi cơ cấu, công nghệ hoặc vì lý do kinh tế",,,,,,,,,
ch3_muc3_d42_k1,CLAUSE,structural,"[""Những trường hợp sau đây được coi là thay đổi cơ cấu, công nghệ: a) Thay đổi cơ cấu tổ chức, tổ chức lại lao động"", ""b) Thay đổi quy trình, công nghệ, máy móc, thiết bị sản xuất, kinh doanh gắn với ngành, nghề sản xuất, kinh doanh của người sử dụng lao động"", ""c) Thay đổi sản phẩm hoặc cơ cấu sản phẩm""]","Những trường hợp sau đây được coi là thay đổi cơ cấu, công nghệ: a) Thay đổi cơ cấu tổ chức, tổ chức lại lao động; b) Thay đổi quy trình, công nghệ, máy móc, thiết bị sản xuất, kinh doanh gắn với ngành, nghề sản xuất, kinh doanh của người sử dụng lao động; c) Thay đổi sản phẩm hoặc cơ cấu sản phẩm.",,,,,,,,,,,ch3_muc3_d42_k1,1,"Những trường hợp sau đây được coi là thay đổi cơ cấu, công nghệ: a) Thay đổi cơ cấu tổ chức, tổ chức lại lao động; b) Thay đổi quy trình, công nghệ, máy móc, thiết bị sản xuất, kinh doanh gắn với ngành, nghề sản xuất, kinh doanh của người sử dụng lao động; c) Thay đổi sản phẩm hoặc cơ cấu sản phẩm.",,,,,,
ch3_muc3_d42_k1_a,POINT,structural,[],"Thay đổi cơ cấu tổ chức, tổ chức lại lao động;",,,,,,,,,,,,,,ch3_muc3_d42_k1_a,a),"Thay đổi cơ cấu tổ chức, tổ chức lại lao động;",,,
ch3_muc3_d42_k1_b,POINT,structural,[],"Thay đổi quy trình, công nghệ, máy móc, thiết bị sản xuất, kinh doanh gắn với ngành, nghề sản xuất, kinh doanh của người sử dụng lao động;",,,,,,,,,,,,,,ch3_muc3_d42_k1_b,b),"Thay đổi quy trình, công nghệ, máy móc, thiết bị sản xuất, kinh doanh gắn với ngành, nghề sản xuất, kinh doanh của người sử dụng lao động;",,,
ch3_muc3_d42_k1_c,POINT,structural,[],Thay đổi sản phẩm hoặc cơ cấu sản phẩm.,,,,,,,,,,,,,,ch3_muc3_d42_k1_c,c),Thay đổi sản phẩm hoặc cơ cấu sản phẩm.,,,
ch3_muc3_d42_k2,CLAUSE,structural,"[""Những trường hợp sau đây được coi là vì lý do kinh tế: a) Khủng hoảng hoặc suy thoái kinh tế"", ""b) Thực hiện chính sách, pháp luật của Nhà nước khi cơ cấu lại nền kinh tế hoặc thực hiện cam kết quốc tế""]","Những trường hợp sau đây được coi là vì lý do kinh tế: a) Khủng hoảng hoặc suy thoái kinh tế; b) Thực hiện chính sách, pháp luật của Nhà nước khi cơ cấu lại nền kinh tế hoặc thực hiện cam kết quốc tế.",,,,,,,,,,,ch3_muc3_d42_k2,2,"Những trường hợp sau đây được coi là vì lý do kinh tế: a) Khủng hoảng hoặc suy thoái kinh tế; b) Thực hiện chính sách, pháp luật của Nhà nước khi cơ cấu lại nền kinh tế hoặc thực hiện cam kết quốc tế.",,,,,,
ch3_muc3_d42_k2_a,POINT,structural,[],Khủng hoảng hoặc suy thoái kinh tế;,,,,,,,,,,,,,,ch3_muc3_d42_k2_a,a),Khủng hoảng hoặc suy thoái kinh tế;,,,
ch3_muc3_d42_k2_b,POINT,structural,[],"Thực hiện chính sách, pháp luật của Nhà nước khi cơ cấu lại nền kinh tế hoặc thực hiện cam kết quốc tế.",,,,,,,,,,,,,,ch3_muc3_d42_k2_b,b),"Thực hiện chính sách, pháp luật của Nhà nước khi cơ cấu lại nền kinh tế hoặc thực hiện cam kết quốc tế.",,,
ch3_muc3_d42_k3,CLAUSE,structural,"[""Trường hợp thay đổi cơ cấu, công nghệ mà ảnh hưởng đến việc làm của nhiều người lao động thì người sử dụng lao động phải xây dựng và thực hiện phương án sử dụng lao động theo quy định tại Điều 44 của Bộ luật này"", ""trường hợp có chỗ làm việc mới thì ưu tiên đào tạo lại người lao động để tiếp tục sử dụng""]","Trường hợp thay đổi cơ cấu, công nghệ mà ảnh hưởng đến việc làm của nhiều người lao động thì người sử dụng lao động phải xây dựng và thực hiện phương án sử dụng lao động theo quy định tại Điều 44 của Bộ luật này; trường hợp có chỗ làm việc mới thì ưu tiên đào tạo lại người lao động để tiếp tục sử dụng.",,,,,,,,,,,ch3_muc3_d42_k3,3,"Trường hợp thay đổi cơ cấu, công nghệ mà ảnh hưởng đến việc làm của nhiều người lao động thì người sử dụng lao động phải xây dựng và thực hiện phương án sử dụng lao động theo quy định tại Điều 44 của Bộ luật này; trường hợp có chỗ làm việc mới thì ưu tiên đào tạo lại người lao động để tiếp tục sử dụng.",,,,,,
ch3_muc3_d42_k4,CLAUSE,structural,"[""Trong trường hợp vì lý do kinh tế mà nhiều người lao động có nguy cơ mất việc làm, phải thôi việc thì người sử dụng lao động phải xây dựng và thực hiện phương án sử dụng lao động theo quy định tại Điều 44 của Bộ luật này""]","Trong trường hợp vì lý do kinh tế mà nhiều người lao động có nguy cơ mất việc làm, phải thôi việc thì người sử dụng lao động phải xây dựng và thực hiện phương án sử dụng lao động theo quy định tại Điều 44 của Bộ luật này.",,,,,,,,,,,ch3_muc3_d42_k4,4,"Trong trường hợp vì lý do kinh tế mà nhiều người lao động có nguy cơ mất việc làm, phải thôi việc thì người sử dụng lao động phải xây dựng và thực hiện phương án sử dụng lao động theo quy định tại Điều 44 của Bộ luật này.",,,,,,
ch3_muc3_d42_k5,CLAUSE,structural,"[""Trong trường hợp người sử dụng lao động không thể giải quyết được việc làm mà phải cho người lao động thôi việc thì phải trả trợ cấp mất việc làm theo quy định tại Điều 47 của Bộ luật này""]",Trong trường hợp người sử dụng lao động không thể giải quyết được việc làm mà phải cho người lao động thôi việc thì phải trả trợ cấp mất việc làm theo quy định tại Điều 47 của Bộ luật này.,,,,,,,,,,,ch3_muc3_d42_k5,5,Trong trường hợp người sử dụng lao động không thể giải quyết được việc làm mà phải cho người lao động thôi việc thì phải trả trợ cấp mất việc làm theo quy định tại Điều 47 của Bộ luật này.,,,,,,
ch3_muc3_d42_k6,CLAUSE,structural,"[""Việc cho thôi việc đối với người lao động theo quy định tại Điều này chỉ được tiến hành sau khi đã trao đổi ý kiến với tổ chức đại diện người lao động tại cơ sở đối với nơi có tổ chức đại diện người lao động tại cơ sở mà người lao động là thành viên và thông báo trước 30 ngày cho Ủy ban nhân dân cấp tỉnh và cho người lao động""]",Việc cho thôi việc đối với người lao động theo quy định tại Điều này chỉ được tiến hành sau khi đã trao đổi ý kiến với tổ chức đại diện người lao động tại cơ sở đối với nơi có tổ chức đại diện người lao động tại cơ sở mà người lao động là thành viên và thông báo trước 30 ngày cho Ủy ban nhân dân cấp tỉnh và cho người lao động.,,,,,,,,,,,ch3_muc3_d42_k6,6,Việc cho thôi việc đối với người lao động theo quy định tại Điều này chỉ được tiến hành sau khi đã trao đổi ý kiến với tổ chức đại diện người lao động tại cơ sở đối với nơi có tổ chức đại diện người lao động tại cơ sở mà người lao động là thành viên và thông báo trước 30 ngày cho Ủy ban nhân dân cấp tỉnh và cho người lao động.,,,,,,
ch3_muc3_d43,ARTICLE,structural,"[""Nghĩa vụ của người sử dụng lao động khi chia, tách, hợp nhất, sáp nhập"", ""bán, cho thuê, chuyển đổi loại hình doanh nghiệp"", ""chuyển nhượng quyền sở hữu, quyền sử dụng tài sản của doanh nghiệp, hợp tác xã""]","Nghĩa vụ của người sử dụng lao động khi chia, tách, hợp nhất, sáp nhập; bán, cho thuê, chuyển đổi loại hình doanh nghiệp; chuyển nhượng quyền sở hữu, quyền sử dụng tài sản của doanh nghiệp, hợp tác xã",,,,,,,,ch3_muc3_d43,43,"Nghĩa vụ của người sử dụng lao động khi chia, tách, hợp nhất, sáp nhập; bán, cho thuê, chuyển đổi loại hình doanh nghiệp; chuyển nhượng quyền sở hữu, quyền sử dụng tài sản của doanh nghiệp, hợp tác xã",,,,,,,,,
ch3_muc3_d43_k1,CLAUSE,structural,"[""Trong trường hợp chia, tách, hợp nhất, sáp nhập"", ""bán, cho thuê, chuyển đổi loại hình doanh nghiệp"", ""chuyển nhượng quyền sở hữu, quyền sử dụng tài sản của doanh nghiệp, hợp tác xã mà ảnh hưởng đến việc làm của nhiều người lao động thì người sử dụng lao động phải xây dựng phương án sử dụng lao động theo quy định tại Điều 44 của Bộ luật này""]","Trong trường hợp chia, tách, hợp nhất, sáp nhập; bán, cho thuê, chuyển đổi loại hình doanh nghiệp; chuyển nhượng quyền sở hữu, quyền sử dụng tài sản của doanh nghiệp, hợp tác xã mà ảnh hưởng đến việc làm của nhiều người lao động thì người sử dụng lao động phải xây dựng phương án sử dụng lao động theo quy định tại Điều 44 của Bộ luật này.",,,,,,,,,,,ch3_muc3_d43_k1,1,"Trong trường hợp chia, tách, hợp nhất, sáp nhập; bán, cho thuê, chuyển đổi loại hình doanh nghiệp; chuyển nhượng quyền sở hữu, quyền sử dụng tài sản của doanh nghiệp, hợp tác xã mà ảnh hưởng đến việc làm của nhiều người lao động thì người sử dụng lao động phải xây dựng phương án sử dụng lao động theo quy định tại Điều 44 của Bộ luật này.",,,,,,
ch3_muc3_d43_k2,CLAUSE,structural,"[""Người sử dụng lao động hiện tại và người sử dụng lao động kế tiếp có trách nhiệm thực hiện phương án sử dụng lao động đã được thông qua""]",Người sử dụng lao động hiện tại và người sử dụng lao động kế tiếp có trách nhiệm thực hiện phương án sử dụng lao động đã được thông qua.,,,,,,,,,,,ch3_muc3_d43_k2,2,Người sử dụng lao động hiện tại và người sử dụng lao động kế tiếp có trách nhiệm thực hiện phương án sử dụng lao động đã được thông qua.,,,,,,
ch3_muc3_d43_k3,CLAUSE,structural,"[""Người lao động bị thôi việc thì được nhận trợ cấp mất việc làm theo quy định tại Điều 47 của Bộ luật này""]",Người lao động bị thôi việc thì được nhận trợ cấp mất việc làm theo quy định tại Điều 47 của Bộ luật này.,,,,,,,,,,,ch3_muc3_d43_k3,3,Người lao động bị thôi việc thì được nhận trợ cấp mất việc làm theo quy định tại Điều 47 của Bộ luật này.,,,,,,
ch3_muc3_d44,ARTICLE,structural,"[""Phương án sử dụng lao động""]",Phương án sử dụng lao động,,,,,,,,ch3_muc3_d44,44,Phương án sử dụng lao động,,,,,,,,,
ch3_muc3_d44_k1,CLAUSE,structural,"[""Phương án sử dụng lao động phải có những nội dung chủ yếu sau đây: a) Số lượng và danh sách người lao động tiếp tục được sử dụng, người lao động được đào tạo lại để tiếp tục sử dụng, người lao động được chuyển sang làm việc không trọn thời gian"", ""b) Số lượng và danh sách người lao động nghỉ hưu"", ""c) Số lượng và danh sách người lao động phải chấm dứt hợp đồng lao động"", ""d) Quyền và nghĩa vụ của người sử dụng lao động, người lao động và các bên liên quan trong việc thực hiện phương án sử dụng lao động"", ""đ) Biện pháp và nguồn tài chính bảo đảm thực hiện phương án""]","Phương án sử dụng lao động phải có những nội dung chủ yếu sau đây: a) Số lượng và danh sách người lao động tiếp tục được sử dụng, người lao động được đào tạo lại để tiếp tục sử dụng, người lao động được chuyển sang làm việc không trọn thời gian; b) Số lượng và danh sách người lao động nghỉ hưu; c) Số lượng và danh sách người lao động phải chấm dứt hợp đồng lao động; d) Quyền và nghĩa vụ của người sử dụng lao động, người lao động và các bên liên quan trong việc thực hiện phương án sử dụng lao động; đ) Biện pháp và nguồn tài chính bảo đảm thực hiện phương án.",,,,,,,,,,,ch3_muc3_d44_k1,1,"Phương án sử dụng lao động phải có những nội dung chủ yếu sau đây: a) Số lượng và danh sách người lao động tiếp tục được sử dụng, người lao động được đào tạo lại để tiếp tục sử dụng, người lao động được chuyển sang làm việc không trọn thời gian; b) Số lượng và danh sách người lao động nghỉ hưu; c) Số lượng và danh sách người lao động phải chấm dứt hợp đồng lao động; d) Quyền và nghĩa vụ của người sử dụng lao động, người lao động và các bên liên quan trong việc thực hiện phương án sử dụng lao động; đ) Biện pháp và nguồn tài chính bảo đảm thực hiện phương án.",,,,,,
ch3_muc3_d44_k1_a,POINT,structural,[],"Số lượng và danh sách người lao động tiếp tục được sử dụng, người lao động được đào tạo lại để tiếp tục sử dụng, người lao động được chuyển sang làm việc không trọn thời gian;",,,,,,,,,,,,,,ch3_muc3_d44_k1_a,a),"Số lượng và danh sách người lao động tiếp tục được sử dụng, người lao động được đào tạo lại để tiếp tục sử dụng, người lao động được chuyển sang làm việc không trọn thời gian;",,,
ch3_muc3_d44_k1_b,POINT,structural,[],Số lượng và danh sách người lao động nghỉ hưu;,,,,,,,,,,,,,,ch3_muc3_d44_k1_b,b),Số lượng và danh sách người lao động nghỉ hưu;,,,
ch3_muc3_d44_k1_c,POINT,structural,[],Số lượng và danh sách người lao động phải chấm dứt hợp đồng lao động;,,,,,,,,,,,,,,ch3_muc3_d44_k1_c,c),Số lượng và danh sách người lao động phải chấm dứt hợp đồng lao động;,,,
ch3_muc3_d44_k1_d,POINT,structural,[],"Quyền và nghĩa vụ của người sử dụng lao động, người lao động và các bên liên quan trong việc thực hiện phương án sử dụng lao động;",,,,,,,,,,,,,,ch3_muc3_d44_k1_d,d),"Quyền và nghĩa vụ của người sử dụng lao động, người lao động và các bên liên quan trong việc thực hiện phương án sử dụng lao động;",,,
ch3_muc3_d44_k1_đ,POINT,structural,[],Biện pháp và nguồn tài chính bảo đảm thực hiện phương án.,,,,,,,,,,,,,,ch3_muc3_d44_k1_đ,đ),Biện pháp và nguồn tài chính bảo đảm thực hiện phương án.,,,
ch3_muc3_d44_k2,CLAUSE,structural,"[""Khi xây dựng phương án sử dụng lao động, người sử dụng lao động phải trao đổi ý kiến với tổ chức đại diện người lao động tại cơ sở đối với nơi có tổ chức đại diện người lao động tại cơ sở"", ""Phương án sử dụng lao động phải được thông báo công khai cho người lao động biết trong thời hạn 15 ngày kể từ ngày được thông qua""]","Khi xây dựng phương án sử dụng lao động, người sử dụng lao động phải trao đổi ý kiến với tổ chức đại diện người lao động tại cơ sở đối với nơi có tổ chức đại diện người lao động tại cơ sở. Phương án sử dụng lao động phải được thông báo công khai cho người lao động biết trong thời hạn 15 ngày kể từ ngày được thông qua.",,,,,,,,,,,ch3_muc3_d44_k2,2,"Khi xây dựng phương án sử dụng lao động, người sử dụng lao động phải trao đổi ý kiến với tổ chức đại diện người lao động tại cơ sở đối với nơi có tổ chức đại diện người lao động tại cơ sở. Phương án sử dụng lao động phải được thông báo công khai cho người lao động biết trong thời hạn 15 ngày kể từ ngày được thông qua.",,,,,,
ch3_muc3_d45,ARTICLE,structural,"[""Thông báo chấm dứt hợp đồng lao động""]",Thông báo chấm dứt hợp đồng lao động,,,,,,,,ch3_muc3_d45,45,Thông báo chấm dứt hợp đồng lao động,,,,,,,,,
ch3_muc3_d45_k1,CLAUSE,structural,"[""Người sử dụng lao động phải thông báo bằng văn bản cho người lao động về việc chấm dứt hợp đồng lao động khi hợp đồng lao động chấm dứt theo quy định của Bộ luật này, trừ trường hợp quy định tại các khoản 4, 5, 6, 7 và 8 Điều 34 của Bộ luật này""]","Người sử dụng lao động phải thông báo bằng văn bản cho người lao động về việc chấm dứt hợp đồng lao động khi hợp đồng lao động chấm dứt theo quy định của Bộ luật này, trừ trường hợp quy định tại các khoản 4, 5, 6, 7 và 8 Điều 34 của Bộ luật này.",,,,,,,,,,,ch3_muc3_d45_k1,1,"Người sử dụng lao động phải thông báo bằng văn bản cho người lao động về việc chấm dứt hợp đồng lao động khi hợp đồng lao động chấm dứt theo quy định của Bộ luật này, trừ trường hợp quy định tại các khoản 4, 5, 6, 7 và 8 Điều 34 của Bộ luật này.",,,,,,
ch3_muc3_d45_k2,CLAUSE,structural,"[""Trường hợp người sử dụng lao động không phải là cá nhân chấm dứt hoạt động thì thời điểm chấm dứt hợp đồng lao động tính từ thời điểm có thông báo chấm dứt hoạt động"", ""Trường hợp người sử dụng lao động không phải là cá nhân bị cơ quan chuyên môn về đăng ký kinh doanh thuộc Ủy ban nhân dân cấp tỉnh ra thông báo không có người đại diện theo pháp luật, người được ủy quyền thực hiện quyền và nghĩa vụ của người đại diện theo pháp luật theo quy định tại khoản 7 Điều 34 của Bộ luật này thì thời điểm chấm dứt hợp đồng lao động tính từ ngày ra thông báo""]","Trường hợp người sử dụng lao động không phải là cá nhân chấm dứt hoạt động thì thời điểm chấm dứt hợp đồng lao động tính từ thời điểm có thông báo chấm dứt hoạt động. Trường hợp người sử dụng lao động không phải là cá nhân bị cơ quan chuyên môn về đăng ký kinh doanh thuộc Ủy ban nhân dân cấp tỉnh ra thông báo không có người đại diện theo pháp luật, người được ủy quyền thực hiện quyền và nghĩa vụ của người đại diện theo pháp luật theo quy định tại khoản 7 Điều 34 của Bộ luật này thì thời điểm chấm dứt hợp đồng lao động tính từ ngày ra thông báo.",,,,,,,,,,,ch3_muc3_d45_k2,2,"Trường hợp người sử dụng lao động không phải là cá nhân chấm dứt hoạt động thì thời điểm chấm dứt hợp đồng lao động tính từ thời điểm có thông báo chấm dứt hoạt động. Trường hợp người sử dụng lao động không phải là cá nhân bị cơ quan chuyên môn về đăng ký kinh doanh thuộc Ủy ban nhân dân cấp tỉnh ra thông báo không có người đại diện theo pháp luật, người được ủy quyền thực hiện quyền và nghĩa vụ của người đại diện theo pháp luật theo quy định tại khoản 7 Điều 34 của Bộ luật này thì thời điểm chấm dứt hợp đồng lao động tính từ ngày ra thông báo.",,,,,,
ch3_muc3_d46,ARTICLE,structural,"[""Trợ cấp thôi việc""]",Trợ cấp thôi việc,,,,,,,,ch3_muc3_d46,46,Trợ cấp thôi việc,,,,,,,,,
ch3_muc3_d46_k1,CLAUSE,structural,"[""Khi hợp đồng lao động chấm dứt theo quy định tại các khoản 1, 2, 3, 4, 6, 7, 9 và 10 Điều 34 của Bộ luật này thì người sử dụng lao động có trách nhiệm trả trợ cấp thôi việc cho người lao động đã làm việc thường xuyên cho mình từ đủ 12 tháng trở lên, mỗi năm làm việc được trợ cấp một nửa tháng tiền lương, trừ trường hợp đủ điều kiện hưởng lương hưu theo quy định của pháp luật về bảo hiểm xã hội và trường hợp quy định tại điểm e khoản 1 Điều 36 của Bộ luật này""]","Khi hợp đồng lao động chấm dứt theo quy định tại các khoản 1, 2, 3, 4, 6, 7, 9 và 10 Điều 34 của Bộ luật này thì người sử dụng lao động có trách nhiệm trả trợ cấp thôi việc cho người lao động đã làm việc thường xuyên cho mình từ đủ 12 tháng trở lên, mỗi năm làm việc được trợ cấp một nửa tháng tiền lương, trừ trường hợp đủ điều kiện hưởng lương hưu theo quy định của pháp luật về bảo hiểm xã hội và trường hợp quy định tại điểm e khoản 1 Điều 36 của Bộ luật này.",,,,,,,,,,,ch3_muc3_d46_k1,1,"Khi hợp đồng lao động chấm dứt theo quy định tại các khoản 1, 2, 3, 4, 6, 7, 9 và 10 Điều 34 của Bộ luật này thì người sử dụng lao động có trách nhiệm trả trợ cấp thôi việc cho người lao động đã làm việc thường xuyên cho mình từ đủ 12 tháng trở lên, mỗi năm làm việc được trợ cấp một nửa tháng tiền lương, trừ trường hợp đủ điều kiện hưởng lương hưu theo quy định của pháp luật về bảo hiểm xã hội và trường hợp quy định tại điểm e khoản 1 Điều 36 của Bộ luật này.",,,,,,
ch3_muc3_d46_k2,CLAUSE,structural,"[""Thời gian làm việc để tính trợ cấp thôi việc là tổng thời gian người lao động đã làm việc thực tế cho người sử dụng lao động trừ đi thời gian người lao động đã tham gia bảo hiểm thất nghiệp theo quy định của pháp luật về bảo hiểm thất nghiệp và thời gian làm việc đã được người sử dụng lao động chi trả trợ cấp thôi việc, trợ cấp mất việc làm""]","Thời gian làm việc để tính trợ cấp thôi việc là tổng thời gian người lao động đã làm việc thực tế cho người sử dụng lao động trừ đi thời gian người lao động đã tham gia bảo hiểm thất nghiệp theo quy định của pháp luật về bảo hiểm thất nghiệp và thời gian làm việc đã được người sử dụng lao động chi trả trợ cấp thôi việc, trợ cấp mất việc làm.",,,,,,,,,,,ch3_muc3_d46_k2,2,"Thời gian làm việc để tính trợ cấp thôi việc là tổng thời gian người lao động đã làm việc thực tế cho người sử dụng lao động trừ đi thời gian người lao động đã tham gia bảo hiểm thất nghiệp theo quy định của pháp luật về bảo hiểm thất nghiệp và thời gian làm việc đã được người sử dụng lao động chi trả trợ cấp thôi việc, trợ cấp mất việc làm.",,,,,,
ch3_muc3_d46_k3,CLAUSE,structural,"[""Tiền lương để tính trợ cấp thôi việc là tiền lương bình quân của 06 tháng liền kề theo hợp đồng lao động trước khi người lao động thôi việc""]",Tiền lương để tính trợ cấp thôi việc là tiền lương bình quân của 06 tháng liền kề theo hợp đồng lao động trước khi người lao động thôi việc.,,,,,,,,,,,ch3_muc3_d46_k3,3,Tiền lương để tính trợ cấp thôi việc là tiền lương bình quân của 06 tháng liền kề theo hợp đồng lao động trước khi người lao động thôi việc.,,,,,,
ch3_muc3_d46_k4,CLAUSE,structural,"[""Chính phủ quy định chi tiết Điều này""]",Chính phủ quy định chi tiết Điều này.,,,,,,,,,,,ch3_muc3_d46_k4,4,Chính phủ quy định chi tiết Điều này.,,,,,,
ch3_muc3_d47,ARTICLE,structural,"[""Trợ cấp mất việc làm""]",Trợ cấp mất việc làm,,,,,,,,ch3_muc3_d47,47,Trợ cấp mất việc làm,,,,,,,,,
ch3_muc3_d47_k1,CLAUSE,structural,"[""Người sử dụng lao động trả trợ cấp mất việc làm cho người lao động đã làm việc thường xuyên cho mình từ đủ 12 tháng trở lên mà bị mất việc làm theo quy định tại khoản 11 Điều 34 của Bộ luật này, cứ mỗi năm làm việc trả 01 tháng tiền lương nhưng ít nhất bằng 02 tháng tiền lương""]","Người sử dụng lao động trả trợ cấp mất việc làm cho người lao động đã làm việc thường xuyên cho mình từ đủ 12 tháng trở lên mà bị mất việc làm theo quy định tại khoản 11 Điều 34 của Bộ luật này, cứ mỗi năm làm việc trả 01 tháng tiền lương nhưng ít nhất bằng 02 tháng tiền lương.",,,,,,,,,,,ch3_muc3_d47_k1,1,"Người sử dụng lao động trả trợ cấp mất việc làm cho người lao động đã làm việc thường xuyên cho mình từ đủ 12 tháng trở lên mà bị mất việc làm theo quy định tại khoản 11 Điều 34 của Bộ luật này, cứ mỗi năm làm việc trả 01 tháng tiền lương nhưng ít nhất bằng 02 tháng tiền lương.",,,,,,
ch3_muc3_d47_k2,CLAUSE,structural,"[""Thời gian làm việc để tính trợ cấp mất việc làm là tổng thời gian người lao động đã làm việc thực tế cho người sử dụng lao động trừ đi thời gian người lao động đã tham gia bảo hiểm thất nghiệp theo quy định của pháp luật về bảo hiểm thất nghiệp và thời gian làm việc đã được người sử dụng lao động chi trả trợ cấp thôi việc, trợ cấp mất việc làm""]","Thời gian làm việc để tính trợ cấp mất việc làm là tổng thời gian người lao động đã làm việc thực tế cho người sử dụng lao động trừ đi thời gian người lao động đã tham gia bảo hiểm thất nghiệp theo quy định của pháp luật về bảo hiểm thất nghiệp và thời gian làm việc đã được người sử dụng lao động chi trả trợ cấp thôi việc, trợ cấp mất việc làm.",,,,,,,,,,,ch3_muc3_d47_k2,2,"Thời gian làm việc để tính trợ cấp mất việc làm là tổng thời gian người lao động đã làm việc thực tế cho người sử dụng lao động trừ đi thời gian người lao động đã tham gia bảo hiểm thất nghiệp theo quy định của pháp luật về bảo hiểm thất nghiệp và thời gian làm việc đã được người sử dụng lao động chi trả trợ cấp thôi việc, trợ cấp mất việc làm.",,,,,,
ch3_muc3_d47_k3,CLAUSE,structural,"[""Tiền lương để tính trợ cấp mất việc làm là tiền lương bình quân của 06 tháng liền kề theo hợp đồng lao động trước khi người lao động mất việc làm""]",Tiền lương để tính trợ cấp mất việc làm là tiền lương bình quân của 06 tháng liền kề theo hợp đồng lao động trước khi người lao động mất việc làm.,,,,,,,,,,,ch3_muc3_d47_k3,3,Tiền lương để tính trợ cấp mất việc làm là tiền lương bình quân của 06 tháng liền kề theo hợp đồng lao động trước khi người lao động mất việc làm.,,,,,,
ch3_muc3_d47_k4,CLAUSE,structural,"[""Chính phủ quy định chi tiết Điều này""]",Chính phủ quy định chi tiết Điều này.,,,,,,,,,,,ch3_muc3_d47_k4,4,Chính phủ quy định chi tiết Điều này.,,,,,,
ch3_muc3_d48,ARTICLE,structural,"[""Trách nhiệm khi chấm dứt hợp đồng lao động""]",Trách nhiệm khi chấm dứt hợp đồng lao động,,,,,,,,ch3_muc3_d48,48,Trách nhiệm khi chấm dứt hợp đồng lao động,,,,,,,,,
ch3_muc3_d48_k1,CLAUSE,structural,"[""Trong thời hạn 14 ngày làm việc kể từ ngày chấm dứt hợp đồng lao động, hai bên có trách nhiệm thanh toán đầy đủ các khoản tiền có liên quan đến quyền lợi của mỗi bên, trừ trường hợp sau đây có thể kéo dài nhưng không được quá 30 ngày: a) Người sử dụng lao động không phải là cá nhân chấm dứt hoạt động"", ""b) Người sử dụng lao động thay đổi cơ cấu, công nghệ hoặc vì lý do kinh tế"", ""c) Chia, tách, hợp nhất, sáp nhập"", ""bán, cho thuê, chuyển đổi loại hình doanh nghiệp"", ""chuyển nhượng quyền sở hữu, quyền sử dụng tài sản của doanh nghiệp, hợp tác xã"", ""d) Do thiên tai, hỏa hoạn, địch họa hoặc dịch bệnh nguy hiểm""]","Trong thời hạn 14 ngày làm việc kể từ ngày chấm dứt hợp đồng lao động, hai bên có trách nhiệm thanh toán đầy đủ các khoản tiền có liên quan đến quyền lợi của mỗi bên, trừ trường hợp sau đây có thể kéo dài nhưng không được quá 30 ngày: a) Người sử dụng lao động không phải là cá nhân chấm dứt hoạt động; b) Người sử dụng lao động thay đổi cơ cấu, công nghệ hoặc vì lý do kinh tế; c) Chia, tách, hợp nhất, sáp nhập; bán, cho thuê, chuyển đổi loại hình doanh nghiệp; chuyển nhượng quyền sở hữu, quyền sử dụng tài sản của doanh nghiệp, hợp tác xã; d) Do thiên tai, hỏa hoạn, địch họa hoặc dịch bệnh nguy hiểm.",,,,,,,,,,,ch3_muc3_d48_k1,1,"Trong thời hạn 14 ngày làm việc kể từ ngày chấm dứt hợp đồng lao động, hai bên có trách nhiệm thanh toán đầy đủ các khoản tiền có liên quan đến quyền lợi của mỗi bên, trừ trường hợp sau đây có thể kéo dài nhưng không được quá 30 ngày: a) Người sử dụng lao động không phải là cá nhân chấm dứt hoạt động; b) Người sử dụng lao động thay đổi cơ cấu, công nghệ hoặc vì lý do kinh tế; c) Chia, tách, hợp nhất, sáp nhập; bán, cho thuê, chuyển đổi loại hình doanh nghiệp; chuyển nhượng quyền sở hữu, quyền sử dụng tài sản của doanh nghiệp, hợp tác xã; d) Do thiên tai, hỏa hoạn, địch họa hoặc dịch bệnh nguy hiểm.",,,,,,
ch3_muc3_d48_k1_a,POINT,structural,[],Người sử dụng lao động không phải là cá nhân chấm dứt hoạt động;,,,,,,,,,,,,,,ch3_muc3_d48_k1_a,a),Người sử dụng lao động không phải là cá nhân chấm dứt hoạt động;,,,
ch3_muc3_d48_k1_b,POINT,structural,[],"Người sử dụng lao động thay đổi cơ cấu, công nghệ hoặc vì lý do kinh tế;",,,,,,,,,,,,,,ch3_muc3_d48_k1_b,b),"Người sử dụng lao động thay đổi cơ cấu, công nghệ hoặc vì lý do kinh tế;",,,
ch3_muc3_d48_k1_c,POINT,structural,[],"Chia, tách, hợp nhất, sáp nhập; bán, cho thuê, chuyển đổi loại hình doanh nghiệp; chuyển nhượng quyền sở hữu, quyền sử dụng tài sản của doanh nghiệp, hợp tác xã;",,,,,,,,,,,,,,ch3_muc3_d48_k1_c,c),"Chia, tách, hợp nhất, sáp nhập; bán, cho thuê, chuyển đổi loại hình doanh nghiệp; chuyển nhượng quyền sở hữu, quyền sử dụng tài sản của doanh nghiệp, hợp tác xã;",,,
ch3_muc3_d48_k1_d,POINT,structural,[],"Do thiên tai, hỏa hoạn, địch họa hoặc dịch bệnh nguy hiểm.",,,,,,,,,,,,,,ch3_muc3_d48_k1_d,d),"Do thiên tai, hỏa hoạn, địch họa hoặc dịch bệnh nguy hiểm.",,,
ch3_muc3_d48_k2,CLAUSE,structural,"[""Tiền lương, bảo hiểm xã hội, bảo hiểm y tế, bảo hiểm thất nghiệp, trợ cấp thôi việc và các quyền lợi khác của người lao động theo thỏa ước lao động tập thể, hợp đồng lao động được ưu tiên thanh toán trong trường hợp doanh nghiệp, hợp tác xã bị chấm dứt hoạt động, bị giải thể, phá sản""]","Tiền lương, bảo hiểm xã hội, bảo hiểm y tế, bảo hiểm thất nghiệp, trợ cấp thôi việc và các quyền lợi khác của người lao động theo thỏa ước lao động tập thể, hợp đồng lao động được ưu tiên thanh toán trong trường hợp doanh nghiệp, hợp tác xã bị chấm dứt hoạt động, bị giải thể, phá sản.",,,,,,,,,,,ch3_muc3_d48_k2,2,"Tiền lương, bảo hiểm xã hội, bảo hiểm y tế, bảo hiểm thất nghiệp, trợ cấp thôi việc và các quyền lợi khác của người lao động theo thỏa ước lao động tập thể, hợp đồng lao động được ưu tiên thanh toán trong trường hợp doanh nghiệp, hợp tác xã bị chấm dứt hoạt động, bị giải thể, phá sản.",,,,,,
ch3_muc3_d48_k3,CLAUSE,structural,"[""Người sử dụng lao động có trách nhiệm sau đây: a) Hoàn thành thủ tục xác nhận thời gian đóng bảo hiểm xã hội, bảo hiểm thất nghiệp và trả lại cùng với bản chính giấy tờ khác nếu người sử dụng lao động đã giữ của người lao động"", ""b) Cung cấp bản sao các tài liệu liên quan đến quá trình làm việc của người lao động nếu người lao động có yêu cầu"", ""Chi phí sao, gửi tài liệu do người sử dụng lao động trả""]","Người sử dụng lao động có trách nhiệm sau đây: a) Hoàn thành thủ tục xác nhận thời gian đóng bảo hiểm xã hội, bảo hiểm thất nghiệp và trả lại cùng với bản chính giấy tờ khác nếu người sử dụng lao động đã giữ của người lao động; b) Cung cấp bản sao các tài liệu liên quan đến quá trình làm việc của người lao động nếu người lao động có yêu cầu. Chi phí sao, gửi tài liệu do người sử dụng lao động trả.",,,,,,,,,,,ch3_muc3_d48_k3,3,"Người sử dụng lao động có trách nhiệm sau đây: a) Hoàn thành thủ tục xác nhận thời gian đóng bảo hiểm xã hội, bảo hiểm thất nghiệp và trả lại cùng với bản chính giấy tờ khác nếu người sử dụng lao động đã giữ của người lao động; b) Cung cấp bản sao các tài liệu liên quan đến quá trình làm việc của người lao động nếu người lao động có yêu cầu. Chi phí sao, gửi tài liệu do người sử dụng lao động trả.",,,,,,
ch3_muc3_d48_k3_a,POINT,structural,[],"Hoàn thành thủ tục xác nhận thời gian đóng bảo hiểm xã hội, bảo hiểm thất nghiệp và trả lại cùng với bản chính giấy tờ khác nếu người sử dụng lao động đã giữ của người lao động;",,,,,,,,,,,,,,ch3_muc3_d48_k3_a,a),"Hoàn thành thủ tục xác nhận thời gian đóng bảo hiểm xã hội, bảo hiểm thất nghiệp và trả lại cùng với bản chính giấy tờ khác nếu người sử dụng lao động đã giữ của người lao động;",,,
ch3_muc3_d48_k3_b,POINT,structural,[],"Cung cấp bản sao các tài liệu liên quan đến quá trình làm việc của người lao động nếu người lao động có yêu cầu. Chi phí sao, gửi tài liệu do người sử dụng lao động trả.",,,,,,,,,,,,,,ch3_muc3_d48_k3_b,b),"Cung cấp bản sao các tài liệu liên quan đến quá trình làm việc của người lao động nếu người lao động có yêu cầu. Chi phí sao, gửi tài liệu do người sử dụng lao động trả.",,,
ch3_muc4,SECTION,structural,[],HỢP ĐỒNG LAO ĐỘNG VÔ HIỆU,,,,,,,,,,,,,,,,,ch3_muc4,4,HỢP ĐỒNG LAO ĐỘNG VÔ HIỆU
ch3_muc4_d49,ARTICLE,structural,"[""Hợp đồng lao động vô hiệu""]",Hợp đồng lao động vô hiệu,,,,,,,,ch3_muc4_d49,49,Hợp đồng lao động vô hiệu,,,,,,,,,
ch3_muc4_d49_k1,CLAUSE,structural,"[""Hợp đồng lao động vô hiệu toàn bộ trong trường hợp sau đây: a) Toàn bộ nội dung của hợp đồng lao động vi phạm pháp luật"", ""b) Người giao kết hợp đồng lao động không đúng thẩm quyền hoặc vi phạm nguyên tắc giao kết hợp đồng lao động quy định tại khoản 1 Điều 15 của Bộ luật này"", ""c) Công việc đã giao kết trong hợp đồng lao động là công việc mà pháp luật cấm""]",Hợp đồng lao động vô hiệu toàn bộ trong trường hợp sau đây: a) Toàn bộ nội dung của hợp đồng lao động vi phạm pháp luật; b) Người giao kết hợp đồng lao động không đúng thẩm quyền hoặc vi phạm nguyên tắc giao kết hợp đồng lao động quy định tại khoản 1 Điều 15 của Bộ luật này; c) Công việc đã giao kết trong hợp đồng lao động là công việc mà pháp luật cấm.,,,,,,,,,,,ch3_muc4_d49_k1,1,Hợp đồng lao động vô hiệu toàn bộ trong trường hợp sau đây: a) Toàn bộ nội dung của hợp đồng lao động vi phạm pháp luật; b) Người giao kết hợp đồng lao động không đúng thẩm quyền hoặc vi phạm nguyên tắc giao kết hợp đồng lao động quy định tại khoản 1 Điều 15 của Bộ luật này; c) Công việc đã giao kết trong hợp đồng lao động là công việc mà pháp luật cấm.,,,,,,
ch3_muc4_d49_k1_a,POINT,structural,[],Toàn bộ nội dung của hợp đồng lao động vi phạm pháp luật;,,,,,,,,,,,,,,ch3_muc4_d49_k1_a,a),Toàn bộ nội dung của hợp đồng lao động vi phạm pháp luật;,,,
ch3_muc4_d49_k1_b,POINT,structural,[],Người giao kết hợp đồng lao động không đúng thẩm quyền hoặc vi phạm nguyên tắc giao kết hợp đồng lao động quy định tại khoản 1 Điều 15 của Bộ luật này;,,,,,,,,,,,,,,ch3_muc4_d49_k1_b,b),Người giao kết hợp đồng lao động không đúng thẩm quyền hoặc vi phạm nguyên tắc giao kết hợp đồng lao động quy định tại khoản 1 Điều 15 của Bộ luật này;,,,
ch3_muc4_d49_k1_c,POINT,structural,[],Công việc đã giao kết trong hợp đồng lao động là công việc mà pháp luật cấm.,,,,,,,,,,,,,,ch3_muc4_d49_k1_c,c),Công việc đã giao kết trong hợp đồng lao động là công việc mà pháp luật cấm.,,,
ch3_muc4_d49_k2,CLAUSE,structural,"[""Hợp đồng lao động vô hiệu từng phần khi nội dung của phần đó vi phạm pháp luật nhưng không ảnh hưởng đến các phần còn lại của hợp đồng""]",Hợp đồng lao động vô hiệu từng phần khi nội dung của phần đó vi phạm pháp luật nhưng không ảnh hưởng đến các phần còn lại của hợp đồng.,,,,,,,,,,,ch3_muc4_d49_k2,2,Hợp đồng lao động vô hiệu từng phần khi nội dung của phần đó vi phạm pháp luật nhưng không ảnh hưởng đến các phần còn lại của hợp đồng.,,,,,,
ch3_muc4_d50,ARTICLE,structural,"[""Thẩm quyền tuyên bố hợp đồng lao động vô hiệu Tòa án nhân dân có quyền tuyên bố hợp đồng lao động vô hiệu""]",Thẩm quyền tuyên bố hợp đồng lao động vô hiệu Tòa án nhân dân có quyền tuyên bố hợp đồng lao động vô hiệu.,,,,,,,,ch3_muc4_d50,50,Thẩm quyền tuyên bố hợp đồng lao động vô hiệu Tòa án nhân dân có quyền tuyên bố hợp đồng lao động vô hiệu.,,,,,,,,,
ch3_muc4_d51,ARTICLE,structural,"[""Xử lý hợp đồng lao động vô hiệu""]",Xử lý hợp đồng lao động vô hiệu,,,,,,,,ch3_muc4_d51,51,Xử lý hợp đồng lao động vô hiệu,,,,,,,,,
ch3_muc4_d51_k1,CLAUSE,structural,"[""Khi hợp đồng lao động bị tuyên bố vô hiệu từng phần thì xử lý như sau: a) Quyền, nghĩa vụ và lợi ích của hai bên được giải quyết theo thỏa ước lao động tập thể đang áp dụng"", ""trường hợp không có thỏa ước lao động tập thể thì thực hiện theo quy định của pháp luật"", ""b) Hai bên tiến hành sửa đổi, bổ sung phần của hợp đồng lao động bị tuyên bố vô hiệu để phù hợp với thỏa ước lao động tập thể hoặc pháp luật về lao động""]","Khi hợp đồng lao động bị tuyên bố vô hiệu từng phần thì xử lý như sau: a) Quyền, nghĩa vụ và lợi ích của hai bên được giải quyết theo thỏa ước lao động tập thể đang áp dụng; trường hợp không có thỏa ước lao động tập thể thì thực hiện theo quy định của pháp luật; b) Hai bên tiến hành sửa đổi, bổ sung phần của hợp đồng lao động bị tuyên bố vô hiệu để phù hợp với thỏa ước lao động tập thể hoặc pháp luật về lao động.",,,,,,,,,,,ch3_muc4_d51_k1,1,"Khi hợp đồng lao động bị tuyên bố vô hiệu từng phần thì xử lý như sau: a) Quyền, nghĩa vụ và lợi ích của hai bên được giải quyết theo thỏa ước lao động tập thể đang áp dụng; trường hợp không có thỏa ước lao động tập thể thì thực hiện theo quy định của pháp luật; b) Hai bên tiến hành sửa đổi, bổ sung phần của hợp đồng lao động bị tuyên bố vô hiệu để phù hợp với thỏa ước lao động tập thể hoặc pháp luật về lao động.",,,,,,
ch3_muc4_d51_k1_a,POINT,structural,[],"Quyền, nghĩa vụ và lợi ích của hai bên được giải quyết theo thỏa ước lao động tập thể đang áp dụng; trường hợp không có thỏa ước lao động tập thể thì thực hiện theo quy định của pháp luật;",,,,,,,,,,,,,,ch3_muc4_d51_k1_a,a),"Quyền, nghĩa vụ và lợi ích của hai bên được giải quyết theo thỏa ước lao động tập thể đang áp dụng; trường hợp không có thỏa ước lao động tập thể thì thực hiện theo quy định của pháp luật;",,,
ch3_muc4_d51_k1_b,POINT,structural,[],"Hai bên tiến hành sửa đổi, bổ sung phần của hợp đồng lao động bị tuyên bố vô hiệu để phù hợp với thỏa ước lao động tập thể hoặc pháp luật về lao động.",,,,,,,,,,,,,,ch3_muc4_d51_k1_b,b),"Hai bên tiến hành sửa đổi, bổ sung phần của hợp đồng lao động bị tuyên bố vô hiệu để phù hợp với thỏa ước lao động tập thể hoặc pháp luật về lao động.",,,
ch3_muc4_d51_k2,CLAUSE,structural,"[""Khi hợp đồng lao động bị tuyên bố vô hiệu toàn bộ thì quyền, nghĩa vụ và lợi ích của người lao động được giải quyết theo quy định của pháp luật"", ""trường hợp do ký sai thẩm quyền thì hai bên ký lại""]","Khi hợp đồng lao động bị tuyên bố vô hiệu toàn bộ thì quyền, nghĩa vụ và lợi ích của người lao động được giải quyết theo quy định của pháp luật; trường hợp do ký sai thẩm quyền thì hai bên ký lại.",,,,,,,,,,,ch3_muc4_d51_k2,2,"Khi hợp đồng lao động bị tuyên bố vô hiệu toàn bộ thì quyền, nghĩa vụ và lợi ích của người lao động được giải quyết theo quy định của pháp luật; trường hợp do ký sai thẩm quyền thì hai bên ký lại.",,,,,,
ch3_muc4_d51_k3,CLAUSE,structural,"[""Chính phủ quy định chi tiết Điều này""]",Chính phủ quy định chi tiết Điều này.,,,,,,,,,,,ch3_muc4_d51_k3,3,Chính phủ quy định chi tiết Điều này.,,,,,,
ch3_muc5,SECTION,structural,[],CHO THUÊ LẠI LAO ĐỘNG,,,,,,,,,,,,,,,,,ch3_muc5,5,CHO THUÊ LẠI LAO ĐỘNG
ch3_muc5_d52,ARTICLE,structural,"[""Cho thuê lại lao động""]",Cho thuê lại lao động,,,,,,,,ch3_muc5_d52,52,Cho thuê lại lao động,,,,,,,,,
ch3_muc5_d52_k1,CLAUSE,structural,"[""Cho thuê lại lao động là việc người lao động giao kết hợp đồng lao động với một người sử dụng lao động là doanh nghiệp cho thuê lại lao động, sau đó người lao động được chuyển sang làm việc và chịu sự điều hành của người sử dụng lao động khác mà vẫn duy trì quan hệ lao động với người sử dụng lao động đã giao kết hợp đồng lao động""]","Cho thuê lại lao động là việc người lao động giao kết hợp đồng lao động với một người sử dụng lao động là doanh nghiệp cho thuê lại lao động, sau đó người lao động được chuyển sang làm việc và chịu sự điều hành của người sử dụng lao động khác mà vẫn duy trì quan hệ lao động với người sử dụng lao động đã giao kết hợp đồng lao động.",,,,,,,,,,,ch3_muc5_d52_k1,1,"Cho thuê lại lao động là việc người lao động giao kết hợp đồng lao động với một người sử dụng lao động là doanh nghiệp cho thuê lại lao động, sau đó người lao động được chuyển sang làm việc và chịu sự điều hành của người sử dụng lao động khác mà vẫn duy trì quan hệ lao động với người sử dụng lao động đã giao kết hợp đồng lao động.",,,,,,
ch3_muc5_d52_k2,CLAUSE,structural,"[""Hoạt động cho thuê lại lao động là ngành, nghề kinh doanh có điều kiện, chỉ được thực hiện bởi các doanh nghiệp có Giấy phép hoạt động cho thuê lại lao động và áp dụng đối với một số công việc nhất định""]","Hoạt động cho thuê lại lao động là ngành, nghề kinh doanh có điều kiện, chỉ được thực hiện bởi các doanh nghiệp có Giấy phép hoạt động cho thuê lại lao động và áp dụng đối với một số công việc nhất định.",,,,,,,,,,,ch3_muc5_d52_k2,2,"Hoạt động cho thuê lại lao động là ngành, nghề kinh doanh có điều kiện, chỉ được thực hiện bởi các doanh nghiệp có Giấy phép hoạt động cho thuê lại lao động và áp dụng đối với một số công việc nhất định.",,,,,,
ch3_muc5_d53,ARTICLE,structural,"[""Nguyên tắc hoạt động cho thuê lại lao động""]",Nguyên tắc hoạt động cho thuê lại lao động,,,,,,,,ch3_muc5_d53,53,Nguyên tắc hoạt động cho thuê lại lao động,,,,,,,,,
ch3_muc5_d53_k1,CLAUSE,structural,"[""Thời hạn cho thuê lại lao động đối với người lao động tối đa là 12 tháng""]",Thời hạn cho thuê lại lao động đối với người lao động tối đa là 12 tháng.,,,,,,,,,,,ch3_muc5_d53_k1,1,Thời hạn cho thuê lại lao động đối với người lao động tối đa là 12 tháng.,,,,,,
ch3_muc5_d53_k2,CLAUSE,structural,"[""Bên thuê lại lao động được sử dụng lao động thuê lại trong trường hợp sau đây: a) Đáp ứng tạm thời sự gia tăng đột ngột về nhu cầu sử dụng lao động trong khoảng thời gian nhất định"", ""b) Thay thế người lao động trong thời gian nghỉ thai sản, bị tai nạn lao động, bệnh nghề nghiệp hoặc phải thực hiện các nghĩa vụ công dân"", ""c) Có nhu cầu sử dụng lao động trình độ chuyên môn, kỹ thuật cao""]","Bên thuê lại lao động được sử dụng lao động thuê lại trong trường hợp sau đây: a) Đáp ứng tạm thời sự gia tăng đột ngột về nhu cầu sử dụng lao động trong khoảng thời gian nhất định; b) Thay thế người lao động trong thời gian nghỉ thai sản, bị tai nạn lao động, bệnh nghề nghiệp hoặc phải thực hiện các nghĩa vụ công dân; c) Có nhu cầu sử dụng lao động trình độ chuyên môn, kỹ thuật cao.",,,,,,,,,,,ch3_muc5_d53_k2,2,"Bên thuê lại lao động được sử dụng lao động thuê lại trong trường hợp sau đây: a) Đáp ứng tạm thời sự gia tăng đột ngột về nhu cầu sử dụng lao động trong khoảng thời gian nhất định; b) Thay thế người lao động trong thời gian nghỉ thai sản, bị tai nạn lao động, bệnh nghề nghiệp hoặc phải thực hiện các nghĩa vụ công dân; c) Có nhu cầu sử dụng lao động trình độ chuyên môn, kỹ thuật cao.",,,,,,
ch3_muc5_d53_k2_a,POINT,structural,[],Đáp ứng tạm thời sự gia tăng đột ngột về nhu cầu sử dụng lao động trong khoảng thời gian nhất định;,,,,,,,,,,,,,,ch3_muc5_d53_k2_a,a),Đáp ứng tạm thời sự gia tăng đột ngột về nhu cầu sử dụng lao động trong khoảng thời gian nhất định;,,,
ch3_muc5_d53_k2_b,POINT,structural,[],"Thay thế người lao động trong thời gian nghỉ thai sản, bị tai nạn lao động, bệnh nghề nghiệp hoặc phải thực hiện các nghĩa vụ công dân;",,,,,,,,,,,,,,ch3_muc5_d53_k2_b,b),"Thay thế người lao động trong thời gian nghỉ thai sản, bị tai nạn lao động, bệnh nghề nghiệp hoặc phải thực hiện các nghĩa vụ công dân;",,,
ch3_muc5_d53_k2_c,POINT,structural,[],"Có nhu cầu sử dụng lao động trình độ chuyên môn, kỹ thuật cao.",,,,,,,,,,,,,,ch3_muc5_d53_k2_c,c),"Có nhu cầu sử dụng lao động trình độ chuyên môn, kỹ thuật cao.",,,
ch3_muc5_d53_k3,CLAUSE,structural,"[""Bên thuê lại lao động không được sử dụng lao động thuê lại trong trường hợp sau đây: a) Để thay thế người lao động đang trong thời gian thực hiện quyền đình công, giải quyết tranh chấp lao động"", ""b) Không có thỏa thuận cụ thể về trách nhiệm bồi thường tai nạn lao động, bệnh nghề nghiệp của người lao động thuê lại với doanh nghiệp cho thuê lại lao động"", ""c) Thay thế người lao động bị cho thôi việc do thay đổi cơ cấu, công nghệ, vì lý do kinh tế hoặc chia, tách, hợp nhất, sáp nhập""]","Bên thuê lại lao động không được sử dụng lao động thuê lại trong trường hợp sau đây: a) Để thay thế người lao động đang trong thời gian thực hiện quyền đình công, giải quyết tranh chấp lao động; b) Không có thỏa thuận cụ thể về trách nhiệm bồi thường tai nạn lao động, bệnh nghề nghiệp của người lao động thuê lại với doanh nghiệp cho thuê lại lao động; c) Thay thế người lao động bị cho thôi việc do thay đổi cơ cấu, công nghệ, vì lý do kinh tế hoặc chia, tách, hợp nhất, sáp nhập.",,,,,,,,,,,ch3_muc5_d53_k3,3,"Bên thuê lại lao động không được sử dụng lao động thuê lại trong trường hợp sau đây: a) Để thay thế người lao động đang trong thời gian thực hiện quyền đình công, giải quyết tranh chấp lao động; b) Không có thỏa thuận cụ thể về trách nhiệm bồi thường tai nạn lao động, bệnh nghề nghiệp của người lao động thuê lại với doanh nghiệp cho thuê lại lao động; c) Thay thế người lao động bị cho thôi việc do thay đổi cơ cấu, công nghệ, vì lý do kinh tế hoặc chia, tách, hợp nhất, sáp nhập.",,,,,,
ch3_muc5_d53_k3_a,POINT,structural,[],"Để thay thế người lao động đang trong thời gian thực hiện quyền đình công, giải quyết tranh chấp lao động;",,,,,,,,,,,,,,ch3_muc5_d53_k3_a,a),"Để thay thế người lao động đang trong thời gian thực hiện quyền đình công, giải quyết tranh chấp lao động;",,,
ch3_muc5_d53_k3_b,POINT,structural,[],"Không có thỏa thuận cụ thể về trách nhiệm bồi thường tai nạn lao động, bệnh nghề nghiệp của người lao động thuê lại với doanh nghiệp cho thuê lại lao động;",,,,,,,,,,,,,,ch3_muc5_d53_k3_b,b),"Không có thỏa thuận cụ thể về trách nhiệm bồi thường tai nạn lao động, bệnh nghề nghiệp của người lao động thuê lại với doanh nghiệp cho thuê lại lao động;",,,
ch3_muc5_d53_k3_c,POINT,structural,[],"Thay thế người lao động bị cho thôi việc do thay đổi cơ cấu, công nghệ, vì lý do kinh tế hoặc chia, tách, hợp nhất, sáp nhập.",,,,,,,,,,,,,,ch3_muc5_d53_k3_c,c),"Thay thế người lao động bị cho thôi việc do thay đổi cơ cấu, công nghệ, vì lý do kinh tế hoặc chia, tách, hợp nhất, sáp nhập.",,,
ch3_muc5_d53_k4,CLAUSE,structural,"[""Bên thuê lại lao động không được chuyển người lao động thuê lại cho người sử dụng lao động khác"", ""không được sử dụng người lao động thuê lại được cung cấp bởi doanh nghiệp không có Giấy phép hoạt động cho thuê lại lao động""]",Bên thuê lại lao động không được chuyển người lao động thuê lại cho người sử dụng lao động khác; không được sử dụng người lao động thuê lại được cung cấp bởi doanh nghiệp không có Giấy phép hoạt động cho thuê lại lao động.,,,,,,,,,,,ch3_muc5_d53_k4,4,Bên thuê lại lao động không được chuyển người lao động thuê lại cho người sử dụng lao động khác; không được sử dụng người lao động thuê lại được cung cấp bởi doanh nghiệp không có Giấy phép hoạt động cho thuê lại lao động.,,,,,,
ch3_muc5_d54,ARTICLE,structural,"[""Doanh nghiệp cho thuê lại lao động""]",Doanh nghiệp cho thuê lại lao động,,,,,,,,ch3_muc5_d54,54,Doanh nghiệp cho thuê lại lao động,,,,,,,,,
ch3_muc5_d54_k1,CLAUSE,structural,"[""Doanh nghiệp cho thuê lại lao động phải ký quỹ và được cấp Giấy phép hoạt động cho thuê lại lao động""]",Doanh nghiệp cho thuê lại lao động phải ký quỹ và được cấp Giấy phép hoạt động cho thuê lại lao động.,,,,,,,,,,,ch3_muc5_d54_k1,1,Doanh nghiệp cho thuê lại lao động phải ký quỹ và được cấp Giấy phép hoạt động cho thuê lại lao động.,,,,,,
ch3_muc5_d54_k2,CLAUSE,structural,"[""Chính phủ quy định việc ký quỹ, điều kiện, trình tự, thủ tục cấp, cấp lại, gia hạn, thu hồi Giấy phép hoạt động cho thuê lại lao động và danh mục công việc được thực hiện cho thuê lại lao động""]","Chính phủ quy định việc ký quỹ, điều kiện, trình tự, thủ tục cấp, cấp lại, gia hạn, thu hồi Giấy phép hoạt động cho thuê lại lao động và danh mục công việc được thực hiện cho thuê lại lao động.",,,,,,,,,,,ch3_muc5_d54_k2,2,"Chính phủ quy định việc ký quỹ, điều kiện, trình tự, thủ tục cấp, cấp lại, gia hạn, thu hồi Giấy phép hoạt động cho thuê lại lao động và danh mục công việc được thực hiện cho thuê lại lao động.",,,,,,
ch3_muc5_d55,ARTICLE,structural,"[""Hợp đồng cho thuê lại lao động""]",Hợp đồng cho thuê lại lao động,,,,,,,,ch3_muc5_d55,55,Hợp đồng cho thuê lại lao động,,,,,,,,,
ch3_muc5_d55_k1,CLAUSE,structural,"[""Doanh nghiệp cho thuê lại lao động và bên thuê lại lao động phải ký kết hợp đồng cho thuê lại lao động bằng văn bản và được làm thành 02 bản, mỗi bên giữ 01 bản""]","Doanh nghiệp cho thuê lại lao động và bên thuê lại lao động phải ký kết hợp đồng cho thuê lại lao động bằng văn bản và được làm thành 02 bản, mỗi bên giữ 01 bản.",,,,,,,,,,,ch3_muc5_d55_k1,1,"Doanh nghiệp cho thuê lại lao động và bên thuê lại lao động phải ký kết hợp đồng cho thuê lại lao động bằng văn bản và được làm thành 02 bản, mỗi bên giữ 01 bản.",,,,,,
ch3_muc5_d55_k2,CLAUSE,structural,"[""Hợp đồng cho thuê lại lao động gồm các nội dung chủ yếu sau đây: a) Địa điểm làm việc, vị trí việc làm cần sử dụng lao động thuê lại, nội dung cụ thể của công việc, yêu cầu cụ thể đối với người lao động thuê lại"", ""b) Thời hạn thuê lại lao động"", ""thời gian bắt đầu làm việc của người lao động thuê lại"", ""c) Thời giờ làm việc, thời giờ nghỉ ngơi, điều kiện an toàn, vệ sinh lao động tại nơi làm việc"", ""d) Trách nhiệm bồi thường tai nạn lao động, bệnh nghề nghiệp"", ""đ) Nghĩa vụ của mỗi bên đối với người lao động""]","Hợp đồng cho thuê lại lao động gồm các nội dung chủ yếu sau đây: a) Địa điểm làm việc, vị trí việc làm cần sử dụng lao động thuê lại, nội dung cụ thể của công việc, yêu cầu cụ thể đối với người lao động thuê lại; b) Thời hạn thuê lại lao động; thời gian bắt đầu làm việc của người lao động thuê lại; c) Thời giờ làm việc, thời giờ nghỉ ngơi, điều kiện an toàn, vệ sinh lao động tại nơi làm việc; d) Trách nhiệm bồi thường tai nạn lao động, bệnh nghề nghiệp; đ) Nghĩa vụ của mỗi bên đối với người lao động.",,,,,,,,,,,ch3_muc5_d55_k2,2,"Hợp đồng cho thuê lại lao động gồm các nội dung chủ yếu sau đây: a) Địa điểm làm việc, vị trí việc làm cần sử dụng lao động thuê lại, nội dung cụ thể của công việc, yêu cầu cụ thể đối với người lao động thuê lại; b) Thời hạn thuê lại lao động; thời gian bắt đầu làm việc của người lao động thuê lại; c) Thời giờ làm việc, thời giờ nghỉ ngơi, điều kiện an toàn, vệ sinh lao động tại nơi làm việc; d) Trách nhiệm bồi thường tai nạn lao động, bệnh nghề nghiệp; đ) Nghĩa vụ của mỗi bên đối với người lao động.",,,,,,
ch3_muc5_d55_k2_a,POINT,structural,[],"Địa điểm làm việc, vị trí việc làm cần sử dụng lao động thuê lại, nội dung cụ thể của công việc, yêu cầu cụ thể đối với người lao động thuê lại;",,,,,,,,,,,,,,ch3_muc5_d55_k2_a,a),"Địa điểm làm việc, vị trí việc làm cần sử dụng lao động thuê lại, nội dung cụ thể của công việc, yêu cầu cụ thể đối với người lao động thuê lại;",,,
ch3_muc5_d55_k2_b,POINT,structural,[],Thời hạn thuê lại lao động; thời gian bắt đầu làm việc của người lao động thuê lại;,,,,,,,,,,,,,,ch3_muc5_d55_k2_b,b),Thời hạn thuê lại lao động; thời gian bắt đầu làm việc của người lao động thuê lại;,,,
ch3_muc5_d55_k2_c,POINT,structural,[],"Thời giờ làm việc, thời giờ nghỉ ngơi, điều kiện an toàn, vệ sinh lao động tại nơi làm việc;",,,,,,,,,,,,,,ch3_muc5_d55_k2_c,c),"Thời giờ làm việc, thời giờ nghỉ ngơi, điều kiện an toàn, vệ sinh lao động tại nơi làm việc;",,,
ch3_muc5_d55_k2_d,POINT,structural,[],"Trách nhiệm bồi thường tai nạn lao động, bệnh nghề nghiệp;",,,,,,,,,,,,,,ch3_muc5_d55_k2_d,d),"Trách nhiệm bồi thường tai nạn lao động, bệnh nghề nghiệp;",,,
ch3_muc5_d55_k2_đ,POINT,structural,[],Nghĩa vụ của mỗi bên đối với người lao động.,,,,,,,,,,,,,,ch3_muc5_d55_k2_đ,đ),Nghĩa vụ của mỗi bên đối với người lao động.,,,
ch3_muc5_d55_k3,CLAUSE,structural,"[""Hợp đồng cho thuê lại lao động không được có những thỏa thuận về quyền, lợi ích của người lao động thấp hơn so với hợp đồng lao động mà doanh nghiệp cho thuê lại lao động đã ký với người lao động""]","Hợp đồng cho thuê lại lao động không được có những thỏa thuận về quyền, lợi ích của người lao động thấp hơn so với hợp đồng lao động mà doanh nghiệp cho thuê lại lao động đã ký với người lao động.",,,,,,,,,,,ch3_muc5_d55_k3,3,"Hợp đồng cho thuê lại lao động không được có những thỏa thuận về quyền, lợi ích của người lao động thấp hơn so với hợp đồng lao động mà doanh nghiệp cho thuê lại lao động đã ký với người lao động.",,,,,,
ch3_muc5_d56,ARTICLE,structural,"[""Quyền và nghĩa vụ của doanh nghiệp cho thuê lại lao động Ngoài các quyền và nghĩa vụ quy định tại  của Bộ luật này, doanh nghiệp cho thuê lại lao động có các quyền và nghĩa vụ sau đây:""]","Quyền và nghĩa vụ của doanh nghiệp cho thuê lại lao động Ngoài các quyền và nghĩa vụ quy định tại  của Bộ luật này, doanh nghiệp cho thuê lại lao động có các quyền và nghĩa vụ sau đây:",,,,,,,,ch3_muc5_d56,56,"Quyền và nghĩa vụ của doanh nghiệp cho thuê lại lao động Ngoài các quyền và nghĩa vụ quy định tại  của Bộ luật này, doanh nghiệp cho thuê lại lao động có các quyền và nghĩa vụ sau đây:",,,,,,,,,
ch3_muc5_d56_k1,CLAUSE,structural,"[""Bảo đảm đưa người lao động có trình độ phù hợp với những yêu cầu của bên thuê lại lao động và nội dung của hợp đồng lao động đã ký với người lao động""]",Bảo đảm đưa người lao động có trình độ phù hợp với những yêu cầu của bên thuê lại lao động và nội dung của hợp đồng lao động đã ký với người lao động;,,,,,,,,,,,ch3_muc5_d56_k1,1,Bảo đảm đưa người lao động có trình độ phù hợp với những yêu cầu của bên thuê lại lao động và nội dung của hợp đồng lao động đã ký với người lao động;,,,,,,
ch3_muc5_d56_k2,CLAUSE,structural,"[""Thông báo cho người lao động biết nội dung của hợp đồng cho thuê lại lao động""]",Thông báo cho người lao động biết nội dung của hợp đồng cho thuê lại lao động;,,,,,,,,,,,ch3_muc5_d56_k2,2,Thông báo cho người lao động biết nội dung của hợp đồng cho thuê lại lao động;,,,,,,
ch3_muc5_d56_k3,CLAUSE,structural,"[""Thông báo cho bên thuê lại lao động biết sơ yếu lý lịch của người lao động, yêu cầu của người lao động""]","Thông báo cho bên thuê lại lao động biết sơ yếu lý lịch của người lao động, yêu cầu của người lao động;",,,,,,,,,,,ch3_muc5_d56_k3,3,"Thông báo cho bên thuê lại lao động biết sơ yếu lý lịch của người lao động, yêu cầu của người lao động;",,,,,,
ch3_muc5_d56_k4,CLAUSE,structural,"[""Bảo đảm trả lương cho người lao động thuê lại không thấp hơn tiền lương của người lao động của bên thuê lại lao động có cùng trình độ, làm cùng công việc hoặc công việc có giá trị như nhau""]","Bảo đảm trả lương cho người lao động thuê lại không thấp hơn tiền lương của người lao động của bên thuê lại lao động có cùng trình độ, làm cùng công việc hoặc công việc có giá trị như nhau;",,,,,,,,,,,ch3_muc5_d56_k4,4,"Bảo đảm trả lương cho người lao động thuê lại không thấp hơn tiền lương của người lao động của bên thuê lại lao động có cùng trình độ, làm cùng công việc hoặc công việc có giá trị như nhau;",,,,,,
ch3_muc5_d56_k5,CLAUSE,structural,"[""Lập hồ sơ ghi rõ số lao động đã cho thuê lại, bên thuê lại lao động và định kỳ báo cáo cơ quan chuyên môn về lao động thuộc Ủy ban nhân dân cấp tỉnh""]","Lập hồ sơ ghi rõ số lao động đã cho thuê lại, bên thuê lại lao động và định kỳ báo cáo cơ quan chuyên môn về lao động thuộc Ủy ban nhân dân cấp tỉnh;",,,,,,,,,,,ch3_muc5_d56_k5,5,"Lập hồ sơ ghi rõ số lao động đã cho thuê lại, bên thuê lại lao động và định kỳ báo cáo cơ quan chuyên môn về lao động thuộc Ủy ban nhân dân cấp tỉnh;",,,,,,
ch3_muc5_d56_k6,CLAUSE,structural,"[""Xử lý kỷ luật lao động đối với người lao động vi phạm kỷ luật lao động khi bên thuê lại lao động trả lại người lao động do vi phạm kỷ luật lao động""]",Xử lý kỷ luật lao động đối với người lao động vi phạm kỷ luật lao động khi bên thuê lại lao động trả lại người lao động do vi phạm kỷ luật lao động.,,,,,,,,,,,ch3_muc5_d56_k6,6,Xử lý kỷ luật lao động đối với người lao động vi phạm kỷ luật lao động khi bên thuê lại lao động trả lại người lao động do vi phạm kỷ luật lao động.,,,,,,
ch3_muc5_d57,ARTICLE,structural,"[""Quyền và nghĩa vụ của bên thuê lại lao động""]",Quyền và nghĩa vụ của bên thuê lại lao động,,,,,,,,ch3_muc5_d57,57,Quyền và nghĩa vụ của bên thuê lại lao động,,,,,,,,,
ch3_muc5_d57_k1,CLAUSE,structural,"[""Thông báo, hướng dẫn cho người lao động thuê lại biết nội quy lao động và các quy chế khác của mình""]","Thông báo, hướng dẫn cho người lao động thuê lại biết nội quy lao động và các quy chế khác của mình.",,,,,,,,,,,ch3_muc5_d57_k1,1,"Thông báo, hướng dẫn cho người lao động thuê lại biết nội quy lao động và các quy chế khác của mình.",,,,,,
ch3_muc5_d57_k2,CLAUSE,structural,"[""Không được phân biệt đối xử về điều kiện lao động đối với người lao động thuê lại so với người lao động của mình""]",Không được phân biệt đối xử về điều kiện lao động đối với người lao động thuê lại so với người lao động của mình.,,,,,,,,,,,ch3_muc5_d57_k2,2,Không được phân biệt đối xử về điều kiện lao động đối với người lao động thuê lại so với người lao động của mình.,,,,,,
ch3_muc5_d57_k3,CLAUSE,structural,"[""Thỏa thuận với người lao động thuê lại về làm việc vào ban đêm, làm thêm giờ theo quy định của Bộ luật này""]","Thỏa thuận với người lao động thuê lại về làm việc vào ban đêm, làm thêm giờ theo quy định của Bộ luật này.",,,,,,,,,,,ch3_muc5_d57_k3,3,"Thỏa thuận với người lao động thuê lại về làm việc vào ban đêm, làm thêm giờ theo quy định của Bộ luật này.",,,,,,
ch3_muc5_d57_k4,CLAUSE,structural,"[""Thỏa thuận với người lao động thuê lại và doanh nghiệp cho thuê lại lao động để tuyển dụng chính thức người lao động thuê lại làm việc cho mình trong trường hợp hợp đồng lao động của người lao động thuê lại với doanh nghiệp cho thuê lại lao động chưa chấm dứt""]",Thỏa thuận với người lao động thuê lại và doanh nghiệp cho thuê lại lao động để tuyển dụng chính thức người lao động thuê lại làm việc cho mình trong trường hợp hợp đồng lao động của người lao động thuê lại với doanh nghiệp cho thuê lại lao động chưa chấm dứt.,,,,,,,,,,,ch3_muc5_d57_k4,4,Thỏa thuận với người lao động thuê lại và doanh nghiệp cho thuê lại lao động để tuyển dụng chính thức người lao động thuê lại làm việc cho mình trong trường hợp hợp đồng lao động của người lao động thuê lại với doanh nghiệp cho thuê lại lao động chưa chấm dứt.,,,,,,
ch3_muc5_d57_k5,CLAUSE,structural,"[""Trả lại người lao động thuê lại không đáp ứng yêu cầu như đã thỏa thuận hoặc vi phạm kỷ luật lao động cho doanh nghiệp cho thuê lại lao động""]",Trả lại người lao động thuê lại không đáp ứng yêu cầu như đã thỏa thuận hoặc vi phạm kỷ luật lao động cho doanh nghiệp cho thuê lại lao động.,,,,,,,,,,,ch3_muc5_d57_k5,5,Trả lại người lao động thuê lại không đáp ứng yêu cầu như đã thỏa thuận hoặc vi phạm kỷ luật lao động cho doanh nghiệp cho thuê lại lao động.,,,,,,
ch3_muc5_d57_k6,CLAUSE,structural,"[""Cung cấp cho doanh nghiệp cho thuê lại lao động chứng cứ về hành vi vi phạm kỷ luật lao động của người lao động thuê lại để xem xét xử lý kỷ luật lao động""]",Cung cấp cho doanh nghiệp cho thuê lại lao động chứng cứ về hành vi vi phạm kỷ luật lao động của người lao động thuê lại để xem xét xử lý kỷ luật lao động.,,,,,,,,,,,ch3_muc5_d57_k6,6,Cung cấp cho doanh nghiệp cho thuê lại lao động chứng cứ về hành vi vi phạm kỷ luật lao động của người lao động thuê lại để xem xét xử lý kỷ luật lao động.,,,,,,
ch3_muc5_d58,ARTICLE,structural,"[""Quyền và nghĩa vụ của người lao động thuê lại Ngoài các quyền và nghĩa vụ theo quy định tại  của Bộ luật này, người lao động thuê lại có các quyền và nghĩa vụ sau đây:""]","Quyền và nghĩa vụ của người lao động thuê lại Ngoài các quyền và nghĩa vụ theo quy định tại  của Bộ luật này, người lao động thuê lại có các quyền và nghĩa vụ sau đây:",,,,,,,,ch3_muc5_d58,58,"Quyền và nghĩa vụ của người lao động thuê lại Ngoài các quyền và nghĩa vụ theo quy định tại  của Bộ luật này, người lao động thuê lại có các quyền và nghĩa vụ sau đây:",,,,,,,,,
ch3_muc5_d58_k1,CLAUSE,structural,"[""Thực hiện công việc theo hợp đồng lao động đã ký với doanh nghiệp hoạt động cho thuê lại lao động""]",Thực hiện công việc theo hợp đồng lao động đã ký với doanh nghiệp hoạt động cho thuê lại lao động;,,,,,,,,,,,ch3_muc5_d58_k1,1,Thực hiện công việc theo hợp đồng lao động đã ký với doanh nghiệp hoạt động cho thuê lại lao động;,,,,,,
ch3_muc5_d58_k2,CLAUSE,structural,"[""Chấp hành kỷ luật lao động, nội quy lao động"", ""tuân theo sự quản lý, điều hành, giám sát hợp pháp của bên thuê lại lao động""]","Chấp hành kỷ luật lao động, nội quy lao động; tuân theo sự quản lý, điều hành, giám sát hợp pháp của bên thuê lại lao động;",,,,,,,,,,,ch3_muc5_d58_k2,2,"Chấp hành kỷ luật lao động, nội quy lao động; tuân theo sự quản lý, điều hành, giám sát hợp pháp của bên thuê lại lao động;",,,,,,
ch3_muc5_d58_k3,CLAUSE,structural,"[""Được trả lương không thấp hơn tiền lương của người lao động của bên thuê lại lao động có cùng trình độ, làm cùng công việc hoặc công việc có giá trị như nhau""]","Được trả lương không thấp hơn tiền lương của người lao động của bên thuê lại lao động có cùng trình độ, làm cùng công việc hoặc công việc có giá trị như nhau;",,,,,,,,,,,ch3_muc5_d58_k3,3,"Được trả lương không thấp hơn tiền lương của người lao động của bên thuê lại lao động có cùng trình độ, làm cùng công việc hoặc công việc có giá trị như nhau;",,,,,,
ch3_muc5_d58_k4,CLAUSE,structural,"[""Khiếu nại với doanh nghiệp cho thuê lại lao động trong trường hợp bị bên thuê lại lao động vi phạm các thỏa thuận trong hợp đồng cho thuê lại lao động""]",Khiếu nại với doanh nghiệp cho thuê lại lao động trong trường hợp bị bên thuê lại lao động vi phạm các thỏa thuận trong hợp đồng cho thuê lại lao động;,,,,,,,,,,,ch3_muc5_d58_k4,4,Khiếu nại với doanh nghiệp cho thuê lại lao động trong trường hợp bị bên thuê lại lao động vi phạm các thỏa thuận trong hợp đồng cho thuê lại lao động;,,,,,,
ch3_muc5_d58_k5,CLAUSE,structural,"[""Thỏa thuận chấm dứt hợp đồng lao động với doanh nghiệp cho thuê lại lao động để giao kết hợp đồng lao động với bên thuê lại lao động""]",Thỏa thuận chấm dứt hợp đồng lao động với doanh nghiệp cho thuê lại lao động để giao kết hợp đồng lao động với bên thuê lại lao động.,,,,,,,,,,,ch3_muc5_d58_k5,5,Thỏa thuận chấm dứt hợp đồng lao động với doanh nghiệp cho thuê lại lao động để giao kết hợp đồng lao động với bên thuê lại lao động.,,,,,,
ch4,CHAPTER,structural,"[""GIÁO DỤC NGHỀ NGHIỆP VÀ PHÁT TRIỂN KỸ NĂNG NGHỀ""]",GIÁO DỤC NGHỀ NGHIỆP VÀ PHÁT TRIỂN KỸ NĂNG NGHỀ,,,,ch4,4.0,IV,GIÁO DỤC NGHỀ NGHIỆP VÀ PHÁT TRIỂN KỸ NĂNG NGHỀ,,,,,,,,,,,,
ch4_d59,ARTICLE,structural,"[""Đào tạo nghề nghiệp và phát triển kỹ năng nghề""]",Đào tạo nghề nghiệp và phát triển kỹ năng nghề,,,,,,,,ch4_d59,59,Đào tạo nghề nghiệp và phát triển kỹ năng nghề,,,,,,,,,
ch4_d59_k1,CLAUSE,structural,"[""Người lao động được tự do lựa chọn đào tạo nghề nghiệp, tham gia đánh giá, công nhận kỹ năng nghề quốc gia, phát triển năng lực nghề nghiệp phù hợp với nhu cầu việc làm và khả năng của mình""]","Người lao động được tự do lựa chọn đào tạo nghề nghiệp, tham gia đánh giá, công nhận kỹ năng nghề quốc gia, phát triển năng lực nghề nghiệp phù hợp với nhu cầu việc làm và khả năng của mình.",,,,,,,,,,,ch4_d59_k1,1,"Người lao động được tự do lựa chọn đào tạo nghề nghiệp, tham gia đánh giá, công nhận kỹ năng nghề quốc gia, phát triển năng lực nghề nghiệp phù hợp với nhu cầu việc làm và khả năng của mình.",,,,,,
ch4_d59_k2,CLAUSE,structural,"[""Nhà nước có chính sách khuyến khích người sử dụng lao động có đủ điều kiện đào tạo nghề nghiệp và phát triển kỹ năng nghề cho người lao động đang làm việc cho mình và người lao động khác trong xã hội thông qua hoạt động sau đây: a) Thành lập cơ sở giáo dục nghề nghiệp hoặc mở lớp đào tạo nghề tại nơi làm việc để đào tạo, đào tạo lại, bồi dưỡng, nâng cao trình độ, kỹ năng nghề cho người lao động"", ""phối hợp với cơ sở giáo dục nghề nghiệp đào tạo các trình độ sơ cấp, trung cấp, cao đẳng và các chương trình đào tạo nghề nghiệp khác theo quy định"", ""b) Tổ chức thi kỹ năng nghề cho người lao động"", ""tham gia hội đồng kỹ năng nghề"", ""dự báo nhu cầu và xây dựng tiêu chuẩn kỹ năng nghề"", ""tổ chức đánh giá và công nhận kỹ năng nghề"", ""phát triển năng lực nghề nghiệp cho người lao động""]","Nhà nước có chính sách khuyến khích người sử dụng lao động có đủ điều kiện đào tạo nghề nghiệp và phát triển kỹ năng nghề cho người lao động đang làm việc cho mình và người lao động khác trong xã hội thông qua hoạt động sau đây: a) Thành lập cơ sở giáo dục nghề nghiệp hoặc mở lớp đào tạo nghề tại nơi làm việc để đào tạo, đào tạo lại, bồi dưỡng, nâng cao trình độ, kỹ năng nghề cho người lao động; phối hợp với cơ sở giáo dục nghề nghiệp đào tạo các trình độ sơ cấp, trung cấp, cao đẳng và các chương trình đào tạo nghề nghiệp khác theo quy định; b) Tổ chức thi kỹ năng nghề cho người lao động; tham gia hội đồng kỹ năng nghề; dự báo nhu cầu và xây dựng tiêu chuẩn kỹ năng nghề; tổ chức đánh giá và công nhận kỹ năng nghề; phát triển năng lực nghề nghiệp cho người lao động.",,,,,,,,,,,ch4_d59_k2,2,"Nhà nước có chính sách khuyến khích người sử dụng lao động có đủ điều kiện đào tạo nghề nghiệp và phát triển kỹ năng nghề cho người lao động đang làm việc cho mình và người lao động khác trong xã hội thông qua hoạt động sau đây: a) Thành lập cơ sở giáo dục nghề nghiệp hoặc mở lớp đào tạo nghề tại nơi làm việc để đào tạo, đào tạo lại, bồi dưỡng, nâng cao trình độ, kỹ năng nghề cho người lao động; phối hợp với cơ sở giáo dục nghề nghiệp đào tạo các trình độ sơ cấp, trung cấp, cao đẳng và các chương trình đào tạo nghề nghiệp khác theo quy định; b) Tổ chức thi kỹ năng nghề cho người lao động; tham gia hội đồng kỹ năng nghề; dự báo nhu cầu và xây dựng tiêu chuẩn kỹ năng nghề; tổ chức đánh giá và công nhận kỹ năng nghề; phát triển năng lực nghề nghiệp cho người lao động.",,,,,,
ch4_d59_k2_a,POINT,structural,[],"Thành lập cơ sở giáo dục nghề nghiệp hoặc mở lớp đào tạo nghề tại nơi làm việc để đào tạo, đào tạo lại, bồi dưỡng, nâng cao trình độ, kỹ năng nghề cho người lao động; phối hợp với cơ sở giáo dục nghề nghiệp đào tạo các trình độ sơ cấp, trung cấp, cao đẳng và các chương trình đào tạo nghề nghiệp khác theo quy định;",,,,,,,,,,,,,,ch4_d59_k2_a,a),"Thành lập cơ sở giáo dục nghề nghiệp hoặc mở lớp đào tạo nghề tại nơi làm việc để đào tạo, đào tạo lại, bồi dưỡng, nâng cao trình độ, kỹ năng nghề cho người lao động; phối hợp với cơ sở giáo dục nghề nghiệp đào tạo các trình độ sơ cấp, trung cấp, cao đẳng và các chương trình đào tạo nghề nghiệp khác theo quy định;",,,
ch4_d59_k2_b,POINT,structural,[],Tổ chức thi kỹ năng nghề cho người lao động; tham gia hội đồng kỹ năng nghề; dự báo nhu cầu và xây dựng tiêu chuẩn kỹ năng nghề; tổ chức đánh giá và công nhận kỹ năng nghề; phát triển năng lực nghề nghiệp cho người lao động.,,,,,,,,,,,,,,ch4_d59_k2_b,b),Tổ chức thi kỹ năng nghề cho người lao động; tham gia hội đồng kỹ năng nghề; dự báo nhu cầu và xây dựng tiêu chuẩn kỹ năng nghề; tổ chức đánh giá và công nhận kỹ năng nghề; phát triển năng lực nghề nghiệp cho người lao động.,,,
ch4_d60,ARTICLE,structural,"[""Trách nhiệm của người sử dụng lao động về đào tạo, bồi dưỡng, nâng cao trình độ, kỹ năng nghề""]","Trách nhiệm của người sử dụng lao động về đào tạo, bồi dưỡng, nâng cao trình độ, kỹ năng nghề",,,,,,,,ch4_d60,60,"Trách nhiệm của người sử dụng lao động về đào tạo, bồi dưỡng, nâng cao trình độ, kỹ năng nghề",,,,,,,,,
ch4_d60_k1,CLAUSE,structural,"[""Người sử dụng lao động xây dựng kế hoạch hằng năm và dành kinh phí cho việc đào tạo, bồi dưỡng, nâng cao trình độ, kỹ năng nghề, phát triển kỹ năng nghề cho người lao động đang làm việc cho mình"", ""đào tạo cho người lao động trước khi chuyển làm nghề khác cho mình""]","Người sử dụng lao động xây dựng kế hoạch hằng năm và dành kinh phí cho việc đào tạo, bồi dưỡng, nâng cao trình độ, kỹ năng nghề, phát triển kỹ năng nghề cho người lao động đang làm việc cho mình; đào tạo cho người lao động trước khi chuyển làm nghề khác cho mình.",,,,,,,,,,,ch4_d60_k1,1,"Người sử dụng lao động xây dựng kế hoạch hằng năm và dành kinh phí cho việc đào tạo, bồi dưỡng, nâng cao trình độ, kỹ năng nghề, phát triển kỹ năng nghề cho người lao động đang làm việc cho mình; đào tạo cho người lao động trước khi chuyển làm nghề khác cho mình.",,,,,,
ch4_d60_k2,CLAUSE,structural,"[""Hằng năm, người sử dụng lao động thông báo kết quả đào tạo, bồi dưỡng, nâng cao trình độ, kỹ năng nghề cho cơ quan chuyên môn về lao động thuộc Ủy ban nhân dân cấp tỉnh""]","Hằng năm, người sử dụng lao động thông báo kết quả đào tạo, bồi dưỡng, nâng cao trình độ, kỹ năng nghề cho cơ quan chuyên môn về lao động thuộc Ủy ban nhân dân cấp tỉnh.",,,,,,,,,,,ch4_d60_k2,2,"Hằng năm, người sử dụng lao động thông báo kết quả đào tạo, bồi dưỡng, nâng cao trình độ, kỹ năng nghề cho cơ quan chuyên môn về lao động thuộc Ủy ban nhân dân cấp tỉnh.",,,,,,
ch4_d61,ARTICLE,structural,"[""Học nghề, tập nghề để làm việc cho người sử dụng lao động""]","Học nghề, tập nghề để làm việc cho người sử dụng lao động",,,,,,,,ch4_d61,61,"Học nghề, tập nghề để làm việc cho người sử dụng lao động",,,,,,,,,
ch4_d61_k1,CLAUSE,structural,"[""Học nghề để làm việc cho người sử dụng lao động là việc người sử dụng lao động tuyển người vào để đào tạo nghề nghiệp tại nơi làm việc"", ""Thời gian học nghề theo chương trình đào tạo của từng trình độ theo quy định của Luật Giáo dục nghề nghiệp""]",Học nghề để làm việc cho người sử dụng lao động là việc người sử dụng lao động tuyển người vào để đào tạo nghề nghiệp tại nơi làm việc. Thời gian học nghề theo chương trình đào tạo của từng trình độ theo quy định của Luật Giáo dục nghề nghiệp.,,,,,,,,,,,ch4_d61_k1,1,Học nghề để làm việc cho người sử dụng lao động là việc người sử dụng lao động tuyển người vào để đào tạo nghề nghiệp tại nơi làm việc. Thời gian học nghề theo chương trình đào tạo của từng trình độ theo quy định của Luật Giáo dục nghề nghiệp.,,,,,,
ch4_d61_k2,CLAUSE,structural,"[""Tập nghề để làm việc cho người sử dụng lao động là việc người sử dụng lao động tuyển người vào để hướng dẫn thực hành công việc, tập làm nghề theo vị trí việc làm tại nơi làm việc"", ""Thời hạn tập nghề không quá 03 tháng""]","Tập nghề để làm việc cho người sử dụng lao động là việc người sử dụng lao động tuyển người vào để hướng dẫn thực hành công việc, tập làm nghề theo vị trí việc làm tại nơi làm việc. Thời hạn tập nghề không quá 03 tháng.",,,,,,,,,,,ch4_d61_k2,2,"Tập nghề để làm việc cho người sử dụng lao động là việc người sử dụng lao động tuyển người vào để hướng dẫn thực hành công việc, tập làm nghề theo vị trí việc làm tại nơi làm việc. Thời hạn tập nghề không quá 03 tháng.",,,,,,
ch4_d61_k3,CLAUSE,structural,"[""Người sử dụng lao động tuyển người vào học nghề, tập nghề để làm việc cho mình thì không phải đăng ký hoạt động giáo dục nghề nghiệp"", ""không được thu học phí"", ""phải ký hợp đồng đào tạo theo quy định của Luật Giáo dục nghề nghiệp""]","Người sử dụng lao động tuyển người vào học nghề, tập nghề để làm việc cho mình thì không phải đăng ký hoạt động giáo dục nghề nghiệp; không được thu học phí; phải ký hợp đồng đào tạo theo quy định của Luật Giáo dục nghề nghiệp.",,,,,,,,,,,ch4_d61_k3,3,"Người sử dụng lao động tuyển người vào học nghề, tập nghề để làm việc cho mình thì không phải đăng ký hoạt động giáo dục nghề nghiệp; không được thu học phí; phải ký hợp đồng đào tạo theo quy định của Luật Giáo dục nghề nghiệp.",,,,,,
ch4_d61_k4,CLAUSE,structural,"[""Người học nghề, người tập nghề phải đủ 14 tuổi trở lên và phải có đủ sức khỏe phù hợp với yêu cầu học nghề, tập nghề"", ""Người học nghề, người tập nghề thuộc danh mục nghề, công việc nặng nhọc, độc hại, nguy hiểm hoặc đặc biệt nặng nhọc, độc hại, nguy hiểm do Bộ trưởng Bộ Lao động - Thương binh và Xã hội ban hành phải từ đủ 18 tuổi trở lên, trừ lĩnh vực nghệ thuật, thể dục, thể thao""]","Người học nghề, người tập nghề phải đủ 14 tuổi trở lên và phải có đủ sức khỏe phù hợp với yêu cầu học nghề, tập nghề. Người học nghề, người tập nghề thuộc danh mục nghề, công việc nặng nhọc, độc hại, nguy hiểm hoặc đặc biệt nặng nhọc, độc hại, nguy hiểm do Bộ trưởng Bộ Lao động - Thương binh và Xã hội ban hành phải từ đủ 18 tuổi trở lên, trừ lĩnh vực nghệ thuật, thể dục, thể thao.",,,,,,,,,,,ch4_d61_k4,4,"Người học nghề, người tập nghề phải đủ 14 tuổi trở lên và phải có đủ sức khỏe phù hợp với yêu cầu học nghề, tập nghề. Người học nghề, người tập nghề thuộc danh mục nghề, công việc nặng nhọc, độc hại, nguy hiểm hoặc đặc biệt nặng nhọc, độc hại, nguy hiểm do Bộ trưởng Bộ Lao động - Thương binh và Xã hội ban hành phải từ đủ 18 tuổi trở lên, trừ lĩnh vực nghệ thuật, thể dục, thể thao.",,,,,,
ch4_d61_k5,CLAUSE,structural,"[""Trong thời gian học nghề, tập nghề, nếu người học nghề, người tập nghề trực tiếp hoặc tham gia lao động thì được người sử dụng lao động trả lương theo mức do hai bên thỏa thuận""]","Trong thời gian học nghề, tập nghề, nếu người học nghề, người tập nghề trực tiếp hoặc tham gia lao động thì được người sử dụng lao động trả lương theo mức do hai bên thỏa thuận.",,,,,,,,,,,ch4_d61_k5,5,"Trong thời gian học nghề, tập nghề, nếu người học nghề, người tập nghề trực tiếp hoặc tham gia lao động thì được người sử dụng lao động trả lương theo mức do hai bên thỏa thuận.",,,,,,
ch4_d61_k6,CLAUSE,structural,"[""Hết thời hạn học nghề, tập nghề, hai bên phải ký kết hợp đồng lao động khi đủ các điều kiện theo quy định của Bộ luật này""]","Hết thời hạn học nghề, tập nghề, hai bên phải ký kết hợp đồng lao động khi đủ các điều kiện theo quy định của Bộ luật này.",,,,,,,,,,,ch4_d61_k6,6,"Hết thời hạn học nghề, tập nghề, hai bên phải ký kết hợp đồng lao động khi đủ các điều kiện theo quy định của Bộ luật này.",,,,,,
ch4_d62,ARTICLE,structural,"[""Hợp đồng đào tạo nghề giữa người sử dụng lao động, người lao động và chi phí đào tạo nghề""]","Hợp đồng đào tạo nghề giữa người sử dụng lao động, người lao động và chi phí đào tạo nghề",,,,,,,,ch4_d62,62,"Hợp đồng đào tạo nghề giữa người sử dụng lao động, người lao động và chi phí đào tạo nghề",,,,,,,,,
ch4_d62_k1,CLAUSE,structural,"[""Hai bên phải ký kết hợp đồng đào tạo nghề trong trường hợp người lao động được đào tạo nâng cao trình độ, kỹ năng nghề, đào tạo lại ở trong nước hoặc nước ngoài từ kinh phí của người sử dụng lao động, kể cả kinh phí do đối tác tài trợ cho người sử dụng lao động"", ""Hợp đồng đào tạo nghề phải làm thành 02 bản, mỗi bên giữ 01 bản""]","Hai bên phải ký kết hợp đồng đào tạo nghề trong trường hợp người lao động được đào tạo nâng cao trình độ, kỹ năng nghề, đào tạo lại ở trong nước hoặc nước ngoài từ kinh phí của người sử dụng lao động, kể cả kinh phí do đối tác tài trợ cho người sử dụng lao động. Hợp đồng đào tạo nghề phải làm thành 02 bản, mỗi bên giữ 01 bản.",,,,,,,,,,,ch4_d62_k1,1,"Hai bên phải ký kết hợp đồng đào tạo nghề trong trường hợp người lao động được đào tạo nâng cao trình độ, kỹ năng nghề, đào tạo lại ở trong nước hoặc nước ngoài từ kinh phí của người sử dụng lao động, kể cả kinh phí do đối tác tài trợ cho người sử dụng lao động. Hợp đồng đào tạo nghề phải làm thành 02 bản, mỗi bên giữ 01 bản.",,,,,,
ch4_d62_k2,CLAUSE,structural,"[""Hợp đồng đào tạo nghề phải có các nội dung chủ yếu sau đây: a) Nghề đào tạo"", ""b) Địa điểm, thời gian và tiền lương trong thời gian đào tạo"", ""c) Thời hạn cam kết phải làm việc sau khi được đào tạo"", ""d) Chi phí đào tạo và trách nhiệm hoàn trả chi phí đào tạo"", ""đ) Trách nhiệm của người sử dụng lao động"", ""e) Trách nhiệm của người lao động""]","Hợp đồng đào tạo nghề phải có các nội dung chủ yếu sau đây: a) Nghề đào tạo; b) Địa điểm, thời gian và tiền lương trong thời gian đào tạo; c) Thời hạn cam kết phải làm việc sau khi được đào tạo; d) Chi phí đào tạo và trách nhiệm hoàn trả chi phí đào tạo; đ) Trách nhiệm của người sử dụng lao động; e) Trách nhiệm của người lao động.",,,,,,,,,,,ch4_d62_k2,2,"Hợp đồng đào tạo nghề phải có các nội dung chủ yếu sau đây: a) Nghề đào tạo; b) Địa điểm, thời gian và tiền lương trong thời gian đào tạo; c) Thời hạn cam kết phải làm việc sau khi được đào tạo; d) Chi phí đào tạo và trách nhiệm hoàn trả chi phí đào tạo; đ) Trách nhiệm của người sử dụng lao động; e) Trách nhiệm của người lao động.",,,,,,
ch4_d62_k2_a,POINT,structural,[],Nghề đào tạo;,,,,,,,,,,,,,,ch4_d62_k2_a,a),Nghề đào tạo;,,,
ch4_d62_k2_b,POINT,structural,[],"Địa điểm, thời gian và tiền lương trong thời gian đào tạo;",,,,,,,,,,,,,,ch4_d62_k2_b,b),"Địa điểm, thời gian và tiền lương trong thời gian đào tạo;",,,
ch4_d62_k2_c,POINT,structural,[],Thời hạn cam kết phải làm việc sau khi được đào tạo;,,,,,,,,,,,,,,ch4_d62_k2_c,c),Thời hạn cam kết phải làm việc sau khi được đào tạo;,,,
ch4_d62_k2_d,POINT,structural,[],Chi phí đào tạo và trách nhiệm hoàn trả chi phí đào tạo;,,,,,,,,,,,,,,ch4_d62_k2_d,d),Chi phí đào tạo và trách nhiệm hoàn trả chi phí đào tạo;,,,
ch4_d62_k2_đ,POINT,structural,[],Trách nhiệm của người sử dụng lao động;,,,,,,,,,,,,,,ch4_d62_k2_đ,đ),Trách nhiệm của người sử dụng lao động;,,,
ch4_d62_k2_e,POINT,structural,[],Trách nhiệm của người lao động.,,,,,,,,,,,,,,ch4_d62_k2_e,e),Trách nhiệm của người lao động.,,,
ch4_d62_k3,CLAUSE,structural,"[""Chi phí đào tạo bao gồm các khoản chi có chứng từ hợp lệ về chi phí trả cho người dạy, tài liệu học tập, trường, lớp, máy, thiết bị, vật liệu thực hành, các chi phí khác hỗ trợ cho người học và tiền lương, tiền đóng bảo hiểm xã hội, bảo hiểm y tế, bảo hiểm thất nghiệp cho người học trong thời gian đi học"", ""Trường hợp người lao động được gửi đi đào tạo ở nước ngoài thì chi phí đào tạo còn bao gồm chi phí đi lại, chi phí sinh hoạt trong thời gian đào tạo""]","Chi phí đào tạo bao gồm các khoản chi có chứng từ hợp lệ về chi phí trả cho người dạy, tài liệu học tập, trường, lớp, máy, thiết bị, vật liệu thực hành, các chi phí khác hỗ trợ cho người học và tiền lương, tiền đóng bảo hiểm xã hội, bảo hiểm y tế, bảo hiểm thất nghiệp cho người học trong thời gian đi học. Trường hợp người lao động được gửi đi đào tạo ở nước ngoài thì chi phí đào tạo còn bao gồm chi phí đi lại, chi phí sinh hoạt trong thời gian đào tạo.",,,,,,,,,,,ch4_d62_k3,3,"Chi phí đào tạo bao gồm các khoản chi có chứng từ hợp lệ về chi phí trả cho người dạy, tài liệu học tập, trường, lớp, máy, thiết bị, vật liệu thực hành, các chi phí khác hỗ trợ cho người học và tiền lương, tiền đóng bảo hiểm xã hội, bảo hiểm y tế, bảo hiểm thất nghiệp cho người học trong thời gian đi học. Trường hợp người lao động được gửi đi đào tạo ở nước ngoài thì chi phí đào tạo còn bao gồm chi phí đi lại, chi phí sinh hoạt trong thời gian đào tạo.",,,,,,
ch5,CHAPTER,structural,"[""ĐỐI THOẠI TẠI NƠI LÀM VIỆC, THƯƠNG LƯỢNG TẬP THỂ, THỎA ƯỚC LAO ĐỘNG TẬP THỂ""]","ĐỐI THOẠI TẠI NƠI LÀM VIỆC, THƯƠNG LƯỢNG TẬP THỂ, THỎA ƯỚC LAO ĐỘNG TẬP THỂ",,,,ch5,5.0,V,"ĐỐI THOẠI TẠI NƠI LÀM VIỆC, THƯƠNG LƯỢNG TẬP THỂ, THỎA ƯỚC LAO ĐỘNG TẬP THỂ",,,,,,,,,,,,
ch5_muc1,SECTION,structural,[],ĐỐI THOẠI TẠI NƠI LÀM VIỆC,,,,,,,,,,,,,,,,,ch5_muc1,1,ĐỐI THOẠI TẠI NƠI LÀM VIỆC
ch5_muc1_d63,ARTICLE,structural,"[""Tổ chức đối thoại tại nơi làm việc""]",Tổ chức đối thoại tại nơi làm việc,,,,,,,,ch5_muc1_d63,63,Tổ chức đối thoại tại nơi làm việc,,,,,,,,,
ch5_muc1_d63_k1,CLAUSE,structural,"[""Đối thoại tại nơi làm việc là việc chia sẻ thông tin, tham khảo, thảo luận, trao đổi ý kiến giữa người sử dụng lao động với người lao động hoặc tổ chức đại diện người lao động về những vấn đề liên quan đến quyền, lợi ích và mối quan tâm của các bên tại nơi làm việc nhằm tăng cường sự hiểu biết, hợp tác, cùng nỗ lực hướng tới giải pháp các bên cùng có lợi""]","Đối thoại tại nơi làm việc là việc chia sẻ thông tin, tham khảo, thảo luận, trao đổi ý kiến giữa người sử dụng lao động với người lao động hoặc tổ chức đại diện người lao động về những vấn đề liên quan đến quyền, lợi ích và mối quan tâm của các bên tại nơi làm việc nhằm tăng cường sự hiểu biết, hợp tác, cùng nỗ lực hướng tới giải pháp các bên cùng có lợi.",,,,,,,,,,,ch5_muc1_d63_k1,1,"Đối thoại tại nơi làm việc là việc chia sẻ thông tin, tham khảo, thảo luận, trao đổi ý kiến giữa người sử dụng lao động với người lao động hoặc tổ chức đại diện người lao động về những vấn đề liên quan đến quyền, lợi ích và mối quan tâm của các bên tại nơi làm việc nhằm tăng cường sự hiểu biết, hợp tác, cùng nỗ lực hướng tới giải pháp các bên cùng có lợi.",,,,,,
ch5_muc1_d63_k2,CLAUSE,structural,"[""Người sử dụng lao động phải tổ chức đối thoại tại nơi làm việc trong trường hợp sau đây: a) Định kỳ ít nhất 01 năm một lần"", ""b) Khi có yêu cầu của một hoặc các bên"", ""c) Khi có vụ việc quy định tại điểm a khoản 1 Điều 36, các điều 42, 44, 93, 104, 118 và khoản 1 Điều 128 của Bộ luật này""]","Người sử dụng lao động phải tổ chức đối thoại tại nơi làm việc trong trường hợp sau đây: a) Định kỳ ít nhất 01 năm một lần; b) Khi có yêu cầu của một hoặc các bên; c) Khi có vụ việc quy định tại điểm a khoản 1 Điều 36, các điều 42, 44, 93, 104, 118 và khoản 1 Điều 128 của Bộ luật này.",,,,,,,,,,,ch5_muc1_d63_k2,2,"Người sử dụng lao động phải tổ chức đối thoại tại nơi làm việc trong trường hợp sau đây: a) Định kỳ ít nhất 01 năm một lần; b) Khi có yêu cầu của một hoặc các bên; c) Khi có vụ việc quy định tại điểm a khoản 1 Điều 36, các điều 42, 44, 93, 104, 118 và khoản 1 Điều 128 của Bộ luật này.",,,,,,
ch5_muc1_d63_k2_a,POINT,structural,[],Định kỳ ít nhất 01 năm một lần;,,,,,,,,,,,,,,ch5_muc1_d63_k2_a,a),Định kỳ ít nhất 01 năm một lần;,,,
ch5_muc1_d63_k2_b,POINT,structural,[],Khi có yêu cầu của một hoặc các bên;,,,,,,,,,,,,,,ch5_muc1_d63_k2_b,b),Khi có yêu cầu của một hoặc các bên;,,,
ch5_muc1_d63_k2_c,POINT,structural,[],"Khi có vụ việc quy định tại điểm a khoản 1 Điều 36, các điều 42, 44, 93, 104, 118 và khoản 1 Điều 128 của Bộ luật này.",,,,,,,,,,,,,,ch5_muc1_d63_k2_c,c),"Khi có vụ việc quy định tại điểm a khoản 1 Điều 36, các điều 42, 44, 93, 104, 118 và khoản 1 Điều 128 của Bộ luật này.",,,
ch5_muc1_d63_k3,CLAUSE,structural,"[""Khuyến khích người sử dụng lao động và người lao động hoặc tổ chức đại diện người lao động tiến hành đối thoại ngoài những trường hợp quy định tại khoản 2 Điều này""]",Khuyến khích người sử dụng lao động và người lao động hoặc tổ chức đại diện người lao động tiến hành đối thoại ngoài những trường hợp quy định tại khoản 2 Điều này.,,,,,,,,,,,ch5_muc1_d63_k3,3,Khuyến khích người sử dụng lao động và người lao động hoặc tổ chức đại diện người lao động tiến hành đối thoại ngoài những trường hợp quy định tại khoản 2 Điều này.,,,,,,
ch5_muc1_d63_k4,CLAUSE,structural,"[""Chính phủ quy định việc tổ chức đối thoại và thực hiện quy chế dân chủ ở cơ sở tại nơi làm việc""]",Chính phủ quy định việc tổ chức đối thoại và thực hiện quy chế dân chủ ở cơ sở tại nơi làm việc.,,,,,,,,,,,ch5_muc1_d63_k4,4,Chính phủ quy định việc tổ chức đối thoại và thực hiện quy chế dân chủ ở cơ sở tại nơi làm việc.,,,,,,
ch5_muc1_d64,ARTICLE,structural,"[""Nội dung đối thoại tại nơi làm việc""]",Nội dung đối thoại tại nơi làm việc,,,,,,,,ch5_muc1_d64,64,Nội dung đối thoại tại nơi làm việc,,,,,,,,,
ch5_muc1_d64_k1,CLAUSE,structural,"[""Nội dung đối thoại bắt buộc theo quy định tại điểm c khoản 2 Điều 63 của Bộ luật này""]",Nội dung đối thoại bắt buộc theo quy định tại điểm c khoản 2 Điều 63 của Bộ luật này.,,,,,,,,,,,ch5_muc1_d64_k1,1,Nội dung đối thoại bắt buộc theo quy định tại điểm c khoản 2 Điều 63 của Bộ luật này.,,,,,,
ch5_muc1_d64_k2,CLAUSE,structural,"[""Ngoài nội dung quy định tại khoản 1 Điều này, các bên lựa chọn một hoặc một số nội dung sau đây để tiến hành đối thoại: a) Tình hình sản xuất, kinh doanh của người sử dụng lao động"", ""b) Việc thực hiện hợp đồng lao động, thỏa ước lao động tập thể, nội quy lao động, quy chế và cam kết, thỏa thuận khác tại nơi làm việc"", ""c) Điều kiện làm việc"", ""d) Yêu cầu của người lao động, tổ chức đại diện người lao động đối với người sử dụng lao động"", ""đ) Yêu cầu của người sử dụng lao động đối với người lao động, tổ chức đại diện người lao động"", ""e) Nội dung khác mà một hoặc các bên quan tâm""]","Ngoài nội dung quy định tại khoản 1 Điều này, các bên lựa chọn một hoặc một số nội dung sau đây để tiến hành đối thoại: a) Tình hình sản xuất, kinh doanh của người sử dụng lao động; b) Việc thực hiện hợp đồng lao động, thỏa ước lao động tập thể, nội quy lao động, quy chế và cam kết, thỏa thuận khác tại nơi làm việc; c) Điều kiện làm việc; d) Yêu cầu của người lao động, tổ chức đại diện người lao động đối với người sử dụng lao động; đ) Yêu cầu của người sử dụng lao động đối với người lao động, tổ chức đại diện người lao động; e) Nội dung khác mà một hoặc các bên quan tâm.",,,,,,,,,,,ch5_muc1_d64_k2,2,"Ngoài nội dung quy định tại khoản 1 Điều này, các bên lựa chọn một hoặc một số nội dung sau đây để tiến hành đối thoại: a) Tình hình sản xuất, kinh doanh của người sử dụng lao động; b) Việc thực hiện hợp đồng lao động, thỏa ước lao động tập thể, nội quy lao động, quy chế và cam kết, thỏa thuận khác tại nơi làm việc; c) Điều kiện làm việc; d) Yêu cầu của người lao động, tổ chức đại diện người lao động đối với người sử dụng lao động; đ) Yêu cầu của người sử dụng lao động đối với người lao động, tổ chức đại diện người lao động; e) Nội dung khác mà một hoặc các bên quan tâm.",,,,,,
ch5_muc1_d64_k2_a,POINT,structural,[],"Tình hình sản xuất, kinh doanh của người sử dụng lao động;",,,,,,,,,,,,,,ch5_muc1_d64_k2_a,a),"Tình hình sản xuất, kinh doanh của người sử dụng lao động;",,,
ch5_muc1_d64_k2_b,POINT,structural,[],"Việc thực hiện hợp đồng lao động, thỏa ước lao động tập thể, nội quy lao động, quy chế và cam kết, thỏa thuận khác tại nơi làm việc;",,,,,,,,,,,,,,ch5_muc1_d64_k2_b,b),"Việc thực hiện hợp đồng lao động, thỏa ước lao động tập thể, nội quy lao động, quy chế và cam kết, thỏa thuận khác tại nơi làm việc;",,,
ch5_muc1_d64_k2_c,POINT,structural,[],Điều kiện làm việc;,,,,,,,,,,,,,,ch5_muc1_d64_k2_c,c),Điều kiện làm việc;,,,
ch5_muc1_d64_k2_d,POINT,structural,[],"Yêu cầu của người lao động, tổ chức đại diện người lao động đối với người sử dụng lao động;",,,,,,,,,,,,,,ch5_muc1_d64_k2_d,d),"Yêu cầu của người lao động, tổ chức đại diện người lao động đối với người sử dụng lao động;",,,
ch5_muc1_d64_k2_đ,POINT,structural,[],"Yêu cầu của người sử dụng lao động đối với người lao động, tổ chức đại diện người lao động;",,,,,,,,,,,,,,ch5_muc1_d64_k2_đ,đ),"Yêu cầu của người sử dụng lao động đối với người lao động, tổ chức đại diện người lao động;",,,
ch5_muc1_d64_k2_e,POINT,structural,[],Nội dung khác mà một hoặc các bên quan tâm.,,,,,,,,,,,,,,ch5_muc1_d64_k2_e,e),Nội dung khác mà một hoặc các bên quan tâm.,,,
ch5_muc2,SECTION,structural,[],THƯƠNG LƯỢNG TẬP THỂ,,,,,,,,,,,,,,,,,ch5_muc2,2,THƯƠNG LƯỢNG TẬP THỂ
ch5_muc2_d65,ARTICLE,structural,"[""Thương lượng tập thể Thương lượng tập thể là việc đàm phán, thỏa thuận giữa một bên là một hoặc nhiều tổ chức đại diện người lao động với một bên là một hoặc nhiều người sử dụng lao động hoặc tổ chức đại diện người sử dụng lao động nhằm xác lập điều kiện lao động, quy định về mối quan hệ giữa các bên và xây dựng quan hệ lao động tiến bộ, hài hòa và ổn định""]","Thương lượng tập thể Thương lượng tập thể là việc đàm phán, thỏa thuận giữa một bên là một hoặc nhiều tổ chức đại diện người lao động với một bên là một hoặc nhiều người sử dụng lao động hoặc tổ chức đại diện người sử dụng lao động nhằm xác lập điều kiện lao động, quy định về mối quan hệ giữa các bên và xây dựng quan hệ lao động tiến bộ, hài hòa và ổn định.",,,,,,,,ch5_muc2_d65,65,"Thương lượng tập thể Thương lượng tập thể là việc đàm phán, thỏa thuận giữa một bên là một hoặc nhiều tổ chức đại diện người lao động với một bên là một hoặc nhiều người sử dụng lao động hoặc tổ chức đại diện người sử dụng lao động nhằm xác lập điều kiện lao động, quy định về mối quan hệ giữa các bên và xây dựng quan hệ lao động tiến bộ, hài hòa và ổn định.",,,,,,,,,
ch5_muc2_d66,ARTICLE,structural,"[""Nguyên tắc thương lượng tập thể Thương lượng tập thể được tiến hành theo nguyên tắc tự nguyện, hợp tác, thiện chí, bình đẳng, công khai và minh bạch""]","Nguyên tắc thương lượng tập thể Thương lượng tập thể được tiến hành theo nguyên tắc tự nguyện, hợp tác, thiện chí, bình đẳng, công khai và minh bạch.",,,,,,,,ch5_muc2_d66,66,"Nguyên tắc thương lượng tập thể Thương lượng tập thể được tiến hành theo nguyên tắc tự nguyện, hợp tác, thiện chí, bình đẳng, công khai và minh bạch.",,,,,,,,,
ch5_muc2_d67,ARTICLE,structural,"[""Nội dung thương lượng tập thể Các bên thương lượng lựa chọn một hoặc một số nội dung sau để tiến hành thương lượng tập thể:""]",Nội dung thương lượng tập thể Các bên thương lượng lựa chọn một hoặc một số nội dung sau để tiến hành thương lượng tập thể:,,,,,,,,ch5_muc2_d67,67,Nội dung thương lượng tập thể Các bên thương lượng lựa chọn một hoặc một số nội dung sau để tiến hành thương lượng tập thể:,,,,,,,,,
ch5_muc2_d67_k1,CLAUSE,structural,"[""Tiền lương, trợ cấp, nâng lương, thưởng, bữa ăn và các chế độ khác""]","Tiền lương, trợ cấp, nâng lương, thưởng, bữa ăn và các chế độ khác;",,,,,,,,,,,ch5_muc2_d67_k1,1,"Tiền lương, trợ cấp, nâng lương, thưởng, bữa ăn và các chế độ khác;",,,,,,
ch5_muc2_d67_k2,CLAUSE,structural,"[""Mức lao động và thời giờ làm việc, thời giờ nghỉ ngơi, làm thêm giờ, nghỉ giữa ca""]","Mức lao động và thời giờ làm việc, thời giờ nghỉ ngơi, làm thêm giờ, nghỉ giữa ca;",,,,,,,,,,,ch5_muc2_d67_k2,2,"Mức lao động và thời giờ làm việc, thời giờ nghỉ ngơi, làm thêm giờ, nghỉ giữa ca;",,,,,,
ch5_muc2_d67_k3,CLAUSE,structural,"[""Bảo đảm việc làm đối với người lao động""]",Bảo đảm việc làm đối với người lao động;,,,,,,,,,,,ch5_muc2_d67_k3,3,Bảo đảm việc làm đối với người lao động;,,,,,,
ch5_muc2_d67_k4,CLAUSE,structural,"[""Bảo đảm an toàn, vệ sinh lao động"", ""thực hiện nội quy lao động""]","Bảo đảm an toàn, vệ sinh lao động; thực hiện nội quy lao động;",,,,,,,,,,,ch5_muc2_d67_k4,4,"Bảo đảm an toàn, vệ sinh lao động; thực hiện nội quy lao động;",,,,,,
ch5_muc2_d67_k5,CLAUSE,structural,"[""Điều kiện, phương tiện hoạt động của tổ chức đại diện người lao động"", ""mối quan hệ giữa người sử dụng lao động và tổ chức đại diện người lao động""]","Điều kiện, phương tiện hoạt động của tổ chức đại diện người lao động; mối quan hệ giữa người sử dụng lao động và tổ chức đại diện người lao động;",,,,,,,,,,,ch5_muc2_d67_k5,5,"Điều kiện, phương tiện hoạt động của tổ chức đại diện người lao động; mối quan hệ giữa người sử dụng lao động và tổ chức đại diện người lao động;",,,,,,
ch5_muc2_d67_k6,CLAUSE,structural,"[""Cơ chế, phương thức phòng ngừa, giải quyết tranh chấp lao động""]","Cơ chế, phương thức phòng ngừa, giải quyết tranh chấp lao động;",,,,,,,,,,,ch5_muc2_d67_k6,6,"Cơ chế, phương thức phòng ngừa, giải quyết tranh chấp lao động;",,,,,,
ch5_muc2_d67_k7,CLAUSE,structural,"[""Bảo đảm bình đẳng giới, bảo vệ thai sản, nghỉ hằng năm"", ""phòng, chống bạo lực và quấy rối tình dục tại nơi làm việc""]","Bảo đảm bình đẳng giới, bảo vệ thai sản, nghỉ hằng năm; phòng, chống bạo lực và quấy rối tình dục tại nơi làm việc;",,,,,,,,,,,ch5_muc2_d67_k7,7,"Bảo đảm bình đẳng giới, bảo vệ thai sản, nghỉ hằng năm; phòng, chống bạo lực và quấy rối tình dục tại nơi làm việc;",,,,,,
ch5_muc2_d67_k8,CLAUSE,structural,"[""Nội dung khác mà một hoặc các bên quan tâm""]",Nội dung khác mà một hoặc các bên quan tâm.,,,,,,,,,,,ch5_muc2_d67_k8,8,Nội dung khác mà một hoặc các bên quan tâm.,,,,,,
ch5_muc2_d68,ARTICLE,structural,"[""Quyền thương lượng tập thể của tổ chức đại diện người lao động tại cơ sở trong doanh nghiệp""]",Quyền thương lượng tập thể của tổ chức đại diện người lao động tại cơ sở trong doanh nghiệp,,,,,,,,ch5_muc2_d68,68,Quyền thương lượng tập thể của tổ chức đại diện người lao động tại cơ sở trong doanh nghiệp,,,,,,,,,
ch5_muc2_d68_k1,CLAUSE,structural,"[""Tổ chức đại diện người lao động tại cơ sở có quyền yêu cầu thương lượng tập thể khi đạt tỷ lệ thành viên tối thiểu trên tổng số người lao động trong doanh nghiệp theo quy định của Chính phủ""]",Tổ chức đại diện người lao động tại cơ sở có quyền yêu cầu thương lượng tập thể khi đạt tỷ lệ thành viên tối thiểu trên tổng số người lao động trong doanh nghiệp theo quy định của Chính phủ.,,,,,,,,,,,ch5_muc2_d68_k1,1,Tổ chức đại diện người lao động tại cơ sở có quyền yêu cầu thương lượng tập thể khi đạt tỷ lệ thành viên tối thiểu trên tổng số người lao động trong doanh nghiệp theo quy định của Chính phủ.,,,,,,
ch5_muc2_d68_k2,CLAUSE,structural,"[""Trường hợp doanh nghiệp có nhiều tổ chức đại diện người lao động tại cơ sở đáp ứng quy định tại khoản 1 Điều này thì tổ chức có quyền yêu cầu thương lượng là tổ chức có số thành viên nhiều nhất trong doanh nghiệp"", ""Các tổ chức đại diện người lao động tại cơ sở khác có thể tham gia thương lượng tập thể khi được tổ chức đại diện người lao động có quyền yêu cầu thương lượng tập thể đồng ý""]",Trường hợp doanh nghiệp có nhiều tổ chức đại diện người lao động tại cơ sở đáp ứng quy định tại khoản 1 Điều này thì tổ chức có quyền yêu cầu thương lượng là tổ chức có số thành viên nhiều nhất trong doanh nghiệp. Các tổ chức đại diện người lao động tại cơ sở khác có thể tham gia thương lượng tập thể khi được tổ chức đại diện người lao động có quyền yêu cầu thương lượng tập thể đồng ý.,,,,,,,,,,,ch5_muc2_d68_k2,2,Trường hợp doanh nghiệp có nhiều tổ chức đại diện người lao động tại cơ sở đáp ứng quy định tại khoản 1 Điều này thì tổ chức có quyền yêu cầu thương lượng là tổ chức có số thành viên nhiều nhất trong doanh nghiệp. Các tổ chức đại diện người lao động tại cơ sở khác có thể tham gia thương lượng tập thể khi được tổ chức đại diện người lao động có quyền yêu cầu thương lượng tập thể đồng ý.,,,,,,
ch5_muc2_d68_k3,CLAUSE,structural,"[""Trường hợp doanh nghiệp có nhiều tổ chức đại diện người lao động tại cơ sở mà không có tổ chức nào đáp ứng quy định tại khoản 1 Điều này thì các tổ chức có quyền tự nguyện kết hợp với nhau để yêu cầu thương lượng tập thể nhưng tổng số thành viên của các tổ chức này phải đạt tỷ lệ tối thiểu theo quy định tại khoản 1 Điều này""]",Trường hợp doanh nghiệp có nhiều tổ chức đại diện người lao động tại cơ sở mà không có tổ chức nào đáp ứng quy định tại khoản 1 Điều này thì các tổ chức có quyền tự nguyện kết hợp với nhau để yêu cầu thương lượng tập thể nhưng tổng số thành viên của các tổ chức này phải đạt tỷ lệ tối thiểu theo quy định tại khoản 1 Điều này.,,,,,,,,,,,ch5_muc2_d68_k3,3,Trường hợp doanh nghiệp có nhiều tổ chức đại diện người lao động tại cơ sở mà không có tổ chức nào đáp ứng quy định tại khoản 1 Điều này thì các tổ chức có quyền tự nguyện kết hợp với nhau để yêu cầu thương lượng tập thể nhưng tổng số thành viên của các tổ chức này phải đạt tỷ lệ tối thiểu theo quy định tại khoản 1 Điều này.,,,,,,
ch5_muc2_d68_k4,CLAUSE,structural,"[""Chính phủ quy định việc giải quyết tranh chấp giữa các bên liên quan đến quyền thương lượng tập thể""]",Chính phủ quy định việc giải quyết tranh chấp giữa các bên liên quan đến quyền thương lượng tập thể.,,,,,,,,,,,ch5_muc2_d68_k4,4,Chính phủ quy định việc giải quyết tranh chấp giữa các bên liên quan đến quyền thương lượng tập thể.,,,,,,
ch5_muc2_d69,ARTICLE,structural,"[""Đại diện thương lượng tập thể tại doanh nghiệp""]",Đại diện thương lượng tập thể tại doanh nghiệp,,,,,,,,ch5_muc2_d69,69,Đại diện thương lượng tập thể tại doanh nghiệp,,,,,,,,,
ch5_muc2_d69_k1,CLAUSE,structural,"[""Số lượng người tham gia thương lượng tập thể của mỗi bên do các bên thỏa thuận""]",Số lượng người tham gia thương lượng tập thể của mỗi bên do các bên thỏa thuận.,,,,,,,,,,,ch5_muc2_d69_k1,1,Số lượng người tham gia thương lượng tập thể của mỗi bên do các bên thỏa thuận.,,,,,,
ch5_muc2_d69_k2,CLAUSE,structural,"[""Thành phần tham gia thương lượng tập thể của mỗi bên do bên đó quyết định"", ""Trường hợp bên người lao động có nhiều tổ chức đại diện tham gia thương lượng tập thể theo quy định tại khoản 2 Điều 68 của Bộ luật này thì tổ chức đại diện có quyền yêu cầu thương lượng quyết định số lượng đại diện của mỗi tổ chức tham gia thương lượng"", ""Trường hợp bên người lao động có nhiều tổ chức đại diện tham gia thương lượng tập thể theo quy định tại khoản 3 Điều 68 của Bộ luật này thì số lượng đại diện của mỗi tổ chức do các tổ chức đó thỏa thuận"", ""Trường hợp không thỏa thuận được thì từng tổ chức xác định số lượng đại diện tham gia tương ứng theo số lượng thành viên của tổ chức mình trên tổng số thành viên của các tổ chức""]",Thành phần tham gia thương lượng tập thể của mỗi bên do bên đó quyết định. Trường hợp bên người lao động có nhiều tổ chức đại diện tham gia thương lượng tập thể theo quy định tại khoản 2 Điều 68 của Bộ luật này thì tổ chức đại diện có quyền yêu cầu thương lượng quyết định số lượng đại diện của mỗi tổ chức tham gia thương lượng. Trường hợp bên người lao động có nhiều tổ chức đại diện tham gia thương lượng tập thể theo quy định tại khoản 3 Điều 68 của Bộ luật này thì số lượng đại diện của mỗi tổ chức do các tổ chức đó thỏa thuận. Trường hợp không thỏa thuận được thì từng tổ chức xác định số lượng đại diện tham gia tương ứng theo số lượng thành viên của tổ chức mình trên tổng số thành viên của các tổ chức.,,,,,,,,,,,ch5_muc2_d69_k2,2,Thành phần tham gia thương lượng tập thể của mỗi bên do bên đó quyết định. Trường hợp bên người lao động có nhiều tổ chức đại diện tham gia thương lượng tập thể theo quy định tại khoản 2 Điều 68 của Bộ luật này thì tổ chức đại diện có quyền yêu cầu thương lượng quyết định số lượng đại diện của mỗi tổ chức tham gia thương lượng. Trường hợp bên người lao động có nhiều tổ chức đại diện tham gia thương lượng tập thể theo quy định tại khoản 3 Điều 68 của Bộ luật này thì số lượng đại diện của mỗi tổ chức do các tổ chức đó thỏa thuận. Trường hợp không thỏa thuận được thì từng tổ chức xác định số lượng đại diện tham gia tương ứng theo số lượng thành viên của tổ chức mình trên tổng số thành viên của các tổ chức.,,,,,,
ch5_muc2_d69_k3,CLAUSE,structural,"[""Mỗi bên thương lượng tập thể có quyền mời tổ chức đại diện cấp trên của mình cử người tham gia là đại diện thương lượng và bên kia không được từ chối"", ""Đại diện thương lượng tập thể của mỗi bên không được vượt quá số lượng quy định tại khoản 1 Điều này, trừ trường hợp được bên kia đồng ý""]","Mỗi bên thương lượng tập thể có quyền mời tổ chức đại diện cấp trên của mình cử người tham gia là đại diện thương lượng và bên kia không được từ chối. Đại diện thương lượng tập thể của mỗi bên không được vượt quá số lượng quy định tại khoản 1 Điều này, trừ trường hợp được bên kia đồng ý.",,,,,,,,,,,ch5_muc2_d69_k3,3,"Mỗi bên thương lượng tập thể có quyền mời tổ chức đại diện cấp trên của mình cử người tham gia là đại diện thương lượng và bên kia không được từ chối. Đại diện thương lượng tập thể của mỗi bên không được vượt quá số lượng quy định tại khoản 1 Điều này, trừ trường hợp được bên kia đồng ý.",,,,,,
ch5_muc2_d70,ARTICLE,structural,"[""Quy trình thương lượng tập thể tại doanh nghiệp""]",Quy trình thương lượng tập thể tại doanh nghiệp,,,,,,,,ch5_muc2_d70,70,Quy trình thương lượng tập thể tại doanh nghiệp,,,,,,,,,
ch5_muc2_d70_k1,CLAUSE,structural,"[""Khi có yêu cầu thương lượng tập thể của tổ chức đại diện người lao động tại cơ sở có quyền yêu cầu thương lượng tập thể theo quy định tại Điều 68 của Bộ luật này hoặc yêu cầu của người sử dụng lao động thì bên nhận được yêu cầu không được từ chối việc thương lượng"", ""Trong thời hạn 07 ngày làm việc kể từ ngày nhận được yêu cầu và nội dung thương lượng, các bên thỏa thuận về địa điểm, thời gian bắt đầu thương lượng"", ""Người sử dụng lao động có trách nhiệm bố trí thời gian, địa điểm và các điều kiện cần thiết để tổ chức các phiên họp thương lượng tập thể"", ""Thời gian bắt đầu thương lượng không được quá 30 ngày kể từ ngày nhận được yêu cầu thương lượng tập thể""]","Khi có yêu cầu thương lượng tập thể của tổ chức đại diện người lao động tại cơ sở có quyền yêu cầu thương lượng tập thể theo quy định tại Điều 68 của Bộ luật này hoặc yêu cầu của người sử dụng lao động thì bên nhận được yêu cầu không được từ chối việc thương lượng. Trong thời hạn 07 ngày làm việc kể từ ngày nhận được yêu cầu và nội dung thương lượng, các bên thỏa thuận về địa điểm, thời gian bắt đầu thương lượng. Người sử dụng lao động có trách nhiệm bố trí thời gian, địa điểm và các điều kiện cần thiết để tổ chức các phiên họp thương lượng tập thể. Thời gian bắt đầu thương lượng không được quá 30 ngày kể từ ngày nhận được yêu cầu thương lượng tập thể.",,,,,,,,,,,ch5_muc2_d70_k1,1,"Khi có yêu cầu thương lượng tập thể của tổ chức đại diện người lao động tại cơ sở có quyền yêu cầu thương lượng tập thể theo quy định tại Điều 68 của Bộ luật này hoặc yêu cầu của người sử dụng lao động thì bên nhận được yêu cầu không được từ chối việc thương lượng. Trong thời hạn 07 ngày làm việc kể từ ngày nhận được yêu cầu và nội dung thương lượng, các bên thỏa thuận về địa điểm, thời gian bắt đầu thương lượng. Người sử dụng lao động có trách nhiệm bố trí thời gian, địa điểm và các điều kiện cần thiết để tổ chức các phiên họp thương lượng tập thể. Thời gian bắt đầu thương lượng không được quá 30 ngày kể từ ngày nhận được yêu cầu thương lượng tập thể.",,,,,,
ch5_muc2_d70_k2,CLAUSE,structural,"[""Thời gian thương lượng tập thể không được quá 90 ngày kể từ ngày bắt đầu thương lượng, trừ trường hợp các bên có thỏa thuận khác"", ""Thời gian tham gia các phiên họp thương lượng tập thể của đại diện bên người lao động được tính là thời gian làm việc có hưởng lương"", ""Trường hợp người lao động là thành viên của tổ chức đại diện người lao động tham gia các phiên họp thương lượng tập thể thì thời gian tham gia các phiên họp không tính vào thời gian quy định tại khoản 2 Điều 176 của Bộ luật này""]","Thời gian thương lượng tập thể không được quá 90 ngày kể từ ngày bắt đầu thương lượng, trừ trường hợp các bên có thỏa thuận khác. Thời gian tham gia các phiên họp thương lượng tập thể của đại diện bên người lao động được tính là thời gian làm việc có hưởng lương. Trường hợp người lao động là thành viên của tổ chức đại diện người lao động tham gia các phiên họp thương lượng tập thể thì thời gian tham gia các phiên họp không tính vào thời gian quy định tại khoản 2 Điều 176 của Bộ luật này.",,,,,,,,,,,ch5_muc2_d70_k2,2,"Thời gian thương lượng tập thể không được quá 90 ngày kể từ ngày bắt đầu thương lượng, trừ trường hợp các bên có thỏa thuận khác. Thời gian tham gia các phiên họp thương lượng tập thể của đại diện bên người lao động được tính là thời gian làm việc có hưởng lương. Trường hợp người lao động là thành viên của tổ chức đại diện người lao động tham gia các phiên họp thương lượng tập thể thì thời gian tham gia các phiên họp không tính vào thời gian quy định tại khoản 2 Điều 176 của Bộ luật này.",,,,,,
ch5_muc2_d70_k3,CLAUSE,structural,"[""Trong quá trình thương lượng tập thể, nếu có yêu cầu của bên đại diện người lao động thì trong thời hạn 10 ngày kể từ ngày nhận được yêu cầu, bên người sử dụng lao động có trách nhiệm cung cấp thông tin về tình hình hoạt động sản xuất, kinh doanh và nội dung khác liên quan trực tiếp đến nội dung thương lượng trong phạm vi doanh nghiệp nhằm tạo điều kiện thuận lợi cho thương lượng tập thể, trừ thông tin về bí mật kinh doanh, bí mật công nghệ của người sử dụng lao động""]","Trong quá trình thương lượng tập thể, nếu có yêu cầu của bên đại diện người lao động thì trong thời hạn 10 ngày kể từ ngày nhận được yêu cầu, bên người sử dụng lao động có trách nhiệm cung cấp thông tin về tình hình hoạt động sản xuất, kinh doanh và nội dung khác liên quan trực tiếp đến nội dung thương lượng trong phạm vi doanh nghiệp nhằm tạo điều kiện thuận lợi cho thương lượng tập thể, trừ thông tin về bí mật kinh doanh, bí mật công nghệ của người sử dụng lao động.",,,,,,,,,,,ch5_muc2_d70_k3,3,"Trong quá trình thương lượng tập thể, nếu có yêu cầu của bên đại diện người lao động thì trong thời hạn 10 ngày kể từ ngày nhận được yêu cầu, bên người sử dụng lao động có trách nhiệm cung cấp thông tin về tình hình hoạt động sản xuất, kinh doanh và nội dung khác liên quan trực tiếp đến nội dung thương lượng trong phạm vi doanh nghiệp nhằm tạo điều kiện thuận lợi cho thương lượng tập thể, trừ thông tin về bí mật kinh doanh, bí mật công nghệ của người sử dụng lao động.",,,,,,
ch5_muc2_d70_k4,CLAUSE,structural,"[""Tổ chức đại diện người lao động tại cơ sở có quyền tổ chức thảo luận, lấy ý kiến người lao động về nội dung, cách thức tiến hành và kết quả của quá trình thương lượng tập thể"", ""Tổ chức đại diện người lao động tại cơ sở quyết định về thời gian, địa điểm và cách thức tiến hành thảo luận, lấy ý kiến người lao động nhưng không được làm ảnh hưởng đến hoạt động sản xuất, kinh doanh bình thường của doanh nghiệp"", ""Người sử dụng lao động không được gây khó khăn, cản trở hoặc can thiệp vào quá trình tổ chức đại diện người lao động thảo luận, lấy ý kiến người lao động""]","Tổ chức đại diện người lao động tại cơ sở có quyền tổ chức thảo luận, lấy ý kiến người lao động về nội dung, cách thức tiến hành và kết quả của quá trình thương lượng tập thể. Tổ chức đại diện người lao động tại cơ sở quyết định về thời gian, địa điểm và cách thức tiến hành thảo luận, lấy ý kiến người lao động nhưng không được làm ảnh hưởng đến hoạt động sản xuất, kinh doanh bình thường của doanh nghiệp. Người sử dụng lao động không được gây khó khăn, cản trở hoặc can thiệp vào quá trình tổ chức đại diện người lao động thảo luận, lấy ý kiến người lao động.",,,,,,,,,,,ch5_muc2_d70_k4,4,"Tổ chức đại diện người lao động tại cơ sở có quyền tổ chức thảo luận, lấy ý kiến người lao động về nội dung, cách thức tiến hành và kết quả của quá trình thương lượng tập thể. Tổ chức đại diện người lao động tại cơ sở quyết định về thời gian, địa điểm và cách thức tiến hành thảo luận, lấy ý kiến người lao động nhưng không được làm ảnh hưởng đến hoạt động sản xuất, kinh doanh bình thường của doanh nghiệp. Người sử dụng lao động không được gây khó khăn, cản trở hoặc can thiệp vào quá trình tổ chức đại diện người lao động thảo luận, lấy ý kiến người lao động.",,,,,,
ch5_muc2_d70_k5,CLAUSE,structural,"[""Việc thương lượng tập thể phải được lập biên bản, trong đó ghi rõ nội dung đã được các bên thống nhất, nội dung còn ý kiến khác nhau"", ""Biên bản thương lượng tập thể phải có chữ ký của đại diện các bên thương lượng và của người ghi biên bản"", ""Tổ chức đại diện người lao động tại cơ sở công bố rộng rãi, công khai biên bản thương lượng tập thể đến toàn bộ người lao động""]","Việc thương lượng tập thể phải được lập biên bản, trong đó ghi rõ nội dung đã được các bên thống nhất, nội dung còn ý kiến khác nhau. Biên bản thương lượng tập thể phải có chữ ký của đại diện các bên thương lượng và của người ghi biên bản. Tổ chức đại diện người lao động tại cơ sở công bố rộng rãi, công khai biên bản thương lượng tập thể đến toàn bộ người lao động.",,,,,,,,,,,ch5_muc2_d70_k5,5,"Việc thương lượng tập thể phải được lập biên bản, trong đó ghi rõ nội dung đã được các bên thống nhất, nội dung còn ý kiến khác nhau. Biên bản thương lượng tập thể phải có chữ ký của đại diện các bên thương lượng và của người ghi biên bản. Tổ chức đại diện người lao động tại cơ sở công bố rộng rãi, công khai biên bản thương lượng tập thể đến toàn bộ người lao động.",,,,,,
ch5_muc2_d71,ARTICLE,structural,"[""Thương lượng tập thể không thành""]",Thương lượng tập thể không thành,,,,,,,,ch5_muc2_d71,71,Thương lượng tập thể không thành,,,,,,,,,
ch5_muc2_d71_k1,CLAUSE,structural,"[""Thương lượng tập thể không thành thuộc một trong các trường hợp sau đây: a) Một bên từ chối thương lượng hoặc không tiến hành thương lượng trong thời hạn quy định tại khoản 1 Điều 70 của Bộ luật này"", ""b) Đã hết thời hạn quy định tại khoản 2 Điều 70 của Bộ luật này mà các bên không đạt được thỏa thuận"", ""c) Chưa hết thời hạn quy định tại khoản 2 Điều 70 của Bộ luật này nhưng các bên cùng xác định và tuyên bố về việc thương lượng tập thể không đạt được thỏa thuận""]",Thương lượng tập thể không thành thuộc một trong các trường hợp sau đây: a) Một bên từ chối thương lượng hoặc không tiến hành thương lượng trong thời hạn quy định tại khoản 1 Điều 70 của Bộ luật này; b) Đã hết thời hạn quy định tại khoản 2 Điều 70 của Bộ luật này mà các bên không đạt được thỏa thuận; c) Chưa hết thời hạn quy định tại khoản 2 Điều 70 của Bộ luật này nhưng các bên cùng xác định và tuyên bố về việc thương lượng tập thể không đạt được thỏa thuận.,,,,,,,,,,,ch5_muc2_d71_k1,1,Thương lượng tập thể không thành thuộc một trong các trường hợp sau đây: a) Một bên từ chối thương lượng hoặc không tiến hành thương lượng trong thời hạn quy định tại khoản 1 Điều 70 của Bộ luật này; b) Đã hết thời hạn quy định tại khoản 2 Điều 70 của Bộ luật này mà các bên không đạt được thỏa thuận; c) Chưa hết thời hạn quy định tại khoản 2 Điều 70 của Bộ luật này nhưng các bên cùng xác định và tuyên bố về việc thương lượng tập thể không đạt được thỏa thuận.,,,,,,
ch5_muc2_d71_k1_a,POINT,structural,[],Một bên từ chối thương lượng hoặc không tiến hành thương lượng trong thời hạn quy định tại khoản 1 Điều 70 của Bộ luật này;,,,,,,,,,,,,,,ch5_muc2_d71_k1_a,a),Một bên từ chối thương lượng hoặc không tiến hành thương lượng trong thời hạn quy định tại khoản 1 Điều 70 của Bộ luật này;,,,
ch5_muc2_d71_k1_b,POINT,structural,[],Đã hết thời hạn quy định tại khoản 2 Điều 70 của Bộ luật này mà các bên không đạt được thỏa thuận;,,,,,,,,,,,,,,ch5_muc2_d71_k1_b,b),Đã hết thời hạn quy định tại khoản 2 Điều 70 của Bộ luật này mà các bên không đạt được thỏa thuận;,,,
ch5_muc2_d71_k1_c,POINT,structural,[],Chưa hết thời hạn quy định tại khoản 2 Điều 70 của Bộ luật này nhưng các bên cùng xác định và tuyên bố về việc thương lượng tập thể không đạt được thỏa thuận.,,,,,,,,,,,,,,ch5_muc2_d71_k1_c,c),Chưa hết thời hạn quy định tại khoản 2 Điều 70 của Bộ luật này nhưng các bên cùng xác định và tuyên bố về việc thương lượng tập thể không đạt được thỏa thuận.,,,
ch5_muc2_d71_k2,CLAUSE,structural,"[""Khi thương lượng không thành, các bên thương lượng tiến hành thủ tục giải quyết tranh chấp lao động theo quy định của Bộ luật này"", ""Trong khi đang giải quyết tranh chấp lao động, tổ chức đại diện người lao động không được tổ chức đình công""]","Khi thương lượng không thành, các bên thương lượng tiến hành thủ tục giải quyết tranh chấp lao động theo quy định của Bộ luật này. Trong khi đang giải quyết tranh chấp lao động, tổ chức đại diện người lao động không được tổ chức đình công.",,,,,,,,,,,ch5_muc2_d71_k2,2,"Khi thương lượng không thành, các bên thương lượng tiến hành thủ tục giải quyết tranh chấp lao động theo quy định của Bộ luật này. Trong khi đang giải quyết tranh chấp lao động, tổ chức đại diện người lao động không được tổ chức đình công.",,,,,,
ch5_muc2_d72,ARTICLE,structural,"[""Thương lượng tập thể ngành, thương lượng tập thể có nhiều doanh nghiệp tham gia""]","Thương lượng tập thể ngành, thương lượng tập thể có nhiều doanh nghiệp tham gia",,,,,,,,ch5_muc2_d72,72,"Thương lượng tập thể ngành, thương lượng tập thể có nhiều doanh nghiệp tham gia",,,,,,,,,
ch5_muc2_d72_k1,CLAUSE,structural,"[""Nguyên tắc, nội dung thương lượng tập thể ngành, thương lượng tập thể có nhiều doanh nghiệp tham gia thực hiện theo quy định tại Điều 66 và Điều 67 của Bộ luật này""]","Nguyên tắc, nội dung thương lượng tập thể ngành, thương lượng tập thể có nhiều doanh nghiệp tham gia thực hiện theo quy định tại Điều 66 và Điều 67 của Bộ luật này.",,,,,,,,,,,ch5_muc2_d72_k1,1,"Nguyên tắc, nội dung thương lượng tập thể ngành, thương lượng tập thể có nhiều doanh nghiệp tham gia thực hiện theo quy định tại Điều 66 và Điều 67 của Bộ luật này.",,,,,,
ch5_muc2_d72_k2,CLAUSE,structural,"[""Quy trình tiến hành thương lượng tập thể ngành, thương lượng tập thể có nhiều doanh nghiệp tham gia do các bên thỏa thuận quyết định, bao gồm cả việc thỏa thuận tiến hành thương lượng tập thể thông qua Hội đồng thương lượng tập thể quy định tại Điều 73 của Bộ luật này""]","Quy trình tiến hành thương lượng tập thể ngành, thương lượng tập thể có nhiều doanh nghiệp tham gia do các bên thỏa thuận quyết định, bao gồm cả việc thỏa thuận tiến hành thương lượng tập thể thông qua Hội đồng thương lượng tập thể quy định tại Điều 73 của Bộ luật này.",,,,,,,,,,,ch5_muc2_d72_k2,2,"Quy trình tiến hành thương lượng tập thể ngành, thương lượng tập thể có nhiều doanh nghiệp tham gia do các bên thỏa thuận quyết định, bao gồm cả việc thỏa thuận tiến hành thương lượng tập thể thông qua Hội đồng thương lượng tập thể quy định tại Điều 73 của Bộ luật này.",,,,,,
ch5_muc2_d72_k3,CLAUSE,structural,"[""Trường hợp thương lượng tập thể ngành thì đại diện thương lượng là tổ chức công đoàn ngành và tổ chức đại diện người sử dụng lao động cấp ngành quyết định"", ""Trường hợp thương lượng tập thể có nhiều doanh nghiệp tham gia thì đại diện thương lượng do các bên thương lượng quyết định trên cơ sở tự nguyện, thỏa thuận""]","Trường hợp thương lượng tập thể ngành thì đại diện thương lượng là tổ chức công đoàn ngành và tổ chức đại diện người sử dụng lao động cấp ngành quyết định. Trường hợp thương lượng tập thể có nhiều doanh nghiệp tham gia thì đại diện thương lượng do các bên thương lượng quyết định trên cơ sở tự nguyện, thỏa thuận.",,,,,,,,,,,ch5_muc2_d72_k3,3,"Trường hợp thương lượng tập thể ngành thì đại diện thương lượng là tổ chức công đoàn ngành và tổ chức đại diện người sử dụng lao động cấp ngành quyết định. Trường hợp thương lượng tập thể có nhiều doanh nghiệp tham gia thì đại diện thương lượng do các bên thương lượng quyết định trên cơ sở tự nguyện, thỏa thuận.",,,,,,
ch5_muc2_d73,ARTICLE,structural,"[""Thương lượng tập thể có nhiều doanh nghiệp tham gia thông qua Hội đồng thương lượng tập thể""]",Thương lượng tập thể có nhiều doanh nghiệp tham gia thông qua Hội đồng thương lượng tập thể,,,,,,,,ch5_muc2_d73,73,Thương lượng tập thể có nhiều doanh nghiệp tham gia thông qua Hội đồng thương lượng tập thể,,,,,,,,,
ch5_muc2_d73_k1,CLAUSE,structural,"[""Trên cơ sở đồng thuận, các bên thương lượng tập thể có nhiều doanh nghiệp tham gia có thể yêu cầu Ủy ban nhân dân cấp tỉnh nơi đặt trụ sở chính của các doanh nghiệp tham gia thương lượng hoặc nơi do các bên lựa chọn trong trường hợp các doanh nghiệp tham gia thương lượng có trụ sở chính tại nhiều tỉnh, thành phố trực thuộc Trung ương thành lập Hội đồng thương lượng tập thể để tiến hành thương lượng tập thể""]","Trên cơ sở đồng thuận, các bên thương lượng tập thể có nhiều doanh nghiệp tham gia có thể yêu cầu Ủy ban nhân dân cấp tỉnh nơi đặt trụ sở chính của các doanh nghiệp tham gia thương lượng hoặc nơi do các bên lựa chọn trong trường hợp các doanh nghiệp tham gia thương lượng có trụ sở chính tại nhiều tỉnh, thành phố trực thuộc Trung ương thành lập Hội đồng thương lượng tập thể để tiến hành thương lượng tập thể.",,,,,,,,,,,ch5_muc2_d73_k1,1,"Trên cơ sở đồng thuận, các bên thương lượng tập thể có nhiều doanh nghiệp tham gia có thể yêu cầu Ủy ban nhân dân cấp tỉnh nơi đặt trụ sở chính của các doanh nghiệp tham gia thương lượng hoặc nơi do các bên lựa chọn trong trường hợp các doanh nghiệp tham gia thương lượng có trụ sở chính tại nhiều tỉnh, thành phố trực thuộc Trung ương thành lập Hội đồng thương lượng tập thể để tiến hành thương lượng tập thể.",,,,,,
ch5_muc2_d73_k2,CLAUSE,structural,"[""Khi nhận được yêu cầu của các bên thương lượng tập thể có nhiều doanh nghiệp tham gia, Ủy ban nhân dân cấp tỉnh quyết định thành lập Hội đồng thương lượng tập thể để tổ chức việc thương lượng tập thể"", ""Thành phần Hội đồng thương lượng tập thể bao gồm: a) Chủ tịch Hội đồng do các bên quyết định và có trách nhiệm điều phối hoạt động của Hội đồng thương lượng tập thể, hỗ trợ cho việc thương lượng tập thể của các bên"", ""b) Đại diện các bên thương lượng tập thể do mỗi bên cử"", ""Số lượng đại diện mỗi bên thương lượng tham gia Hội đồng do các bên thỏa thuận"", ""c) Đại diện Ủy ban nhân dân cấp tỉnh""]","Khi nhận được yêu cầu của các bên thương lượng tập thể có nhiều doanh nghiệp tham gia, Ủy ban nhân dân cấp tỉnh quyết định thành lập Hội đồng thương lượng tập thể để tổ chức việc thương lượng tập thể. Thành phần Hội đồng thương lượng tập thể bao gồm: a) Chủ tịch Hội đồng do các bên quyết định và có trách nhiệm điều phối hoạt động của Hội đồng thương lượng tập thể, hỗ trợ cho việc thương lượng tập thể của các bên; b) Đại diện các bên thương lượng tập thể do mỗi bên cử. Số lượng đại diện mỗi bên thương lượng tham gia Hội đồng do các bên thỏa thuận; c) Đại diện Ủy ban nhân dân cấp tỉnh.",,,,,,,,,,,ch5_muc2_d73_k2,2,"Khi nhận được yêu cầu của các bên thương lượng tập thể có nhiều doanh nghiệp tham gia, Ủy ban nhân dân cấp tỉnh quyết định thành lập Hội đồng thương lượng tập thể để tổ chức việc thương lượng tập thể. Thành phần Hội đồng thương lượng tập thể bao gồm: a) Chủ tịch Hội đồng do các bên quyết định và có trách nhiệm điều phối hoạt động của Hội đồng thương lượng tập thể, hỗ trợ cho việc thương lượng tập thể của các bên; b) Đại diện các bên thương lượng tập thể do mỗi bên cử. Số lượng đại diện mỗi bên thương lượng tham gia Hội đồng do các bên thỏa thuận; c) Đại diện Ủy ban nhân dân cấp tỉnh.",,,,,,
ch5_muc2_d73_k2_a,POINT,structural,[],"Chủ tịch Hội đồng do các bên quyết định và có trách nhiệm điều phối hoạt động của Hội đồng thương lượng tập thể, hỗ trợ cho việc thương lượng tập thể của các bên;",,,,,,,,,,,,,,ch5_muc2_d73_k2_a,a),"Chủ tịch Hội đồng do các bên quyết định và có trách nhiệm điều phối hoạt động của Hội đồng thương lượng tập thể, hỗ trợ cho việc thương lượng tập thể của các bên;",,,
ch5_muc2_d73_k2_b,POINT,structural,[],Đại diện các bên thương lượng tập thể do mỗi bên cử. Số lượng đại diện mỗi bên thương lượng tham gia Hội đồng do các bên thỏa thuận;,,,,,,,,,,,,,,ch5_muc2_d73_k2_b,b),Đại diện các bên thương lượng tập thể do mỗi bên cử. Số lượng đại diện mỗi bên thương lượng tham gia Hội đồng do các bên thỏa thuận;,,,
ch5_muc2_d73_k2_c,POINT,structural,[],Đại diện Ủy ban nhân dân cấp tỉnh.,,,,,,,,,,,,,,ch5_muc2_d73_k2_c,c),Đại diện Ủy ban nhân dân cấp tỉnh.,,,
ch5_muc2_d73_k3,CLAUSE,structural,"[""Hội đồng thương lượng tập thể tiến hành thương lượng theo yêu cầu của các bên và tự chấm dứt hoạt động khi thỏa ước lao động tập thể có nhiều doanh nghiệp tham gia được ký kết hoặc theo thỏa thuận của các bên""]",Hội đồng thương lượng tập thể tiến hành thương lượng theo yêu cầu của các bên và tự chấm dứt hoạt động khi thỏa ước lao động tập thể có nhiều doanh nghiệp tham gia được ký kết hoặc theo thỏa thuận của các bên.,,,,,,,,,,,ch5_muc2_d73_k3,3,Hội đồng thương lượng tập thể tiến hành thương lượng theo yêu cầu của các bên và tự chấm dứt hoạt động khi thỏa ước lao động tập thể có nhiều doanh nghiệp tham gia được ký kết hoặc theo thỏa thuận của các bên.,,,,,,
ch5_muc2_d73_k4,CLAUSE,structural,"[""Bộ trưởng Bộ Lao động - Thương binh và Xã hội quy định chức năng, nhiệm vụ, hoạt động của Hội đồng thương lượng tập thể""]","Bộ trưởng Bộ Lao động - Thương binh và Xã hội quy định chức năng, nhiệm vụ, hoạt động của Hội đồng thương lượng tập thể.",,,,,,,,,,,ch5_muc2_d73_k4,4,"Bộ trưởng Bộ Lao động - Thương binh và Xã hội quy định chức năng, nhiệm vụ, hoạt động của Hội đồng thương lượng tập thể.",,,,,,
ch5_muc2_d74,ARTICLE,structural,"[""Trách nhiệm của Ủy ban nhân dân cấp tỉnh trong thương lượng tập thể""]",Trách nhiệm của Ủy ban nhân dân cấp tỉnh trong thương lượng tập thể,,,,,,,,ch5_muc2_d74,74,Trách nhiệm của Ủy ban nhân dân cấp tỉnh trong thương lượng tập thể,,,,,,,,,
ch5_muc2_d74_k1,CLAUSE,structural,"[""Tổ chức đào tạo, bồi dưỡng kỹ năng thương lượng tập thể cho các bên thương lượng tập thể""]","Tổ chức đào tạo, bồi dưỡng kỹ năng thương lượng tập thể cho các bên thương lượng tập thể.",,,,,,,,,,,ch5_muc2_d74_k1,1,"Tổ chức đào tạo, bồi dưỡng kỹ năng thương lượng tập thể cho các bên thương lượng tập thể.",,,,,,
ch5_muc2_d74_k2,CLAUSE,structural,"[""Xây dựng và cung cấp các thông tin, dữ liệu về kinh tế - xã hội, thị trường lao động, quan hệ lao động nhằm hỗ trợ, thúc đẩy thương lượng tập thể""]","Xây dựng và cung cấp các thông tin, dữ liệu về kinh tế - xã hội, thị trường lao động, quan hệ lao động nhằm hỗ trợ, thúc đẩy thương lượng tập thể.",,,,,,,,,,,ch5_muc2_d74_k2,2,"Xây dựng và cung cấp các thông tin, dữ liệu về kinh tế - xã hội, thị trường lao động, quan hệ lao động nhằm hỗ trợ, thúc đẩy thương lượng tập thể.",,,,,,
ch5_muc2_d74_k3,CLAUSE,structural,"[""Chủ động hoặc khi có yêu cầu của cả hai bên thương lượng tập thể, hỗ trợ các bên đạt được thỏa thuận trong quá trình thương lượng tập thể"", ""trường hợp không có yêu cầu, việc chủ động hỗ trợ của Ủy ban nhân dân cấp tỉnh chỉ được tiến hành nếu được các bên đồng ý""]","Chủ động hoặc khi có yêu cầu của cả hai bên thương lượng tập thể, hỗ trợ các bên đạt được thỏa thuận trong quá trình thương lượng tập thể; trường hợp không có yêu cầu, việc chủ động hỗ trợ của Ủy ban nhân dân cấp tỉnh chỉ được tiến hành nếu được các bên đồng ý.",,,,,,,,,,,ch5_muc2_d74_k3,3,"Chủ động hoặc khi có yêu cầu của cả hai bên thương lượng tập thể, hỗ trợ các bên đạt được thỏa thuận trong quá trình thương lượng tập thể; trường hợp không có yêu cầu, việc chủ động hỗ trợ của Ủy ban nhân dân cấp tỉnh chỉ được tiến hành nếu được các bên đồng ý.",,,,,,
ch5_muc2_d74_k4,CLAUSE,structural,"[""Thành lập Hội đồng thương lượng tập thể khi có yêu cầu của các bên thương lượng tập thể có nhiều doanh nghiệp theo quy định tại Điều 73 của Bộ luật này""]",Thành lập Hội đồng thương lượng tập thể khi có yêu cầu của các bên thương lượng tập thể có nhiều doanh nghiệp theo quy định tại Điều 73 của Bộ luật này.,,,,,,,,,,,ch5_muc2_d74_k4,4,Thành lập Hội đồng thương lượng tập thể khi có yêu cầu của các bên thương lượng tập thể có nhiều doanh nghiệp theo quy định tại Điều 73 của Bộ luật này.,,,,,,
ch5_muc3,SECTION,structural,[],THỎA ƯỚC LAO ĐỘNG TẬP THỂ,,,,,,,,,,,,,,,,,ch5_muc3,3,THỎA ƯỚC LAO ĐỘNG TẬP THỂ
ch5_muc3_d75,ARTICLE,structural,"[""Thỏa ước lao động tập thể""]",Thỏa ước lao động tập thể,,,,,,,,ch5_muc3_d75,75,Thỏa ước lao động tập thể,,,,,,,,,
ch5_muc3_d75_k1,CLAUSE,structural,"[""Thỏa ước lao động tập thể là thỏa thuận đạt được thông qua thương lượng tập thể và được các bên ký kết bằng văn bản"", ""Thỏa ước lao động tập thể bao gồm thỏa ước lao động tập thể doanh nghiệp, thỏa ước lao động tập thể ngành, thỏa ước lao động tập thể có nhiều doanh nghiệp và các thỏa ước lao động tập thể khác""]","Thỏa ước lao động tập thể là thỏa thuận đạt được thông qua thương lượng tập thể và được các bên ký kết bằng văn bản. Thỏa ước lao động tập thể bao gồm thỏa ước lao động tập thể doanh nghiệp, thỏa ước lao động tập thể ngành, thỏa ước lao động tập thể có nhiều doanh nghiệp và các thỏa ước lao động tập thể khác.",,,,,,,,,,,ch5_muc3_d75_k1,1,"Thỏa ước lao động tập thể là thỏa thuận đạt được thông qua thương lượng tập thể và được các bên ký kết bằng văn bản. Thỏa ước lao động tập thể bao gồm thỏa ước lao động tập thể doanh nghiệp, thỏa ước lao động tập thể ngành, thỏa ước lao động tập thể có nhiều doanh nghiệp và các thỏa ước lao động tập thể khác.",,,,,,
ch5_muc3_d75_k2,CLAUSE,structural,"[""Nội dung thỏa ước lao động tập thể không được trái với quy định của pháp luật"", ""khuyến khích có lợi hơn cho người lao động so với quy định của pháp luật""]",Nội dung thỏa ước lao động tập thể không được trái với quy định của pháp luật; khuyến khích có lợi hơn cho người lao động so với quy định của pháp luật.,,,,,,,,,,,ch5_muc3_d75_k2,2,Nội dung thỏa ước lao động tập thể không được trái với quy định của pháp luật; khuyến khích có lợi hơn cho người lao động so với quy định của pháp luật.,,,,,,
ch5_muc3_d76,ARTICLE,structural,"[""Lấy ý kiến và ký kết thỏa ước lao động tập thể""]",Lấy ý kiến và ký kết thỏa ước lao động tập thể,,,,,,,,ch5_muc3_d76,76,Lấy ý kiến và ký kết thỏa ước lao động tập thể,,,,,,,,,
ch5_muc3_d76_k1,CLAUSE,structural,"[""Đối với thỏa ước lao động tập thể doanh nghiệp, trước khi ký kết, dự thảo thỏa ước lao động tập thể đã được các bên đàm phán phải được lấy ý kiến của toàn bộ người lao động trong doanh nghiệp"", ""Thỏa ước lao động tập thể doanh nghiệp chỉ được ký kết khi có trên 50% người lao động của doanh nghiệp biểu quyết tán thành""]","Đối với thỏa ước lao động tập thể doanh nghiệp, trước khi ký kết, dự thảo thỏa ước lao động tập thể đã được các bên đàm phán phải được lấy ý kiến của toàn bộ người lao động trong doanh nghiệp. Thỏa ước lao động tập thể doanh nghiệp chỉ được ký kết khi có trên 50% người lao động của doanh nghiệp biểu quyết tán thành.",,,,,,,,,,,ch5_muc3_d76_k1,1,"Đối với thỏa ước lao động tập thể doanh nghiệp, trước khi ký kết, dự thảo thỏa ước lao động tập thể đã được các bên đàm phán phải được lấy ý kiến của toàn bộ người lao động trong doanh nghiệp. Thỏa ước lao động tập thể doanh nghiệp chỉ được ký kết khi có trên 50% người lao động của doanh nghiệp biểu quyết tán thành.",,,,,,
ch5_muc3_d76_k2,CLAUSE,structural,"[""Đối với thỏa ước lao động tập thể ngành, đối tượng lấy ý kiến bao gồm toàn bộ thành viên ban lãnh đạo của các tổ chức đại diện người lao động tại các doanh nghiệp tham gia thương lượng"", ""Thỏa ước lao động tập thể ngành chỉ được ký kết khi có trên 50% tổng số người được lấy ý kiến biểu quyết tán thành"", ""Đối với thỏa ước lao động tập thể có nhiều doanh nghiệp, đối tượng lấy ý kiến bao gồm toàn bộ người lao động tại các doanh nghiệp tham gia thương lượng hoặc toàn bộ thành viên ban lãnh đạo của các tổ chức đại diện người lao động tại các doanh nghiệp tham gia thương lượng"", ""Chỉ những doanh nghiệp có trên 50% số người được lấy ý kiến biểu quyết tán thành mới tham gia ký kết thỏa ước lao động tập thể có nhiều doanh nghiệp""]","Đối với thỏa ước lao động tập thể ngành, đối tượng lấy ý kiến bao gồm toàn bộ thành viên ban lãnh đạo của các tổ chức đại diện người lao động tại các doanh nghiệp tham gia thương lượng. Thỏa ước lao động tập thể ngành chỉ được ký kết khi có trên 50% tổng số người được lấy ý kiến biểu quyết tán thành. Đối với thỏa ước lao động tập thể có nhiều doanh nghiệp, đối tượng lấy ý kiến bao gồm toàn bộ người lao động tại các doanh nghiệp tham gia thương lượng hoặc toàn bộ thành viên ban lãnh đạo của các tổ chức đại diện người lao động tại các doanh nghiệp tham gia thương lượng. Chỉ những doanh nghiệp có trên 50% số người được lấy ý kiến biểu quyết tán thành mới tham gia ký kết thỏa ước lao động tập thể có nhiều doanh nghiệp.",,,,,,,,,,,ch5_muc3_d76_k2,2,"Đối với thỏa ước lao động tập thể ngành, đối tượng lấy ý kiến bao gồm toàn bộ thành viên ban lãnh đạo của các tổ chức đại diện người lao động tại các doanh nghiệp tham gia thương lượng. Thỏa ước lao động tập thể ngành chỉ được ký kết khi có trên 50% tổng số người được lấy ý kiến biểu quyết tán thành. Đối với thỏa ước lao động tập thể có nhiều doanh nghiệp, đối tượng lấy ý kiến bao gồm toàn bộ người lao động tại các doanh nghiệp tham gia thương lượng hoặc toàn bộ thành viên ban lãnh đạo của các tổ chức đại diện người lao động tại các doanh nghiệp tham gia thương lượng. Chỉ những doanh nghiệp có trên 50% số người được lấy ý kiến biểu quyết tán thành mới tham gia ký kết thỏa ước lao động tập thể có nhiều doanh nghiệp.",,,,,,
ch5_muc3_d76_k3,CLAUSE,structural,"[""Thời gian, địa điểm và cách thức lấy ý kiến biểu quyết đối với dự thảo thỏa ước lao động tập thể do tổ chức đại diện người lao động quyết định nhưng không được làm ảnh hưởng đến hoạt động sản xuất, kinh doanh bình thường của doanh nghiệp tham gia thương lượng"", ""Người sử dụng lao động không được gây khó khăn, cản trở hoặc can thiệp vào quá trình tổ chức đại diện người lao động lấy ý kiến biểu quyết về dự thảo thỏa ước""]","Thời gian, địa điểm và cách thức lấy ý kiến biểu quyết đối với dự thảo thỏa ước lao động tập thể do tổ chức đại diện người lao động quyết định nhưng không được làm ảnh hưởng đến hoạt động sản xuất, kinh doanh bình thường của doanh nghiệp tham gia thương lượng. Người sử dụng lao động không được gây khó khăn, cản trở hoặc can thiệp vào quá trình tổ chức đại diện người lao động lấy ý kiến biểu quyết về dự thảo thỏa ước.",,,,,,,,,,,ch5_muc3_d76_k3,3,"Thời gian, địa điểm và cách thức lấy ý kiến biểu quyết đối với dự thảo thỏa ước lao động tập thể do tổ chức đại diện người lao động quyết định nhưng không được làm ảnh hưởng đến hoạt động sản xuất, kinh doanh bình thường của doanh nghiệp tham gia thương lượng. Người sử dụng lao động không được gây khó khăn, cản trở hoặc can thiệp vào quá trình tổ chức đại diện người lao động lấy ý kiến biểu quyết về dự thảo thỏa ước.",,,,,,
ch5_muc3_d76_k4,CLAUSE,structural,"[""Thỏa ước lao động tập thể được ký kết bởi đại diện hợp pháp của các bên thương lượng"", ""Trường hợp thỏa ước lao động tập thể có nhiều doanh nghiệp được tiến hành thông qua Hội đồng thương lượng tập thể thì được ký kết bởi Chủ tịch Hội đồng thương lượng tập thể và đại diện hợp pháp của các bên thương lượng""]",Thỏa ước lao động tập thể được ký kết bởi đại diện hợp pháp của các bên thương lượng. Trường hợp thỏa ước lao động tập thể có nhiều doanh nghiệp được tiến hành thông qua Hội đồng thương lượng tập thể thì được ký kết bởi Chủ tịch Hội đồng thương lượng tập thể và đại diện hợp pháp của các bên thương lượng.,,,,,,,,,,,ch5_muc3_d76_k4,4,Thỏa ước lao động tập thể được ký kết bởi đại diện hợp pháp của các bên thương lượng. Trường hợp thỏa ước lao động tập thể có nhiều doanh nghiệp được tiến hành thông qua Hội đồng thương lượng tập thể thì được ký kết bởi Chủ tịch Hội đồng thương lượng tập thể và đại diện hợp pháp của các bên thương lượng.,,,,,,
ch5_muc3_d76_k5,CLAUSE,structural,"[""Thỏa ước lao động tập thể phải được gửi cho mỗi bên ký kết và cho cơ quan chuyên môn về lao động thuộc Ủy ban nhân dân cấp tỉnh theo quy định tại Điều 77 của Bộ luật này"", ""Đối với thỏa ước lao động tập thể ngành hoặc thỏa ước lao động tập thể có nhiều doanh nghiệp thì từng người sử dụng lao động và từng tổ chức đại diện người lao động tại các doanh nghiệp tham gia thỏa ước phải được nhận 01 bản""]",Thỏa ước lao động tập thể phải được gửi cho mỗi bên ký kết và cho cơ quan chuyên môn về lao động thuộc Ủy ban nhân dân cấp tỉnh theo quy định tại Điều 77 của Bộ luật này. Đối với thỏa ước lao động tập thể ngành hoặc thỏa ước lao động tập thể có nhiều doanh nghiệp thì từng người sử dụng lao động và từng tổ chức đại diện người lao động tại các doanh nghiệp tham gia thỏa ước phải được nhận 01 bản.,,,,,,,,,,,ch5_muc3_d76_k5,5,Thỏa ước lao động tập thể phải được gửi cho mỗi bên ký kết và cho cơ quan chuyên môn về lao động thuộc Ủy ban nhân dân cấp tỉnh theo quy định tại Điều 77 của Bộ luật này. Đối với thỏa ước lao động tập thể ngành hoặc thỏa ước lao động tập thể có nhiều doanh nghiệp thì từng người sử dụng lao động và từng tổ chức đại diện người lao động tại các doanh nghiệp tham gia thỏa ước phải được nhận 01 bản.,,,,,,
ch5_muc3_d76_k6,CLAUSE,structural,"[""Sau khi thỏa ước lao động tập thể được ký kết, người sử dụng lao động phải công bố cho người lao động của mình biết""]","Sau khi thỏa ước lao động tập thể được ký kết, người sử dụng lao động phải công bố cho người lao động của mình biết.",,,,,,,,,,,ch5_muc3_d76_k6,6,"Sau khi thỏa ước lao động tập thể được ký kết, người sử dụng lao động phải công bố cho người lao động của mình biết.",,,,,,
ch5_muc3_d76_k7,CLAUSE,structural,"[""Chính phủ quy định chi tiết Điều này""]",Chính phủ quy định chi tiết Điều này.,,,,,,,,,,,ch5_muc3_d76_k7,7,Chính phủ quy định chi tiết Điều này.,,,,,,
ch5_muc3_d77,ARTICLE,structural,"[""Gửi thỏa ước lao động tập thể Trong thời hạn 10 ngày kể từ ngày thỏa ước lao động tập thể được ký kết, người sử dụng lao động tham gia thỏa ước phải gửi 01 bản thỏa ước lao động tập thể đến cơ quan chuyên môn về lao động thuộc Ủy ban nhân dân cấp tỉnh nơi đặt trụ sở chính""]","Gửi thỏa ước lao động tập thể Trong thời hạn 10 ngày kể từ ngày thỏa ước lao động tập thể được ký kết, người sử dụng lao động tham gia thỏa ước phải gửi 01 bản thỏa ước lao động tập thể đến cơ quan chuyên môn về lao động thuộc Ủy ban nhân dân cấp tỉnh nơi đặt trụ sở chính.",,,,,,,,ch5_muc3_d77,77,"Gửi thỏa ước lao động tập thể Trong thời hạn 10 ngày kể từ ngày thỏa ước lao động tập thể được ký kết, người sử dụng lao động tham gia thỏa ước phải gửi 01 bản thỏa ước lao động tập thể đến cơ quan chuyên môn về lao động thuộc Ủy ban nhân dân cấp tỉnh nơi đặt trụ sở chính.",,,,,,,,,
ch5_muc3_d78,ARTICLE,structural,"[""Hiệu lực và thời hạn của thỏa ước lao động tập thể""]",Hiệu lực và thời hạn của thỏa ước lao động tập thể,,,,,,,,ch5_muc3_d78,78,Hiệu lực và thời hạn của thỏa ước lao động tập thể,,,,,,,,,
ch5_muc3_d78_k1,CLAUSE,structural,"[""Ngày có hiệu lực của thỏa ước lao động tập thể do các bên thỏa thuận và được ghi trong thỏa ước"", ""Trường hợp các bên không thỏa thuận ngày có hiệu lực thì thỏa ước lao động tập thể có hiệu lực kể từ ngày ký kết"", ""Thỏa ước lao động tập thể sau khi có hiệu lực phải được các bên tôn trọng thực hiện""]",Ngày có hiệu lực của thỏa ước lao động tập thể do các bên thỏa thuận và được ghi trong thỏa ước. Trường hợp các bên không thỏa thuận ngày có hiệu lực thì thỏa ước lao động tập thể có hiệu lực kể từ ngày ký kết. Thỏa ước lao động tập thể sau khi có hiệu lực phải được các bên tôn trọng thực hiện.,,,,,,,,,,,ch5_muc3_d78_k1,1,Ngày có hiệu lực của thỏa ước lao động tập thể do các bên thỏa thuận và được ghi trong thỏa ước. Trường hợp các bên không thỏa thuận ngày có hiệu lực thì thỏa ước lao động tập thể có hiệu lực kể từ ngày ký kết. Thỏa ước lao động tập thể sau khi có hiệu lực phải được các bên tôn trọng thực hiện.,,,,,,
ch5_muc3_d78_k2,CLAUSE,structural,"[""Thỏa ước lao động tập thể doanh nghiệp có hiệu lực áp dụng đối với người sử dụng lao động và toàn bộ người lao động của doanh nghiệp"", ""Thỏa ước lao động tập thể ngành và thỏa ước lao động tập thể có nhiều doanh nghiệp có hiệu lực áp dụng đối với toàn bộ người sử dụng lao động và người lao động của các doanh nghiệp tham gia thỏa ước lao động tập thể""]",Thỏa ước lao động tập thể doanh nghiệp có hiệu lực áp dụng đối với người sử dụng lao động và toàn bộ người lao động của doanh nghiệp. Thỏa ước lao động tập thể ngành và thỏa ước lao động tập thể có nhiều doanh nghiệp có hiệu lực áp dụng đối với toàn bộ người sử dụng lao động và người lao động của các doanh nghiệp tham gia thỏa ước lao động tập thể.,,,,,,,,,,,ch5_muc3_d78_k2,2,Thỏa ước lao động tập thể doanh nghiệp có hiệu lực áp dụng đối với người sử dụng lao động và toàn bộ người lao động của doanh nghiệp. Thỏa ước lao động tập thể ngành và thỏa ước lao động tập thể có nhiều doanh nghiệp có hiệu lực áp dụng đối với toàn bộ người sử dụng lao động và người lao động của các doanh nghiệp tham gia thỏa ước lao động tập thể.,,,,,,
ch5_muc3_d78_k3,CLAUSE,structural,"[""Thỏa ước lao động tập thể có thời hạn từ 01 năm đến 03 năm"", ""Thời hạn cụ thể do các bên thỏa thuận và ghi trong thỏa ước lao động tập thể"", ""Các bên có quyền thỏa thuận thời hạn khác nhau đối với các nội dung của thỏa ước lao động tập thể""]",Thỏa ước lao động tập thể có thời hạn từ 01 năm đến 03 năm. Thời hạn cụ thể do các bên thỏa thuận và ghi trong thỏa ước lao động tập thể. Các bên có quyền thỏa thuận thời hạn khác nhau đối với các nội dung của thỏa ước lao động tập thể.,,,,,,,,,,,ch5_muc3_d78_k3,3,Thỏa ước lao động tập thể có thời hạn từ 01 năm đến 03 năm. Thời hạn cụ thể do các bên thỏa thuận và ghi trong thỏa ước lao động tập thể. Các bên có quyền thỏa thuận thời hạn khác nhau đối với các nội dung của thỏa ước lao động tập thể.,,,,,,
ch5_muc3_d79,ARTICLE,structural,"[""Thực hiện thỏa ước lao động tập thể tại doanh nghiệp""]",Thực hiện thỏa ước lao động tập thể tại doanh nghiệp,,,,,,,,ch5_muc3_d79,79,Thực hiện thỏa ước lao động tập thể tại doanh nghiệp,,,,,,,,,
ch5_muc3_d79_k1,CLAUSE,structural,"[""Người sử dụng lao động, người lao động, bao gồm cả người lao động vào làm việc sau ngày thỏa ước lao động tập thể có hiệu lực, có nghĩa vụ thực hiện đầy đủ thỏa ước lao động tập thể đang có hiệu lực""]","Người sử dụng lao động, người lao động, bao gồm cả người lao động vào làm việc sau ngày thỏa ước lao động tập thể có hiệu lực, có nghĩa vụ thực hiện đầy đủ thỏa ước lao động tập thể đang có hiệu lực.",,,,,,,,,,,ch5_muc3_d79_k1,1,"Người sử dụng lao động, người lao động, bao gồm cả người lao động vào làm việc sau ngày thỏa ước lao động tập thể có hiệu lực, có nghĩa vụ thực hiện đầy đủ thỏa ước lao động tập thể đang có hiệu lực.",,,,,,
ch5_muc3_d79_k2,CLAUSE,structural,"[""Trường hợp quyền, nghĩa vụ và lợi ích của các bên trong hợp đồng lao động đã giao kết trước ngày thỏa ước lao động tập thể có hiệu lực thấp hơn quy định tương ứng của thỏa ước lao động tập thể thì phải thực hiện theo thỏa ước lao động tập thể"", ""Quy định của người sử dụng lao động chưa phù hợp với thỏa ước lao động tập thể thì phải được sửa đổi cho phù hợp"", ""trong thời gian chưa sửa đổi thì thực hiện theo nội dung tương ứng của thỏa ước lao động tập thể""]","Trường hợp quyền, nghĩa vụ và lợi ích của các bên trong hợp đồng lao động đã giao kết trước ngày thỏa ước lao động tập thể có hiệu lực thấp hơn quy định tương ứng của thỏa ước lao động tập thể thì phải thực hiện theo thỏa ước lao động tập thể. Quy định của người sử dụng lao động chưa phù hợp với thỏa ước lao động tập thể thì phải được sửa đổi cho phù hợp; trong thời gian chưa sửa đổi thì thực hiện theo nội dung tương ứng của thỏa ước lao động tập thể.",,,,,,,,,,,ch5_muc3_d79_k2,2,"Trường hợp quyền, nghĩa vụ và lợi ích của các bên trong hợp đồng lao động đã giao kết trước ngày thỏa ước lao động tập thể có hiệu lực thấp hơn quy định tương ứng của thỏa ước lao động tập thể thì phải thực hiện theo thỏa ước lao động tập thể. Quy định của người sử dụng lao động chưa phù hợp với thỏa ước lao động tập thể thì phải được sửa đổi cho phù hợp; trong thời gian chưa sửa đổi thì thực hiện theo nội dung tương ứng của thỏa ước lao động tập thể.",,,,,,
ch5_muc3_d79_k3,CLAUSE,structural,"[""Khi một bên cho rằng bên kia thực hiện không đầy đủ hoặc vi phạm thỏa ước lao động tập thể thì có quyền yêu cầu thi hành đúng thỏa ước lao động tập thể và các bên có trách nhiệm cùng xem xét giải quyết"", ""nếu không giải quyết được, mỗi bên đều có quyền yêu cầu giải quyết tranh chấp lao động tập thể theo quy định của pháp luật""]","Khi một bên cho rằng bên kia thực hiện không đầy đủ hoặc vi phạm thỏa ước lao động tập thể thì có quyền yêu cầu thi hành đúng thỏa ước lao động tập thể và các bên có trách nhiệm cùng xem xét giải quyết; nếu không giải quyết được, mỗi bên đều có quyền yêu cầu giải quyết tranh chấp lao động tập thể theo quy định của pháp luật.",,,,,,,,,,,ch5_muc3_d79_k3,3,"Khi một bên cho rằng bên kia thực hiện không đầy đủ hoặc vi phạm thỏa ước lao động tập thể thì có quyền yêu cầu thi hành đúng thỏa ước lao động tập thể và các bên có trách nhiệm cùng xem xét giải quyết; nếu không giải quyết được, mỗi bên đều có quyền yêu cầu giải quyết tranh chấp lao động tập thể theo quy định của pháp luật.",,,,,,
ch5_muc3_d80,ARTICLE,structural,"[""Thực hiện thỏa ước lao động tập thể doanh nghiệp trong trường hợp chia, tách, hợp nhất, sáp nhập"", ""bán, cho thuê, chuyển đổi loại hình doanh nghiệp"", ""chuyển nhượng quyền sở hữu, quyền sử dụng tài sản của doanh nghiệp""]","Thực hiện thỏa ước lao động tập thể doanh nghiệp trong trường hợp chia, tách, hợp nhất, sáp nhập; bán, cho thuê, chuyển đổi loại hình doanh nghiệp; chuyển nhượng quyền sở hữu, quyền sử dụng tài sản của doanh nghiệp",,,,,,,,ch5_muc3_d80,80,"Thực hiện thỏa ước lao động tập thể doanh nghiệp trong trường hợp chia, tách, hợp nhất, sáp nhập; bán, cho thuê, chuyển đổi loại hình doanh nghiệp; chuyển nhượng quyền sở hữu, quyền sử dụng tài sản của doanh nghiệp",,,,,,,,,
ch5_muc3_d80_k1,CLAUSE,structural,"[""Trường hợp chia, tách, hợp nhất, sáp nhập"", ""bán, cho thuê, chuyển đổi loại hình doanh nghiệp"", ""chuyển nhượng quyền sở hữu, quyền sử dụng tài sản của doanh nghiệp thì người sử dụng lao động kế tiếp và tổ chức đại diện người lao động có quyền thương lượng theo quy định tại Điều 68 của Bộ luật này căn cứ vào phương án sử dụng lao động để xem xét lựa chọn việc tiếp tục thực hiện, sửa đổi, bổ sung thỏa ước lao động tập thể doanh nghiệp cũ hoặc thương lượng để ký kết thỏa ước lao động tập thể mới""]","Trường hợp chia, tách, hợp nhất, sáp nhập; bán, cho thuê, chuyển đổi loại hình doanh nghiệp; chuyển nhượng quyền sở hữu, quyền sử dụng tài sản của doanh nghiệp thì người sử dụng lao động kế tiếp và tổ chức đại diện người lao động có quyền thương lượng theo quy định tại Điều 68 của Bộ luật này căn cứ vào phương án sử dụng lao động để xem xét lựa chọn việc tiếp tục thực hiện, sửa đổi, bổ sung thỏa ước lao động tập thể doanh nghiệp cũ hoặc thương lượng để ký kết thỏa ước lao động tập thể mới.",,,,,,,,,,,ch5_muc3_d80_k1,1,"Trường hợp chia, tách, hợp nhất, sáp nhập; bán, cho thuê, chuyển đổi loại hình doanh nghiệp; chuyển nhượng quyền sở hữu, quyền sử dụng tài sản của doanh nghiệp thì người sử dụng lao động kế tiếp và tổ chức đại diện người lao động có quyền thương lượng theo quy định tại Điều 68 của Bộ luật này căn cứ vào phương án sử dụng lao động để xem xét lựa chọn việc tiếp tục thực hiện, sửa đổi, bổ sung thỏa ước lao động tập thể doanh nghiệp cũ hoặc thương lượng để ký kết thỏa ước lao động tập thể mới.",,,,,,
ch5_muc3_d80_k2,CLAUSE,structural,"[""Trường hợp thỏa ước lao động tập thể doanh nghiệp hết hiệu lực do người sử dụng lao động chấm dứt hoạt động thì quyền lợi của người lao động được giải quyết theo quy định của pháp luật""]",Trường hợp thỏa ước lao động tập thể doanh nghiệp hết hiệu lực do người sử dụng lao động chấm dứt hoạt động thì quyền lợi của người lao động được giải quyết theo quy định của pháp luật.,,,,,,,,,,,ch5_muc3_d80_k2,2,Trường hợp thỏa ước lao động tập thể doanh nghiệp hết hiệu lực do người sử dụng lao động chấm dứt hoạt động thì quyền lợi của người lao động được giải quyết theo quy định của pháp luật.,,,,,,
ch5_muc3_d81,ARTICLE,structural,"[""Quan hệ giữa thỏa ước lao động tập thể doanh nghiệp, thỏa ước lao động tập thể ngành và thỏa ước lao động tập thể có nhiều doanh nghiệp""]","Quan hệ giữa thỏa ước lao động tập thể doanh nghiệp, thỏa ước lao động tập thể ngành và thỏa ước lao động tập thể có nhiều doanh nghiệp",,,,,,,,ch5_muc3_d81,81,"Quan hệ giữa thỏa ước lao động tập thể doanh nghiệp, thỏa ước lao động tập thể ngành và thỏa ước lao động tập thể có nhiều doanh nghiệp",,,,,,,,,
ch5_muc3_d81_k1,CLAUSE,structural,"[""Trường hợp thỏa ước lao động tập thể doanh nghiệp, thỏa ước lao động tập thể có nhiều doanh nghiệp, thỏa ước lao động tập thể ngành quy định về quyền, nghĩa vụ và lợi ích của người lao động khác nhau thì thực hiện theo nội dung có lợi nhất cho người lao động""]","Trường hợp thỏa ước lao động tập thể doanh nghiệp, thỏa ước lao động tập thể có nhiều doanh nghiệp, thỏa ước lao động tập thể ngành quy định về quyền, nghĩa vụ và lợi ích của người lao động khác nhau thì thực hiện theo nội dung có lợi nhất cho người lao động.",,,,,,,,,,,ch5_muc3_d81_k1,1,"Trường hợp thỏa ước lao động tập thể doanh nghiệp, thỏa ước lao động tập thể có nhiều doanh nghiệp, thỏa ước lao động tập thể ngành quy định về quyền, nghĩa vụ và lợi ích của người lao động khác nhau thì thực hiện theo nội dung có lợi nhất cho người lao động.",,,,,,
ch5_muc3_d81_k2,CLAUSE,structural,"[""Doanh nghiệp thuộc đối tượng áp dụng của thỏa ước lao động tập thể ngành hoặc thỏa ước lao động tập thể có nhiều doanh nghiệp nhưng chưa có thỏa ước lao động tập thể doanh nghiệp thì có thể xây dựng thỏa ước lao động tập thể doanh nghiệp với những nội dung có lợi hơn cho người lao động so với thỏa ước lao động tập thể ngành hoặc thỏa ước lao động tập thể có nhiều doanh nghiệp""]",Doanh nghiệp thuộc đối tượng áp dụng của thỏa ước lao động tập thể ngành hoặc thỏa ước lao động tập thể có nhiều doanh nghiệp nhưng chưa có thỏa ước lao động tập thể doanh nghiệp thì có thể xây dựng thỏa ước lao động tập thể doanh nghiệp với những nội dung có lợi hơn cho người lao động so với thỏa ước lao động tập thể ngành hoặc thỏa ước lao động tập thể có nhiều doanh nghiệp.,,,,,,,,,,,ch5_muc3_d81_k2,2,Doanh nghiệp thuộc đối tượng áp dụng của thỏa ước lao động tập thể ngành hoặc thỏa ước lao động tập thể có nhiều doanh nghiệp nhưng chưa có thỏa ước lao động tập thể doanh nghiệp thì có thể xây dựng thỏa ước lao động tập thể doanh nghiệp với những nội dung có lợi hơn cho người lao động so với thỏa ước lao động tập thể ngành hoặc thỏa ước lao động tập thể có nhiều doanh nghiệp.,,,,,,
ch5_muc3_d81_k3,CLAUSE,structural,"[""Khuyến khích doanh nghiệp chưa tham gia thỏa ước lao động tập thể ngành hoặc thỏa ước lao động tập thể có nhiều doanh nghiệp thực hiện nội dung có lợi hơn cho người lao động của thỏa ước lao động tập thể ngành hoặc thỏa ước lao động tập thể có nhiều doanh nghiệp""]",Khuyến khích doanh nghiệp chưa tham gia thỏa ước lao động tập thể ngành hoặc thỏa ước lao động tập thể có nhiều doanh nghiệp thực hiện nội dung có lợi hơn cho người lao động của thỏa ước lao động tập thể ngành hoặc thỏa ước lao động tập thể có nhiều doanh nghiệp.,,,,,,,,,,,ch5_muc3_d81_k3,3,Khuyến khích doanh nghiệp chưa tham gia thỏa ước lao động tập thể ngành hoặc thỏa ước lao động tập thể có nhiều doanh nghiệp thực hiện nội dung có lợi hơn cho người lao động của thỏa ước lao động tập thể ngành hoặc thỏa ước lao động tập thể có nhiều doanh nghiệp.,,,,,,
ch5_muc3_d82,ARTICLE,structural,"[""Sửa đổi, bổ sung thỏa ước lao động tập thể""]","Sửa đổi, bổ sung thỏa ước lao động tập thể",,,,,,,,ch5_muc3_d82,82,"Sửa đổi, bổ sung thỏa ước lao động tập thể",,,,,,,,,
ch5_muc3_d82_k1,CLAUSE,structural,"[""Thỏa ước lao động tập thể chỉ được sửa đổi, bổ sung theo thỏa thuận tự nguyện của các bên, thông qua thương lượng tập thể"", ""Việc sửa đổi, bổ sung thỏa ước lao động tập thể được thực hiện như việc thương lượng, ký kết thỏa ước lao động tập thể""]","Thỏa ước lao động tập thể chỉ được sửa đổi, bổ sung theo thỏa thuận tự nguyện của các bên, thông qua thương lượng tập thể. Việc sửa đổi, bổ sung thỏa ước lao động tập thể được thực hiện như việc thương lượng, ký kết thỏa ước lao động tập thể.",,,,,,,,,,,ch5_muc3_d82_k1,1,"Thỏa ước lao động tập thể chỉ được sửa đổi, bổ sung theo thỏa thuận tự nguyện của các bên, thông qua thương lượng tập thể. Việc sửa đổi, bổ sung thỏa ước lao động tập thể được thực hiện như việc thương lượng, ký kết thỏa ước lao động tập thể.",,,,,,
ch5_muc3_d82_k2,CLAUSE,structural,"[""Trường hợp quy định của pháp luật thay đổi dẫn đến thỏa ước lao động tập thể không còn phù hợp với quy định của pháp luật thì các bên phải tiến hành sửa đổi, bổ sung thỏa ước lao động tập thể cho phù hợp với quy định của pháp luật"", ""Trong thời gian tiến hành sửa đổi, bổ sung thỏa ước lao động tập thể thì quyền lợi của người lao động được thực hiện theo quy định của pháp luật""]","Trường hợp quy định của pháp luật thay đổi dẫn đến thỏa ước lao động tập thể không còn phù hợp với quy định của pháp luật thì các bên phải tiến hành sửa đổi, bổ sung thỏa ước lao động tập thể cho phù hợp với quy định của pháp luật. Trong thời gian tiến hành sửa đổi, bổ sung thỏa ước lao động tập thể thì quyền lợi của người lao động được thực hiện theo quy định của pháp luật.",,,,,,,,,,,ch5_muc3_d82_k2,2,"Trường hợp quy định của pháp luật thay đổi dẫn đến thỏa ước lao động tập thể không còn phù hợp với quy định của pháp luật thì các bên phải tiến hành sửa đổi, bổ sung thỏa ước lao động tập thể cho phù hợp với quy định của pháp luật. Trong thời gian tiến hành sửa đổi, bổ sung thỏa ước lao động tập thể thì quyền lợi của người lao động được thực hiện theo quy định của pháp luật.",,,,,,
ch5_muc3_d83,ARTICLE,structural,"[""Thỏa ước lao động tập thể hết hạn Trong thời hạn 90 ngày trước ngày thỏa ước lao động tập thể hết hạn, các bên có thể thương lượng để kéo dài thời hạn của thỏa ước lao động tập thể hoặc ký kết thỏa ước lao động tập thể mới"", ""Trường hợp các bên thỏa thuận kéo dài thời hạn của thỏa ước lao động tập thể thì phải lấy ý kiến theo quy định tại  của Bộ luật này""]","Thỏa ước lao động tập thể hết hạn Trong thời hạn 90 ngày trước ngày thỏa ước lao động tập thể hết hạn, các bên có thể thương lượng để kéo dài thời hạn của thỏa ước lao động tập thể hoặc ký kết thỏa ước lao động tập thể mới. Trường hợp các bên thỏa thuận kéo dài thời hạn của thỏa ước lao động tập thể thì phải lấy ý kiến theo quy định tại  của Bộ luật này.",,,,,,,,ch5_muc3_d83,83,"Thỏa ước lao động tập thể hết hạn Trong thời hạn 90 ngày trước ngày thỏa ước lao động tập thể hết hạn, các bên có thể thương lượng để kéo dài thời hạn của thỏa ước lao động tập thể hoặc ký kết thỏa ước lao động tập thể mới. Trường hợp các bên thỏa thuận kéo dài thời hạn của thỏa ước lao động tập thể thì phải lấy ý kiến theo quy định tại  của Bộ luật này.",,,,,,,,,
ch5_muc3_d84,ARTICLE,structural,"[""Mở rộng phạm vi áp dụng của thỏa ước lao động tập thể ngành hoặc thỏa ước lao động tập thể có nhiều doanh nghiệp""]",Mở rộng phạm vi áp dụng của thỏa ước lao động tập thể ngành hoặc thỏa ước lao động tập thể có nhiều doanh nghiệp,,,,,,,,ch5_muc3_d84,84,Mở rộng phạm vi áp dụng của thỏa ước lao động tập thể ngành hoặc thỏa ước lao động tập thể có nhiều doanh nghiệp,,,,,,,,,
ch5_muc3_d84_k1,CLAUSE,structural,"[""Khi một thỏa ước lao động tập thể ngành hoặc thỏa ước lao động tập thể có nhiều doanh nghiệp có phạm vi áp dụng chiếm trên 75% người lao động hoặc trên 75% doanh nghiệp cùng ngành, nghề, lĩnh vực trong khu công nghiệp, khu kinh tế, khu chế xuất, khu công nghệ cao thì người sử dụng lao động hoặc tổ chức đại diện của người lao động tại đó đề nghị cơ quan nhà nước có thẩm quyền quyết định mở rộng phạm vi áp dụng một phần hoặc toàn bộ thỏa ước đó đối với các doanh nghiệp cùng ngành, nghề, lĩnh vực trong khu công nghiệp, khu kinh tế, khu chế xuất, khu công nghệ cao""]","Khi một thỏa ước lao động tập thể ngành hoặc thỏa ước lao động tập thể có nhiều doanh nghiệp có phạm vi áp dụng chiếm trên 75% người lao động hoặc trên 75% doanh nghiệp cùng ngành, nghề, lĩnh vực trong khu công nghiệp, khu kinh tế, khu chế xuất, khu công nghệ cao thì người sử dụng lao động hoặc tổ chức đại diện của người lao động tại đó đề nghị cơ quan nhà nước có thẩm quyền quyết định mở rộng phạm vi áp dụng một phần hoặc toàn bộ thỏa ước đó đối với các doanh nghiệp cùng ngành, nghề, lĩnh vực trong khu công nghiệp, khu kinh tế, khu chế xuất, khu công nghệ cao.",,,,,,,,,,,ch5_muc3_d84_k1,1,"Khi một thỏa ước lao động tập thể ngành hoặc thỏa ước lao động tập thể có nhiều doanh nghiệp có phạm vi áp dụng chiếm trên 75% người lao động hoặc trên 75% doanh nghiệp cùng ngành, nghề, lĩnh vực trong khu công nghiệp, khu kinh tế, khu chế xuất, khu công nghệ cao thì người sử dụng lao động hoặc tổ chức đại diện của người lao động tại đó đề nghị cơ quan nhà nước có thẩm quyền quyết định mở rộng phạm vi áp dụng một phần hoặc toàn bộ thỏa ước đó đối với các doanh nghiệp cùng ngành, nghề, lĩnh vực trong khu công nghiệp, khu kinh tế, khu chế xuất, khu công nghệ cao.",,,,,,
ch5_muc3_d84_k2,CLAUSE,structural,"[""Chính phủ quy định chi tiết khoản 1 Điều này"", ""quy định trình tự, thủ tục và thẩm quyền quyết định mở rộng phạm vi áp dụng thỏa ước lao động tập thể quy định tại khoản 1 Điều này""]","Chính phủ quy định chi tiết khoản 1 Điều này; quy định trình tự, thủ tục và thẩm quyền quyết định mở rộng phạm vi áp dụng thỏa ước lao động tập thể quy định tại khoản 1 Điều này.",,,,,,,,,,,ch5_muc3_d84_k2,2,"Chính phủ quy định chi tiết khoản 1 Điều này; quy định trình tự, thủ tục và thẩm quyền quyết định mở rộng phạm vi áp dụng thỏa ước lao động tập thể quy định tại khoản 1 Điều này.",,,,,,
ch5_muc3_d85,ARTICLE,structural,"[""Gia nhập và rút khỏi thỏa ước lao động tập thể ngành hoặc thỏa ước lao động tập thể có nhiều doanh nghiệp""]",Gia nhập và rút khỏi thỏa ước lao động tập thể ngành hoặc thỏa ước lao động tập thể có nhiều doanh nghiệp,,,,,,,,ch5_muc3_d85,85,Gia nhập và rút khỏi thỏa ước lao động tập thể ngành hoặc thỏa ước lao động tập thể có nhiều doanh nghiệp,,,,,,,,,
ch5_muc3_d85_k1,CLAUSE,structural,"[""Doanh nghiệp có thể gia nhập thỏa ước lao động tập thể ngành, thỏa ước lao động tập thể có nhiều doanh nghiệp khi có sự đồng thuận của tất cả người sử dụng lao động và tổ chức đại diện người lao động tại doanh nghiệp là thành viên của thỏa ước, trừ trường hợp quy định tại khoản 1 Điều 84 của Bộ luật này""]","Doanh nghiệp có thể gia nhập thỏa ước lao động tập thể ngành, thỏa ước lao động tập thể có nhiều doanh nghiệp khi có sự đồng thuận của tất cả người sử dụng lao động và tổ chức đại diện người lao động tại doanh nghiệp là thành viên của thỏa ước, trừ trường hợp quy định tại khoản 1 Điều 84 của Bộ luật này.",,,,,,,,,,,ch5_muc3_d85_k1,1,"Doanh nghiệp có thể gia nhập thỏa ước lao động tập thể ngành, thỏa ước lao động tập thể có nhiều doanh nghiệp khi có sự đồng thuận của tất cả người sử dụng lao động và tổ chức đại diện người lao động tại doanh nghiệp là thành viên của thỏa ước, trừ trường hợp quy định tại khoản 1 Điều 84 của Bộ luật này.",,,,,,
ch5_muc3_d85_k2,CLAUSE,structural,"[""Doanh nghiệp thành viên của thỏa ước lao động tập thể ngành, thỏa ước lao động tập thể có nhiều doanh nghiệp được rút khỏi thỏa ước lao động tập thể khi có sự đồng thuận của tất cả người sử dụng lao động và tổ chức đại diện người lao động tại doanh nghiệp là thành viên của thỏa ước, trừ trường hợp có khó khăn đặc biệt trong hoạt động sản xuất, kinh doanh""]","Doanh nghiệp thành viên của thỏa ước lao động tập thể ngành, thỏa ước lao động tập thể có nhiều doanh nghiệp được rút khỏi thỏa ước lao động tập thể khi có sự đồng thuận của tất cả người sử dụng lao động và tổ chức đại diện người lao động tại doanh nghiệp là thành viên của thỏa ước, trừ trường hợp có khó khăn đặc biệt trong hoạt động sản xuất, kinh doanh.",,,,,,,,,,,ch5_muc3_d85_k2,2,"Doanh nghiệp thành viên của thỏa ước lao động tập thể ngành, thỏa ước lao động tập thể có nhiều doanh nghiệp được rút khỏi thỏa ước lao động tập thể khi có sự đồng thuận của tất cả người sử dụng lao động và tổ chức đại diện người lao động tại doanh nghiệp là thành viên của thỏa ước, trừ trường hợp có khó khăn đặc biệt trong hoạt động sản xuất, kinh doanh.",,,,,,
ch5_muc3_d85_k3,CLAUSE,structural,"[""Chính phủ quy định chi tiết Điều này""]",Chính phủ quy định chi tiết Điều này.,,,,,,,,,,,ch5_muc3_d85_k3,3,Chính phủ quy định chi tiết Điều này.,,,,,,
ch5_muc3_d86,ARTICLE,structural,"[""Thỏa ước lao động tập thể vô hiệu""]",Thỏa ước lao động tập thể vô hiệu,,,,,,,,ch5_muc3_d86,86,Thỏa ước lao động tập thể vô hiệu,,,,,,,,,
ch5_muc3_d86_k1,CLAUSE,structural,"[""Thỏa ước lao động tập thể vô hiệu từng phần khi một hoặc một số nội dung trong thỏa ước lao động tập thể vi phạm pháp luật""]",Thỏa ước lao động tập thể vô hiệu từng phần khi một hoặc một số nội dung trong thỏa ước lao động tập thể vi phạm pháp luật.,,,,,,,,,,,ch5_muc3_d86_k1,1,Thỏa ước lao động tập thể vô hiệu từng phần khi một hoặc một số nội dung trong thỏa ước lao động tập thể vi phạm pháp luật.,,,,,,
ch5_muc3_d86_k2,CLAUSE,structural,"[""Thỏa ước lao động tập thể vô hiệu toàn bộ thuộc một trong các trường hợp sau đây: a) Toàn bộ nội dung thỏa ước lao động tập thể vi phạm pháp luật"", ""b) Người ký kết không đúng thẩm quyền"", ""c) Không tuân thủ đúng quy trình thương lượng, ký kết thỏa ước lao động tập thể""]","Thỏa ước lao động tập thể vô hiệu toàn bộ thuộc một trong các trường hợp sau đây: a) Toàn bộ nội dung thỏa ước lao động tập thể vi phạm pháp luật; b) Người ký kết không đúng thẩm quyền; c) Không tuân thủ đúng quy trình thương lượng, ký kết thỏa ước lao động tập thể.",,,,,,,,,,,ch5_muc3_d86_k2,2,"Thỏa ước lao động tập thể vô hiệu toàn bộ thuộc một trong các trường hợp sau đây: a) Toàn bộ nội dung thỏa ước lao động tập thể vi phạm pháp luật; b) Người ký kết không đúng thẩm quyền; c) Không tuân thủ đúng quy trình thương lượng, ký kết thỏa ước lao động tập thể.",,,,,,
ch5_muc3_d86_k2_a,POINT,structural,[],Toàn bộ nội dung thỏa ước lao động tập thể vi phạm pháp luật;,,,,,,,,,,,,,,ch5_muc3_d86_k2_a,a),Toàn bộ nội dung thỏa ước lao động tập thể vi phạm pháp luật;,,,
ch5_muc3_d86_k2_b,POINT,structural,[],Người ký kết không đúng thẩm quyền;,,,,,,,,,,,,,,ch5_muc3_d86_k2_b,b),Người ký kết không đúng thẩm quyền;,,,
ch5_muc3_d86_k2_c,POINT,structural,[],"Không tuân thủ đúng quy trình thương lượng, ký kết thỏa ước lao động tập thể.",,,,,,,,,,,,,,ch5_muc3_d86_k2_c,c),"Không tuân thủ đúng quy trình thương lượng, ký kết thỏa ước lao động tập thể.",,,
ch5_muc3_d87,ARTICLE,structural,"[""Thẩm quyền tuyên bố thỏa ước lao động tập thể vô hiệu Tòa án nhân dân có quyền tuyên bố thỏa ước lao động tập thể vô hiệu""]",Thẩm quyền tuyên bố thỏa ước lao động tập thể vô hiệu Tòa án nhân dân có quyền tuyên bố thỏa ước lao động tập thể vô hiệu.,,,,,,,,ch5_muc3_d87,87,Thẩm quyền tuyên bố thỏa ước lao động tập thể vô hiệu Tòa án nhân dân có quyền tuyên bố thỏa ước lao động tập thể vô hiệu.,,,,,,,,,
ch5_muc3_d88,ARTICLE,structural,"[""Xử lý thỏa ước lao động tập thể vô hiệu Khi thỏa ước lao động tập thể bị tuyên bố vô hiệu thì quyền, nghĩa vụ và lợi ích của các bên ghi trong thỏa ước lao động tập thể tương ứng với toàn bộ hoặc phần bị tuyên bố vô hiệu được giải quyết theo quy định của pháp luật và các thỏa thuận hợp pháp trong hợp đồng lao động""]","Xử lý thỏa ước lao động tập thể vô hiệu Khi thỏa ước lao động tập thể bị tuyên bố vô hiệu thì quyền, nghĩa vụ và lợi ích của các bên ghi trong thỏa ước lao động tập thể tương ứng với toàn bộ hoặc phần bị tuyên bố vô hiệu được giải quyết theo quy định của pháp luật và các thỏa thuận hợp pháp trong hợp đồng lao động.",,,,,,,,ch5_muc3_d88,88,"Xử lý thỏa ước lao động tập thể vô hiệu Khi thỏa ước lao động tập thể bị tuyên bố vô hiệu thì quyền, nghĩa vụ và lợi ích của các bên ghi trong thỏa ước lao động tập thể tương ứng với toàn bộ hoặc phần bị tuyên bố vô hiệu được giải quyết theo quy định của pháp luật và các thỏa thuận hợp pháp trong hợp đồng lao động.",,,,,,,,,
ch5_muc3_d89,ARTICLE,structural,"[""Chi phí thương lượng, ký kết thỏa ước lao động tập thể Mọi chi phí cho việc thương lượng, ký kết, sửa đổi, bổ sung, gửi và công bố thỏa ước lao động tập thể do phía người sử dụng lao động chi trả""]","Chi phí thương lượng, ký kết thỏa ước lao động tập thể Mọi chi phí cho việc thương lượng, ký kết, sửa đổi, bổ sung, gửi và công bố thỏa ước lao động tập thể do phía người sử dụng lao động chi trả.",,,,,,,,ch5_muc3_d89,89,"Chi phí thương lượng, ký kết thỏa ước lao động tập thể Mọi chi phí cho việc thương lượng, ký kết, sửa đổi, bổ sung, gửi và công bố thỏa ước lao động tập thể do phía người sử dụng lao động chi trả.",,,,,,,,,
ch6,CHAPTER,structural,"[""TIỀN LƯƠNG""]",TIỀN LƯƠNG,,,,ch6,6.0,VI,TIỀN LƯƠNG,,,,,,,,,,,,
ch6_d90,ARTICLE,structural,"[""Tiền lương""]",Tiền lương,,,,,,,,ch6_d90,90,Tiền lương,,,,,,,,,
ch6_d90_k1,CLAUSE,structural,"[""Tiền lương là số tiền mà người sử dụng lao động trả cho người lao động theo thỏa thuận để thực hiện công việc, bao gồm mức lương theo công việc hoặc chức danh, phụ cấp lương và các khoản bổ sung khác""]","Tiền lương là số tiền mà người sử dụng lao động trả cho người lao động theo thỏa thuận để thực hiện công việc, bao gồm mức lương theo công việc hoặc chức danh, phụ cấp lương và các khoản bổ sung khác.",,,,,,,,,,,ch6_d90_k1,1,"Tiền lương là số tiền mà người sử dụng lao động trả cho người lao động theo thỏa thuận để thực hiện công việc, bao gồm mức lương theo công việc hoặc chức danh, phụ cấp lương và các khoản bổ sung khác.",,,,,,
ch6_d90_k2,CLAUSE,structural,"[""Mức lương theo công việc hoặc chức danh không được thấp hơn mức lương tối thiểu""]",Mức lương theo công việc hoặc chức danh không được thấp hơn mức lương tối thiểu.,,,,,,,,,,,ch6_d90_k2,2,Mức lương theo công việc hoặc chức danh không được thấp hơn mức lương tối thiểu.,,,,,,
ch6_d90_k3,CLAUSE,structural,"[""Người sử dụng lao động phải bảo đảm trả lương bình đẳng, không phân biệt giới tính đối với người lao động làm công việc có giá trị như nhau""]","Người sử dụng lao động phải bảo đảm trả lương bình đẳng, không phân biệt giới tính đối với người lao động làm công việc có giá trị như nhau.",,,,,,,,,,,ch6_d90_k3,3,"Người sử dụng lao động phải bảo đảm trả lương bình đẳng, không phân biệt giới tính đối với người lao động làm công việc có giá trị như nhau.",,,,,,
ch6_d91,ARTICLE,structural,"[""Mức lương tối thiểu""]",Mức lương tối thiểu,,,,,,,,ch6_d91,91,Mức lương tối thiểu,,,,,,,,,
ch6_d91_k1,CLAUSE,structural,"[""Mức lương tối thiểu là mức lương thấp nhất được trả cho người lao động làm công việc giản đơn nhất trong điều kiện lao động bình thường nhằm bảo đảm mức sống tối thiểu của người lao động và gia đình họ, phù hợp với điều kiện phát triển kinh tế - xã hội""]","Mức lương tối thiểu là mức lương thấp nhất được trả cho người lao động làm công việc giản đơn nhất trong điều kiện lao động bình thường nhằm bảo đảm mức sống tối thiểu của người lao động và gia đình họ, phù hợp với điều kiện phát triển kinh tế - xã hội.",,,,,,,,,,,ch6_d91_k1,1,"Mức lương tối thiểu là mức lương thấp nhất được trả cho người lao động làm công việc giản đơn nhất trong điều kiện lao động bình thường nhằm bảo đảm mức sống tối thiểu của người lao động và gia đình họ, phù hợp với điều kiện phát triển kinh tế - xã hội.",,,,,,
ch6_d91_k2,CLAUSE,structural,"[""Mức lương tối thiểu được xác lập theo vùng, ấn định theo tháng, giờ""]","Mức lương tối thiểu được xác lập theo vùng, ấn định theo tháng, giờ.",,,,,,,,,,,ch6_d91_k2,2,"Mức lương tối thiểu được xác lập theo vùng, ấn định theo tháng, giờ.",,,,,,
ch6_d91_k3,CLAUSE,structural,"[""Mức lương tối thiểu được điều chỉnh dựa trên mức sống tối thiểu của người lao động và gia đình họ"", ""tương quan giữa mức lương tối thiểu và mức lương trên thị trường"", ""chỉ số giá tiêu dùng, tốc độ tăng trưởng kinh tế"", ""quan hệ cung, cầu lao động"", ""việc làm và thất nghiệp"", ""năng suất lao động"", ""khả năng chi trả của doanh nghiệp""]","Mức lương tối thiểu được điều chỉnh dựa trên mức sống tối thiểu của người lao động và gia đình họ; tương quan giữa mức lương tối thiểu và mức lương trên thị trường; chỉ số giá tiêu dùng, tốc độ tăng trưởng kinh tế; quan hệ cung, cầu lao động; việc làm và thất nghiệp; năng suất lao động; khả năng chi trả của doanh nghiệp.",,,,,,,,,,,ch6_d91_k3,3,"Mức lương tối thiểu được điều chỉnh dựa trên mức sống tối thiểu của người lao động và gia đình họ; tương quan giữa mức lương tối thiểu và mức lương trên thị trường; chỉ số giá tiêu dùng, tốc độ tăng trưởng kinh tế; quan hệ cung, cầu lao động; việc làm và thất nghiệp; năng suất lao động; khả năng chi trả của doanh nghiệp.",,,,,,
ch6_d91_k4,CLAUSE,structural,"[""Chính phủ quy định chi tiết Điều này"", ""quyết định và công bố mức lương tối thiểu trên cơ sở khuyến nghị của Hội đồng tiền lương quốc gia""]",Chính phủ quy định chi tiết Điều này; quyết định và công bố mức lương tối thiểu trên cơ sở khuyến nghị của Hội đồng tiền lương quốc gia.,,,,,,,,,,,ch6_d91_k4,4,Chính phủ quy định chi tiết Điều này; quyết định và công bố mức lương tối thiểu trên cơ sở khuyến nghị của Hội đồng tiền lương quốc gia.,,,,,,
ch6_d92,ARTICLE,structural,"[""Hội đồng tiền lương quốc gia""]",Hội đồng tiền lương quốc gia,,,,,,,,ch6_d92,92,Hội đồng tiền lương quốc gia,,,,,,,,,
ch6_d92_k1,CLAUSE,structural,"[""Hội đồng tiền lương quốc gia là cơ quan tư vấn cho Chính phủ về mức lương tối thiểu và chính sách tiền lương đối với người lao động""]",Hội đồng tiền lương quốc gia là cơ quan tư vấn cho Chính phủ về mức lương tối thiểu và chính sách tiền lương đối với người lao động.,,,,,,,,,,,ch6_d92_k1,1,Hội đồng tiền lương quốc gia là cơ quan tư vấn cho Chính phủ về mức lương tối thiểu và chính sách tiền lương đối với người lao động.,,,,,,
ch6_d92_k2,CLAUSE,structural,"[""Thủ tướng Chính phủ thành lập Hội đồng tiền lương quốc gia bao gồm các thành viên là đại diện của Bộ Lao động - Thương binh và Xã hội, Tổng Liên đoàn Lao động Việt Nam, một số tổ chức đại diện người sử dụng lao động ở trung ương và chuyên gia độc lập""]","Thủ tướng Chính phủ thành lập Hội đồng tiền lương quốc gia bao gồm các thành viên là đại diện của Bộ Lao động - Thương binh và Xã hội, Tổng Liên đoàn Lao động Việt Nam, một số tổ chức đại diện người sử dụng lao động ở trung ương và chuyên gia độc lập.",,,,,,,,,,,ch6_d92_k2,2,"Thủ tướng Chính phủ thành lập Hội đồng tiền lương quốc gia bao gồm các thành viên là đại diện của Bộ Lao động - Thương binh và Xã hội, Tổng Liên đoàn Lao động Việt Nam, một số tổ chức đại diện người sử dụng lao động ở trung ương và chuyên gia độc lập.",,,,,,
ch6_d92_k3,CLAUSE,structural,"[""Chính phủ quy định chức năng, nhiệm vụ, cơ cấu tổ chức và hoạt động của Hội đồng tiền lương quốc gia""]","Chính phủ quy định chức năng, nhiệm vụ, cơ cấu tổ chức và hoạt động của Hội đồng tiền lương quốc gia.",,,,,,,,,,,ch6_d92_k3,3,"Chính phủ quy định chức năng, nhiệm vụ, cơ cấu tổ chức và hoạt động của Hội đồng tiền lương quốc gia.",,,,,,
ch6_d93,ARTICLE,structural,"[""Xây dựng thang lương, bảng lương và định mức lao động""]","Xây dựng thang lương, bảng lương và định mức lao động",,,,,,,,ch6_d93,93,"Xây dựng thang lương, bảng lương và định mức lao động",,,,,,,,,
ch6_d93_k1,CLAUSE,structural,"[""Người sử dụng lao động phải xây dựng thang lương, bảng lương và định mức lao động làm cơ sở để tuyển dụng, sử dụng lao động, thỏa thuận mức lương theo công việc hoặc chức danh ghi trong hợp đồng lao động và trả lương cho người lao động""]","Người sử dụng lao động phải xây dựng thang lương, bảng lương và định mức lao động làm cơ sở để tuyển dụng, sử dụng lao động, thỏa thuận mức lương theo công việc hoặc chức danh ghi trong hợp đồng lao động và trả lương cho người lao động.",,,,,,,,,,,ch6_d93_k1,1,"Người sử dụng lao động phải xây dựng thang lương, bảng lương và định mức lao động làm cơ sở để tuyển dụng, sử dụng lao động, thỏa thuận mức lương theo công việc hoặc chức danh ghi trong hợp đồng lao động và trả lương cho người lao động.",,,,,,
ch6_d93_k2,CLAUSE,structural,"[""Mức lao động phải là mức trung bình bảo đảm số đông người lao động thực hiện được mà không phải kéo dài thời giờ làm việc bình thường và phải được áp dụng thử trước khi ban hành chính thức""]",Mức lao động phải là mức trung bình bảo đảm số đông người lao động thực hiện được mà không phải kéo dài thời giờ làm việc bình thường và phải được áp dụng thử trước khi ban hành chính thức.,,,,,,,,,,,ch6_d93_k2,2,Mức lao động phải là mức trung bình bảo đảm số đông người lao động thực hiện được mà không phải kéo dài thời giờ làm việc bình thường và phải được áp dụng thử trước khi ban hành chính thức.,,,,,,
ch6_d93_k3,CLAUSE,structural,"[""Người sử dụng lao động phải tham khảo ý kiến của tổ chức đại diện người lao động tại cơ sở đối với nơi có tổ chức đại diện người lao động tại cơ sở khi xây dựng thang lương, bảng lương và định mức lao động"", ""Thang lương, bảng lương và mức lao động phải được công bố công khai tại nơi làm việc trước khi thực hiện""]","Người sử dụng lao động phải tham khảo ý kiến của tổ chức đại diện người lao động tại cơ sở đối với nơi có tổ chức đại diện người lao động tại cơ sở khi xây dựng thang lương, bảng lương và định mức lao động. Thang lương, bảng lương và mức lao động phải được công bố công khai tại nơi làm việc trước khi thực hiện.",,,,,,,,,,,ch6_d93_k3,3,"Người sử dụng lao động phải tham khảo ý kiến của tổ chức đại diện người lao động tại cơ sở đối với nơi có tổ chức đại diện người lao động tại cơ sở khi xây dựng thang lương, bảng lương và định mức lao động. Thang lương, bảng lương và mức lao động phải được công bố công khai tại nơi làm việc trước khi thực hiện.",,,,,,
ch6_d94,ARTICLE,structural,"[""Nguyên tắc trả lương""]",Nguyên tắc trả lương,,,,,,,,ch6_d94,94,Nguyên tắc trả lương,,,,,,,,,
ch6_d94_k1,CLAUSE,structural,"[""Người sử dụng lao động phải trả lương trực tiếp, đầy đủ, đúng hạn cho người lao động"", ""Trường hợp người lao động không thể nhận lương trực tiếp thì người sử dụng lao động có thể trả lương cho người được người lao động ủy quyền hợp pháp""]","Người sử dụng lao động phải trả lương trực tiếp, đầy đủ, đúng hạn cho người lao động. Trường hợp người lao động không thể nhận lương trực tiếp thì người sử dụng lao động có thể trả lương cho người được người lao động ủy quyền hợp pháp.",,,,,,,,,,,ch6_d94_k1,1,"Người sử dụng lao động phải trả lương trực tiếp, đầy đủ, đúng hạn cho người lao động. Trường hợp người lao động không thể nhận lương trực tiếp thì người sử dụng lao động có thể trả lương cho người được người lao động ủy quyền hợp pháp.",,,,,,
ch6_d94_k2,CLAUSE,structural,"[""Người sử dụng lao động không được hạn chế hoặc can thiệp vào quyền tự quyết chi tiêu lương của người lao động"", ""không được ép buộc người lao động chi tiêu lương vào việc mua hàng hóa, sử dụng dịch vụ của người sử dụng lao động hoặc của đơn vị khác mà người sử dụng lao động chỉ định""]","Người sử dụng lao động không được hạn chế hoặc can thiệp vào quyền tự quyết chi tiêu lương của người lao động; không được ép buộc người lao động chi tiêu lương vào việc mua hàng hóa, sử dụng dịch vụ của người sử dụng lao động hoặc của đơn vị khác mà người sử dụng lao động chỉ định.",,,,,,,,,,,ch6_d94_k2,2,"Người sử dụng lao động không được hạn chế hoặc can thiệp vào quyền tự quyết chi tiêu lương của người lao động; không được ép buộc người lao động chi tiêu lương vào việc mua hàng hóa, sử dụng dịch vụ của người sử dụng lao động hoặc của đơn vị khác mà người sử dụng lao động chỉ định.",,,,,,
ch6_d95,ARTICLE,structural,"[""Trả lương""]",Trả lương,,,,,,,,ch6_d95,95,Trả lương,,,,,,,,,
ch6_d95_k1,CLAUSE,structural,"[""Người sử dụng lao động trả lương cho người lao động căn cứ vào tiền lương đã thỏa thuận, năng suất lao động và chất lượng thực hiện công việc""]","Người sử dụng lao động trả lương cho người lao động căn cứ vào tiền lương đã thỏa thuận, năng suất lao động và chất lượng thực hiện công việc.",,,,,,,,,,,ch6_d95_k1,1,"Người sử dụng lao động trả lương cho người lao động căn cứ vào tiền lương đã thỏa thuận, năng suất lao động và chất lượng thực hiện công việc.",,,,,,
ch6_d95_k2,CLAUSE,structural,"[""Tiền lương ghi trong hợp đồng lao động và tiền lương trả cho người lao động bằng tiền Đồng Việt Nam, trường hợp người lao động là người nước ngoài tại Việt Nam thì có thể bằng ngoại tệ""]","Tiền lương ghi trong hợp đồng lao động và tiền lương trả cho người lao động bằng tiền Đồng Việt Nam, trường hợp người lao động là người nước ngoài tại Việt Nam thì có thể bằng ngoại tệ.",,,,,,,,,,,ch6_d95_k2,2,"Tiền lương ghi trong hợp đồng lao động và tiền lương trả cho người lao động bằng tiền Đồng Việt Nam, trường hợp người lao động là người nước ngoài tại Việt Nam thì có thể bằng ngoại tệ.",,,,,,
ch6_d95_k3,CLAUSE,structural,"[""Mỗi lần trả lương, người sử dụng lao động phải thông báo bảng kê trả lương cho người lao động, trong đó ghi rõ tiền lương, tiền lương làm thêm giờ, tiền lương làm việc vào ban đêm, nội dung và số tiền bị khấu trừ (nếu có)""]","Mỗi lần trả lương, người sử dụng lao động phải thông báo bảng kê trả lương cho người lao động, trong đó ghi rõ tiền lương, tiền lương làm thêm giờ, tiền lương làm việc vào ban đêm, nội dung và số tiền bị khấu trừ (nếu có).",,,,,,,,,,,ch6_d95_k3,3,"Mỗi lần trả lương, người sử dụng lao động phải thông báo bảng kê trả lương cho người lao động, trong đó ghi rõ tiền lương, tiền lương làm thêm giờ, tiền lương làm việc vào ban đêm, nội dung và số tiền bị khấu trừ (nếu có).",,,,,,
ch6_d96,ARTICLE,structural,"[""Hình thức trả lương""]",Hình thức trả lương,,,,,,,,ch6_d96,96,Hình thức trả lương,,,,,,,,,
ch6_d96_k1,CLAUSE,structural,"[""Người sử dụng lao động và người lao động thỏa thuận về hình thức trả lương theo thời gian, sản phẩm hoặc khoán""]","Người sử dụng lao động và người lao động thỏa thuận về hình thức trả lương theo thời gian, sản phẩm hoặc khoán.",,,,,,,,,,,ch6_d96_k1,1,"Người sử dụng lao động và người lao động thỏa thuận về hình thức trả lương theo thời gian, sản phẩm hoặc khoán.",,,,,,
ch6_d96_k2,CLAUSE,structural,"[""Lương được trả bằng tiền mặt hoặc trả qua tài khoản cá nhân của người lao động được mở tại ngân hàng"", ""Trường hợp trả lương qua tài khoản cá nhân của người lao động được mở tại ngân hàng thì người sử dụng lao động phải trả các loại phí liên quan đến việc mở tài khoản và chuyển tiền lương""]",Lương được trả bằng tiền mặt hoặc trả qua tài khoản cá nhân của người lao động được mở tại ngân hàng. Trường hợp trả lương qua tài khoản cá nhân của người lao động được mở tại ngân hàng thì người sử dụng lao động phải trả các loại phí liên quan đến việc mở tài khoản và chuyển tiền lương.,,,,,,,,,,,ch6_d96_k2,2,Lương được trả bằng tiền mặt hoặc trả qua tài khoản cá nhân của người lao động được mở tại ngân hàng. Trường hợp trả lương qua tài khoản cá nhân của người lao động được mở tại ngân hàng thì người sử dụng lao động phải trả các loại phí liên quan đến việc mở tài khoản và chuyển tiền lương.,,,,,,
ch6_d96_k3,CLAUSE,structural,"[""Chính phủ quy định chi tiết Điều này""]",Chính phủ quy định chi tiết Điều này.,,,,,,,,,,,ch6_d96_k3,3,Chính phủ quy định chi tiết Điều này.,,,,,,
ch6_d97,ARTICLE,structural,"[""Kỳ hạn trả lương""]",Kỳ hạn trả lương,,,,,,,,ch6_d97,97,Kỳ hạn trả lương,,,,,,,,,
ch6_d97_k1,CLAUSE,structural,"[""Người lao động hưởng lương theo giờ, ngày, tuần thì được trả lương sau giờ, ngày, tuần làm việc hoặc được trả gộp do hai bên thỏa thuận nhưng không quá 15 ngày phải được trả gộp một lần""]","Người lao động hưởng lương theo giờ, ngày, tuần thì được trả lương sau giờ, ngày, tuần làm việc hoặc được trả gộp do hai bên thỏa thuận nhưng không quá 15 ngày phải được trả gộp một lần.",,,,,,,,,,,ch6_d97_k1,1,"Người lao động hưởng lương theo giờ, ngày, tuần thì được trả lương sau giờ, ngày, tuần làm việc hoặc được trả gộp do hai bên thỏa thuận nhưng không quá 15 ngày phải được trả gộp một lần.",,,,,,
ch6_d97_k2,CLAUSE,structural,"[""Người lao động hưởng lương theo tháng được trả một tháng một lần hoặc nửa tháng một lần"", ""Thời điểm trả lương do hai bên thỏa thuận và phải được ấn định vào một thời điểm có tính chu kỳ""]",Người lao động hưởng lương theo tháng được trả một tháng một lần hoặc nửa tháng một lần. Thời điểm trả lương do hai bên thỏa thuận và phải được ấn định vào một thời điểm có tính chu kỳ.,,,,,,,,,,,ch6_d97_k2,2,Người lao động hưởng lương theo tháng được trả một tháng một lần hoặc nửa tháng một lần. Thời điểm trả lương do hai bên thỏa thuận và phải được ấn định vào một thời điểm có tính chu kỳ.,,,,,,
ch6_d97_k3,CLAUSE,structural,"[""Người lao động hưởng lương theo sản phẩm, theo khoán được trả lương theo thỏa thuận của hai bên"", ""nếu công việc phải làm trong nhiều tháng thì hằng tháng được tạm ứng tiền lương theo khối lượng công việc đã làm trong tháng""]","Người lao động hưởng lương theo sản phẩm, theo khoán được trả lương theo thỏa thuận của hai bên; nếu công việc phải làm trong nhiều tháng thì hằng tháng được tạm ứng tiền lương theo khối lượng công việc đã làm trong tháng.",,,,,,,,,,,ch6_d97_k3,3,"Người lao động hưởng lương theo sản phẩm, theo khoán được trả lương theo thỏa thuận của hai bên; nếu công việc phải làm trong nhiều tháng thì hằng tháng được tạm ứng tiền lương theo khối lượng công việc đã làm trong tháng.",,,,,,
ch6_d97_k4,CLAUSE,structural,"[""Trường hợp vì lý do bất khả kháng mà người sử dụng lao động đã tìm mọi biện pháp khắc phục nhưng không thể trả lương đúng hạn thì không được chậm quá 30 ngày"", ""nếu trả lương chậm từ 15 ngày trở lên thì người sử dụng lao động phải đền bù cho người lao động một khoản tiền ít nhất bằng số tiền lãi của số tiền trả chậm tính theo lãi suất huy động tiền gửi có kỳ hạn 01 tháng do ngân hàng nơi người sử dụng lao động mở tài khoản trả lương cho người lao động công bố tại thời điểm trả lương""]",Trường hợp vì lý do bất khả kháng mà người sử dụng lao động đã tìm mọi biện pháp khắc phục nhưng không thể trả lương đúng hạn thì không được chậm quá 30 ngày; nếu trả lương chậm từ 15 ngày trở lên thì người sử dụng lao động phải đền bù cho người lao động một khoản tiền ít nhất bằng số tiền lãi của số tiền trả chậm tính theo lãi suất huy động tiền gửi có kỳ hạn 01 tháng do ngân hàng nơi người sử dụng lao động mở tài khoản trả lương cho người lao động công bố tại thời điểm trả lương.,,,,,,,,,,,ch6_d97_k4,4,Trường hợp vì lý do bất khả kháng mà người sử dụng lao động đã tìm mọi biện pháp khắc phục nhưng không thể trả lương đúng hạn thì không được chậm quá 30 ngày; nếu trả lương chậm từ 15 ngày trở lên thì người sử dụng lao động phải đền bù cho người lao động một khoản tiền ít nhất bằng số tiền lãi của số tiền trả chậm tính theo lãi suất huy động tiền gửi có kỳ hạn 01 tháng do ngân hàng nơi người sử dụng lao động mở tài khoản trả lương cho người lao động công bố tại thời điểm trả lương.,,,,,,
ch6_d98,ARTICLE,structural,"[""Tiền lương làm thêm giờ, làm việc vào ban đêm""]","Tiền lương làm thêm giờ, làm việc vào ban đêm",,,,,,,,ch6_d98,98,"Tiền lương làm thêm giờ, làm việc vào ban đêm",,,,,,,,,
ch6_d98_k1,CLAUSE,structural,"[""Người lao động làm thêm giờ được trả lương tính theo đơn giá tiền lương hoặc tiền lương thực trả theo công việc đang làm như sau: a) Vào ngày thường, ít nhất bằng 150%"", ""b) Vào ngày nghỉ hằng tuần, ít nhất bằng 200%"", ""c) Vào ngày nghỉ lễ, tết, ngày nghỉ có hưởng lương, ít nhất bằng 300% chưa kể tiền lương ngày lễ, tết, ngày nghỉ có hưởng lương đối với người lao động hưởng lương ngày""]","Người lao động làm thêm giờ được trả lương tính theo đơn giá tiền lương hoặc tiền lương thực trả theo công việc đang làm như sau: a) Vào ngày thường, ít nhất bằng 150%; b) Vào ngày nghỉ hằng tuần, ít nhất bằng 200%; c) Vào ngày nghỉ lễ, tết, ngày nghỉ có hưởng lương, ít nhất bằng 300% chưa kể tiền lương ngày lễ, tết, ngày nghỉ có hưởng lương đối với người lao động hưởng lương ngày.",,,,,,,,,,,ch6_d98_k1,1,"Người lao động làm thêm giờ được trả lương tính theo đơn giá tiền lương hoặc tiền lương thực trả theo công việc đang làm như sau: a) Vào ngày thường, ít nhất bằng 150%; b) Vào ngày nghỉ hằng tuần, ít nhất bằng 200%; c) Vào ngày nghỉ lễ, tết, ngày nghỉ có hưởng lương, ít nhất bằng 300% chưa kể tiền lương ngày lễ, tết, ngày nghỉ có hưởng lương đối với người lao động hưởng lương ngày.",,,,,,
ch6_d98_k1_a,POINT,structural,[],"Vào ngày thường, ít nhất bằng 150%;",,,,,,,,,,,,,,ch6_d98_k1_a,a),"Vào ngày thường, ít nhất bằng 150%;",,,
ch6_d98_k1_b,POINT,structural,[],"Vào ngày nghỉ hằng tuần, ít nhất bằng 200%;",,,,,,,,,,,,,,ch6_d98_k1_b,b),"Vào ngày nghỉ hằng tuần, ít nhất bằng 200%;",,,
ch6_d98_k1_c,POINT,structural,[],"Vào ngày nghỉ lễ, tết, ngày nghỉ có hưởng lương, ít nhất bằng 300% chưa kể tiền lương ngày lễ, tết, ngày nghỉ có hưởng lương đối với người lao động hưởng lương ngày.",,,,,,,,,,,,,,ch6_d98_k1_c,c),"Vào ngày nghỉ lễ, tết, ngày nghỉ có hưởng lương, ít nhất bằng 300% chưa kể tiền lương ngày lễ, tết, ngày nghỉ có hưởng lương đối với người lao động hưởng lương ngày.",,,
ch6_d98_k2,CLAUSE,structural,"[""Người lao động làm việc vào ban đêm thì được trả thêm ít nhất bằng 30% tiền lương tính theo đơn giá tiền lương hoặc tiền lương thực trả theo công việc của ngày làm việc bình thường""]",Người lao động làm việc vào ban đêm thì được trả thêm ít nhất bằng 30% tiền lương tính theo đơn giá tiền lương hoặc tiền lương thực trả theo công việc của ngày làm việc bình thường.,,,,,,,,,,,ch6_d98_k2,2,Người lao động làm việc vào ban đêm thì được trả thêm ít nhất bằng 30% tiền lương tính theo đơn giá tiền lương hoặc tiền lương thực trả theo công việc của ngày làm việc bình thường.,,,,,,
ch6_d98_k3,CLAUSE,structural,"[""Người lao động làm thêm giờ vào ban đêm thì ngoài việc trả lương theo quy định tại khoản 1 và khoản 2 Điều này, người lao động còn được trả thêm 20% tiền lương tính theo đơn giá tiền lương hoặc tiền lương theo công việc làm vào ban ngày của ngày làm việc bình thường hoặc của ngày nghỉ hằng tuần hoặc của ngày nghỉ lễ, tết""]","Người lao động làm thêm giờ vào ban đêm thì ngoài việc trả lương theo quy định tại khoản 1 và khoản 2 Điều này, người lao động còn được trả thêm 20% tiền lương tính theo đơn giá tiền lương hoặc tiền lương theo công việc làm vào ban ngày của ngày làm việc bình thường hoặc của ngày nghỉ hằng tuần hoặc của ngày nghỉ lễ, tết.",,,,,,,,,,,ch6_d98_k3,3,"Người lao động làm thêm giờ vào ban đêm thì ngoài việc trả lương theo quy định tại khoản 1 và khoản 2 Điều này, người lao động còn được trả thêm 20% tiền lương tính theo đơn giá tiền lương hoặc tiền lương theo công việc làm vào ban ngày của ngày làm việc bình thường hoặc của ngày nghỉ hằng tuần hoặc của ngày nghỉ lễ, tết.",,,,,,
ch6_d98_k4,CLAUSE,structural,"[""Chính phủ quy định chi tiết Điều này""]",Chính phủ quy định chi tiết Điều này.,,,,,,,,,,,ch6_d98_k4,4,Chính phủ quy định chi tiết Điều này.,,,,,,
ch6_d99,ARTICLE,structural,"[""Tiền lương ngừng việc Trường hợp phải ngừng việc, người lao động được trả lương như sau:""]","Tiền lương ngừng việc Trường hợp phải ngừng việc, người lao động được trả lương như sau:",,,,,,,,ch6_d99,99,"Tiền lương ngừng việc Trường hợp phải ngừng việc, người lao động được trả lương như sau:",,,,,,,,,
ch6_d99_k1,CLAUSE,structural,"[""Nếu do lỗi của người sử dụng lao động thì người lao động được trả đủ tiền lương theo hợp đồng lao động""]",Nếu do lỗi của người sử dụng lao động thì người lao động được trả đủ tiền lương theo hợp đồng lao động;,,,,,,,,,,,ch6_d99_k1,1,Nếu do lỗi của người sử dụng lao động thì người lao động được trả đủ tiền lương theo hợp đồng lao động;,,,,,,
ch6_d99_k2,CLAUSE,structural,"[""Nếu do lỗi của người lao động thì người đó không được trả lương"", ""những người lao động khác trong cùng đơn vị phải ngừng việc thì được trả lương theo mức do hai bên thỏa thuận nhưng không được thấp hơn mức lương tối thiểu""]",Nếu do lỗi của người lao động thì người đó không được trả lương; những người lao động khác trong cùng đơn vị phải ngừng việc thì được trả lương theo mức do hai bên thỏa thuận nhưng không được thấp hơn mức lương tối thiểu;,,,,,,,,,,,ch6_d99_k2,2,Nếu do lỗi của người lao động thì người đó không được trả lương; những người lao động khác trong cùng đơn vị phải ngừng việc thì được trả lương theo mức do hai bên thỏa thuận nhưng không được thấp hơn mức lương tối thiểu;,,,,,,
ch6_d99_k3,CLAUSE,structural,"[""Nếu vì sự cố về điện, nước mà không do lỗi của người sử dụng lao động hoặc do thiên tai, hỏa hoạn, dịch bệnh nguy hiểm, địch họa, di dời địa điểm hoạt động theo yêu cầu của cơ quan nhà nước có thẩm quyền hoặc vì lý do kinh tế thì hai bên thỏa thuận về tiền lương ngừng việc như sau: a) Trường hợp ngừng việc từ 14 ngày làm việc trở xuống thì tiền lương ngừng việc được thỏa thuận không thấp hơn mức lương tối thiểu"", ""b) Trường hợp phải ngừng việc trên 14 ngày làm việc thì tiền lương ngừng việc do hai bên thỏa thuận nhưng phải bảo đảm tiền lương ngừng việc trong 14 ngày đầu tiên không thấp hơn mức lương tối thiểu""]","Nếu vì sự cố về điện, nước mà không do lỗi của người sử dụng lao động hoặc do thiên tai, hỏa hoạn, dịch bệnh nguy hiểm, địch họa, di dời địa điểm hoạt động theo yêu cầu của cơ quan nhà nước có thẩm quyền hoặc vì lý do kinh tế thì hai bên thỏa thuận về tiền lương ngừng việc như sau: a) Trường hợp ngừng việc từ 14 ngày làm việc trở xuống thì tiền lương ngừng việc được thỏa thuận không thấp hơn mức lương tối thiểu; b) Trường hợp phải ngừng việc trên 14 ngày làm việc thì tiền lương ngừng việc do hai bên thỏa thuận nhưng phải bảo đảm tiền lương ngừng việc trong 14 ngày đầu tiên không thấp hơn mức lương tối thiểu.",,,,,,,,,,,ch6_d99_k3,3,"Nếu vì sự cố về điện, nước mà không do lỗi của người sử dụng lao động hoặc do thiên tai, hỏa hoạn, dịch bệnh nguy hiểm, địch họa, di dời địa điểm hoạt động theo yêu cầu của cơ quan nhà nước có thẩm quyền hoặc vì lý do kinh tế thì hai bên thỏa thuận về tiền lương ngừng việc như sau: a) Trường hợp ngừng việc từ 14 ngày làm việc trở xuống thì tiền lương ngừng việc được thỏa thuận không thấp hơn mức lương tối thiểu; b) Trường hợp phải ngừng việc trên 14 ngày làm việc thì tiền lương ngừng việc do hai bên thỏa thuận nhưng phải bảo đảm tiền lương ngừng việc trong 14 ngày đầu tiên không thấp hơn mức lương tối thiểu.",,,,,,
ch6_d99_k3_a,POINT,structural,[],Trường hợp ngừng việc từ 14 ngày làm việc trở xuống thì tiền lương ngừng việc được thỏa thuận không thấp hơn mức lương tối thiểu;,,,,,,,,,,,,,,ch6_d99_k3_a,a),Trường hợp ngừng việc từ 14 ngày làm việc trở xuống thì tiền lương ngừng việc được thỏa thuận không thấp hơn mức lương tối thiểu;,,,
ch6_d99_k3_b,POINT,structural,[],Trường hợp phải ngừng việc trên 14 ngày làm việc thì tiền lương ngừng việc do hai bên thỏa thuận nhưng phải bảo đảm tiền lương ngừng việc trong 14 ngày đầu tiên không thấp hơn mức lương tối thiểu.,,,,,,,,,,,,,,ch6_d99_k3_b,b),Trường hợp phải ngừng việc trên 14 ngày làm việc thì tiền lương ngừng việc do hai bên thỏa thuận nhưng phải bảo đảm tiền lương ngừng việc trong 14 ngày đầu tiên không thấp hơn mức lương tối thiểu.,,,
ch6_d100,ARTICLE,structural,"[""Trả lương thông qua người cai thầu""]",Trả lương thông qua người cai thầu,,,,,,,,ch6_d100,100,Trả lương thông qua người cai thầu,,,,,,,,,
ch6_d100_k1,CLAUSE,structural,"[""Nơi nào sử dụng người cai thầu hoặc người có vai trò trung gian tương tự thì người sử dụng lao động là chủ chính phải có danh sách và địa chỉ của những người này kèm theo danh sách những người lao động làm việc với họ và phải bảo đảm việc họ tuân thủ quy định của pháp luật về trả lương, an toàn, vệ sinh lao động""]","Nơi nào sử dụng người cai thầu hoặc người có vai trò trung gian tương tự thì người sử dụng lao động là chủ chính phải có danh sách và địa chỉ của những người này kèm theo danh sách những người lao động làm việc với họ và phải bảo đảm việc họ tuân thủ quy định của pháp luật về trả lương, an toàn, vệ sinh lao động.",,,,,,,,,,,ch6_d100_k1,1,"Nơi nào sử dụng người cai thầu hoặc người có vai trò trung gian tương tự thì người sử dụng lao động là chủ chính phải có danh sách và địa chỉ của những người này kèm theo danh sách những người lao động làm việc với họ và phải bảo đảm việc họ tuân thủ quy định của pháp luật về trả lương, an toàn, vệ sinh lao động.",,,,,,
ch6_d100_k2,CLAUSE,structural,"[""Trường hợp người cai thầu hoặc người có vai trò trung gian tương tự không trả lương hoặc trả lương không đầy đủ và không bảo đảm các quyền lợi khác cho người lao động thì người sử dụng lao động là chủ chính phải chịu trách nhiệm trả lương và bảo đảm các quyền lợi cho người lao động"", ""Trong trường hợp này, người sử dụng lao động là chủ chính có quyền yêu cầu người cai thầu hoặc người có vai trò trung gian tương tự đền bù hoặc yêu cầu cơ quan nhà nước có thẩm quyền giải quyết tranh chấp theo quy định của pháp luật""]","Trường hợp người cai thầu hoặc người có vai trò trung gian tương tự không trả lương hoặc trả lương không đầy đủ và không bảo đảm các quyền lợi khác cho người lao động thì người sử dụng lao động là chủ chính phải chịu trách nhiệm trả lương và bảo đảm các quyền lợi cho người lao động. Trong trường hợp này, người sử dụng lao động là chủ chính có quyền yêu cầu người cai thầu hoặc người có vai trò trung gian tương tự đền bù hoặc yêu cầu cơ quan nhà nước có thẩm quyền giải quyết tranh chấp theo quy định của pháp luật.",,,,,,,,,,,ch6_d100_k2,2,"Trường hợp người cai thầu hoặc người có vai trò trung gian tương tự không trả lương hoặc trả lương không đầy đủ và không bảo đảm các quyền lợi khác cho người lao động thì người sử dụng lao động là chủ chính phải chịu trách nhiệm trả lương và bảo đảm các quyền lợi cho người lao động. Trong trường hợp này, người sử dụng lao động là chủ chính có quyền yêu cầu người cai thầu hoặc người có vai trò trung gian tương tự đền bù hoặc yêu cầu cơ quan nhà nước có thẩm quyền giải quyết tranh chấp theo quy định của pháp luật.",,,,,,
ch6_d101,ARTICLE,structural,"[""Tạm ứng tiền lương""]",Tạm ứng tiền lương,,,,,,,,ch6_d101,101,Tạm ứng tiền lương,,,,,,,,,
ch6_d101_k1,CLAUSE,structural,"[""Người lao động được tạm ứng tiền lương theo điều kiện do hai bên thỏa thuận và không bị tính lãi""]",Người lao động được tạm ứng tiền lương theo điều kiện do hai bên thỏa thuận và không bị tính lãi.,,,,,,,,,,,ch6_d101_k1,1,Người lao động được tạm ứng tiền lương theo điều kiện do hai bên thỏa thuận và không bị tính lãi.,,,,,,
ch6_d101_k2,CLAUSE,structural,"[""Người sử dụng lao động phải cho người lao động tạm ứng tiền lương tương ứng với số ngày người lao động tạm thời nghỉ việc để thực hiện nghĩa vụ công dân từ 01 tuần trở lên nhưng tối đa không quá 01 tháng tiền lương theo hợp đồng lao động và người lao động phải hoàn trả số tiền đã tạm ứng"", ""Người lao động nhập ngũ theo quy định của Luật Nghĩa vụ quân sự thì không được tạm ứng tiền lương""]",Người sử dụng lao động phải cho người lao động tạm ứng tiền lương tương ứng với số ngày người lao động tạm thời nghỉ việc để thực hiện nghĩa vụ công dân từ 01 tuần trở lên nhưng tối đa không quá 01 tháng tiền lương theo hợp đồng lao động và người lao động phải hoàn trả số tiền đã tạm ứng. Người lao động nhập ngũ theo quy định của Luật Nghĩa vụ quân sự thì không được tạm ứng tiền lương.,,,,,,,,,,,ch6_d101_k2,2,Người sử dụng lao động phải cho người lao động tạm ứng tiền lương tương ứng với số ngày người lao động tạm thời nghỉ việc để thực hiện nghĩa vụ công dân từ 01 tuần trở lên nhưng tối đa không quá 01 tháng tiền lương theo hợp đồng lao động và người lao động phải hoàn trả số tiền đã tạm ứng. Người lao động nhập ngũ theo quy định của Luật Nghĩa vụ quân sự thì không được tạm ứng tiền lương.,,,,,,
ch6_d101_k3,CLAUSE,structural,"[""Khi nghỉ hằng năm, người lao động được tạm ứng một khoản tiền ít nhất bằng tiền lương của những ngày nghỉ""]","Khi nghỉ hằng năm, người lao động được tạm ứng một khoản tiền ít nhất bằng tiền lương của những ngày nghỉ.",,,,,,,,,,,ch6_d101_k3,3,"Khi nghỉ hằng năm, người lao động được tạm ứng một khoản tiền ít nhất bằng tiền lương của những ngày nghỉ.",,,,,,
ch6_d102,ARTICLE,structural,"[""Khấu trừ tiền lương""]",Khấu trừ tiền lương,,,,,,,,ch6_d102,102,Khấu trừ tiền lương,,,,,,,,,
ch6_d102_k1,CLAUSE,structural,"[""Người sử dụng lao động chỉ được khấu trừ tiền lương của người lao động để bồi thường thiệt hại do làm hư hỏng dụng cụ, thiết bị, tài sản của người sử dụng lao động theo quy định tại Điều 129 của Bộ luật này""]","Người sử dụng lao động chỉ được khấu trừ tiền lương của người lao động để bồi thường thiệt hại do làm hư hỏng dụng cụ, thiết bị, tài sản của người sử dụng lao động theo quy định tại Điều 129 của Bộ luật này.",,,,,,,,,,,ch6_d102_k1,1,"Người sử dụng lao động chỉ được khấu trừ tiền lương của người lao động để bồi thường thiệt hại do làm hư hỏng dụng cụ, thiết bị, tài sản của người sử dụng lao động theo quy định tại Điều 129 của Bộ luật này.",,,,,,
ch6_d102_k2,CLAUSE,structural,"[""Người lao động có quyền được biết lý do khấu trừ tiền lương của mình""]",Người lao động có quyền được biết lý do khấu trừ tiền lương của mình.,,,,,,,,,,,ch6_d102_k2,2,Người lao động có quyền được biết lý do khấu trừ tiền lương của mình.,,,,,,
ch6_d102_k3,CLAUSE,structural,"[""Mức khấu trừ tiền lương hằng tháng không được quá 30% tiền lương thực trả hằng tháng của người lao động sau khi trích nộp các khoản bảo hiểm xã hội bắt buộc, bảo hiểm y tế, bảo hiểm thất nghiệp, thuế thu nhập cá nhân""]","Mức khấu trừ tiền lương hằng tháng không được quá 30% tiền lương thực trả hằng tháng của người lao động sau khi trích nộp các khoản bảo hiểm xã hội bắt buộc, bảo hiểm y tế, bảo hiểm thất nghiệp, thuế thu nhập cá nhân.",,,,,,,,,,,ch6_d102_k3,3,"Mức khấu trừ tiền lương hằng tháng không được quá 30% tiền lương thực trả hằng tháng của người lao động sau khi trích nộp các khoản bảo hiểm xã hội bắt buộc, bảo hiểm y tế, bảo hiểm thất nghiệp, thuế thu nhập cá nhân.",,,,,,
ch6_d103,ARTICLE,structural,"[""Chế độ nâng lương, nâng bậc, phụ cấp, trợ cấp Chế độ nâng lương, nâng bậc, phụ cấp, trợ cấp và các chế độ khuyến khích đối với người lao động được thỏa thuận trong hợp đồng lao động, thỏa ước lao động tập thể hoặc quy định của người sử dụng lao động""]","Chế độ nâng lương, nâng bậc, phụ cấp, trợ cấp Chế độ nâng lương, nâng bậc, phụ cấp, trợ cấp và các chế độ khuyến khích đối với người lao động được thỏa thuận trong hợp đồng lao động, thỏa ước lao động tập thể hoặc quy định của người sử dụng lao động.",,,,,,,,ch6_d103,103,"Chế độ nâng lương, nâng bậc, phụ cấp, trợ cấp Chế độ nâng lương, nâng bậc, phụ cấp, trợ cấp và các chế độ khuyến khích đối với người lao động được thỏa thuận trong hợp đồng lao động, thỏa ước lao động tập thể hoặc quy định của người sử dụng lao động.",,,,,,,,,
ch6_d104,ARTICLE,structural,"[""Thưởng""]",Thưởng,,,,,,,,ch6_d104,104,Thưởng,,,,,,,,,
ch6_d104_k1,CLAUSE,structural,"[""Thưởng là số tiền hoặc tài sản hoặc bằng các hình thức khác mà người sử dụng lao động thưởng cho người lao động căn cứ vào kết quả sản xuất, kinh doanh, mức độ hoàn thành công việc của người lao động""]","Thưởng là số tiền hoặc tài sản hoặc bằng các hình thức khác mà người sử dụng lao động thưởng cho người lao động căn cứ vào kết quả sản xuất, kinh doanh, mức độ hoàn thành công việc của người lao động.",,,,,,,,,,,ch6_d104_k1,1,"Thưởng là số tiền hoặc tài sản hoặc bằng các hình thức khác mà người sử dụng lao động thưởng cho người lao động căn cứ vào kết quả sản xuất, kinh doanh, mức độ hoàn thành công việc của người lao động.",,,,,,
ch6_d104_k2,CLAUSE,structural,"[""Quy chế thưởng do người sử dụng lao động quyết định và công bố công khai tại nơi làm việc sau khi tham khảo ý kiến của tổ chức đại diện người lao động tại cơ sở đối với nơi có tổ chức đại diện người lao động tại cơ sở""]",Quy chế thưởng do người sử dụng lao động quyết định và công bố công khai tại nơi làm việc sau khi tham khảo ý kiến của tổ chức đại diện người lao động tại cơ sở đối với nơi có tổ chức đại diện người lao động tại cơ sở.,,,,,,,,,,,ch6_d104_k2,2,Quy chế thưởng do người sử dụng lao động quyết định và công bố công khai tại nơi làm việc sau khi tham khảo ý kiến của tổ chức đại diện người lao động tại cơ sở đối với nơi có tổ chức đại diện người lao động tại cơ sở.,,,,,,
ch7,CHAPTER,structural,"[""THỜI GIỜ LÀM VIỆC, THỜI GIỜ NGHỈ NGƠI""]","THỜI GIỜ LÀM VIỆC, THỜI GIỜ NGHỈ NGƠI",,,,ch7,7.0,VII,"THỜI GIỜ LÀM VIỆC, THỜI GIỜ NGHỈ NGƠI",,,,,,,,,,,,
ch7_muc1,SECTION,structural,[],THỜI GIỜ LÀM VIỆC,,,,,,,,,,,,,,,,,ch7_muc1,1,THỜI GIỜ LÀM VIỆC
ch7_muc1_d105,ARTICLE,structural,"[""Thời giờ làm việc bình thường""]",Thời giờ làm việc bình thường,,,,,,,,ch7_muc1_d105,105,Thời giờ làm việc bình thường,,,,,,,,,
ch7_muc1_d105_k1,CLAUSE,structural,"[""Thời giờ làm việc bình thường không quá 08 giờ trong 01 ngày và không quá 48 giờ trong 01 tuần""]",Thời giờ làm việc bình thường không quá 08 giờ trong 01 ngày và không quá 48 giờ trong 01 tuần.,,,,,,,,,,,ch7_muc1_d105_k1,1,Thời giờ làm việc bình thường không quá 08 giờ trong 01 ngày và không quá 48 giờ trong 01 tuần.,,,,,,
ch7_muc1_d105_k2,CLAUSE,structural,"[""Người sử dụng lao động có quyền quy định thời giờ làm việc theo ngày hoặc tuần nhưng phải thông báo cho người lao động biết"", ""trường hợp theo tuần thì thời giờ làm việc bình thường không quá 10 giờ trong 01 ngày và không quá 48 giờ trong 01 tuần"", ""Nhà nước khuyến khích người sử dụng lao động thực hiện tuần làm việc 40 giờ đối với người lao động""]",Người sử dụng lao động có quyền quy định thời giờ làm việc theo ngày hoặc tuần nhưng phải thông báo cho người lao động biết; trường hợp theo tuần thì thời giờ làm việc bình thường không quá 10 giờ trong 01 ngày và không quá 48 giờ trong 01 tuần. Nhà nước khuyến khích người sử dụng lao động thực hiện tuần làm việc 40 giờ đối với người lao động.,,,,,,,,,,,ch7_muc1_d105_k2,2,Người sử dụng lao động có quyền quy định thời giờ làm việc theo ngày hoặc tuần nhưng phải thông báo cho người lao động biết; trường hợp theo tuần thì thời giờ làm việc bình thường không quá 10 giờ trong 01 ngày và không quá 48 giờ trong 01 tuần. Nhà nước khuyến khích người sử dụng lao động thực hiện tuần làm việc 40 giờ đối với người lao động.,,,,,,
ch7_muc1_d105_k3,CLAUSE,structural,"[""Người sử dụng lao động có trách nhiệm bảo đảm giới hạn thời gian làm việc tiếp xúc với yếu tố nguy hiểm, yếu tố có hại đúng theo quy chuẩn kỹ thuật quốc gia và pháp luật có liên quan""]","Người sử dụng lao động có trách nhiệm bảo đảm giới hạn thời gian làm việc tiếp xúc với yếu tố nguy hiểm, yếu tố có hại đúng theo quy chuẩn kỹ thuật quốc gia và pháp luật có liên quan.",,,,,,,,,,,ch7_muc1_d105_k3,3,"Người sử dụng lao động có trách nhiệm bảo đảm giới hạn thời gian làm việc tiếp xúc với yếu tố nguy hiểm, yếu tố có hại đúng theo quy chuẩn kỹ thuật quốc gia và pháp luật có liên quan.",,,,,,
ch7_muc1_d106,ARTICLE,structural,"[""Giờ làm việc ban đêm Giờ làm việc ban đêm được tính từ 22 giờ đến 06 giờ sáng ngày hôm sau""]",Giờ làm việc ban đêm Giờ làm việc ban đêm được tính từ 22 giờ đến 06 giờ sáng ngày hôm sau.,,,,,,,,ch7_muc1_d106,106,Giờ làm việc ban đêm Giờ làm việc ban đêm được tính từ 22 giờ đến 06 giờ sáng ngày hôm sau.,,,,,,,,,
ch7_muc1_d107,ARTICLE,structural,"[""Làm thêm giờ""]",Làm thêm giờ,,,,,,,,ch7_muc1_d107,107,Làm thêm giờ,,,,,,,,,
ch7_muc1_d107_k1,CLAUSE,structural,"[""Thời gian làm thêm giờ là khoảng thời gian làm việc ngoài thời giờ làm việc bình thường theo quy định của pháp luật, thỏa ước lao động tập thể hoặc nội quy lao động""]","Thời gian làm thêm giờ là khoảng thời gian làm việc ngoài thời giờ làm việc bình thường theo quy định của pháp luật, thỏa ước lao động tập thể hoặc nội quy lao động.",,,,,,,,,,,ch7_muc1_d107_k1,1,"Thời gian làm thêm giờ là khoảng thời gian làm việc ngoài thời giờ làm việc bình thường theo quy định của pháp luật, thỏa ước lao động tập thể hoặc nội quy lao động.",,,,,,
ch7_muc1_d107_k2,CLAUSE,structural,"[""Người sử dụng lao động được sử dụng người lao động làm thêm giờ khi đáp ứng đầy đủ các yêu cầu sau đây: a) Phải được sự đồng ý của người lao động"", ""b) Bảo đảm số giờ làm thêm của người lao động không quá 50% số giờ làm việc bình thường trong 01 ngày"", ""trường hợp áp dụng quy định thời giờ làm việc bình thường theo tuần thì tổng số giờ làm việc bình thường và số giờ làm thêm không quá 12 giờ trong 01 ngày"", ""không quá 40 giờ trong 01 tháng"", ""c) Bảo đảm số giờ làm thêm của người lao động không quá 200 giờ trong 01 năm, trừ trường hợp quy định tại khoản 3 Điều này""]","Người sử dụng lao động được sử dụng người lao động làm thêm giờ khi đáp ứng đầy đủ các yêu cầu sau đây: a) Phải được sự đồng ý của người lao động; b) Bảo đảm số giờ làm thêm của người lao động không quá 50% số giờ làm việc bình thường trong 01 ngày; trường hợp áp dụng quy định thời giờ làm việc bình thường theo tuần thì tổng số giờ làm việc bình thường và số giờ làm thêm không quá 12 giờ trong 01 ngày; không quá 40 giờ trong 01 tháng; c) Bảo đảm số giờ làm thêm của người lao động không quá 200 giờ trong 01 năm, trừ trường hợp quy định tại khoản 3 Điều này.",,,,,,,,,,,ch7_muc1_d107_k2,2,"Người sử dụng lao động được sử dụng người lao động làm thêm giờ khi đáp ứng đầy đủ các yêu cầu sau đây: a) Phải được sự đồng ý của người lao động; b) Bảo đảm số giờ làm thêm của người lao động không quá 50% số giờ làm việc bình thường trong 01 ngày; trường hợp áp dụng quy định thời giờ làm việc bình thường theo tuần thì tổng số giờ làm việc bình thường và số giờ làm thêm không quá 12 giờ trong 01 ngày; không quá 40 giờ trong 01 tháng; c) Bảo đảm số giờ làm thêm của người lao động không quá 200 giờ trong 01 năm, trừ trường hợp quy định tại khoản 3 Điều này.",,,,,,
ch7_muc1_d107_k2_a,POINT,structural,[],Phải được sự đồng ý của người lao động;,,,,,,,,,,,,,,ch7_muc1_d107_k2_a,a),Phải được sự đồng ý của người lao động;,,,
ch7_muc1_d107_k2_b,POINT,structural,[],Bảo đảm số giờ làm thêm của người lao động không quá 50% số giờ làm việc bình thường trong 01 ngày; trường hợp áp dụng quy định thời giờ làm việc bình thường theo tuần thì tổng số giờ làm việc bình thường và số giờ làm thêm không quá 12 giờ trong 01 ngày; không quá 40 giờ trong 01 tháng;,,,,,,,,,,,,,,ch7_muc1_d107_k2_b,b),Bảo đảm số giờ làm thêm của người lao động không quá 50% số giờ làm việc bình thường trong 01 ngày; trường hợp áp dụng quy định thời giờ làm việc bình thường theo tuần thì tổng số giờ làm việc bình thường và số giờ làm thêm không quá 12 giờ trong 01 ngày; không quá 40 giờ trong 01 tháng;,,,
ch7_muc1_d107_k2_c,POINT,structural,[],"Bảo đảm số giờ làm thêm của người lao động không quá 200 giờ trong 01 năm, trừ trường hợp quy định tại khoản 3 Điều này.",,,,,,,,,,,,,,ch7_muc1_d107_k2_c,c),"Bảo đảm số giờ làm thêm của người lao động không quá 200 giờ trong 01 năm, trừ trường hợp quy định tại khoản 3 Điều này.",,,
ch7_muc1_d107_k3,CLAUSE,structural,"[""Người sử dụng lao động được sử dụng người lao động làm thêm không quá 300 giờ trong 01 năm trong một số ngành, nghề, công việc hoặc trường hợp sau đây: a) Sản xuất, gia công xuất khẩu sản phẩm hàng dệt, may, da, giày, điện, điện tử, chế biến nông, lâm, diêm nghiệp, thủy sản"", ""b) Sản xuất, cung cấp điện, viễn thông, lọc dầu"", ""cấp, thoát nước"", ""c) Trường hợp giải quyết công việc đòi hỏi lao động có trình độ chuyên môn, kỹ thuật cao mà thị trường lao động không cung ứng đầy đủ, kịp thời"", ""d) Trường hợp phải giải quyết công việc cấp bách, không thể trì hoãn do tính chất thời vụ, thời điểm của nguyên liệu, sản phẩm hoặc để giải quyết công việc phát sinh do yếu tố khách quan không dự liệu trước, do hậu quả thời tiết, thiên tai, hỏa hoạn, địch họa, thiếu điện, thiếu nguyên liệu, sự cố kỹ thuật của dây chuyền sản xuất"", ""đ) Trường hợp khác do Chính phủ quy định""]","Người sử dụng lao động được sử dụng người lao động làm thêm không quá 300 giờ trong 01 năm trong một số ngành, nghề, công việc hoặc trường hợp sau đây: a) Sản xuất, gia công xuất khẩu sản phẩm hàng dệt, may, da, giày, điện, điện tử, chế biến nông, lâm, diêm nghiệp, thủy sản; b) Sản xuất, cung cấp điện, viễn thông, lọc dầu; cấp, thoát nước; c) Trường hợp giải quyết công việc đòi hỏi lao động có trình độ chuyên môn, kỹ thuật cao mà thị trường lao động không cung ứng đầy đủ, kịp thời; d) Trường hợp phải giải quyết công việc cấp bách, không thể trì hoãn do tính chất thời vụ, thời điểm của nguyên liệu, sản phẩm hoặc để giải quyết công việc phát sinh do yếu tố khách quan không dự liệu trước, do hậu quả thời tiết, thiên tai, hỏa hoạn, địch họa, thiếu điện, thiếu nguyên liệu, sự cố kỹ thuật của dây chuyền sản xuất; đ) Trường hợp khác do Chính phủ quy định.",,,,,,,,,,,ch7_muc1_d107_k3,3,"Người sử dụng lao động được sử dụng người lao động làm thêm không quá 300 giờ trong 01 năm trong một số ngành, nghề, công việc hoặc trường hợp sau đây: a) Sản xuất, gia công xuất khẩu sản phẩm hàng dệt, may, da, giày, điện, điện tử, chế biến nông, lâm, diêm nghiệp, thủy sản; b) Sản xuất, cung cấp điện, viễn thông, lọc dầu; cấp, thoát nước; c) Trường hợp giải quyết công việc đòi hỏi lao động có trình độ chuyên môn, kỹ thuật cao mà thị trường lao động không cung ứng đầy đủ, kịp thời; d) Trường hợp phải giải quyết công việc cấp bách, không thể trì hoãn do tính chất thời vụ, thời điểm của nguyên liệu, sản phẩm hoặc để giải quyết công việc phát sinh do yếu tố khách quan không dự liệu trước, do hậu quả thời tiết, thiên tai, hỏa hoạn, địch họa, thiếu điện, thiếu nguyên liệu, sự cố kỹ thuật của dây chuyền sản xuất; đ) Trường hợp khác do Chính phủ quy định.",,,,,,
ch7_muc1_d107_k3_a,POINT,structural,[],"Sản xuất, gia công xuất khẩu sản phẩm hàng dệt, may, da, giày, điện, điện tử, chế biến nông, lâm, diêm nghiệp, thủy sản;",,,,,,,,,,,,,,ch7_muc1_d107_k3_a,a),"Sản xuất, gia công xuất khẩu sản phẩm hàng dệt, may, da, giày, điện, điện tử, chế biến nông, lâm, diêm nghiệp, thủy sản;",,,
ch7_muc1_d107_k3_b,POINT,structural,[],"Sản xuất, cung cấp điện, viễn thông, lọc dầu; cấp, thoát nước;",,,,,,,,,,,,,,ch7_muc1_d107_k3_b,b),"Sản xuất, cung cấp điện, viễn thông, lọc dầu; cấp, thoát nước;",,,
ch7_muc1_d107_k3_c,POINT,structural,[],"Trường hợp giải quyết công việc đòi hỏi lao động có trình độ chuyên môn, kỹ thuật cao mà thị trường lao động không cung ứng đầy đủ, kịp thời;",,,,,,,,,,,,,,ch7_muc1_d107_k3_c,c),"Trường hợp giải quyết công việc đòi hỏi lao động có trình độ chuyên môn, kỹ thuật cao mà thị trường lao động không cung ứng đầy đủ, kịp thời;",,,
ch7_muc1_d107_k3_d,POINT,structural,[],"Trường hợp phải giải quyết công việc cấp bách, không thể trì hoãn do tính chất thời vụ, thời điểm của nguyên liệu, sản phẩm hoặc để giải quyết công việc phát sinh do yếu tố khách quan không dự liệu trước, do hậu quả thời tiết, thiên tai, hỏa hoạn, địch họa, thiếu điện, thiếu nguyên liệu, sự cố kỹ thuật của dây chuyền sản xuất;",,,,,,,,,,,,,,ch7_muc1_d107_k3_d,d),"Trường hợp phải giải quyết công việc cấp bách, không thể trì hoãn do tính chất thời vụ, thời điểm của nguyên liệu, sản phẩm hoặc để giải quyết công việc phát sinh do yếu tố khách quan không dự liệu trước, do hậu quả thời tiết, thiên tai, hỏa hoạn, địch họa, thiếu điện, thiếu nguyên liệu, sự cố kỹ thuật của dây chuyền sản xuất;",,,
ch7_muc1_d107_k3_đ,POINT,structural,[],Trường hợp khác do Chính phủ quy định.,,,,,,,,,,,,,,ch7_muc1_d107_k3_đ,đ),Trường hợp khác do Chính phủ quy định.,,,
ch7_muc1_d107_k4,CLAUSE,structural,"[""Khi tổ chức làm thêm giờ theo quy định tại khoản 3 Điều này, người sử dụng lao động phải thông báo bằng văn bản cho cơ quan chuyên môn về lao động thuộc Ủy ban nhân dân cấp tỉnh""]","Khi tổ chức làm thêm giờ theo quy định tại khoản 3 Điều này, người sử dụng lao động phải thông báo bằng văn bản cho cơ quan chuyên môn về lao động thuộc Ủy ban nhân dân cấp tỉnh.",,,,,,,,,,,ch7_muc1_d107_k4,4,"Khi tổ chức làm thêm giờ theo quy định tại khoản 3 Điều này, người sử dụng lao động phải thông báo bằng văn bản cho cơ quan chuyên môn về lao động thuộc Ủy ban nhân dân cấp tỉnh.",,,,,,
ch7_muc1_d107_k5,CLAUSE,structural,"[""Chính phủ quy định chi tiết Điều này""]",Chính phủ quy định chi tiết Điều này.,,,,,,,,,,,ch7_muc1_d107_k5,5,Chính phủ quy định chi tiết Điều này.,,,,,,
ch7_muc1_d108,ARTICLE,structural,"[""Làm thêm giờ trong trường hợp đặc biệt Người sử dụng lao động có quyền yêu cầu người lao động làm thêm giờ vào bất kỳ ngày nào mà không bị giới hạn về số giờ làm thêm theo quy định tại  của Bộ luật này và người lao động không được từ chối trong trường hợp sau đây:""]",Làm thêm giờ trong trường hợp đặc biệt Người sử dụng lao động có quyền yêu cầu người lao động làm thêm giờ vào bất kỳ ngày nào mà không bị giới hạn về số giờ làm thêm theo quy định tại  của Bộ luật này và người lao động không được từ chối trong trường hợp sau đây:,,,,,,,,ch7_muc1_d108,108,Làm thêm giờ trong trường hợp đặc biệt Người sử dụng lao động có quyền yêu cầu người lao động làm thêm giờ vào bất kỳ ngày nào mà không bị giới hạn về số giờ làm thêm theo quy định tại  của Bộ luật này và người lao động không được từ chối trong trường hợp sau đây:,,,,,,,,,
ch7_muc1_d108_k1,CLAUSE,structural,"[""Thực hiện lệnh động viên, huy động bảo đảm nhiệm vụ quốc phòng, an ninh theo quy định của pháp luật""]","Thực hiện lệnh động viên, huy động bảo đảm nhiệm vụ quốc phòng, an ninh theo quy định của pháp luật;",,,,,,,,,,,ch7_muc1_d108_k1,1,"Thực hiện lệnh động viên, huy động bảo đảm nhiệm vụ quốc phòng, an ninh theo quy định của pháp luật;",,,,,,
ch7_muc1_d108_k2,CLAUSE,structural,"[""Thực hiện các công việc nhằm bảo vệ tính mạng con người, tài sản của cơ quan, tổ chức, cá nhân trong phòng ngừa, khắc phục hậu quả thiên tai, hỏa hoạn, dịch bệnh nguy hiểm và thảm họa, trừ trường hợp có nguy cơ ảnh hưởng đến tính mạng, sức khỏe của người lao động theo quy định của pháp luật về an toàn, vệ sinh lao động""]","Thực hiện các công việc nhằm bảo vệ tính mạng con người, tài sản của cơ quan, tổ chức, cá nhân trong phòng ngừa, khắc phục hậu quả thiên tai, hỏa hoạn, dịch bệnh nguy hiểm và thảm họa, trừ trường hợp có nguy cơ ảnh hưởng đến tính mạng, sức khỏe của người lao động theo quy định của pháp luật về an toàn, vệ sinh lao động.",,,,,,,,,,,ch7_muc1_d108_k2,2,"Thực hiện các công việc nhằm bảo vệ tính mạng con người, tài sản của cơ quan, tổ chức, cá nhân trong phòng ngừa, khắc phục hậu quả thiên tai, hỏa hoạn, dịch bệnh nguy hiểm và thảm họa, trừ trường hợp có nguy cơ ảnh hưởng đến tính mạng, sức khỏe của người lao động theo quy định của pháp luật về an toàn, vệ sinh lao động.",,,,,,
ch7_muc2,SECTION,structural,[],THỜI GIỜ NGHỈ NGƠI,,,,,,,,,,,,,,,,,ch7_muc2,2,THỜI GIỜ NGHỈ NGƠI
ch7_muc2_d109,ARTICLE,structural,"[""Nghỉ trong giờ làm việc""]",Nghỉ trong giờ làm việc,,,,,,,,ch7_muc2_d109,109,Nghỉ trong giờ làm việc,,,,,,,,,
ch7_muc2_d109_k1,CLAUSE,structural,"[""Người lao động làm việc theo thời giờ làm việc quy định tại Điều 105 của Bộ luật này từ 06 giờ trở lên trong một ngày thì được nghỉ giữa giờ ít nhất 30 phút liên tục, làm việc ban đêm thì được nghỉ giữa giờ ít nhất 45 phút liên tục"", ""Trường hợp người lao động làm việc theo ca liên tục từ 06 giờ trở lên thì thời gian nghỉ giữa giờ được tính vào giờ làm việc""]","Người lao động làm việc theo thời giờ làm việc quy định tại Điều 105 của Bộ luật này từ 06 giờ trở lên trong một ngày thì được nghỉ giữa giờ ít nhất 30 phút liên tục, làm việc ban đêm thì được nghỉ giữa giờ ít nhất 45 phút liên tục. Trường hợp người lao động làm việc theo ca liên tục từ 06 giờ trở lên thì thời gian nghỉ giữa giờ được tính vào giờ làm việc.",,,,,,,,,,,ch7_muc2_d109_k1,1,"Người lao động làm việc theo thời giờ làm việc quy định tại Điều 105 của Bộ luật này từ 06 giờ trở lên trong một ngày thì được nghỉ giữa giờ ít nhất 30 phút liên tục, làm việc ban đêm thì được nghỉ giữa giờ ít nhất 45 phút liên tục. Trường hợp người lao động làm việc theo ca liên tục từ 06 giờ trở lên thì thời gian nghỉ giữa giờ được tính vào giờ làm việc.",,,,,,
ch7_muc2_d109_k2,CLAUSE,structural,"[""Ngoài thời gian nghỉ quy định tại khoản 1 Điều này, người sử dụng lao động bố trí cho người lao động các đợt nghỉ giải lao và ghi vào nội quy lao động""]","Ngoài thời gian nghỉ quy định tại khoản 1 Điều này, người sử dụng lao động bố trí cho người lao động các đợt nghỉ giải lao và ghi vào nội quy lao động.",,,,,,,,,,,ch7_muc2_d109_k2,2,"Ngoài thời gian nghỉ quy định tại khoản 1 Điều này, người sử dụng lao động bố trí cho người lao động các đợt nghỉ giải lao và ghi vào nội quy lao động.",,,,,,
ch7_muc2_d110,ARTICLE,structural,"[""Nghỉ chuyển ca Người lao động làm việc theo ca được nghỉ ít nhất 12 giờ trước khi chuyển sang ca làm việc khác""]",Nghỉ chuyển ca Người lao động làm việc theo ca được nghỉ ít nhất 12 giờ trước khi chuyển sang ca làm việc khác.,,,,,,,,ch7_muc2_d110,110,Nghỉ chuyển ca Người lao động làm việc theo ca được nghỉ ít nhất 12 giờ trước khi chuyển sang ca làm việc khác.,,,,,,,,,
ch7_muc2_d111,ARTICLE,structural,"[""Nghỉ hằng tuần""]",Nghỉ hằng tuần,,,,,,,,ch7_muc2_d111,111,Nghỉ hằng tuần,,,,,,,,,
ch7_muc2_d111_k1,CLAUSE,structural,"[""Mỗi tuần, người lao động được nghỉ ít nhất 24 giờ liên tục"", ""Trong trường hợp đặc biệt do chu kỳ lao động không thể nghỉ hằng tuần thì người sử dụng lao động có trách nhiệm bảo đảm cho người lao động được nghỉ tính bình quân 01 tháng ít nhất 04 ngày""]","Mỗi tuần, người lao động được nghỉ ít nhất 24 giờ liên tục. Trong trường hợp đặc biệt do chu kỳ lao động không thể nghỉ hằng tuần thì người sử dụng lao động có trách nhiệm bảo đảm cho người lao động được nghỉ tính bình quân 01 tháng ít nhất 04 ngày.",,,,,,,,,,,ch7_muc2_d111_k1,1,"Mỗi tuần, người lao động được nghỉ ít nhất 24 giờ liên tục. Trong trường hợp đặc biệt do chu kỳ lao động không thể nghỉ hằng tuần thì người sử dụng lao động có trách nhiệm bảo đảm cho người lao động được nghỉ tính bình quân 01 tháng ít nhất 04 ngày.",,,,,,
ch7_muc2_d111_k2,CLAUSE,structural,"[""Người sử dụng lao động có quyền quyết định sắp xếp ngày nghỉ hằng tuần vào ngày Chủ nhật hoặc ngày xác định khác trong tuần nhưng phải ghi vào nội quy lao động""]",Người sử dụng lao động có quyền quyết định sắp xếp ngày nghỉ hằng tuần vào ngày Chủ nhật hoặc ngày xác định khác trong tuần nhưng phải ghi vào nội quy lao động.,,,,,,,,,,,ch7_muc2_d111_k2,2,Người sử dụng lao động có quyền quyết định sắp xếp ngày nghỉ hằng tuần vào ngày Chủ nhật hoặc ngày xác định khác trong tuần nhưng phải ghi vào nội quy lao động.,,,,,,
ch7_muc2_d111_k3,CLAUSE,structural,"[""Nếu ngày nghỉ hằng tuần trùng với ngày nghỉ lễ, tết quy định tại khoản 1 Điều 112 của Bộ luật này thì người lao động được nghỉ bù ngày nghỉ hằng tuần vào ngày làm việc kế tiếp""]","Nếu ngày nghỉ hằng tuần trùng với ngày nghỉ lễ, tết quy định tại khoản 1 Điều 112 của Bộ luật này thì người lao động được nghỉ bù ngày nghỉ hằng tuần vào ngày làm việc kế tiếp.",,,,,,,,,,,ch7_muc2_d111_k3,3,"Nếu ngày nghỉ hằng tuần trùng với ngày nghỉ lễ, tết quy định tại khoản 1 Điều 112 của Bộ luật này thì người lao động được nghỉ bù ngày nghỉ hằng tuần vào ngày làm việc kế tiếp.",,,,,,
ch7_muc2_d112,ARTICLE,structural,"[""Nghỉ lễ, tết""]","Nghỉ lễ, tết",,,,,,,,ch7_muc2_d112,112,"Nghỉ lễ, tết",,,,,,,,,
ch7_muc2_d112_k1,CLAUSE,structural,"[""Người lao động được nghỉ làm việc, hưởng nguyên lương trong những ngày lễ, tết sau đây: a) Tết Dương lịch: 01 ngày (ngày 01 tháng 01 dương lịch)"", ""b) Tết Âm lịch: 05 ngày"", ""c) Ngày Chiến thắng: 01 ngày (ngày 30 tháng 4 dương lịch)"", ""d) Ngày Quốc tế lao động: 01 ngày (ngày 01 tháng 5 dương lịch)"", ""đ) Quốc khánh: 02 ngày (ngày 02 tháng 9 dương lịch và 01 ngày liền kề trước hoặc sau)"", ""e) Ngày Giỗ Tổ Hùng Vương: 01 ngày (ngày 10 tháng 3 âm lịch)""]","Người lao động được nghỉ làm việc, hưởng nguyên lương trong những ngày lễ, tết sau đây: a) Tết Dương lịch: 01 ngày (ngày 01 tháng 01 dương lịch); b) Tết Âm lịch: 05 ngày; c) Ngày Chiến thắng: 01 ngày (ngày 30 tháng 4 dương lịch); d) Ngày Quốc tế lao động: 01 ngày (ngày 01 tháng 5 dương lịch); đ) Quốc khánh: 02 ngày (ngày 02 tháng 9 dương lịch và 01 ngày liền kề trước hoặc sau); e) Ngày Giỗ Tổ Hùng Vương: 01 ngày (ngày 10 tháng 3 âm lịch).",,,,,,,,,,,ch7_muc2_d112_k1,1,"Người lao động được nghỉ làm việc, hưởng nguyên lương trong những ngày lễ, tết sau đây: a) Tết Dương lịch: 01 ngày (ngày 01 tháng 01 dương lịch); b) Tết Âm lịch: 05 ngày; c) Ngày Chiến thắng: 01 ngày (ngày 30 tháng 4 dương lịch); d) Ngày Quốc tế lao động: 01 ngày (ngày 01 tháng 5 dương lịch); đ) Quốc khánh: 02 ngày (ngày 02 tháng 9 dương lịch và 01 ngày liền kề trước hoặc sau); e) Ngày Giỗ Tổ Hùng Vương: 01 ngày (ngày 10 tháng 3 âm lịch).",,,,,,
ch7_muc2_d112_k1_a,POINT,structural,[],Tết Dương lịch: 01 ngày (ngày 01 tháng 01 dương lịch);,,,,,,,,,,,,,,ch7_muc2_d112_k1_a,a),Tết Dương lịch: 01 ngày (ngày 01 tháng 01 dương lịch);,,,
ch7_muc2_d112_k1_b,POINT,structural,[],Tết Âm lịch: 05 ngày;,,,,,,,,,,,,,,ch7_muc2_d112_k1_b,b),Tết Âm lịch: 05 ngày;,,,
ch7_muc2_d112_k1_c,POINT,structural,[],Ngày Chiến thắng: 01 ngày (ngày 30 tháng 4 dương lịch);,,,,,,,,,,,,,,ch7_muc2_d112_k1_c,c),Ngày Chiến thắng: 01 ngày (ngày 30 tháng 4 dương lịch);,,,
ch7_muc2_d112_k1_d,POINT,structural,[],Ngày Quốc tế lao động: 01 ngày (ngày 01 tháng 5 dương lịch);,,,,,,,,,,,,,,ch7_muc2_d112_k1_d,d),Ngày Quốc tế lao động: 01 ngày (ngày 01 tháng 5 dương lịch);,,,
ch7_muc2_d112_k1_đ,POINT,structural,[],Quốc khánh: 02 ngày (ngày 02 tháng 9 dương lịch và 01 ngày liền kề trước hoặc sau);,,,,,,,,,,,,,,ch7_muc2_d112_k1_đ,đ),Quốc khánh: 02 ngày (ngày 02 tháng 9 dương lịch và 01 ngày liền kề trước hoặc sau);,,,
ch7_muc2_d112_k1_e,POINT,structural,[],Ngày Giỗ Tổ Hùng Vương: 01 ngày (ngày 10 tháng 3 âm lịch).,,,,,,,,,,,,,,ch7_muc2_d112_k1_e,e),Ngày Giỗ Tổ Hùng Vương: 01 ngày (ngày 10 tháng 3 âm lịch).,,,
ch7_muc2_d112_k2,CLAUSE,structural,"[""Lao động là người nước ngoài làm việc tại Việt Nam ngoài các ngày nghỉ theo quy định tại khoản 1 Điều này còn được nghỉ thêm 01 ngày Tết cổ truyền dân tộc và 01 ngày Quốc khánh của nước họ""]",Lao động là người nước ngoài làm việc tại Việt Nam ngoài các ngày nghỉ theo quy định tại khoản 1 Điều này còn được nghỉ thêm 01 ngày Tết cổ truyền dân tộc và 01 ngày Quốc khánh của nước họ.,,,,,,,,,,,ch7_muc2_d112_k2,2,Lao động là người nước ngoài làm việc tại Việt Nam ngoài các ngày nghỉ theo quy định tại khoản 1 Điều này còn được nghỉ thêm 01 ngày Tết cổ truyền dân tộc và 01 ngày Quốc khánh của nước họ.,,,,,,
ch7_muc2_d112_k3,CLAUSE,structural,"[""Hằng năm, căn cứ vào điều kiện thực tế, Thủ tướng Chính phủ quyết định cụ thể ngày nghỉ quy định tại điểm b và điểm đ khoản 1 Điều này""]","Hằng năm, căn cứ vào điều kiện thực tế, Thủ tướng Chính phủ quyết định cụ thể ngày nghỉ quy định tại điểm b và điểm đ khoản 1 Điều này.",,,,,,,,,,,ch7_muc2_d112_k3,3,"Hằng năm, căn cứ vào điều kiện thực tế, Thủ tướng Chính phủ quyết định cụ thể ngày nghỉ quy định tại điểm b và điểm đ khoản 1 Điều này.",,,,,,
ch7_muc2_d113,ARTICLE,structural,"[""Nghỉ hằng năm""]",Nghỉ hằng năm,,,,,,,,ch7_muc2_d113,113,Nghỉ hằng năm,,,,,,,,,
ch7_muc2_d113_k1,CLAUSE,structural,"[""Người lao động làm việc đủ 12 tháng cho một người sử dụng lao động thì được nghỉ hằng năm, hưởng nguyên lương theo hợp đồng lao động như sau: a) 12 ngày làm việc đối với người làm công việc trong điều kiện bình thường"", ""b) 14 ngày làm việc đối với người lao động chưa thành niên, lao động là người khuyết tật, người làm nghề, công việc nặng nhọc, độc hại, nguy hiểm"", ""c) 16 ngày làm việc đối với người làm nghề, công việc đặc biệt nặng nhọc, độc hại, nguy hiểm""]","Người lao động làm việc đủ 12 tháng cho một người sử dụng lao động thì được nghỉ hằng năm, hưởng nguyên lương theo hợp đồng lao động như sau: a) 12 ngày làm việc đối với người làm công việc trong điều kiện bình thường; b) 14 ngày làm việc đối với người lao động chưa thành niên, lao động là người khuyết tật, người làm nghề, công việc nặng nhọc, độc hại, nguy hiểm; c) 16 ngày làm việc đối với người làm nghề, công việc đặc biệt nặng nhọc, độc hại, nguy hiểm.",,,,,,,,,,,ch7_muc2_d113_k1,1,"Người lao động làm việc đủ 12 tháng cho một người sử dụng lao động thì được nghỉ hằng năm, hưởng nguyên lương theo hợp đồng lao động như sau: a) 12 ngày làm việc đối với người làm công việc trong điều kiện bình thường; b) 14 ngày làm việc đối với người lao động chưa thành niên, lao động là người khuyết tật, người làm nghề, công việc nặng nhọc, độc hại, nguy hiểm; c) 16 ngày làm việc đối với người làm nghề, công việc đặc biệt nặng nhọc, độc hại, nguy hiểm.",,,,,,
ch7_muc2_d113_k1_a,POINT,structural,[],12 ngày làm việc đối với người làm công việc trong điều kiện bình thường;,,,,,,,,,,,,,,ch7_muc2_d113_k1_a,a),12 ngày làm việc đối với người làm công việc trong điều kiện bình thường;,,,
ch7_muc2_d113_k1_b,POINT,structural,[],"14 ngày làm việc đối với người lao động chưa thành niên, lao động là người khuyết tật, người làm nghề, công việc nặng nhọc, độc hại, nguy hiểm;",,,,,,,,,,,,,,ch7_muc2_d113_k1_b,b),"14 ngày làm việc đối với người lao động chưa thành niên, lao động là người khuyết tật, người làm nghề, công việc nặng nhọc, độc hại, nguy hiểm;",,,
ch7_muc2_d113_k1_c,POINT,structural,[],"16 ngày làm việc đối với người làm nghề, công việc đặc biệt nặng nhọc, độc hại, nguy hiểm.",,,,,,,,,,,,,,ch7_muc2_d113_k1_c,c),"16 ngày làm việc đối với người làm nghề, công việc đặc biệt nặng nhọc, độc hại, nguy hiểm.",,,
ch7_muc2_d113_k2,CLAUSE,structural,"[""Người lao động làm việc chưa đủ 12 tháng cho một người sử dụng lao động thì số ngày nghỉ hằng năm theo tỷ lệ tương ứng với số tháng làm việc""]",Người lao động làm việc chưa đủ 12 tháng cho một người sử dụng lao động thì số ngày nghỉ hằng năm theo tỷ lệ tương ứng với số tháng làm việc.,,,,,,,,,,,ch7_muc2_d113_k2,2,Người lao động làm việc chưa đủ 12 tháng cho một người sử dụng lao động thì số ngày nghỉ hằng năm theo tỷ lệ tương ứng với số tháng làm việc.,,,,,,
ch7_muc2_d113_k3,CLAUSE,structural,"[""Trường hợp do thôi việc, bị mất việc làm mà chưa nghỉ hằng năm hoặc chưa nghỉ hết số ngày nghỉ hằng năm thì được người sử dụng lao động thanh toán tiền lương cho những ngày chưa nghỉ""]","Trường hợp do thôi việc, bị mất việc làm mà chưa nghỉ hằng năm hoặc chưa nghỉ hết số ngày nghỉ hằng năm thì được người sử dụng lao động thanh toán tiền lương cho những ngày chưa nghỉ.",,,,,,,,,,,ch7_muc2_d113_k3,3,"Trường hợp do thôi việc, bị mất việc làm mà chưa nghỉ hằng năm hoặc chưa nghỉ hết số ngày nghỉ hằng năm thì được người sử dụng lao động thanh toán tiền lương cho những ngày chưa nghỉ.",,,,,,
ch7_muc2_d113_k4,CLAUSE,structural,"[""Người sử dụng lao động có trách nhiệm quy định lịch nghỉ hằng năm sau khi tham khảo ý kiến của người lao động và phải thông báo trước cho người lao động biết"", ""Người lao động có thể thỏa thuận với người sử dụng lao động để nghỉ hằng năm thành nhiều lần hoặc nghỉ gộp tối đa 03 năm một lần""]",Người sử dụng lao động có trách nhiệm quy định lịch nghỉ hằng năm sau khi tham khảo ý kiến của người lao động và phải thông báo trước cho người lao động biết. Người lao động có thể thỏa thuận với người sử dụng lao động để nghỉ hằng năm thành nhiều lần hoặc nghỉ gộp tối đa 03 năm một lần.,,,,,,,,,,,ch7_muc2_d113_k4,4,Người sử dụng lao động có trách nhiệm quy định lịch nghỉ hằng năm sau khi tham khảo ý kiến của người lao động và phải thông báo trước cho người lao động biết. Người lao động có thể thỏa thuận với người sử dụng lao động để nghỉ hằng năm thành nhiều lần hoặc nghỉ gộp tối đa 03 năm một lần.,,,,,,
ch7_muc2_d113_k5,CLAUSE,structural,"[""Khi nghỉ hằng năm mà chưa đến kỳ trả lương, người lao động được tạm ứng tiền lương theo quy định tại khoản 3 Điều 101 của Bộ luật này""]","Khi nghỉ hằng năm mà chưa đến kỳ trả lương, người lao động được tạm ứng tiền lương theo quy định tại khoản 3 Điều 101 của Bộ luật này.",,,,,,,,,,,ch7_muc2_d113_k5,5,"Khi nghỉ hằng năm mà chưa đến kỳ trả lương, người lao động được tạm ứng tiền lương theo quy định tại khoản 3 Điều 101 của Bộ luật này.",,,,,,
ch7_muc2_d113_k6,CLAUSE,structural,"[""Khi nghỉ hằng năm, nếu người lao động đi bằng các phương tiện đường bộ, đường sắt, đường thủy mà số ngày đi đường cả đi và về trên 02 ngày thì từ ngày thứ 03 trở đi được tính thêm thời gian đi đường ngoài ngày nghỉ hằng năm và chỉ được tính cho 01 lần nghỉ trong năm""]","Khi nghỉ hằng năm, nếu người lao động đi bằng các phương tiện đường bộ, đường sắt, đường thủy mà số ngày đi đường cả đi và về trên 02 ngày thì từ ngày thứ 03 trở đi được tính thêm thời gian đi đường ngoài ngày nghỉ hằng năm và chỉ được tính cho 01 lần nghỉ trong năm.",,,,,,,,,,,ch7_muc2_d113_k6,6,"Khi nghỉ hằng năm, nếu người lao động đi bằng các phương tiện đường bộ, đường sắt, đường thủy mà số ngày đi đường cả đi và về trên 02 ngày thì từ ngày thứ 03 trở đi được tính thêm thời gian đi đường ngoài ngày nghỉ hằng năm và chỉ được tính cho 01 lần nghỉ trong năm.",,,,,,
ch7_muc2_d113_k7,CLAUSE,structural,"[""Chính phủ quy định chi tiết điều này""]",Chính phủ quy định chi tiết điều này.,,,,,,,,,,,ch7_muc2_d113_k7,7,Chính phủ quy định chi tiết điều này.,,,,,,
ch7_muc2_d114,ARTICLE,structural,"[""Ngày nghỉ hằng năm tăng thêm theo thâm niên làm việc Cứ đủ 05 năm làm việc cho một người sử dụng lao động thì số ngày nghỉ hằng năm của người lao động theo quy định tại khoản 1  của Bộ luật này được tăng thêm tương ứng 01 ngày""]",Ngày nghỉ hằng năm tăng thêm theo thâm niên làm việc Cứ đủ 05 năm làm việc cho một người sử dụng lao động thì số ngày nghỉ hằng năm của người lao động theo quy định tại khoản 1  của Bộ luật này được tăng thêm tương ứng 01 ngày.,,,,,,,,ch7_muc2_d114,114,Ngày nghỉ hằng năm tăng thêm theo thâm niên làm việc Cứ đủ 05 năm làm việc cho một người sử dụng lao động thì số ngày nghỉ hằng năm của người lao động theo quy định tại khoản 1  của Bộ luật này được tăng thêm tương ứng 01 ngày.,,,,,,,,,
ch7_muc2_d115,ARTICLE,structural,"[""Nghỉ việc riêng, nghỉ không hưởng lương""]","Nghỉ việc riêng, nghỉ không hưởng lương",,,,,,,,ch7_muc2_d115,115,"Nghỉ việc riêng, nghỉ không hưởng lương",,,,,,,,,
ch7_muc2_d115_k1,CLAUSE,structural,"[""Người lao động được nghỉ việc riêng mà vẫn hưởng nguyên lương và phải thông báo với người sử dụng lao động trong trường hợp sau đây: a) Kết hôn: nghỉ 03 ngày"", ""b) Con đẻ, con nuôi kết hôn: nghỉ 01 ngày"", ""c) Cha đẻ, mẹ đẻ, cha nuôi, mẹ nuôi"", ""cha đẻ, mẹ đẻ, cha nuôi, mẹ nuôi của vợ hoặc chồng"", ""vợ hoặc chồng"", ""con đẻ, con nuôi chết: nghỉ 03 ngày""]","Người lao động được nghỉ việc riêng mà vẫn hưởng nguyên lương và phải thông báo với người sử dụng lao động trong trường hợp sau đây: a) Kết hôn: nghỉ 03 ngày; b) Con đẻ, con nuôi kết hôn: nghỉ 01 ngày; c) Cha đẻ, mẹ đẻ, cha nuôi, mẹ nuôi; cha đẻ, mẹ đẻ, cha nuôi, mẹ nuôi của vợ hoặc chồng; vợ hoặc chồng; con đẻ, con nuôi chết: nghỉ 03 ngày.",,,,,,,,,,,ch7_muc2_d115_k1,1,"Người lao động được nghỉ việc riêng mà vẫn hưởng nguyên lương và phải thông báo với người sử dụng lao động trong trường hợp sau đây: a) Kết hôn: nghỉ 03 ngày; b) Con đẻ, con nuôi kết hôn: nghỉ 01 ngày; c) Cha đẻ, mẹ đẻ, cha nuôi, mẹ nuôi; cha đẻ, mẹ đẻ, cha nuôi, mẹ nuôi của vợ hoặc chồng; vợ hoặc chồng; con đẻ, con nuôi chết: nghỉ 03 ngày.",,,,,,
ch7_muc2_d115_k1_a,POINT,structural,[],Kết hôn: nghỉ 03 ngày;,,,,,,,,,,,,,,ch7_muc2_d115_k1_a,a),Kết hôn: nghỉ 03 ngày;,,,
ch7_muc2_d115_k1_b,POINT,structural,[],"Con đẻ, con nuôi kết hôn: nghỉ 01 ngày;",,,,,,,,,,,,,,ch7_muc2_d115_k1_b,b),"Con đẻ, con nuôi kết hôn: nghỉ 01 ngày;",,,
ch7_muc2_d115_k1_c,POINT,structural,[],"Cha đẻ, mẹ đẻ, cha nuôi, mẹ nuôi; cha đẻ, mẹ đẻ, cha nuôi, mẹ nuôi của vợ hoặc chồng; vợ hoặc chồng; con đẻ, con nuôi chết: nghỉ 03 ngày.",,,,,,,,,,,,,,ch7_muc2_d115_k1_c,c),"Cha đẻ, mẹ đẻ, cha nuôi, mẹ nuôi; cha đẻ, mẹ đẻ, cha nuôi, mẹ nuôi của vợ hoặc chồng; vợ hoặc chồng; con đẻ, con nuôi chết: nghỉ 03 ngày.",,,
ch7_muc2_d115_k2,CLAUSE,structural,"[""Người lao động được nghỉ không hưởng lương 01 ngày và phải thông báo với người sử dụng lao động khi ông nội, bà nội, ông ngoại, bà ngoại, anh, chị, em ruột chết"", ""cha hoặc mẹ kết hôn"", ""anh, chị, em ruột kết hôn""]","Người lao động được nghỉ không hưởng lương 01 ngày và phải thông báo với người sử dụng lao động khi ông nội, bà nội, ông ngoại, bà ngoại, anh, chị, em ruột chết; cha hoặc mẹ kết hôn; anh, chị, em ruột kết hôn.",,,,,,,,,,,ch7_muc2_d115_k2,2,"Người lao động được nghỉ không hưởng lương 01 ngày và phải thông báo với người sử dụng lao động khi ông nội, bà nội, ông ngoại, bà ngoại, anh, chị, em ruột chết; cha hoặc mẹ kết hôn; anh, chị, em ruột kết hôn.",,,,,,
ch7_muc2_d115_k3,CLAUSE,structural,"[""Ngoài quy định tại khoản 1 và khoản 2 Điều này, người lao động có thể thỏa thuận với người sử dụng lao động để nghỉ không hưởng lương""]","Ngoài quy định tại khoản 1 và khoản 2 Điều này, người lao động có thể thỏa thuận với người sử dụng lao động để nghỉ không hưởng lương.",,,,,,,,,,,ch7_muc2_d115_k3,3,"Ngoài quy định tại khoản 1 và khoản 2 Điều này, người lao động có thể thỏa thuận với người sử dụng lao động để nghỉ không hưởng lương.",,,,,,
ch7_muc3,SECTION,structural,[],"THỜI GIỜ LÀM VIỆC, THỜI GIỜ NGHỈ NGƠI ĐỐI VỚI NGƯỜI LÀM CÔNG VIỆC CÓ TÍNH CHẤT ĐẶC BIỆT",,,,,,,,,,,,,,,,,ch7_muc3,3,"THỜI GIỜ LÀM VIỆC, THỜI GIỜ NGHỈ NGƠI ĐỐI VỚI NGƯỜI LÀM CÔNG VIỆC CÓ TÍNH CHẤT ĐẶC BIỆT"
ch7_muc3_d116,ARTICLE,structural,"[""Thời giờ làm việc, thời giờ nghỉ ngơi đối với người làm công việc có tính chất đặc biệt Đối với các công việc có tính chất đặc biệt trong lĩnh vực vận tải đường bộ, đường sắt, đường thủy, đường hàng không"", ""thăm dò, khai thác dầu khí trên biển"", ""làm việc trên biển"", ""trong lĩnh vực nghệ thuật"", ""sử dụng kỹ thuật bức xạ và hạt nhân"", ""ứng dụng kỹ thuật sóng cao tần"", ""tin học, công nghệ tin học"", ""nghiên cứu ứng dụng khoa học, công nghệ tiên tiến"", ""thiết kế công nghiệp"", ""công việc của thợ lặn"", ""công việc trong hầm lò"", ""công việc sản xuất có tính thời vụ, công việc gia công theo đơn đặt hàng"", ""công việc phải thường trực 24/24 giờ"", ""các công việc có tính chất đặc biệt khác do Chính phủ quy định thì các Bộ, ngành quản lý quy định cụ thể thời giờ làm việc, thời giờ nghỉ ngơi sau khi thống nhất với Bộ Lao động - Thương binh và Xã hội và phải tuân thủ quy định tại  của Bộ luật này""]","Thời giờ làm việc, thời giờ nghỉ ngơi đối với người làm công việc có tính chất đặc biệt Đối với các công việc có tính chất đặc biệt trong lĩnh vực vận tải đường bộ, đường sắt, đường thủy, đường hàng không; thăm dò, khai thác dầu khí trên biển; làm việc trên biển; trong lĩnh vực nghệ thuật; sử dụng kỹ thuật bức xạ và hạt nhân; ứng dụng kỹ thuật sóng cao tần; tin học, công nghệ tin học; nghiên cứu ứng dụng khoa học, công nghệ tiên tiến; thiết kế công nghiệp; công việc của thợ lặn; công việc trong hầm lò; công việc sản xuất có tính thời vụ, công việc gia công theo đơn đặt hàng; công việc phải thường trực 24/24 giờ; các công việc có tính chất đặc biệt khác do Chính phủ quy định thì các Bộ, ngành quản lý quy định cụ thể thời giờ làm việc, thời giờ nghỉ ngơi sau khi thống nhất với Bộ Lao động - Thương binh và Xã hội và phải tuân thủ quy định tại  của Bộ luật này.",,,,,,,,ch7_muc3_d116,116,"Thời giờ làm việc, thời giờ nghỉ ngơi đối với người làm công việc có tính chất đặc biệt Đối với các công việc có tính chất đặc biệt trong lĩnh vực vận tải đường bộ, đường sắt, đường thủy, đường hàng không; thăm dò, khai thác dầu khí trên biển; làm việc trên biển; trong lĩnh vực nghệ thuật; sử dụng kỹ thuật bức xạ và hạt nhân; ứng dụng kỹ thuật sóng cao tần; tin học, công nghệ tin học; nghiên cứu ứng dụng khoa học, công nghệ tiên tiến; thiết kế công nghiệp; công việc của thợ lặn; công việc trong hầm lò; công việc sản xuất có tính thời vụ, công việc gia công theo đơn đặt hàng; công việc phải thường trực 24/24 giờ; các công việc có tính chất đặc biệt khác do Chính phủ quy định thì các Bộ, ngành quản lý quy định cụ thể thời giờ làm việc, thời giờ nghỉ ngơi sau khi thống nhất với Bộ Lao động - Thương binh và Xã hội và phải tuân thủ quy định tại  của Bộ luật này.",,,,,,,,,
ch8,CHAPTER,structural,"[""KỶ LUẬT LAO ĐỘNG, TRÁCH NHIỆM VẬT CHẤT""]","KỶ LUẬT LAO ĐỘNG, TRÁCH NHIỆM VẬT CHẤT",,,,ch8,8.0,VIII,"KỶ LUẬT LAO ĐỘNG, TRÁCH NHIỆM VẬT CHẤT",,,,,,,,,,,,
ch8_muc1,SECTION,structural,[],KỶ LUẬT LAO ĐỘNG,,,,,,,,,,,,,,,,,ch8_muc1,1,KỶ LUẬT LAO ĐỘNG
ch8_muc1_d117,ARTICLE,structural,"[""Kỷ luật lao động Kỷ luật lao động là những quy định về việc tuân theo thời gian, công nghệ và điều hành sản xuất, kinh doanh do người sử dụng lao động ban hành trong nội quy lao động và do pháp luật quy định""]","Kỷ luật lao động Kỷ luật lao động là những quy định về việc tuân theo thời gian, công nghệ và điều hành sản xuất, kinh doanh do người sử dụng lao động ban hành trong nội quy lao động và do pháp luật quy định.",,,,,,,,ch8_muc1_d117,117,"Kỷ luật lao động Kỷ luật lao động là những quy định về việc tuân theo thời gian, công nghệ và điều hành sản xuất, kinh doanh do người sử dụng lao động ban hành trong nội quy lao động và do pháp luật quy định.",,,,,,,,,
ch8_muc1_d118,ARTICLE,structural,"[""Nội quy lao động""]",Nội quy lao động,,,,,,,,ch8_muc1_d118,118,Nội quy lao động,,,,,,,,,
ch8_muc1_d118_k1,CLAUSE,structural,"[""Người sử dụng lao động phải ban hành nội quy lao động, nếu sử dụng từ 10 người lao động trở lên thì nội quy lao động phải bằng văn bản""]","Người sử dụng lao động phải ban hành nội quy lao động, nếu sử dụng từ 10 người lao động trở lên thì nội quy lao động phải bằng văn bản.",,,,,,,,,,,ch8_muc1_d118_k1,1,"Người sử dụng lao động phải ban hành nội quy lao động, nếu sử dụng từ 10 người lao động trở lên thì nội quy lao động phải bằng văn bản.",,,,,,
ch8_muc1_d118_k2,CLAUSE,structural,"[""Nội dung nội quy lao động không được trái với pháp luật về lao động và quy định của pháp luật có liên quan"", ""Nội quy lao động bao gồm những nội dung chủ yếu sau đây: a) Thời giờ làm việc, thời giờ nghỉ ngơi"", ""b) Trật tự tại nơi làm việc"", ""c) An toàn, vệ sinh lao động"", ""d) Phòng, chống quấy rối tình dục tại nơi làm việc"", ""trình tự, thủ tục xử lý hành vi quấy rối tình dục tại nơi làm việc"", ""đ) Việc bảo vệ tài sản và bí mật kinh doanh, bí mật công nghệ, sở hữu trí tuệ của người sử dụng lao động"", ""e) Trường hợp được tạm thời chuyển người lao động làm việc khác so với hợp đồng lao động"", ""g) Các hành vi vi phạm kỷ luật lao động của người lao động và các hình thức xử lý kỷ luật lao động"", ""h) Trách nhiệm vật chất"", ""i) Người có thẩm quyền xử lý kỷ luật lao động""]","Nội dung nội quy lao động không được trái với pháp luật về lao động và quy định của pháp luật có liên quan. Nội quy lao động bao gồm những nội dung chủ yếu sau đây: a) Thời giờ làm việc, thời giờ nghỉ ngơi; b) Trật tự tại nơi làm việc; c) An toàn, vệ sinh lao động; d) Phòng, chống quấy rối tình dục tại nơi làm việc; trình tự, thủ tục xử lý hành vi quấy rối tình dục tại nơi làm việc; đ) Việc bảo vệ tài sản và bí mật kinh doanh, bí mật công nghệ, sở hữu trí tuệ của người sử dụng lao động; e) Trường hợp được tạm thời chuyển người lao động làm việc khác so với hợp đồng lao động; g) Các hành vi vi phạm kỷ luật lao động của người lao động và các hình thức xử lý kỷ luật lao động; h) Trách nhiệm vật chất; i) Người có thẩm quyền xử lý kỷ luật lao động.",,,,,,,,,,,ch8_muc1_d118_k2,2,"Nội dung nội quy lao động không được trái với pháp luật về lao động và quy định của pháp luật có liên quan. Nội quy lao động bao gồm những nội dung chủ yếu sau đây: a) Thời giờ làm việc, thời giờ nghỉ ngơi; b) Trật tự tại nơi làm việc; c) An toàn, vệ sinh lao động; d) Phòng, chống quấy rối tình dục tại nơi làm việc; trình tự, thủ tục xử lý hành vi quấy rối tình dục tại nơi làm việc; đ) Việc bảo vệ tài sản và bí mật kinh doanh, bí mật công nghệ, sở hữu trí tuệ của người sử dụng lao động; e) Trường hợp được tạm thời chuyển người lao động làm việc khác so với hợp đồng lao động; g) Các hành vi vi phạm kỷ luật lao động của người lao động và các hình thức xử lý kỷ luật lao động; h) Trách nhiệm vật chất; i) Người có thẩm quyền xử lý kỷ luật lao động.",,,,,,
ch8_muc1_d118_k2_a,POINT,structural,[],"Thời giờ làm việc, thời giờ nghỉ ngơi;",,,,,,,,,,,,,,ch8_muc1_d118_k2_a,a),"Thời giờ làm việc, thời giờ nghỉ ngơi;",,,
ch8_muc1_d118_k2_b,POINT,structural,[],Trật tự tại nơi làm việc;,,,,,,,,,,,,,,ch8_muc1_d118_k2_b,b),Trật tự tại nơi làm việc;,,,
ch8_muc1_d118_k2_c,POINT,structural,[],"An toàn, vệ sinh lao động;",,,,,,,,,,,,,,ch8_muc1_d118_k2_c,c),"An toàn, vệ sinh lao động;",,,
ch8_muc1_d118_k2_d,POINT,structural,[],"Phòng, chống quấy rối tình dục tại nơi làm việc; trình tự, thủ tục xử lý hành vi quấy rối tình dục tại nơi làm việc;",,,,,,,,,,,,,,ch8_muc1_d118_k2_d,d),"Phòng, chống quấy rối tình dục tại nơi làm việc; trình tự, thủ tục xử lý hành vi quấy rối tình dục tại nơi làm việc;",,,
ch8_muc1_d118_k2_đ,POINT,structural,[],"Việc bảo vệ tài sản và bí mật kinh doanh, bí mật công nghệ, sở hữu trí tuệ của người sử dụng lao động;",,,,,,,,,,,,,,ch8_muc1_d118_k2_đ,đ),"Việc bảo vệ tài sản và bí mật kinh doanh, bí mật công nghệ, sở hữu trí tuệ của người sử dụng lao động;",,,
ch8_muc1_d118_k2_e,POINT,structural,[],Trường hợp được tạm thời chuyển người lao động làm việc khác so với hợp đồng lao động;,,,,,,,,,,,,,,ch8_muc1_d118_k2_e,e),Trường hợp được tạm thời chuyển người lao động làm việc khác so với hợp đồng lao động;,,,
ch8_muc1_d118_k2_g,POINT,structural,[],Các hành vi vi phạm kỷ luật lao động của người lao động và các hình thức xử lý kỷ luật lao động;,,,,,,,,,,,,,,ch8_muc1_d118_k2_g,g),Các hành vi vi phạm kỷ luật lao động của người lao động và các hình thức xử lý kỷ luật lao động;,,,
ch8_muc1_d118_k2_h,POINT,structural,[],Trách nhiệm vật chất;,,,,,,,,,,,,,,ch8_muc1_d118_k2_h,h),Trách nhiệm vật chất;,,,
ch8_muc1_d118_k2_i,POINT,structural,[],Người có thẩm quyền xử lý kỷ luật lao động.,,,,,,,,,,,,,,ch8_muc1_d118_k2_i,i),Người có thẩm quyền xử lý kỷ luật lao động.,,,
ch8_muc1_d118_k3,CLAUSE,structural,"[""Trước khi ban hành nội quy lao động hoặc sửa đổi, bổ sung nội quy lao động, người sử dụng lao động phải tham khảo ý kiến của tổ chức đại diện người lao động tại cơ sở đối với nơi có tổ chức đại diện người lao động tại cơ sở""]","Trước khi ban hành nội quy lao động hoặc sửa đổi, bổ sung nội quy lao động, người sử dụng lao động phải tham khảo ý kiến của tổ chức đại diện người lao động tại cơ sở đối với nơi có tổ chức đại diện người lao động tại cơ sở.",,,,,,,,,,,ch8_muc1_d118_k3,3,"Trước khi ban hành nội quy lao động hoặc sửa đổi, bổ sung nội quy lao động, người sử dụng lao động phải tham khảo ý kiến của tổ chức đại diện người lao động tại cơ sở đối với nơi có tổ chức đại diện người lao động tại cơ sở.",,,,,,
ch8_muc1_d118_k4,CLAUSE,structural,"[""Nội quy lao động phải được thông báo đến người lao động và những nội dung chính phải được niêm yết ở những nơi cần thiết tại nơi làm việc""]",Nội quy lao động phải được thông báo đến người lao động và những nội dung chính phải được niêm yết ở những nơi cần thiết tại nơi làm việc.,,,,,,,,,,,ch8_muc1_d118_k4,4,Nội quy lao động phải được thông báo đến người lao động và những nội dung chính phải được niêm yết ở những nơi cần thiết tại nơi làm việc.,,,,,,
ch8_muc1_d118_k5,CLAUSE,structural,"[""Chính phủ quy định chi tiết Điều này""]",Chính phủ quy định chi tiết Điều này.,,,,,,,,,,,ch8_muc1_d118_k5,5,Chính phủ quy định chi tiết Điều này.,,,,,,
ch8_muc1_d119,ARTICLE,structural,"[""Đăng ký nội quy lao động""]",Đăng ký nội quy lao động,,,,,,,,ch8_muc1_d119,119,Đăng ký nội quy lao động,,,,,,,,,
ch8_muc1_d119_k1,CLAUSE,structural,"[""Người sử dụng lao động sử dụng từ 10 người lao động trở lên phải đăng ký nội quy lao động tại cơ quan chuyên môn về lao động thuộc Ủy ban nhân dân cấp tỉnh nơi người sử dụng lao động đăng ký kinh doanh""]",Người sử dụng lao động sử dụng từ 10 người lao động trở lên phải đăng ký nội quy lao động tại cơ quan chuyên môn về lao động thuộc Ủy ban nhân dân cấp tỉnh nơi người sử dụng lao động đăng ký kinh doanh.,,,,,,,,,,,ch8_muc1_d119_k1,1,Người sử dụng lao động sử dụng từ 10 người lao động trở lên phải đăng ký nội quy lao động tại cơ quan chuyên môn về lao động thuộc Ủy ban nhân dân cấp tỉnh nơi người sử dụng lao động đăng ký kinh doanh.,,,,,,
ch8_muc1_d119_k2,CLAUSE,structural,"[""Trong thời hạn 10 ngày kể từ ngày ban hành nội quy lao động, người sử dụng lao động phải nộp hồ sơ đăng ký nội quy lao động""]","Trong thời hạn 10 ngày kể từ ngày ban hành nội quy lao động, người sử dụng lao động phải nộp hồ sơ đăng ký nội quy lao động.",,,,,,,,,,,ch8_muc1_d119_k2,2,"Trong thời hạn 10 ngày kể từ ngày ban hành nội quy lao động, người sử dụng lao động phải nộp hồ sơ đăng ký nội quy lao động.",,,,,,
ch8_muc1_d119_k3,CLAUSE,structural,"[""Trong thời hạn 07 ngày làm việc kể từ ngày nhận được hồ sơ đăng ký nội quy lao động, nếu nội dung nội quy lao động có quy định trái với pháp luật thì cơ quan chuyên môn về lao động thuộc Ủy ban nhân dân cấp tỉnh thông báo, hướng dẫn người sử dụng lao động sửa đổi, bổ sung và đăng ký lại""]","Trong thời hạn 07 ngày làm việc kể từ ngày nhận được hồ sơ đăng ký nội quy lao động, nếu nội dung nội quy lao động có quy định trái với pháp luật thì cơ quan chuyên môn về lao động thuộc Ủy ban nhân dân cấp tỉnh thông báo, hướng dẫn người sử dụng lao động sửa đổi, bổ sung và đăng ký lại.",,,,,,,,,,,ch8_muc1_d119_k3,3,"Trong thời hạn 07 ngày làm việc kể từ ngày nhận được hồ sơ đăng ký nội quy lao động, nếu nội dung nội quy lao động có quy định trái với pháp luật thì cơ quan chuyên môn về lao động thuộc Ủy ban nhân dân cấp tỉnh thông báo, hướng dẫn người sử dụng lao động sửa đổi, bổ sung và đăng ký lại.",,,,,,
ch8_muc1_d119_k4,CLAUSE,structural,"[""Người sử dụng lao động có các chi nhánh, đơn vị, cơ sở sản xuất, kinh doanh đặt ở nhiều địa bàn khác nhau thì gửi nội quy lao động đã được đăng ký đến cơ quan chuyên môn về lao động thuộc Ủy ban nhân dân cấp tỉnh nơi đặt chi nhánh, đơn vị, cơ sở sản xuất, kinh doanh""]","Người sử dụng lao động có các chi nhánh, đơn vị, cơ sở sản xuất, kinh doanh đặt ở nhiều địa bàn khác nhau thì gửi nội quy lao động đã được đăng ký đến cơ quan chuyên môn về lao động thuộc Ủy ban nhân dân cấp tỉnh nơi đặt chi nhánh, đơn vị, cơ sở sản xuất, kinh doanh.",,,,,,,,,,,ch8_muc1_d119_k4,4,"Người sử dụng lao động có các chi nhánh, đơn vị, cơ sở sản xuất, kinh doanh đặt ở nhiều địa bàn khác nhau thì gửi nội quy lao động đã được đăng ký đến cơ quan chuyên môn về lao động thuộc Ủy ban nhân dân cấp tỉnh nơi đặt chi nhánh, đơn vị, cơ sở sản xuất, kinh doanh.",,,,,,
ch8_muc1_d119_k5,CLAUSE,structural,"[""Căn cứ điều kiện cụ thể, cơ quan chuyên môn về lao động thuộc Ủy ban nhân dân cấp tỉnh có thể ủy quyền cho cơ quan chuyên môn về lao động thuộc Ủy ban nhân dân cấp huyện thực hiện việc đăng ký nội quy lao động theo quy định tại Điều này""]","Căn cứ điều kiện cụ thể, cơ quan chuyên môn về lao động thuộc Ủy ban nhân dân cấp tỉnh có thể ủy quyền cho cơ quan chuyên môn về lao động thuộc Ủy ban nhân dân cấp huyện thực hiện việc đăng ký nội quy lao động theo quy định tại Điều này.",,,,,,,,,,,ch8_muc1_d119_k5,5,"Căn cứ điều kiện cụ thể, cơ quan chuyên môn về lao động thuộc Ủy ban nhân dân cấp tỉnh có thể ủy quyền cho cơ quan chuyên môn về lao động thuộc Ủy ban nhân dân cấp huyện thực hiện việc đăng ký nội quy lao động theo quy định tại Điều này.",,,,,,
ch8_muc1_d120,ARTICLE,structural,"[""Hồ sơ đăng ký nội quy lao động Hồ sơ đăng ký nội quy lao động bao gồm:""]",Hồ sơ đăng ký nội quy lao động Hồ sơ đăng ký nội quy lao động bao gồm:,,,,,,,,ch8_muc1_d120,120,Hồ sơ đăng ký nội quy lao động Hồ sơ đăng ký nội quy lao động bao gồm:,,,,,,,,,
ch8_muc1_d120_k1,CLAUSE,structural,"[""Văn bản đề nghị đăng ký nội quy lao động""]",Văn bản đề nghị đăng ký nội quy lao động;,,,,,,,,,,,ch8_muc1_d120_k1,1,Văn bản đề nghị đăng ký nội quy lao động;,,,,,,
ch8_muc1_d120_k2,CLAUSE,structural,"[""Nội quy lao động""]",Nội quy lao động;,,,,,,,,,,,ch8_muc1_d120_k2,2,Nội quy lao động;,,,,,,
ch8_muc1_d120_k3,CLAUSE,structural,"[""Văn bản góp ý của tổ chức đại diện người lao động tại cơ sở đối với nơi có tổ chức đại diện người lao động tại cơ sở""]",Văn bản góp ý của tổ chức đại diện người lao động tại cơ sở đối với nơi có tổ chức đại diện người lao động tại cơ sở;,,,,,,,,,,,ch8_muc1_d120_k3,3,Văn bản góp ý của tổ chức đại diện người lao động tại cơ sở đối với nơi có tổ chức đại diện người lao động tại cơ sở;,,,,,,
ch8_muc1_d120_k4,CLAUSE,structural,"[""Các văn bản của người sử dụng lao động có quy định liên quan đến kỷ luật lao động và trách nhiệm vật chất (nếu có)""]",Các văn bản của người sử dụng lao động có quy định liên quan đến kỷ luật lao động và trách nhiệm vật chất (nếu có).,,,,,,,,,,,ch8_muc1_d120_k4,4,Các văn bản của người sử dụng lao động có quy định liên quan đến kỷ luật lao động và trách nhiệm vật chất (nếu có).,,,,,,
ch8_muc1_d121,ARTICLE,structural,"[""Hiệu lực của nội quy lao động Nội quy lao động có hiệu lực sau 15 ngày kể từ ngày cơ quan nhà nước có thẩm quyền quy định tại  của Bộ luật này nhận được đầy đủ hồ sơ đăng ký nội quy lao động""]",Hiệu lực của nội quy lao động Nội quy lao động có hiệu lực sau 15 ngày kể từ ngày cơ quan nhà nước có thẩm quyền quy định tại  của Bộ luật này nhận được đầy đủ hồ sơ đăng ký nội quy lao động.,,,,,,,,ch8_muc1_d121,121,Hiệu lực của nội quy lao động Nội quy lao động có hiệu lực sau 15 ngày kể từ ngày cơ quan nhà nước có thẩm quyền quy định tại  của Bộ luật này nhận được đầy đủ hồ sơ đăng ký nội quy lao động.,,,,,,,,,
ch8_muc1_d122,ARTICLE,structural,"[""Nguyên tắc, trình tự, thủ tục xử lý kỷ luật lao động""]","Nguyên tắc, trình tự, thủ tục xử lý kỷ luật lao động",,,,,,,,ch8_muc1_d122,122,"Nguyên tắc, trình tự, thủ tục xử lý kỷ luật lao động",,,,,,,,,
ch8_muc1_d122_k1,CLAUSE,structural,"[""Việc xử lý kỷ luật lao động được quy định như sau: a) Người sử dụng lao động phải chứng minh được lỗi của người lao động"", ""b) Phải có sự tham gia của tổ chức đại diện người lao động tại cơ sở mà người lao động đang bị xử lý kỷ luật là thành viên"", ""c) Người lao động phải có mặt và có quyền tự bào chữa, nhờ luật sư hoặc tổ chức đại diện người lao động bào chữa"", ""trường hợp là người chưa đủ 15 tuổi thì phải có sự tham gia của người đại diện theo pháp luật"", ""d) Việc xử lý kỷ luật lao động phải được ghi thành biên bản""]","Việc xử lý kỷ luật lao động được quy định như sau: a) Người sử dụng lao động phải chứng minh được lỗi của người lao động; b) Phải có sự tham gia của tổ chức đại diện người lao động tại cơ sở mà người lao động đang bị xử lý kỷ luật là thành viên; c) Người lao động phải có mặt và có quyền tự bào chữa, nhờ luật sư hoặc tổ chức đại diện người lao động bào chữa; trường hợp là người chưa đủ 15 tuổi thì phải có sự tham gia của người đại diện theo pháp luật; d) Việc xử lý kỷ luật lao động phải được ghi thành biên bản.",,,,,,,,,,,ch8_muc1_d122_k1,1,"Việc xử lý kỷ luật lao động được quy định như sau: a) Người sử dụng lao động phải chứng minh được lỗi của người lao động; b) Phải có sự tham gia của tổ chức đại diện người lao động tại cơ sở mà người lao động đang bị xử lý kỷ luật là thành viên; c) Người lao động phải có mặt và có quyền tự bào chữa, nhờ luật sư hoặc tổ chức đại diện người lao động bào chữa; trường hợp là người chưa đủ 15 tuổi thì phải có sự tham gia của người đại diện theo pháp luật; d) Việc xử lý kỷ luật lao động phải được ghi thành biên bản.",,,,,,
ch8_muc1_d122_k1_a,POINT,structural,[],Người sử dụng lao động phải chứng minh được lỗi của người lao động;,,,,,,,,,,,,,,ch8_muc1_d122_k1_a,a),Người sử dụng lao động phải chứng minh được lỗi của người lao động;,,,
ch8_muc1_d122_k1_b,POINT,structural,[],Phải có sự tham gia của tổ chức đại diện người lao động tại cơ sở mà người lao động đang bị xử lý kỷ luật là thành viên;,,,,,,,,,,,,,,ch8_muc1_d122_k1_b,b),Phải có sự tham gia của tổ chức đại diện người lao động tại cơ sở mà người lao động đang bị xử lý kỷ luật là thành viên;,,,
ch8_muc1_d122_k1_c,POINT,structural,[],"Người lao động phải có mặt và có quyền tự bào chữa, nhờ luật sư hoặc tổ chức đại diện người lao động bào chữa; trường hợp là người chưa đủ 15 tuổi thì phải có sự tham gia của người đại diện theo pháp luật;",,,,,,,,,,,,,,ch8_muc1_d122_k1_c,c),"Người lao động phải có mặt và có quyền tự bào chữa, nhờ luật sư hoặc tổ chức đại diện người lao động bào chữa; trường hợp là người chưa đủ 15 tuổi thì phải có sự tham gia của người đại diện theo pháp luật;",,,
ch8_muc1_d122_k1_d,POINT,structural,[],Việc xử lý kỷ luật lao động phải được ghi thành biên bản.,,,,,,,,,,,,,,ch8_muc1_d122_k1_d,d),Việc xử lý kỷ luật lao động phải được ghi thành biên bản.,,,
ch8_muc1_d122_k2,CLAUSE,structural,"[""Không được áp dụng nhiều hình thức xử lý kỷ luật lao động đối với một hành vi vi phạm kỷ luật lao động""]",Không được áp dụng nhiều hình thức xử lý kỷ luật lao động đối với một hành vi vi phạm kỷ luật lao động.,,,,,,,,,,,ch8_muc1_d122_k2,2,Không được áp dụng nhiều hình thức xử lý kỷ luật lao động đối với một hành vi vi phạm kỷ luật lao động.,,,,,,
ch8_muc1_d122_k3,CLAUSE,structural,"[""Khi một người lao động đồng thời có nhiều hành vi vi phạm kỷ luật lao động thì chỉ áp dụng hình thức kỷ luật cao nhất tương ứng với hành vi vi phạm nặng nhất""]",Khi một người lao động đồng thời có nhiều hành vi vi phạm kỷ luật lao động thì chỉ áp dụng hình thức kỷ luật cao nhất tương ứng với hành vi vi phạm nặng nhất.,,,,,,,,,,,ch8_muc1_d122_k3,3,Khi một người lao động đồng thời có nhiều hành vi vi phạm kỷ luật lao động thì chỉ áp dụng hình thức kỷ luật cao nhất tương ứng với hành vi vi phạm nặng nhất.,,,,,,
ch8_muc1_d122_k4,CLAUSE,structural,"[""Không được xử lý kỷ luật lao động đối với người lao động đang trong thời gian sau đây: a) Nghỉ ốm đau, điều dưỡng"", ""nghỉ việc được sự đồng ý của người sử dụng lao động"", ""b) Đang bị tạm giữ, tạm giam"", ""c) Đang chờ kết quả của cơ quan có thẩm quyền điều tra xác minh và kết luận đối với hành vi vi phạm được quy định tại khoản 1 và khoản 2 Điều 125 của Bộ luật này"", ""d) Người lao động nữ mang thai"", ""người lao động nghỉ thai sản, nuôi con dưới 12 tháng tuổi""]","Không được xử lý kỷ luật lao động đối với người lao động đang trong thời gian sau đây: a) Nghỉ ốm đau, điều dưỡng; nghỉ việc được sự đồng ý của người sử dụng lao động; b) Đang bị tạm giữ, tạm giam; c) Đang chờ kết quả của cơ quan có thẩm quyền điều tra xác minh và kết luận đối với hành vi vi phạm được quy định tại khoản 1 và khoản 2 Điều 125 của Bộ luật này; d) Người lao động nữ mang thai; người lao động nghỉ thai sản, nuôi con dưới 12 tháng tuổi.",,,,,,,,,,,ch8_muc1_d122_k4,4,"Không được xử lý kỷ luật lao động đối với người lao động đang trong thời gian sau đây: a) Nghỉ ốm đau, điều dưỡng; nghỉ việc được sự đồng ý của người sử dụng lao động; b) Đang bị tạm giữ, tạm giam; c) Đang chờ kết quả của cơ quan có thẩm quyền điều tra xác minh và kết luận đối với hành vi vi phạm được quy định tại khoản 1 và khoản 2 Điều 125 của Bộ luật này; d) Người lao động nữ mang thai; người lao động nghỉ thai sản, nuôi con dưới 12 tháng tuổi.",,,,,,
ch8_muc1_d122_k4_a,POINT,structural,[],"Nghỉ ốm đau, điều dưỡng; nghỉ việc được sự đồng ý của người sử dụng lao động;",,,,,,,,,,,,,,ch8_muc1_d122_k4_a,a),"Nghỉ ốm đau, điều dưỡng; nghỉ việc được sự đồng ý của người sử dụng lao động;",,,
ch8_muc1_d122_k4_b,POINT,structural,[],"Đang bị tạm giữ, tạm giam;",,,,,,,,,,,,,,ch8_muc1_d122_k4_b,b),"Đang bị tạm giữ, tạm giam;",,,
ch8_muc1_d122_k4_c,POINT,structural,[],Đang chờ kết quả của cơ quan có thẩm quyền điều tra xác minh và kết luận đối với hành vi vi phạm được quy định tại khoản 1 và khoản 2 Điều 125 của Bộ luật này;,,,,,,,,,,,,,,ch8_muc1_d122_k4_c,c),Đang chờ kết quả của cơ quan có thẩm quyền điều tra xác minh và kết luận đối với hành vi vi phạm được quy định tại khoản 1 và khoản 2 Điều 125 của Bộ luật này;,,,
ch8_muc1_d122_k4_d,POINT,structural,[],"Người lao động nữ mang thai; người lao động nghỉ thai sản, nuôi con dưới 12 tháng tuổi.",,,,,,,,,,,,,,ch8_muc1_d122_k4_d,d),"Người lao động nữ mang thai; người lao động nghỉ thai sản, nuôi con dưới 12 tháng tuổi.",,,
ch8_muc1_d122_k5,CLAUSE,structural,"[""Không xử lý kỷ luật lao động đối với người lao động vi phạm kỷ luật lao động trong khi mắc bệnh tâm thần hoặc một bệnh khác làm mất khả năng nhận thức hoặc khả năng điều khiển hành vi của mình""]",Không xử lý kỷ luật lao động đối với người lao động vi phạm kỷ luật lao động trong khi mắc bệnh tâm thần hoặc một bệnh khác làm mất khả năng nhận thức hoặc khả năng điều khiển hành vi của mình.,,,,,,,,,,,ch8_muc1_d122_k5,5,Không xử lý kỷ luật lao động đối với người lao động vi phạm kỷ luật lao động trong khi mắc bệnh tâm thần hoặc một bệnh khác làm mất khả năng nhận thức hoặc khả năng điều khiển hành vi của mình.,,,,,,
ch8_muc1_d122_k6,CLAUSE,structural,"[""Chính phủ quy định trình tự, thủ tục xử lý kỷ luật lao động""]","Chính phủ quy định trình tự, thủ tục xử lý kỷ luật lao động.",,,,,,,,,,,ch8_muc1_d122_k6,6,"Chính phủ quy định trình tự, thủ tục xử lý kỷ luật lao động.",,,,,,
ch8_muc1_d123,ARTICLE,structural,"[""Thời hiệu xử lý kỷ luật lao động""]",Thời hiệu xử lý kỷ luật lao động,,,,,,,,ch8_muc1_d123,123,Thời hiệu xử lý kỷ luật lao động,,,,,,,,,
ch8_muc1_d123_k1,CLAUSE,structural,"[""Thời hiệu xử lý kỷ luật lao động là 06 tháng kể từ ngày xảy ra hành vi vi phạm"", ""trường hợp hành vi vi phạm liên quan trực tiếp đến tài chính, tài sản, tiết lộ bí mật công nghệ, bí mật kinh doanh của người sử dụng lao động thì thời hiệu xử lý kỷ luật lao động là 12 tháng""]","Thời hiệu xử lý kỷ luật lao động là 06 tháng kể từ ngày xảy ra hành vi vi phạm; trường hợp hành vi vi phạm liên quan trực tiếp đến tài chính, tài sản, tiết lộ bí mật công nghệ, bí mật kinh doanh của người sử dụng lao động thì thời hiệu xử lý kỷ luật lao động là 12 tháng.",,,,,,,,,,,ch8_muc1_d123_k1,1,"Thời hiệu xử lý kỷ luật lao động là 06 tháng kể từ ngày xảy ra hành vi vi phạm; trường hợp hành vi vi phạm liên quan trực tiếp đến tài chính, tài sản, tiết lộ bí mật công nghệ, bí mật kinh doanh của người sử dụng lao động thì thời hiệu xử lý kỷ luật lao động là 12 tháng.",,,,,,
ch8_muc1_d123_k2,CLAUSE,structural,"[""Khi hết thời gian quy định tại khoản 4 Điều 122 của Bộ luật này, nếu hết thời hiệu hoặc còn thời hiệu nhưng không đủ 60 ngày thì được kéo dài thời hiệu để xử lý kỷ luật lao động nhưng không quá 60 ngày kể từ ngày hết thời gian nêu trên""]","Khi hết thời gian quy định tại khoản 4 Điều 122 của Bộ luật này, nếu hết thời hiệu hoặc còn thời hiệu nhưng không đủ 60 ngày thì được kéo dài thời hiệu để xử lý kỷ luật lao động nhưng không quá 60 ngày kể từ ngày hết thời gian nêu trên.",,,,,,,,,,,ch8_muc1_d123_k2,2,"Khi hết thời gian quy định tại khoản 4 Điều 122 của Bộ luật này, nếu hết thời hiệu hoặc còn thời hiệu nhưng không đủ 60 ngày thì được kéo dài thời hiệu để xử lý kỷ luật lao động nhưng không quá 60 ngày kể từ ngày hết thời gian nêu trên.",,,,,,
ch8_muc1_d123_k3,CLAUSE,structural,"[""Người sử dụng lao động phải ban hành quyết định xử lý kỷ luật lao động trong thời hạn quy định tại khoản 1 và khoản 2 Điều này""]",Người sử dụng lao động phải ban hành quyết định xử lý kỷ luật lao động trong thời hạn quy định tại khoản 1 và khoản 2 Điều này.,,,,,,,,,,,ch8_muc1_d123_k3,3,Người sử dụng lao động phải ban hành quyết định xử lý kỷ luật lao động trong thời hạn quy định tại khoản 1 và khoản 2 Điều này.,,,,,,
ch8_muc1_d124,ARTICLE,structural,"[""Hình thức xử lý kỷ luật lao động""]",Hình thức xử lý kỷ luật lao động,,,,,,,,ch8_muc1_d124,124,Hình thức xử lý kỷ luật lao động,,,,,,,,,
ch8_muc1_d124_k1,CLAUSE,structural,"[""Khiển trách""]",Khiển trách.,,,,,,,,,,,ch8_muc1_d124_k1,1,Khiển trách.,,,,,,
ch8_muc1_d124_k2,CLAUSE,structural,"[""Kéo dài thời hạn nâng lương không quá 06 tháng""]",Kéo dài thời hạn nâng lương không quá 06 tháng.,,,,,,,,,,,ch8_muc1_d124_k2,2,Kéo dài thời hạn nâng lương không quá 06 tháng.,,,,,,
ch8_muc1_d124_k3,CLAUSE,structural,"[""Cách chức""]",Cách chức.,,,,,,,,,,,ch8_muc1_d124_k3,3,Cách chức.,,,,,,
ch8_muc1_d124_k4,CLAUSE,structural,"[""Sa thải""]",Sa thải.,,,,,,,,,,,ch8_muc1_d124_k4,4,Sa thải.,,,,,,
ch8_muc1_d125,ARTICLE,structural,"[""Áp dụng hình thức xử lý kỷ luật sa thải Hình thức xử lý kỷ luật sa thải được người sử dụng lao động áp dụng trong trường hợp sau đây:""]",Áp dụng hình thức xử lý kỷ luật sa thải Hình thức xử lý kỷ luật sa thải được người sử dụng lao động áp dụng trong trường hợp sau đây:,,,,,,,,ch8_muc1_d125,125,Áp dụng hình thức xử lý kỷ luật sa thải Hình thức xử lý kỷ luật sa thải được người sử dụng lao động áp dụng trong trường hợp sau đây:,,,,,,,,,
ch8_muc1_d125_k1,CLAUSE,structural,"[""Người lao động có hành vi trộm cắp, tham ô, đánh bạc, cố ý gây thương tích, sử dụng ma túy tại nơi làm việc""]","Người lao động có hành vi trộm cắp, tham ô, đánh bạc, cố ý gây thương tích, sử dụng ma túy tại nơi làm việc;",,,,,,,,,,,ch8_muc1_d125_k1,1,"Người lao động có hành vi trộm cắp, tham ô, đánh bạc, cố ý gây thương tích, sử dụng ma túy tại nơi làm việc;",,,,,,
ch8_muc1_d125_k2,CLAUSE,structural,"[""Người lao động có hành vi tiết lộ bí mật kinh doanh, bí mật công nghệ, xâm phạm quyền sở hữu trí tuệ của người sử dụng lao động, có hành vi gây thiệt hại nghiêm trọng hoặc đe dọa gây thiệt hại đặc biệt nghiêm trọng về tài sản, lợi ích của người sử dụng lao động hoặc quấy rối tình dục tại nơi làm việc được quy định trong nội quy lao động""]","Người lao động có hành vi tiết lộ bí mật kinh doanh, bí mật công nghệ, xâm phạm quyền sở hữu trí tuệ của người sử dụng lao động, có hành vi gây thiệt hại nghiêm trọng hoặc đe dọa gây thiệt hại đặc biệt nghiêm trọng về tài sản, lợi ích của người sử dụng lao động hoặc quấy rối tình dục tại nơi làm việc được quy định trong nội quy lao động;",,,,,,,,,,,ch8_muc1_d125_k2,2,"Người lao động có hành vi tiết lộ bí mật kinh doanh, bí mật công nghệ, xâm phạm quyền sở hữu trí tuệ của người sử dụng lao động, có hành vi gây thiệt hại nghiêm trọng hoặc đe dọa gây thiệt hại đặc biệt nghiêm trọng về tài sản, lợi ích của người sử dụng lao động hoặc quấy rối tình dục tại nơi làm việc được quy định trong nội quy lao động;",,,,,,
ch8_muc1_d125_k3,CLAUSE,structural,"[""Người lao động bị xử lý kỷ luật kéo dài thời hạn nâng lương hoặc cách chức mà tái phạm trong thời gian chưa xóa kỷ luật"", ""Tái phạm là trường hợp người lao động lặp lại hành vi vi phạm đã bị xử lý kỷ luật mà chưa được xóa kỷ luật theo quy định tại Điều 126 của Bộ luật này""]",Người lao động bị xử lý kỷ luật kéo dài thời hạn nâng lương hoặc cách chức mà tái phạm trong thời gian chưa xóa kỷ luật. Tái phạm là trường hợp người lao động lặp lại hành vi vi phạm đã bị xử lý kỷ luật mà chưa được xóa kỷ luật theo quy định tại Điều 126 của Bộ luật này;,,,,,,,,,,,ch8_muc1_d125_k3,3,Người lao động bị xử lý kỷ luật kéo dài thời hạn nâng lương hoặc cách chức mà tái phạm trong thời gian chưa xóa kỷ luật. Tái phạm là trường hợp người lao động lặp lại hành vi vi phạm đã bị xử lý kỷ luật mà chưa được xóa kỷ luật theo quy định tại Điều 126 của Bộ luật này;,,,,,,
ch8_muc1_d125_k4,CLAUSE,structural,"[""Người lao động tự ý bỏ việc 05 ngày cộng dồn trong thời hạn 30 ngày hoặc 20 ngày cộng dồn trong thời hạn 365 ngày tính từ ngày đầu tiên tự ý bỏ việc mà không có lý do chính đáng"", ""Trường hợp được coi là có lý do chính đáng bao gồm thiên tai, hỏa hoạn, bản thân, thân nhân bị ốm có xác nhận của cơ sở khám bệnh, chữa bệnh có thẩm quyền và trường hợp khác được quy định trong nội quy lao động""]","Người lao động tự ý bỏ việc 05 ngày cộng dồn trong thời hạn 30 ngày hoặc 20 ngày cộng dồn trong thời hạn 365 ngày tính từ ngày đầu tiên tự ý bỏ việc mà không có lý do chính đáng. Trường hợp được coi là có lý do chính đáng bao gồm thiên tai, hỏa hoạn, bản thân, thân nhân bị ốm có xác nhận của cơ sở khám bệnh, chữa bệnh có thẩm quyền và trường hợp khác được quy định trong nội quy lao động.",,,,,,,,,,,ch8_muc1_d125_k4,4,"Người lao động tự ý bỏ việc 05 ngày cộng dồn trong thời hạn 30 ngày hoặc 20 ngày cộng dồn trong thời hạn 365 ngày tính từ ngày đầu tiên tự ý bỏ việc mà không có lý do chính đáng. Trường hợp được coi là có lý do chính đáng bao gồm thiên tai, hỏa hoạn, bản thân, thân nhân bị ốm có xác nhận của cơ sở khám bệnh, chữa bệnh có thẩm quyền và trường hợp khác được quy định trong nội quy lao động.",,,,,,
ch8_muc1_d126,ARTICLE,structural,"[""Xóa kỷ luật, giảm thời hạn chấp hành kỷ luật lao động""]","Xóa kỷ luật, giảm thời hạn chấp hành kỷ luật lao động",,,,,,,,ch8_muc1_d126,126,"Xóa kỷ luật, giảm thời hạn chấp hành kỷ luật lao động",,,,,,,,,
ch8_muc1_d126_k1,CLAUSE,structural,"[""Người lao động bị khiển trách sau 03 tháng hoặc bị xử lý kỷ luật kéo dài thời hạn nâng lương sau 06 tháng hoặc bị xử lý kỷ luật cách chức sau 03 năm kể từ ngày bị xử lý, nếu không tiếp tục vi phạm kỷ luật lao động thì đương nhiên được xóa kỷ luật""]","Người lao động bị khiển trách sau 03 tháng hoặc bị xử lý kỷ luật kéo dài thời hạn nâng lương sau 06 tháng hoặc bị xử lý kỷ luật cách chức sau 03 năm kể từ ngày bị xử lý, nếu không tiếp tục vi phạm kỷ luật lao động thì đương nhiên được xóa kỷ luật.",,,,,,,,,,,ch8_muc1_d126_k1,1,"Người lao động bị khiển trách sau 03 tháng hoặc bị xử lý kỷ luật kéo dài thời hạn nâng lương sau 06 tháng hoặc bị xử lý kỷ luật cách chức sau 03 năm kể từ ngày bị xử lý, nếu không tiếp tục vi phạm kỷ luật lao động thì đương nhiên được xóa kỷ luật.",,,,,,
ch8_muc1_d126_k2,CLAUSE,structural,"[""Người lao động bị xử lý kỷ luật kéo dài thời hạn nâng lương sau khi chấp hành được một nửa thời hạn nếu sửa chữa tiến bộ thì có thể được người sử dụng lao động xét giảm thời hạn""]",Người lao động bị xử lý kỷ luật kéo dài thời hạn nâng lương sau khi chấp hành được một nửa thời hạn nếu sửa chữa tiến bộ thì có thể được người sử dụng lao động xét giảm thời hạn.,,,,,,,,,,,ch8_muc1_d126_k2,2,Người lao động bị xử lý kỷ luật kéo dài thời hạn nâng lương sau khi chấp hành được một nửa thời hạn nếu sửa chữa tiến bộ thì có thể được người sử dụng lao động xét giảm thời hạn.,,,,,,
ch8_muc1_d127,ARTICLE,structural,"[""Các hành vi bị nghiêm cấm khi xử lý kỷ luật lao động""]",Các hành vi bị nghiêm cấm khi xử lý kỷ luật lao động,,,,,,,,ch8_muc1_d127,127,Các hành vi bị nghiêm cấm khi xử lý kỷ luật lao động,,,,,,,,,
ch8_muc1_d127_k1,CLAUSE,structural,"[""Xâm phạm sức khỏe, danh dự, tính mạng, uy tín, nhân phẩm của người lao động""]","Xâm phạm sức khỏe, danh dự, tính mạng, uy tín, nhân phẩm của người lao động.",,,,,,,,,,,ch8_muc1_d127_k1,1,"Xâm phạm sức khỏe, danh dự, tính mạng, uy tín, nhân phẩm của người lao động.",,,,,,
ch8_muc1_d127_k2,CLAUSE,structural,"[""Phạt tiền, cắt lương thay việc xử lý kỷ luật lao động""]","Phạt tiền, cắt lương thay việc xử lý kỷ luật lao động.",,,,,,,,,,,ch8_muc1_d127_k2,2,"Phạt tiền, cắt lương thay việc xử lý kỷ luật lao động.",,,,,,
ch8_muc1_d127_k3,CLAUSE,structural,"[""Xử lý kỷ luật lao động đối với người lao động có hành vi vi phạm không được quy định trong nội quy lao động hoặc không thỏa thuận trong hợp đồng lao động đã giao kết hoặc pháp luật về lao động không có quy định""]",Xử lý kỷ luật lao động đối với người lao động có hành vi vi phạm không được quy định trong nội quy lao động hoặc không thỏa thuận trong hợp đồng lao động đã giao kết hoặc pháp luật về lao động không có quy định.,,,,,,,,,,,ch8_muc1_d127_k3,3,Xử lý kỷ luật lao động đối với người lao động có hành vi vi phạm không được quy định trong nội quy lao động hoặc không thỏa thuận trong hợp đồng lao động đã giao kết hoặc pháp luật về lao động không có quy định.,,,,,,
ch8_muc1_d128,ARTICLE,structural,"[""Tạm đình chỉ công việc""]",Tạm đình chỉ công việc,,,,,,,,ch8_muc1_d128,128,Tạm đình chỉ công việc,,,,,,,,,
ch8_muc1_d128_k1,CLAUSE,structural,"[""Người sử dụng lao động có quyền tạm đình chỉ công việc của người lao động khi vụ việc vi phạm có những tình tiết phức tạp nếu xét thấy để người lao động tiếp tục làm việc sẽ gây khó khăn cho việc xác minh"", ""Việc tạm đình chỉ công việc của người lao động chỉ được thực hiện sau khi tham khảo ý kiến của tổ chức đại diện người lao động tại cơ sở mà người lao động đang bị xem xét tạm đình chỉ công việc là thành viên""]",Người sử dụng lao động có quyền tạm đình chỉ công việc của người lao động khi vụ việc vi phạm có những tình tiết phức tạp nếu xét thấy để người lao động tiếp tục làm việc sẽ gây khó khăn cho việc xác minh. Việc tạm đình chỉ công việc của người lao động chỉ được thực hiện sau khi tham khảo ý kiến của tổ chức đại diện người lao động tại cơ sở mà người lao động đang bị xem xét tạm đình chỉ công việc là thành viên.,,,,,,,,,,,ch8_muc1_d128_k1,1,Người sử dụng lao động có quyền tạm đình chỉ công việc của người lao động khi vụ việc vi phạm có những tình tiết phức tạp nếu xét thấy để người lao động tiếp tục làm việc sẽ gây khó khăn cho việc xác minh. Việc tạm đình chỉ công việc của người lao động chỉ được thực hiện sau khi tham khảo ý kiến của tổ chức đại diện người lao động tại cơ sở mà người lao động đang bị xem xét tạm đình chỉ công việc là thành viên.,,,,,,
ch8_muc1_d128_k2,CLAUSE,structural,"[""Thời hạn tạm đình chỉ công việc không được quá 15 ngày, trường hợp đặc biệt không được quá 90 ngày"", ""Trong thời gian bị tạm đình chỉ công việc, người lao động được tạm ứng 50% tiền lương trước khi bị đình chỉ công việc"", ""Hết thời hạn tạm đình chỉ công việc, người sử dụng lao động phải nhận người lao động trở lại làm việc""]","Thời hạn tạm đình chỉ công việc không được quá 15 ngày, trường hợp đặc biệt không được quá 90 ngày. Trong thời gian bị tạm đình chỉ công việc, người lao động được tạm ứng 50% tiền lương trước khi bị đình chỉ công việc. Hết thời hạn tạm đình chỉ công việc, người sử dụng lao động phải nhận người lao động trở lại làm việc.",,,,,,,,,,,ch8_muc1_d128_k2,2,"Thời hạn tạm đình chỉ công việc không được quá 15 ngày, trường hợp đặc biệt không được quá 90 ngày. Trong thời gian bị tạm đình chỉ công việc, người lao động được tạm ứng 50% tiền lương trước khi bị đình chỉ công việc. Hết thời hạn tạm đình chỉ công việc, người sử dụng lao động phải nhận người lao động trở lại làm việc.",,,,,,
ch8_muc1_d128_k3,CLAUSE,structural,"[""Trường hợp người lao động bị xử lý kỷ luật lao động, người lao động cũng không phải trả lại số tiền lương đã tạm ứng""]","Trường hợp người lao động bị xử lý kỷ luật lao động, người lao động cũng không phải trả lại số tiền lương đã tạm ứng.",,,,,,,,,,,ch8_muc1_d128_k3,3,"Trường hợp người lao động bị xử lý kỷ luật lao động, người lao động cũng không phải trả lại số tiền lương đã tạm ứng.",,,,,,
ch8_muc1_d128_k4,CLAUSE,structural,"[""Trường hợp người lao động không bị xử lý kỷ luật lao động thì được người sử dụng lao động trả đủ tiền lương cho thời gian bị tạm đình chỉ công việc""]",Trường hợp người lao động không bị xử lý kỷ luật lao động thì được người sử dụng lao động trả đủ tiền lương cho thời gian bị tạm đình chỉ công việc.,,,,,,,,,,,ch8_muc1_d128_k4,4,Trường hợp người lao động không bị xử lý kỷ luật lao động thì được người sử dụng lao động trả đủ tiền lương cho thời gian bị tạm đình chỉ công việc.,,,,,,
ch8_muc2,SECTION,structural,[],TRÁCH NHIỆM VẬT CHẤT,,,,,,,,,,,,,,,,,ch8_muc2,2,TRÁCH NHIỆM VẬT CHẤT
ch8_muc2_d129,ARTICLE,structural,"[""Bồi thường thiệt hại""]",Bồi thường thiệt hại,,,,,,,,ch8_muc2_d129,129,Bồi thường thiệt hại,,,,,,,,,
ch8_muc2_d129_k1,CLAUSE,structural,"[""Người lao động làm hư hỏng dụng cụ, thiết bị hoặc có hành vi khác gây thiệt hại tài sản của người sử dụng lao động thì phải bồi thường theo quy định của pháp luật hoặc nội quy lao động của người sử dụng lao động"", ""Trường hợp người lao động gây thiệt hại không nghiêm trọng do sơ suất với giá trị không quá 10 tháng lương tối thiểu vùng do Chính phủ công bố được áp dụng tại nơi người lao động làm việc thì người lao động phải bồi thường nhiều nhất là 03 tháng tiền lương và bị khấu trừ hằng tháng vào lương theo quy định tại khoản 3 Điều 102 của Bộ luật này""]","Người lao động làm hư hỏng dụng cụ, thiết bị hoặc có hành vi khác gây thiệt hại tài sản của người sử dụng lao động thì phải bồi thường theo quy định của pháp luật hoặc nội quy lao động của người sử dụng lao động. Trường hợp người lao động gây thiệt hại không nghiêm trọng do sơ suất với giá trị không quá 10 tháng lương tối thiểu vùng do Chính phủ công bố được áp dụng tại nơi người lao động làm việc thì người lao động phải bồi thường nhiều nhất là 03 tháng tiền lương và bị khấu trừ hằng tháng vào lương theo quy định tại khoản 3 Điều 102 của Bộ luật này.",,,,,,,,,,,ch8_muc2_d129_k1,1,"Người lao động làm hư hỏng dụng cụ, thiết bị hoặc có hành vi khác gây thiệt hại tài sản của người sử dụng lao động thì phải bồi thường theo quy định của pháp luật hoặc nội quy lao động của người sử dụng lao động. Trường hợp người lao động gây thiệt hại không nghiêm trọng do sơ suất với giá trị không quá 10 tháng lương tối thiểu vùng do Chính phủ công bố được áp dụng tại nơi người lao động làm việc thì người lao động phải bồi thường nhiều nhất là 03 tháng tiền lương và bị khấu trừ hằng tháng vào lương theo quy định tại khoản 3 Điều 102 của Bộ luật này.",,,,,,
ch8_muc2_d129_k2,CLAUSE,structural,"[""Người lao động làm mất dụng cụ, thiết bị, tài sản của người sử dụng lao động hoặc tài sản khác do người sử dụng lao động giao hoặc tiêu hao vật tư quá định mức cho phép thì phải bồi thường thiệt hại một phần hoặc toàn bộ theo thời giá thị trường hoặc nội quy lao động"", ""trường hợp có hợp đồng trách nhiệm thì phải bồi thường theo hợp đồng trách nhiệm"", ""trường hợp do thiên tai, hỏa hoạn, địch họa, dịch bệnh nguy hiểm, thảm họa, sự kiện xảy ra khách quan không thể lường trước được và không thể khắc phục được mặc dù đã áp dụng mọi biện pháp cần thiết và khả năng cho phép thì không phải bồi thường""]","Người lao động làm mất dụng cụ, thiết bị, tài sản của người sử dụng lao động hoặc tài sản khác do người sử dụng lao động giao hoặc tiêu hao vật tư quá định mức cho phép thì phải bồi thường thiệt hại một phần hoặc toàn bộ theo thời giá thị trường hoặc nội quy lao động; trường hợp có hợp đồng trách nhiệm thì phải bồi thường theo hợp đồng trách nhiệm; trường hợp do thiên tai, hỏa hoạn, địch họa, dịch bệnh nguy hiểm, thảm họa, sự kiện xảy ra khách quan không thể lường trước được và không thể khắc phục được mặc dù đã áp dụng mọi biện pháp cần thiết và khả năng cho phép thì không phải bồi thường.",,,,,,,,,,,ch8_muc2_d129_k2,2,"Người lao động làm mất dụng cụ, thiết bị, tài sản của người sử dụng lao động hoặc tài sản khác do người sử dụng lao động giao hoặc tiêu hao vật tư quá định mức cho phép thì phải bồi thường thiệt hại một phần hoặc toàn bộ theo thời giá thị trường hoặc nội quy lao động; trường hợp có hợp đồng trách nhiệm thì phải bồi thường theo hợp đồng trách nhiệm; trường hợp do thiên tai, hỏa hoạn, địch họa, dịch bệnh nguy hiểm, thảm họa, sự kiện xảy ra khách quan không thể lường trước được và không thể khắc phục được mặc dù đã áp dụng mọi biện pháp cần thiết và khả năng cho phép thì không phải bồi thường.",,,,,,
ch8_muc2_d130,ARTICLE,structural,"[""Xử lý bồi thường thiệt hại""]",Xử lý bồi thường thiệt hại,,,,,,,,ch8_muc2_d130,130,Xử lý bồi thường thiệt hại,,,,,,,,,
ch8_muc2_d130_k1,CLAUSE,structural,"[""Việc xem xét, quyết định mức bồi thường thiệt hại phải căn cứ vào lỗi, mức độ thiệt hại thực tế và hoàn cảnh thực tế gia đình, nhân thân và tài sản của người lao động""]","Việc xem xét, quyết định mức bồi thường thiệt hại phải căn cứ vào lỗi, mức độ thiệt hại thực tế và hoàn cảnh thực tế gia đình, nhân thân và tài sản của người lao động.",,,,,,,,,,,ch8_muc2_d130_k1,1,"Việc xem xét, quyết định mức bồi thường thiệt hại phải căn cứ vào lỗi, mức độ thiệt hại thực tế và hoàn cảnh thực tế gia đình, nhân thân và tài sản của người lao động.",,,,,,
ch8_muc2_d130_k2,CLAUSE,structural,"[""Chính phủ quy định trình tự, thủ tục, thời hiệu xử lý việc bồi thường thiệt hại""]","Chính phủ quy định trình tự, thủ tục, thời hiệu xử lý việc bồi thường thiệt hại.",,,,,,,,,,,ch8_muc2_d130_k2,2,"Chính phủ quy định trình tự, thủ tục, thời hiệu xử lý việc bồi thường thiệt hại.",,,,,,
ch8_muc2_d131,ARTICLE,structural,"[""Khiếu nại về kỷ luật lao động, trách nhiệm vật chất Người bị xử lý kỷ luật lao động, bị tạm đình chỉ công việc hoặc phải bồi thường theo chế độ trách nhiệm vật chất nếu thấy không thỏa đáng có quyền khiếu nại với người sử dụng lao động, với cơ quan có thẩm quyền theo quy định của pháp luật hoặc yêu cầu giải quyết tranh chấp lao động theo trình tự do pháp luật quy định""]","Khiếu nại về kỷ luật lao động, trách nhiệm vật chất Người bị xử lý kỷ luật lao động, bị tạm đình chỉ công việc hoặc phải bồi thường theo chế độ trách nhiệm vật chất nếu thấy không thỏa đáng có quyền khiếu nại với người sử dụng lao động, với cơ quan có thẩm quyền theo quy định của pháp luật hoặc yêu cầu giải quyết tranh chấp lao động theo trình tự do pháp luật quy định.",,,,,,,,ch8_muc2_d131,131,"Khiếu nại về kỷ luật lao động, trách nhiệm vật chất Người bị xử lý kỷ luật lao động, bị tạm đình chỉ công việc hoặc phải bồi thường theo chế độ trách nhiệm vật chất nếu thấy không thỏa đáng có quyền khiếu nại với người sử dụng lao động, với cơ quan có thẩm quyền theo quy định của pháp luật hoặc yêu cầu giải quyết tranh chấp lao động theo trình tự do pháp luật quy định.",,,,,,,,,
ch9,CHAPTER,structural,"[""AN TOÀN, VỆ SINH LAO ĐỘNG""]","AN TOÀN, VỆ SINH LAO ĐỘNG",,,,ch9,9.0,IX,"AN TOÀN, VỆ SINH LAO ĐỘNG",,,,,,,,,,,,
ch9_d132,ARTICLE,structural,"[""Tuân thủ pháp luật về an toàn, vệ sinh lao động Người sử dụng lao động, người lao động và cơ quan, tổ chức, cá nhân có liên quan đến lao động, sản xuất, kinh doanh phải thực hiện quy định của pháp luật về an toàn, vệ sinh lao động""]","Tuân thủ pháp luật về an toàn, vệ sinh lao động Người sử dụng lao động, người lao động và cơ quan, tổ chức, cá nhân có liên quan đến lao động, sản xuất, kinh doanh phải thực hiện quy định của pháp luật về an toàn, vệ sinh lao động.",,,,,,,,ch9_d132,132,"Tuân thủ pháp luật về an toàn, vệ sinh lao động Người sử dụng lao động, người lao động và cơ quan, tổ chức, cá nhân có liên quan đến lao động, sản xuất, kinh doanh phải thực hiện quy định của pháp luật về an toàn, vệ sinh lao động.",,,,,,,,,
ch9_d133,ARTICLE,structural,"[""Chương trình an toàn, vệ sinh lao động""]","Chương trình an toàn, vệ sinh lao động",,,,,,,,ch9_d133,133,"Chương trình an toàn, vệ sinh lao động",,,,,,,,,
ch9_d133_k1,CLAUSE,structural,"[""Chính phủ quyết định Chương trình quốc gia về an toàn, vệ sinh lao động""]","Chính phủ quyết định Chương trình quốc gia về an toàn, vệ sinh lao động.",,,,,,,,,,,ch9_d133_k1,1,"Chính phủ quyết định Chương trình quốc gia về an toàn, vệ sinh lao động.",,,,,,
ch9_d133_k2,CLAUSE,structural,"[""Ủy ban nhân dân cấp tỉnh trình Hội đồng nhân dân cùng cấp quyết định Chương trình an toàn, vệ sinh lao động của địa phương và đưa vào kế hoạch phát triển kinh tế - xã hội""]","Ủy ban nhân dân cấp tỉnh trình Hội đồng nhân dân cùng cấp quyết định Chương trình an toàn, vệ sinh lao động của địa phương và đưa vào kế hoạch phát triển kinh tế - xã hội.",,,,,,,,,,,ch9_d133_k2,2,"Ủy ban nhân dân cấp tỉnh trình Hội đồng nhân dân cùng cấp quyết định Chương trình an toàn, vệ sinh lao động của địa phương và đưa vào kế hoạch phát triển kinh tế - xã hội.",,,,,,
ch9_d134,ARTICLE,structural,"[""Bảo đảm an toàn, vệ sinh lao động tại nơi làm việc""]","Bảo đảm an toàn, vệ sinh lao động tại nơi làm việc",,,,,,,,ch9_d134,134,"Bảo đảm an toàn, vệ sinh lao động tại nơi làm việc",,,,,,,,,
ch9_d134_k1,CLAUSE,structural,"[""Người sử dụng lao động có trách nhiệm thực hiện đầy đủ các giải pháp nhằm bảo đảm an toàn, vệ sinh lao động tại nơi làm việc""]","Người sử dụng lao động có trách nhiệm thực hiện đầy đủ các giải pháp nhằm bảo đảm an toàn, vệ sinh lao động tại nơi làm việc.",,,,,,,,,,,ch9_d134_k1,1,"Người sử dụng lao động có trách nhiệm thực hiện đầy đủ các giải pháp nhằm bảo đảm an toàn, vệ sinh lao động tại nơi làm việc.",,,,,,
ch9_d134_k2,CLAUSE,structural,"[""Người lao động có trách nhiệm chấp hành quy định, nội quy, quy trình, yêu cầu về an toàn, vệ sinh lao động"", ""tuân thủ pháp luật và nắm vững kiến thức, kỹ năng về các biện pháp bảo đảm an toàn, vệ sinh lao động tại nơi làm việc""]","Người lao động có trách nhiệm chấp hành quy định, nội quy, quy trình, yêu cầu về an toàn, vệ sinh lao động; tuân thủ pháp luật và nắm vững kiến thức, kỹ năng về các biện pháp bảo đảm an toàn, vệ sinh lao động tại nơi làm việc.",,,,,,,,,,,ch9_d134_k2,2,"Người lao động có trách nhiệm chấp hành quy định, nội quy, quy trình, yêu cầu về an toàn, vệ sinh lao động; tuân thủ pháp luật và nắm vững kiến thức, kỹ năng về các biện pháp bảo đảm an toàn, vệ sinh lao động tại nơi làm việc.",,,,,,
ch10,CHAPTER,structural,"[""NHỮNG QUY ĐỊNH RIÊNG ĐỐI VỚI LAO ĐỘNG NỮ VÀ BẢO ĐẢM BÌNH ĐẲNG GIỚI""]",NHỮNG QUY ĐỊNH RIÊNG ĐỐI VỚI LAO ĐỘNG NỮ VÀ BẢO ĐẢM BÌNH ĐẲNG GIỚI,,,,ch10,10.0,X,NHỮNG QUY ĐỊNH RIÊNG ĐỐI VỚI LAO ĐỘNG NỮ VÀ BẢO ĐẢM BÌNH ĐẲNG GIỚI,,,,,,,,,,,,
ch10_d135,ARTICLE,structural,"[""Chính sách của Nhà nước""]",Chính sách của Nhà nước,,,,,,,,ch10_d135,135,Chính sách của Nhà nước,,,,,,,,,
ch10_d135_k1,CLAUSE,structural,"[""Bảo đảm quyền bình đẳng của lao động nữ, lao động nam, thực hiện các biện pháp bảo đảm bình đẳng giới và phòng, chống quấy rối tình dục tại nơi làm việc""]","Bảo đảm quyền bình đẳng của lao động nữ, lao động nam, thực hiện các biện pháp bảo đảm bình đẳng giới và phòng, chống quấy rối tình dục tại nơi làm việc.",,,,,,,,,,,ch10_d135_k1,1,"Bảo đảm quyền bình đẳng của lao động nữ, lao động nam, thực hiện các biện pháp bảo đảm bình đẳng giới và phòng, chống quấy rối tình dục tại nơi làm việc.",,,,,,
ch10_d135_k2,CLAUSE,structural,"[""Khuyến khích người sử dụng lao động tạo điều kiện để lao động nữ, lao động nam có việc làm thường xuyên, áp dụng rộng rãi chế độ làm việc theo thời gian biểu linh hoạt, làm việc không trọn thời gian, giao việc làm tại nhà""]","Khuyến khích người sử dụng lao động tạo điều kiện để lao động nữ, lao động nam có việc làm thường xuyên, áp dụng rộng rãi chế độ làm việc theo thời gian biểu linh hoạt, làm việc không trọn thời gian, giao việc làm tại nhà.",,,,,,,,,,,ch10_d135_k2,2,"Khuyến khích người sử dụng lao động tạo điều kiện để lao động nữ, lao động nam có việc làm thường xuyên, áp dụng rộng rãi chế độ làm việc theo thời gian biểu linh hoạt, làm việc không trọn thời gian, giao việc làm tại nhà.",,,,,,
ch10_d135_k3,CLAUSE,structural,"[""Có biện pháp tạo việc làm, cải thiện điều kiện lao động, nâng cao trình độ nghề nghiệp, chăm sóc sức khỏe, tăng cường phúc lợi về vật chất và tinh thần của lao động nữ nhằm giúp lao động nữ phát huy có hiệu quả năng lực nghề nghiệp, kết hợp hài hòa cuộc sống lao động và cuộc sống gia đình""]","Có biện pháp tạo việc làm, cải thiện điều kiện lao động, nâng cao trình độ nghề nghiệp, chăm sóc sức khỏe, tăng cường phúc lợi về vật chất và tinh thần của lao động nữ nhằm giúp lao động nữ phát huy có hiệu quả năng lực nghề nghiệp, kết hợp hài hòa cuộc sống lao động và cuộc sống gia đình.",,,,,,,,,,,ch10_d135_k3,3,"Có biện pháp tạo việc làm, cải thiện điều kiện lao động, nâng cao trình độ nghề nghiệp, chăm sóc sức khỏe, tăng cường phúc lợi về vật chất và tinh thần của lao động nữ nhằm giúp lao động nữ phát huy có hiệu quả năng lực nghề nghiệp, kết hợp hài hòa cuộc sống lao động và cuộc sống gia đình.",,,,,,
ch10_d135_k4,CLAUSE,structural,"[""Có chính sách giảm thuế đối với người sử dụng lao động có sử dụng nhiều lao động nữ theo quy định của pháp luật về thuế""]",Có chính sách giảm thuế đối với người sử dụng lao động có sử dụng nhiều lao động nữ theo quy định của pháp luật về thuế.,,,,,,,,,,,ch10_d135_k4,4,Có chính sách giảm thuế đối với người sử dụng lao động có sử dụng nhiều lao động nữ theo quy định của pháp luật về thuế.,,,,,,
ch10_d135_k5,CLAUSE,structural,"[""Nhà nước có kế hoạch, biện pháp tổ chức nhà trẻ, lớp mẫu giáo ở nơi có nhiều lao động"", ""Mở rộng nhiều loại hình đào tạo thuận lợi cho lao động nữ có thêm nghề dự phòng và phù hợp với đặc điểm về cơ thể, sinh lý và chức năng làm mẹ của phụ nữ""]","Nhà nước có kế hoạch, biện pháp tổ chức nhà trẻ, lớp mẫu giáo ở nơi có nhiều lao động. Mở rộng nhiều loại hình đào tạo thuận lợi cho lao động nữ có thêm nghề dự phòng và phù hợp với đặc điểm về cơ thể, sinh lý và chức năng làm mẹ của phụ nữ.",,,,,,,,,,,ch10_d135_k5,5,"Nhà nước có kế hoạch, biện pháp tổ chức nhà trẻ, lớp mẫu giáo ở nơi có nhiều lao động. Mở rộng nhiều loại hình đào tạo thuận lợi cho lao động nữ có thêm nghề dự phòng và phù hợp với đặc điểm về cơ thể, sinh lý và chức năng làm mẹ của phụ nữ.",,,,,,
ch10_d135_k6,CLAUSE,structural,"[""Chính phủ quy định chi tiết Điều này""]",Chính phủ quy định chi tiết Điều này.,,,,,,,,,,,ch10_d135_k6,6,Chính phủ quy định chi tiết Điều này.,,,,,,
ch10_d136,ARTICLE,structural,"[""Trách nhiệm của người sử dụng lao động""]",Trách nhiệm của người sử dụng lao động,,,,,,,,ch10_d136,136,Trách nhiệm của người sử dụng lao động,,,,,,,,,
ch10_d136_k1,CLAUSE,structural,"[""Bảo đảm thực hiện bình đẳng giới và các biện pháp thúc đẩy bình đẳng giới trong tuyển dụng, bố trí, sắp xếp việc làm, đào tạo, thời giờ làm việc, thời giờ nghỉ ngơi, tiền lương và các chế độ khác""]","Bảo đảm thực hiện bình đẳng giới và các biện pháp thúc đẩy bình đẳng giới trong tuyển dụng, bố trí, sắp xếp việc làm, đào tạo, thời giờ làm việc, thời giờ nghỉ ngơi, tiền lương và các chế độ khác.",,,,,,,,,,,ch10_d136_k1,1,"Bảo đảm thực hiện bình đẳng giới và các biện pháp thúc đẩy bình đẳng giới trong tuyển dụng, bố trí, sắp xếp việc làm, đào tạo, thời giờ làm việc, thời giờ nghỉ ngơi, tiền lương và các chế độ khác.",,,,,,
ch10_d136_k2,CLAUSE,structural,"[""Tham khảo ý kiến của lao động nữ hoặc đại diện của họ khi quyết định những vấn đề liên quan đến quyền và lợi ích của phụ nữ""]",Tham khảo ý kiến của lao động nữ hoặc đại diện của họ khi quyết định những vấn đề liên quan đến quyền và lợi ích của phụ nữ.,,,,,,,,,,,ch10_d136_k2,2,Tham khảo ý kiến của lao động nữ hoặc đại diện của họ khi quyết định những vấn đề liên quan đến quyền và lợi ích của phụ nữ.,,,,,,
ch10_d136_k3,CLAUSE,structural,"[""Bảo đảm có đủ buồng tắm và buồng vệ sinh phù hợp tại nơi làm việc""]",Bảo đảm có đủ buồng tắm và buồng vệ sinh phù hợp tại nơi làm việc.,,,,,,,,,,,ch10_d136_k3,3,Bảo đảm có đủ buồng tắm và buồng vệ sinh phù hợp tại nơi làm việc.,,,,,,
ch10_d136_k4,CLAUSE,structural,"[""Giúp đỡ, hỗ trợ xây dựng nhà trẻ, lớp mẫu giáo hoặc một phần chi phí gửi trẻ, mẫu giáo cho người lao động""]","Giúp đỡ, hỗ trợ xây dựng nhà trẻ, lớp mẫu giáo hoặc một phần chi phí gửi trẻ, mẫu giáo cho người lao động.",,,,,,,,,,,ch10_d136_k4,4,"Giúp đỡ, hỗ trợ xây dựng nhà trẻ, lớp mẫu giáo hoặc một phần chi phí gửi trẻ, mẫu giáo cho người lao động.",,,,,,
ch10_d137,ARTICLE,structural,"[""Bảo vệ thai sản""]",Bảo vệ thai sản,,,,,,,,ch10_d137,137,Bảo vệ thai sản,,,,,,,,,
ch10_d137_k1,CLAUSE,structural,"[""Người sử dụng lao động không được sử dụng người lao động làm việc ban đêm, làm thêm giờ và đi công tác xa trong trường hợp sau đây: a) Mang thai từ tháng thứ 07 hoặc từ tháng thứ 06 nếu làm việc ở vùng cao, vùng sâu, vùng xa, biên giới, hải đảo"", ""b) Đang nuôi con dưới 12 tháng tuổi, trừ trường hợp được người lao động đồng ý""]","Người sử dụng lao động không được sử dụng người lao động làm việc ban đêm, làm thêm giờ và đi công tác xa trong trường hợp sau đây: a) Mang thai từ tháng thứ 07 hoặc từ tháng thứ 06 nếu làm việc ở vùng cao, vùng sâu, vùng xa, biên giới, hải đảo; b) Đang nuôi con dưới 12 tháng tuổi, trừ trường hợp được người lao động đồng ý.",,,,,,,,,,,ch10_d137_k1,1,"Người sử dụng lao động không được sử dụng người lao động làm việc ban đêm, làm thêm giờ và đi công tác xa trong trường hợp sau đây: a) Mang thai từ tháng thứ 07 hoặc từ tháng thứ 06 nếu làm việc ở vùng cao, vùng sâu, vùng xa, biên giới, hải đảo; b) Đang nuôi con dưới 12 tháng tuổi, trừ trường hợp được người lao động đồng ý.",,,,,,
ch10_d137_k1_a,POINT,structural,[],"Mang thai từ tháng thứ 07 hoặc từ tháng thứ 06 nếu làm việc ở vùng cao, vùng sâu, vùng xa, biên giới, hải đảo;",,,,,,,,,,,,,,ch10_d137_k1_a,a),"Mang thai từ tháng thứ 07 hoặc từ tháng thứ 06 nếu làm việc ở vùng cao, vùng sâu, vùng xa, biên giới, hải đảo;",,,
ch10_d137_k1_b,POINT,structural,[],"Đang nuôi con dưới 12 tháng tuổi, trừ trường hợp được người lao động đồng ý.",,,,,,,,,,,,,,ch10_d137_k1_b,b),"Đang nuôi con dưới 12 tháng tuổi, trừ trường hợp được người lao động đồng ý.",,,
ch10_d137_k2,CLAUSE,structural,"[""Lao động nữ làm nghề, công việc nặng nhọc, độc hại, nguy hiểm hoặc đặc biệt nặng nhọc, độc hại, nguy hiểm hoặc làm nghề, công việc có ảnh hưởng xấu tới chức năng sinh sản và nuôi con khi mang thai và có thông báo cho người sử dụng lao động biết thì được người sử dụng lao động chuyển sang làm công việc nhẹ hơn, an toàn hơn hoặc giảm bớt 01 giờ làm việc hằng ngày mà không bị cắt giảm tiền lương và quyền, lợi ích cho đến hết thời gian nuôi con dưới 12 tháng tuổi""]","Lao động nữ làm nghề, công việc nặng nhọc, độc hại, nguy hiểm hoặc đặc biệt nặng nhọc, độc hại, nguy hiểm hoặc làm nghề, công việc có ảnh hưởng xấu tới chức năng sinh sản và nuôi con khi mang thai và có thông báo cho người sử dụng lao động biết thì được người sử dụng lao động chuyển sang làm công việc nhẹ hơn, an toàn hơn hoặc giảm bớt 01 giờ làm việc hằng ngày mà không bị cắt giảm tiền lương và quyền, lợi ích cho đến hết thời gian nuôi con dưới 12 tháng tuổi.",,,,,,,,,,,ch10_d137_k2,2,"Lao động nữ làm nghề, công việc nặng nhọc, độc hại, nguy hiểm hoặc đặc biệt nặng nhọc, độc hại, nguy hiểm hoặc làm nghề, công việc có ảnh hưởng xấu tới chức năng sinh sản và nuôi con khi mang thai và có thông báo cho người sử dụng lao động biết thì được người sử dụng lao động chuyển sang làm công việc nhẹ hơn, an toàn hơn hoặc giảm bớt 01 giờ làm việc hằng ngày mà không bị cắt giảm tiền lương và quyền, lợi ích cho đến hết thời gian nuôi con dưới 12 tháng tuổi.",,,,,,
ch10_d137_k3,CLAUSE,structural,"[""Người sử dụng lao động không được sa thải hoặc đơn phương chấm dứt hợp đồng lao động đối với người lao động vì lý do kết hôn, mang thai, nghỉ thai sản, nuôi con dưới 12 tháng tuổi, trừ trường hợp người sử dụng lao động là cá nhân chết, bị Tòa án tuyên bố mất năng lực hành vi dân sự, mất tích hoặc đã chết hoặc người sử dụng lao động không phải là cá nhân chấm dứt hoạt động hoặc bị cơ quan chuyên môn về đăng ký kinh doanh thuộc Ủy ban nhân dân cấp tỉnh ra thông báo không có người đại diện theo pháp luật, người được ủy quyền thực hiện quyền và nghĩa vụ của người đại diện theo pháp luật"", ""Trường hợp hợp đồng lao động hết hạn trong thời gian lao động nữ mang thai hoặc nuôi con dưới 12 tháng tuổi thì được ưu tiên giao kết hợp đồng lao động mới""]","Người sử dụng lao động không được sa thải hoặc đơn phương chấm dứt hợp đồng lao động đối với người lao động vì lý do kết hôn, mang thai, nghỉ thai sản, nuôi con dưới 12 tháng tuổi, trừ trường hợp người sử dụng lao động là cá nhân chết, bị Tòa án tuyên bố mất năng lực hành vi dân sự, mất tích hoặc đã chết hoặc người sử dụng lao động không phải là cá nhân chấm dứt hoạt động hoặc bị cơ quan chuyên môn về đăng ký kinh doanh thuộc Ủy ban nhân dân cấp tỉnh ra thông báo không có người đại diện theo pháp luật, người được ủy quyền thực hiện quyền và nghĩa vụ của người đại diện theo pháp luật. Trường hợp hợp đồng lao động hết hạn trong thời gian lao động nữ mang thai hoặc nuôi con dưới 12 tháng tuổi thì được ưu tiên giao kết hợp đồng lao động mới.",,,,,,,,,,,ch10_d137_k3,3,"Người sử dụng lao động không được sa thải hoặc đơn phương chấm dứt hợp đồng lao động đối với người lao động vì lý do kết hôn, mang thai, nghỉ thai sản, nuôi con dưới 12 tháng tuổi, trừ trường hợp người sử dụng lao động là cá nhân chết, bị Tòa án tuyên bố mất năng lực hành vi dân sự, mất tích hoặc đã chết hoặc người sử dụng lao động không phải là cá nhân chấm dứt hoạt động hoặc bị cơ quan chuyên môn về đăng ký kinh doanh thuộc Ủy ban nhân dân cấp tỉnh ra thông báo không có người đại diện theo pháp luật, người được ủy quyền thực hiện quyền và nghĩa vụ của người đại diện theo pháp luật. Trường hợp hợp đồng lao động hết hạn trong thời gian lao động nữ mang thai hoặc nuôi con dưới 12 tháng tuổi thì được ưu tiên giao kết hợp đồng lao động mới.",,,,,,
ch10_d137_k4,CLAUSE,structural,"[""Lao động nữ trong thời gian hành kinh được nghỉ mỗi ngày 30 phút, trong thời gian nuôi con dưới 12 tháng tuổi được nghỉ mỗi ngày 60 phút trong thời gian làm việc"", ""Thời gian nghỉ vẫn được hưởng đủ tiền lương theo hợp đồng lao động""]","Lao động nữ trong thời gian hành kinh được nghỉ mỗi ngày 30 phút, trong thời gian nuôi con dưới 12 tháng tuổi được nghỉ mỗi ngày 60 phút trong thời gian làm việc. Thời gian nghỉ vẫn được hưởng đủ tiền lương theo hợp đồng lao động.",,,,,,,,,,,ch10_d137_k4,4,"Lao động nữ trong thời gian hành kinh được nghỉ mỗi ngày 30 phút, trong thời gian nuôi con dưới 12 tháng tuổi được nghỉ mỗi ngày 60 phút trong thời gian làm việc. Thời gian nghỉ vẫn được hưởng đủ tiền lương theo hợp đồng lao động.",,,,,,
ch10_d138,ARTICLE,structural,"[""Quyền đơn phương chấm dứt, tạm hoãn hợp đồng lao động của lao động nữ mang thai""]","Quyền đơn phương chấm dứt, tạm hoãn hợp đồng lao động của lao động nữ mang thai",,,,,,,,ch10_d138,138,"Quyền đơn phương chấm dứt, tạm hoãn hợp đồng lao động của lao động nữ mang thai",,,,,,,,,
ch10_d138_k1,CLAUSE,structural,"[""Lao động nữ mang thai nếu có xác nhận của cơ sở khám bệnh, chữa bệnh có thẩm quyền về việc tiếp tục làm việc sẽ ảnh hưởng xấu tới thai nhi thì có quyền đơn phương chấm dứt hợp đồng lao động hoặc tạm hoãn thực hiện hợp đồng lao động"", ""Trường hợp đơn phương chấm dứt hợp đồng lao động hoặc tạm hoãn thực hiện hợp đồng lao động thì phải thông báo cho người sử dụng lao động kèm theo xác nhận của cơ sở khám bệnh, chữa bệnh có thẩm quyền về việc tiếp tục làm việc sẽ ảnh hưởng xấu tới thai nhi""]","Lao động nữ mang thai nếu có xác nhận của cơ sở khám bệnh, chữa bệnh có thẩm quyền về việc tiếp tục làm việc sẽ ảnh hưởng xấu tới thai nhi thì có quyền đơn phương chấm dứt hợp đồng lao động hoặc tạm hoãn thực hiện hợp đồng lao động. Trường hợp đơn phương chấm dứt hợp đồng lao động hoặc tạm hoãn thực hiện hợp đồng lao động thì phải thông báo cho người sử dụng lao động kèm theo xác nhận của cơ sở khám bệnh, chữa bệnh có thẩm quyền về việc tiếp tục làm việc sẽ ảnh hưởng xấu tới thai nhi.",,,,,,,,,,,ch10_d138_k1,1,"Lao động nữ mang thai nếu có xác nhận của cơ sở khám bệnh, chữa bệnh có thẩm quyền về việc tiếp tục làm việc sẽ ảnh hưởng xấu tới thai nhi thì có quyền đơn phương chấm dứt hợp đồng lao động hoặc tạm hoãn thực hiện hợp đồng lao động. Trường hợp đơn phương chấm dứt hợp đồng lao động hoặc tạm hoãn thực hiện hợp đồng lao động thì phải thông báo cho người sử dụng lao động kèm theo xác nhận của cơ sở khám bệnh, chữa bệnh có thẩm quyền về việc tiếp tục làm việc sẽ ảnh hưởng xấu tới thai nhi.",,,,,,
ch10_d138_k2,CLAUSE,structural,"[""Trường hợp tạm hoãn thực hiện hợp đồng lao động, thời gian tạm hoãn do người lao động thỏa thuận với người sử dụng lao động nhưng tối thiểu phải bằng thời gian do cơ sở khám bệnh, chữa bệnh có thẩm quyền chỉ định tạm nghỉ"", ""Trường hợp không có chỉ định của cơ sở khám bệnh, chữa bệnh có thẩm quyền về thời gian tạm nghỉ thì hai bên thỏa thuận về thời gian tạm hoãn thực hiện hợp đồng lao động""]","Trường hợp tạm hoãn thực hiện hợp đồng lao động, thời gian tạm hoãn do người lao động thỏa thuận với người sử dụng lao động nhưng tối thiểu phải bằng thời gian do cơ sở khám bệnh, chữa bệnh có thẩm quyền chỉ định tạm nghỉ. Trường hợp không có chỉ định của cơ sở khám bệnh, chữa bệnh có thẩm quyền về thời gian tạm nghỉ thì hai bên thỏa thuận về thời gian tạm hoãn thực hiện hợp đồng lao động.",,,,,,,,,,,ch10_d138_k2,2,"Trường hợp tạm hoãn thực hiện hợp đồng lao động, thời gian tạm hoãn do người lao động thỏa thuận với người sử dụng lao động nhưng tối thiểu phải bằng thời gian do cơ sở khám bệnh, chữa bệnh có thẩm quyền chỉ định tạm nghỉ. Trường hợp không có chỉ định của cơ sở khám bệnh, chữa bệnh có thẩm quyền về thời gian tạm nghỉ thì hai bên thỏa thuận về thời gian tạm hoãn thực hiện hợp đồng lao động.",,,,,,
ch10_d139,ARTICLE,structural,"[""Nghỉ thai sản""]",Nghỉ thai sản,,,,,,,,ch10_d139,139,Nghỉ thai sản,,,,,,,,,
ch10_d139_k1,CLAUSE,structural,"[""Lao động nữ được nghỉ thai sản trước và sau khi sinh con là 06 tháng"", ""thời gian nghỉ trước khi sinh không quá 02 tháng"", ""Trường hợp lao động nữ sinh đôi trở lên thì tính từ con thứ 02 trở đi, cứ mỗi con, người mẹ được nghỉ thêm 01 tháng""]","Lao động nữ được nghỉ thai sản trước và sau khi sinh con là 06 tháng; thời gian nghỉ trước khi sinh không quá 02 tháng. Trường hợp lao động nữ sinh đôi trở lên thì tính từ con thứ 02 trở đi, cứ mỗi con, người mẹ được nghỉ thêm 01 tháng.",,,,,,,,,,,ch10_d139_k1,1,"Lao động nữ được nghỉ thai sản trước và sau khi sinh con là 06 tháng; thời gian nghỉ trước khi sinh không quá 02 tháng. Trường hợp lao động nữ sinh đôi trở lên thì tính từ con thứ 02 trở đi, cứ mỗi con, người mẹ được nghỉ thêm 01 tháng.",,,,,,
ch10_d139_k2,CLAUSE,structural,"[""Trong thời gian nghỉ thai sản, lao động nữ được hưởng chế độ thai sản theo quy định của pháp luật về bảo hiểm xã hội""]","Trong thời gian nghỉ thai sản, lao động nữ được hưởng chế độ thai sản theo quy định của pháp luật về bảo hiểm xã hội.",,,,,,,,,,,ch10_d139_k2,2,"Trong thời gian nghỉ thai sản, lao động nữ được hưởng chế độ thai sản theo quy định của pháp luật về bảo hiểm xã hội.",,,,,,
ch10_d139_k3,CLAUSE,structural,"[""Hết thời gian nghỉ thai sản theo quy định tại khoản 1 Điều này, nếu có nhu cầu, lao động nữ có thể nghỉ thêm một thời gian không hưởng lương sau khi thỏa thuận với người sử dụng lao động""]","Hết thời gian nghỉ thai sản theo quy định tại khoản 1 Điều này, nếu có nhu cầu, lao động nữ có thể nghỉ thêm một thời gian không hưởng lương sau khi thỏa thuận với người sử dụng lao động.",,,,,,,,,,,ch10_d139_k3,3,"Hết thời gian nghỉ thai sản theo quy định tại khoản 1 Điều này, nếu có nhu cầu, lao động nữ có thể nghỉ thêm một thời gian không hưởng lương sau khi thỏa thuận với người sử dụng lao động.",,,,,,
ch10_d139_k4,CLAUSE,structural,"[""Trước khi hết thời gian nghỉ thai sản theo quy định tại khoản 1 Điều này, lao động nữ có thể trở lại làm việc khi đã nghỉ ít nhất được 04 tháng nhưng người lao động phải báo trước, được người sử dụng lao động đồng ý và có xác nhận của cơ sở khám bệnh, chữa bệnh có thẩm quyền về việc đi làm sớm không có hại cho sức khỏe của người lao động"", ""Trong trường hợp này, ngoài tiền lương của những ngày làm việc do người sử dụng lao động trả, lao động nữ vẫn tiếp tục được hưởng trợ cấp thai sản theo quy định của pháp luật về bảo hiểm xã hội""]","Trước khi hết thời gian nghỉ thai sản theo quy định tại khoản 1 Điều này, lao động nữ có thể trở lại làm việc khi đã nghỉ ít nhất được 04 tháng nhưng người lao động phải báo trước, được người sử dụng lao động đồng ý và có xác nhận của cơ sở khám bệnh, chữa bệnh có thẩm quyền về việc đi làm sớm không có hại cho sức khỏe của người lao động. Trong trường hợp này, ngoài tiền lương của những ngày làm việc do người sử dụng lao động trả, lao động nữ vẫn tiếp tục được hưởng trợ cấp thai sản theo quy định của pháp luật về bảo hiểm xã hội.",,,,,,,,,,,ch10_d139_k4,4,"Trước khi hết thời gian nghỉ thai sản theo quy định tại khoản 1 Điều này, lao động nữ có thể trở lại làm việc khi đã nghỉ ít nhất được 04 tháng nhưng người lao động phải báo trước, được người sử dụng lao động đồng ý và có xác nhận của cơ sở khám bệnh, chữa bệnh có thẩm quyền về việc đi làm sớm không có hại cho sức khỏe của người lao động. Trong trường hợp này, ngoài tiền lương của những ngày làm việc do người sử dụng lao động trả, lao động nữ vẫn tiếp tục được hưởng trợ cấp thai sản theo quy định của pháp luật về bảo hiểm xã hội.",,,,,,
ch10_d139_k5,CLAUSE,structural,"[""Lao động nam khi vợ sinh con, người lao động nhận nuôi con nuôi dưới 06 tháng tuổi, lao động nữ mang thai hộ và người lao động là người mẹ nhờ mang thai hộ được nghỉ việc hưởng chế độ thai sản theo quy định của pháp luật về bảo hiểm xã hội""]","Lao động nam khi vợ sinh con, người lao động nhận nuôi con nuôi dưới 06 tháng tuổi, lao động nữ mang thai hộ và người lao động là người mẹ nhờ mang thai hộ được nghỉ việc hưởng chế độ thai sản theo quy định của pháp luật về bảo hiểm xã hội.",,,,,,,,,,,ch10_d139_k5,5,"Lao động nam khi vợ sinh con, người lao động nhận nuôi con nuôi dưới 06 tháng tuổi, lao động nữ mang thai hộ và người lao động là người mẹ nhờ mang thai hộ được nghỉ việc hưởng chế độ thai sản theo quy định của pháp luật về bảo hiểm xã hội.",,,,,,
ch10_d140,ARTICLE,structural,"[""Bảo đảm việc làm cho lao động nghỉ thai sản Lao động được bảo đảm việc làm cũ khi trở lại làm việc sau khi nghỉ hết thời gian theo quy định tại các khoản 1, 3 và 5  của Bộ luật này mà không bị cắt giảm tiền lương và quyền, lợi ích so với trước khi nghỉ thai sản"", ""trường hợp việc làm cũ không còn thì người sử dụng lao động phải bố trí việc làm khác cho họ với mức lương không thấp hơn mức lương trước khi nghỉ thai sản""]","Bảo đảm việc làm cho lao động nghỉ thai sản Lao động được bảo đảm việc làm cũ khi trở lại làm việc sau khi nghỉ hết thời gian theo quy định tại các khoản 1, 3 và 5  của Bộ luật này mà không bị cắt giảm tiền lương và quyền, lợi ích so với trước khi nghỉ thai sản; trường hợp việc làm cũ không còn thì người sử dụng lao động phải bố trí việc làm khác cho họ với mức lương không thấp hơn mức lương trước khi nghỉ thai sản.",,,,,,,,ch10_d140,140,"Bảo đảm việc làm cho lao động nghỉ thai sản Lao động được bảo đảm việc làm cũ khi trở lại làm việc sau khi nghỉ hết thời gian theo quy định tại các khoản 1, 3 và 5  của Bộ luật này mà không bị cắt giảm tiền lương và quyền, lợi ích so với trước khi nghỉ thai sản; trường hợp việc làm cũ không còn thì người sử dụng lao động phải bố trí việc làm khác cho họ với mức lương không thấp hơn mức lương trước khi nghỉ thai sản.",,,,,,,,,
ch10_d141,ARTICLE,structural,"[""Trợ cấp trong thời gian chăm sóc con ốm đau, thai sản và thực hiện các biện pháp tránh thai Thời gian nghỉ việc khi chăm sóc con dưới 07 tuổi ốm đau, khám thai, sẩy thai, nạo, hút thai, thai chết lưu, phá thai bệnh lý, thực hiện các biện pháp tránh thai, triệt sản, người lao động được hưởng trợ cấp theo quy định của pháp luật về bảo hiểm xã hội""]","Trợ cấp trong thời gian chăm sóc con ốm đau, thai sản và thực hiện các biện pháp tránh thai Thời gian nghỉ việc khi chăm sóc con dưới 07 tuổi ốm đau, khám thai, sẩy thai, nạo, hút thai, thai chết lưu, phá thai bệnh lý, thực hiện các biện pháp tránh thai, triệt sản, người lao động được hưởng trợ cấp theo quy định của pháp luật về bảo hiểm xã hội.",,,,,,,,ch10_d141,141,"Trợ cấp trong thời gian chăm sóc con ốm đau, thai sản và thực hiện các biện pháp tránh thai Thời gian nghỉ việc khi chăm sóc con dưới 07 tuổi ốm đau, khám thai, sẩy thai, nạo, hút thai, thai chết lưu, phá thai bệnh lý, thực hiện các biện pháp tránh thai, triệt sản, người lao động được hưởng trợ cấp theo quy định của pháp luật về bảo hiểm xã hội.",,,,,,,,,
ch10_d142,ARTICLE,structural,"[""Nghề, công việc có ảnh hưởng xấu tới chức năng sinh sản và nuôi con""]","Nghề, công việc có ảnh hưởng xấu tới chức năng sinh sản và nuôi con",,,,,,,,ch10_d142,142,"Nghề, công việc có ảnh hưởng xấu tới chức năng sinh sản và nuôi con",,,,,,,,,
ch10_d142_k1,CLAUSE,structural,"[""Bộ trưởng Bộ Lao động - Thương binh và Xã hội ban hành danh mục nghề, công việc có ảnh hưởng xấu tới chức năng sinh sản và nuôi con""]","Bộ trưởng Bộ Lao động - Thương binh và Xã hội ban hành danh mục nghề, công việc có ảnh hưởng xấu tới chức năng sinh sản và nuôi con.",,,,,,,,,,,ch10_d142_k1,1,"Bộ trưởng Bộ Lao động - Thương binh và Xã hội ban hành danh mục nghề, công việc có ảnh hưởng xấu tới chức năng sinh sản và nuôi con.",,,,,,
ch10_d142_k2,CLAUSE,structural,"[""Người sử dụng lao động phải cung cấp đầy đủ thông tin về tính chất nguy hiểm, nguy cơ, yêu cầu của công việc để người lao động lựa chọn và phải bảo đảm điều kiện an toàn, vệ sinh lao động cho người lao động theo quy định khi sử dụng họ làm công việc thuộc danh mục quy định tại khoản 1 Điều này""]","Người sử dụng lao động phải cung cấp đầy đủ thông tin về tính chất nguy hiểm, nguy cơ, yêu cầu của công việc để người lao động lựa chọn và phải bảo đảm điều kiện an toàn, vệ sinh lao động cho người lao động theo quy định khi sử dụng họ làm công việc thuộc danh mục quy định tại khoản 1 Điều này.",,,,,,,,,,,ch10_d142_k2,2,"Người sử dụng lao động phải cung cấp đầy đủ thông tin về tính chất nguy hiểm, nguy cơ, yêu cầu của công việc để người lao động lựa chọn và phải bảo đảm điều kiện an toàn, vệ sinh lao động cho người lao động theo quy định khi sử dụng họ làm công việc thuộc danh mục quy định tại khoản 1 Điều này.",,,,,,
ch11,CHAPTER,structural,"[""NHỮNG QUY ĐỊNH RIÊNG ĐỐI VỚI LAO ĐỘNG CHƯA THÀNH NIÊN VÀ MỘT SỐ LAO ĐỘNG KHÁC""]",NHỮNG QUY ĐỊNH RIÊNG ĐỐI VỚI LAO ĐỘNG CHƯA THÀNH NIÊN VÀ MỘT SỐ LAO ĐỘNG KHÁC,,,,ch11,11.0,XI,NHỮNG QUY ĐỊNH RIÊNG ĐỐI VỚI LAO ĐỘNG CHƯA THÀNH NIÊN VÀ MỘT SỐ LAO ĐỘNG KHÁC,,,,,,,,,,,,
ch11_muc1,SECTION,structural,[],LAO ĐỘNG CHƯA THÀNH NIÊN,,,,,,,,,,,,,,,,,ch11_muc1,1,LAO ĐỘNG CHƯA THÀNH NIÊN
ch11_muc1_d143,ARTICLE,structural,"[""Lao động chưa thành niên""]",Lao động chưa thành niên,,,,,,,,ch11_muc1_d143,143,Lao động chưa thành niên,,,,,,,,,
ch11_muc1_d143_k1,CLAUSE,structural,"[""Lao động chưa thành niên là người lao động chưa đủ 18 tuổi""]",Lao động chưa thành niên là người lao động chưa đủ 18 tuổi.,,,,,,,,,,,ch11_muc1_d143_k1,1,Lao động chưa thành niên là người lao động chưa đủ 18 tuổi.,,,,,,
ch11_muc1_d143_k2,CLAUSE,structural,"[""Người từ đủ 15 tuổi đến chưa đủ 18 tuổi không được làm công việc hoặc làm việc ở nơi làm việc quy định tại Điều 147 của Bộ luật này""]",Người từ đủ 15 tuổi đến chưa đủ 18 tuổi không được làm công việc hoặc làm việc ở nơi làm việc quy định tại Điều 147 của Bộ luật này.,,,,,,,,,,,ch11_muc1_d143_k2,2,Người từ đủ 15 tuổi đến chưa đủ 18 tuổi không được làm công việc hoặc làm việc ở nơi làm việc quy định tại Điều 147 của Bộ luật này.,,,,,,
ch11_muc1_d143_k3,CLAUSE,structural,"[""Người từ đủ 13 tuổi đến chưa đủ 15 tuổi chỉ được làm công việc nhẹ theo danh mục do Bộ trưởng Bộ Lao động - Thương binh và Xã hội ban hành""]",Người từ đủ 13 tuổi đến chưa đủ 15 tuổi chỉ được làm công việc nhẹ theo danh mục do Bộ trưởng Bộ Lao động - Thương binh và Xã hội ban hành.,,,,,,,,,,,ch11_muc1_d143_k3,3,Người từ đủ 13 tuổi đến chưa đủ 15 tuổi chỉ được làm công việc nhẹ theo danh mục do Bộ trưởng Bộ Lao động - Thương binh và Xã hội ban hành.,,,,,,
ch11_muc1_d143_k4,CLAUSE,structural,"[""Người chưa đủ 13 tuổi chỉ được làm các công việc theo quy định tại khoản 3 Điều 145 của Bộ luật này""]",Người chưa đủ 13 tuổi chỉ được làm các công việc theo quy định tại khoản 3 Điều 145 của Bộ luật này.,,,,,,,,,,,ch11_muc1_d143_k4,4,Người chưa đủ 13 tuổi chỉ được làm các công việc theo quy định tại khoản 3 Điều 145 của Bộ luật này.,,,,,,
ch11_muc1_d144,ARTICLE,structural,"[""Nguyên tắc sử dụng lao động chưa thành niên""]",Nguyên tắc sử dụng lao động chưa thành niên,,,,,,,,ch11_muc1_d144,144,Nguyên tắc sử dụng lao động chưa thành niên,,,,,,,,,
ch11_muc1_d144_k1,CLAUSE,structural,"[""Lao động chưa thành niên chỉ được làm công việc phù hợp với sức khỏe để bảo đảm sự phát triển thể lực, trí lực, nhân cách""]","Lao động chưa thành niên chỉ được làm công việc phù hợp với sức khỏe để bảo đảm sự phát triển thể lực, trí lực, nhân cách.",,,,,,,,,,,ch11_muc1_d144_k1,1,"Lao động chưa thành niên chỉ được làm công việc phù hợp với sức khỏe để bảo đảm sự phát triển thể lực, trí lực, nhân cách.",,,,,,
ch11_muc1_d144_k2,CLAUSE,structural,"[""Người sử dụng lao động khi sử dụng lao động chưa thành niên có trách nhiệm quan tâm chăm sóc người lao động về các mặt lao động, sức khỏe, học tập trong quá trình lao động""]","Người sử dụng lao động khi sử dụng lao động chưa thành niên có trách nhiệm quan tâm chăm sóc người lao động về các mặt lao động, sức khỏe, học tập trong quá trình lao động.",,,,,,,,,,,ch11_muc1_d144_k2,2,"Người sử dụng lao động khi sử dụng lao động chưa thành niên có trách nhiệm quan tâm chăm sóc người lao động về các mặt lao động, sức khỏe, học tập trong quá trình lao động.",,,,,,
ch11_muc1_d144_k3,CLAUSE,structural,"[""Khi sử dụng lao động chưa thành niên, người sử dụng lao động phải có sự đồng ý của cha, mẹ hoặc người giám hộ"", ""lập sổ theo dõi riêng, ghi đầy đủ họ tên, ngày tháng năm sinh, công việc đang làm, kết quả những lần kiểm tra sức khỏe định kỳ và xuất trình khi cơ quan nhà nước có thẩm quyền yêu cầu""]","Khi sử dụng lao động chưa thành niên, người sử dụng lao động phải có sự đồng ý của cha, mẹ hoặc người giám hộ; lập sổ theo dõi riêng, ghi đầy đủ họ tên, ngày tháng năm sinh, công việc đang làm, kết quả những lần kiểm tra sức khỏe định kỳ và xuất trình khi cơ quan nhà nước có thẩm quyền yêu cầu.",,,,,,,,,,,ch11_muc1_d144_k3,3,"Khi sử dụng lao động chưa thành niên, người sử dụng lao động phải có sự đồng ý của cha, mẹ hoặc người giám hộ; lập sổ theo dõi riêng, ghi đầy đủ họ tên, ngày tháng năm sinh, công việc đang làm, kết quả những lần kiểm tra sức khỏe định kỳ và xuất trình khi cơ quan nhà nước có thẩm quyền yêu cầu.",,,,,,
ch11_muc1_d144_k4,CLAUSE,structural,"[""Người sử dụng lao động phải tạo cơ hội để lao động chưa thành niên được học văn hóa, giáo dục nghề nghiệp, đào tạo, bồi dưỡng, nâng cao trình độ kỹ năng nghề""]","Người sử dụng lao động phải tạo cơ hội để lao động chưa thành niên được học văn hóa, giáo dục nghề nghiệp, đào tạo, bồi dưỡng, nâng cao trình độ kỹ năng nghề.",,,,,,,,,,,ch11_muc1_d144_k4,4,"Người sử dụng lao động phải tạo cơ hội để lao động chưa thành niên được học văn hóa, giáo dục nghề nghiệp, đào tạo, bồi dưỡng, nâng cao trình độ kỹ năng nghề.",,,,,,
ch11_muc1_d145,ARTICLE,structural,"[""Sử dụng người chưa đủ 15 tuổi làm việc""]",Sử dụng người chưa đủ 15 tuổi làm việc,,,,,,,,ch11_muc1_d145,145,Sử dụng người chưa đủ 15 tuổi làm việc,,,,,,,,,
ch11_muc1_d145_k1,CLAUSE,structural,"[""Khi sử dụng người chưa đủ 15 tuổi làm việc, người sử dụng lao động phải tuân theo quy định sau đây: a) Phải giao kết hợp đồng lao động bằng văn bản với người chưa đủ 15 tuổi và người đại diện theo pháp luật của người đó"", ""b) Bố trí giờ làm việc không ảnh hưởng đến thời gian học tập của người chưa đủ 15 tuổi"", ""c) Phải có giấy khám sức khỏe của cơ sở khám bệnh, chữa bệnh có thẩm quyền xác nhận sức khỏe của người chưa đủ 15 tuổi phù hợp với công việc và tổ chức kiểm tra sức khỏe định kỳ ít nhất một lần trong 06 tháng"", ""d) Bảo đảm điều kiện làm việc, an toàn, vệ sinh lao động phù hợp với lứa tuổi""]","Khi sử dụng người chưa đủ 15 tuổi làm việc, người sử dụng lao động phải tuân theo quy định sau đây: a) Phải giao kết hợp đồng lao động bằng văn bản với người chưa đủ 15 tuổi và người đại diện theo pháp luật của người đó; b) Bố trí giờ làm việc không ảnh hưởng đến thời gian học tập của người chưa đủ 15 tuổi; c) Phải có giấy khám sức khỏe của cơ sở khám bệnh, chữa bệnh có thẩm quyền xác nhận sức khỏe của người chưa đủ 15 tuổi phù hợp với công việc và tổ chức kiểm tra sức khỏe định kỳ ít nhất một lần trong 06 tháng; d) Bảo đảm điều kiện làm việc, an toàn, vệ sinh lao động phù hợp với lứa tuổi.",,,,,,,,,,,ch11_muc1_d145_k1,1,"Khi sử dụng người chưa đủ 15 tuổi làm việc, người sử dụng lao động phải tuân theo quy định sau đây: a) Phải giao kết hợp đồng lao động bằng văn bản với người chưa đủ 15 tuổi và người đại diện theo pháp luật của người đó; b) Bố trí giờ làm việc không ảnh hưởng đến thời gian học tập của người chưa đủ 15 tuổi; c) Phải có giấy khám sức khỏe của cơ sở khám bệnh, chữa bệnh có thẩm quyền xác nhận sức khỏe của người chưa đủ 15 tuổi phù hợp với công việc và tổ chức kiểm tra sức khỏe định kỳ ít nhất một lần trong 06 tháng; d) Bảo đảm điều kiện làm việc, an toàn, vệ sinh lao động phù hợp với lứa tuổi.",,,,,,
ch11_muc1_d145_k1_a,POINT,structural,[],Phải giao kết hợp đồng lao động bằng văn bản với người chưa đủ 15 tuổi và người đại diện theo pháp luật của người đó;,,,,,,,,,,,,,,ch11_muc1_d145_k1_a,a),Phải giao kết hợp đồng lao động bằng văn bản với người chưa đủ 15 tuổi và người đại diện theo pháp luật của người đó;,,,
ch11_muc1_d145_k1_b,POINT,structural,[],Bố trí giờ làm việc không ảnh hưởng đến thời gian học tập của người chưa đủ 15 tuổi;,,,,,,,,,,,,,,ch11_muc1_d145_k1_b,b),Bố trí giờ làm việc không ảnh hưởng đến thời gian học tập của người chưa đủ 15 tuổi;,,,
ch11_muc1_d145_k1_c,POINT,structural,[],"Phải có giấy khám sức khỏe của cơ sở khám bệnh, chữa bệnh có thẩm quyền xác nhận sức khỏe của người chưa đủ 15 tuổi phù hợp với công việc và tổ chức kiểm tra sức khỏe định kỳ ít nhất một lần trong 06 tháng;",,,,,,,,,,,,,,ch11_muc1_d145_k1_c,c),"Phải có giấy khám sức khỏe của cơ sở khám bệnh, chữa bệnh có thẩm quyền xác nhận sức khỏe của người chưa đủ 15 tuổi phù hợp với công việc và tổ chức kiểm tra sức khỏe định kỳ ít nhất một lần trong 06 tháng;",,,
ch11_muc1_d145_k1_d,POINT,structural,[],"Bảo đảm điều kiện làm việc, an toàn, vệ sinh lao động phù hợp với lứa tuổi.",,,,,,,,,,,,,,ch11_muc1_d145_k1_d,d),"Bảo đảm điều kiện làm việc, an toàn, vệ sinh lao động phù hợp với lứa tuổi.",,,
ch11_muc1_d145_k2,CLAUSE,structural,"[""Người sử dụng lao động chỉ được tuyển dụng và sử dụng người từ đủ 13 tuổi đến chưa đủ 15 tuổi vào làm các công việc nhẹ theo quy định tại khoản 3 Điều 143 của Bộ luật này""]",Người sử dụng lao động chỉ được tuyển dụng và sử dụng người từ đủ 13 tuổi đến chưa đủ 15 tuổi vào làm các công việc nhẹ theo quy định tại khoản 3 Điều 143 của Bộ luật này.,,,,,,,,,,,ch11_muc1_d145_k2,2,Người sử dụng lao động chỉ được tuyển dụng và sử dụng người từ đủ 13 tuổi đến chưa đủ 15 tuổi vào làm các công việc nhẹ theo quy định tại khoản 3 Điều 143 của Bộ luật này.,,,,,,
ch11_muc1_d145_k3,CLAUSE,structural,"[""Người sử dụng lao động không được tuyển dụng và sử dụng người chưa đủ 13 tuổi làm việc, trừ các công việc nghệ thuật, thể dục, thể thao nhưng không làm tổn hại đến sự phát triển thể lực, trí lực, nhân cách của người chưa đủ 13 tuổi và phải có sự đồng ý của cơ quan chuyên môn về lao động thuộc Ủy ban nhân dân cấp tỉnh""]","Người sử dụng lao động không được tuyển dụng và sử dụng người chưa đủ 13 tuổi làm việc, trừ các công việc nghệ thuật, thể dục, thể thao nhưng không làm tổn hại đến sự phát triển thể lực, trí lực, nhân cách của người chưa đủ 13 tuổi và phải có sự đồng ý của cơ quan chuyên môn về lao động thuộc Ủy ban nhân dân cấp tỉnh.",,,,,,,,,,,ch11_muc1_d145_k3,3,"Người sử dụng lao động không được tuyển dụng và sử dụng người chưa đủ 13 tuổi làm việc, trừ các công việc nghệ thuật, thể dục, thể thao nhưng không làm tổn hại đến sự phát triển thể lực, trí lực, nhân cách của người chưa đủ 13 tuổi và phải có sự đồng ý của cơ quan chuyên môn về lao động thuộc Ủy ban nhân dân cấp tỉnh.",,,,,,
ch11_muc1_d145_k4,CLAUSE,structural,"[""Bộ trưởng Bộ Lao động - Thương binh và Xã hội quy định chi tiết Điều này""]",Bộ trưởng Bộ Lao động - Thương binh và Xã hội quy định chi tiết Điều này.,,,,,,,,,,,ch11_muc1_d145_k4,4,Bộ trưởng Bộ Lao động - Thương binh và Xã hội quy định chi tiết Điều này.,,,,,,
ch11_muc1_d146,ARTICLE,structural,"[""Thời giờ làm việc của người chưa thành niên""]",Thời giờ làm việc của người chưa thành niên,,,,,,,,ch11_muc1_d146,146,Thời giờ làm việc của người chưa thành niên,,,,,,,,,
ch11_muc1_d146_k1,CLAUSE,structural,"[""Thời giờ làm việc của người chưa đủ 15 tuổi không được quá 04 giờ trong 01 ngày và 20 giờ trong 01 tuần"", ""không được làm thêm giờ, làm việc vào ban đêm""]","Thời giờ làm việc của người chưa đủ 15 tuổi không được quá 04 giờ trong 01 ngày và 20 giờ trong 01 tuần; không được làm thêm giờ, làm việc vào ban đêm.",,,,,,,,,,,ch11_muc1_d146_k1,1,"Thời giờ làm việc của người chưa đủ 15 tuổi không được quá 04 giờ trong 01 ngày và 20 giờ trong 01 tuần; không được làm thêm giờ, làm việc vào ban đêm.",,,,,,
ch11_muc1_d146_k2,CLAUSE,structural,"[""Thời giờ làm việc của người từ đủ 15 tuổi đến chưa đủ 18 tuổi không được quá 08 giờ trong 01 ngày và 40 giờ trong 01 tuần"", ""Người từ đủ 15 tuổi đến chưa đủ 18 tuổi có thể được làm thêm giờ, làm việc vào ban đêm trong một số nghề, công việc theo danh mục do Bộ trưởng Bộ Lao động - Thương binh và Xã hội ban hành""]","Thời giờ làm việc của người từ đủ 15 tuổi đến chưa đủ 18 tuổi không được quá 08 giờ trong 01 ngày và 40 giờ trong 01 tuần. Người từ đủ 15 tuổi đến chưa đủ 18 tuổi có thể được làm thêm giờ, làm việc vào ban đêm trong một số nghề, công việc theo danh mục do Bộ trưởng Bộ Lao động - Thương binh và Xã hội ban hành.",,,,,,,,,,,ch11_muc1_d146_k2,2,"Thời giờ làm việc của người từ đủ 15 tuổi đến chưa đủ 18 tuổi không được quá 08 giờ trong 01 ngày và 40 giờ trong 01 tuần. Người từ đủ 15 tuổi đến chưa đủ 18 tuổi có thể được làm thêm giờ, làm việc vào ban đêm trong một số nghề, công việc theo danh mục do Bộ trưởng Bộ Lao động - Thương binh và Xã hội ban hành.",,,,,,
ch11_muc1_d147,ARTICLE,structural,"[""Công việc và nơi làm việc cấm sử dụng người lao động từ đủ 15 tuổi đến chưa đủ 18 tuổi""]",Công việc và nơi làm việc cấm sử dụng người lao động từ đủ 15 tuổi đến chưa đủ 18 tuổi,,,,,,,,ch11_muc1_d147,147,Công việc và nơi làm việc cấm sử dụng người lao động từ đủ 15 tuổi đến chưa đủ 18 tuổi,,,,,,,,,
ch11_muc1_d147_k1,CLAUSE,structural,"[""Cấm sử dụng người lao động từ đủ 15 tuổi đến chưa đủ 18 tuổi làm các công việc sau đây: a) Mang, vác, nâng các vật nặng vượt quá thể trạng của người chưa thành niên"", ""b) Sản xuất, kinh doanh cồn, rượu, bia, thuốc lá, chất tác động đến tinh thần hoặc chất gây nghiện khác"", ""c) Sản xuất, sử dụng hoặc vận chuyển hóa chất, khí gas, chất nổ"", ""d) Bảo trì, bảo dưỡng thiết bị, máy móc"", ""đ) Phá dỡ các công trình xây dựng"", ""e) Nấu, thổi, đúc, cán, dập, hàn kim loại"", ""g) Lặn biển, đánh bắt thủy, hải sản xa bờ"", ""h) Công việc khác gây tổn hại đến sự phát triển thể lực, trí lực, nhân cách của người chưa thành niên""]","Cấm sử dụng người lao động từ đủ 15 tuổi đến chưa đủ 18 tuổi làm các công việc sau đây: a) Mang, vác, nâng các vật nặng vượt quá thể trạng của người chưa thành niên; b) Sản xuất, kinh doanh cồn, rượu, bia, thuốc lá, chất tác động đến tinh thần hoặc chất gây nghiện khác; c) Sản xuất, sử dụng hoặc vận chuyển hóa chất, khí gas, chất nổ; d) Bảo trì, bảo dưỡng thiết bị, máy móc; đ) Phá dỡ các công trình xây dựng; e) Nấu, thổi, đúc, cán, dập, hàn kim loại; g) Lặn biển, đánh bắt thủy, hải sản xa bờ; h) Công việc khác gây tổn hại đến sự phát triển thể lực, trí lực, nhân cách của người chưa thành niên.",,,,,,,,,,,ch11_muc1_d147_k1,1,"Cấm sử dụng người lao động từ đủ 15 tuổi đến chưa đủ 18 tuổi làm các công việc sau đây: a) Mang, vác, nâng các vật nặng vượt quá thể trạng của người chưa thành niên; b) Sản xuất, kinh doanh cồn, rượu, bia, thuốc lá, chất tác động đến tinh thần hoặc chất gây nghiện khác; c) Sản xuất, sử dụng hoặc vận chuyển hóa chất, khí gas, chất nổ; d) Bảo trì, bảo dưỡng thiết bị, máy móc; đ) Phá dỡ các công trình xây dựng; e) Nấu, thổi, đúc, cán, dập, hàn kim loại; g) Lặn biển, đánh bắt thủy, hải sản xa bờ; h) Công việc khác gây tổn hại đến sự phát triển thể lực, trí lực, nhân cách của người chưa thành niên.",,,,,,
ch11_muc1_d147_k1_a,POINT,structural,[],"Mang, vác, nâng các vật nặng vượt quá thể trạng của người chưa thành niên;",,,,,,,,,,,,,,ch11_muc1_d147_k1_a,a),"Mang, vác, nâng các vật nặng vượt quá thể trạng của người chưa thành niên;",,,
ch11_muc1_d147_k1_b,POINT,structural,[],"Sản xuất, kinh doanh cồn, rượu, bia, thuốc lá, chất tác động đến tinh thần hoặc chất gây nghiện khác;",,,,,,,,,,,,,,ch11_muc1_d147_k1_b,b),"Sản xuất, kinh doanh cồn, rượu, bia, thuốc lá, chất tác động đến tinh thần hoặc chất gây nghiện khác;",,,
ch11_muc1_d147_k1_c,POINT,structural,[],"Sản xuất, sử dụng hoặc vận chuyển hóa chất, khí gas, chất nổ;",,,,,,,,,,,,,,ch11_muc1_d147_k1_c,c),"Sản xuất, sử dụng hoặc vận chuyển hóa chất, khí gas, chất nổ;",,,
ch11_muc1_d147_k1_d,POINT,structural,[],"Bảo trì, bảo dưỡng thiết bị, máy móc;",,,,,,,,,,,,,,ch11_muc1_d147_k1_d,d),"Bảo trì, bảo dưỡng thiết bị, máy móc;",,,
ch11_muc1_d147_k1_đ,POINT,structural,[],Phá dỡ các công trình xây dựng;,,,,,,,,,,,,,,ch11_muc1_d147_k1_đ,đ),Phá dỡ các công trình xây dựng;,,,
ch11_muc1_d147_k1_e,POINT,structural,[],"Nấu, thổi, đúc, cán, dập, hàn kim loại;",,,,,,,,,,,,,,ch11_muc1_d147_k1_e,e),"Nấu, thổi, đúc, cán, dập, hàn kim loại;",,,
ch11_muc1_d147_k1_g,POINT,structural,[],"Lặn biển, đánh bắt thủy, hải sản xa bờ;",,,,,,,,,,,,,,ch11_muc1_d147_k1_g,g),"Lặn biển, đánh bắt thủy, hải sản xa bờ;",,,
ch11_muc1_d147_k1_h,POINT,structural,[],"Công việc khác gây tổn hại đến sự phát triển thể lực, trí lực, nhân cách của người chưa thành niên.",,,,,,,,,,,,,,ch11_muc1_d147_k1_h,h),"Công việc khác gây tổn hại đến sự phát triển thể lực, trí lực, nhân cách của người chưa thành niên.",,,
ch11_muc1_d147_k2,CLAUSE,structural,"[""Cấm sử dụng người lao động từ đủ 15 tuổi đến chưa đủ 18 tuổi làm việc ở các nơi sau đây: a) Dưới nước, dưới lòng đất, trong hang động, trong đường hầm"", ""b) Công trường xây dựng"", ""c) Cơ sở giết mổ gia súc"", ""d) Sòng bạc, quán bar, vũ trường, phòng hát karaoke, khách sạn, nhà nghỉ, cơ sở tắm hơi, cơ sở xoa bóp"", ""điểm kinh doanh xổ số, dịch vụ trò chơi điện tử"", ""đ) Nơi làm việc khác gây tổn hại đến sự phát triển thể lực, trí lực, nhân cách của người chưa thành niên""]","Cấm sử dụng người lao động từ đủ 15 tuổi đến chưa đủ 18 tuổi làm việc ở các nơi sau đây: a) Dưới nước, dưới lòng đất, trong hang động, trong đường hầm; b) Công trường xây dựng; c) Cơ sở giết mổ gia súc; d) Sòng bạc, quán bar, vũ trường, phòng hát karaoke, khách sạn, nhà nghỉ, cơ sở tắm hơi, cơ sở xoa bóp; điểm kinh doanh xổ số, dịch vụ trò chơi điện tử; đ) Nơi làm việc khác gây tổn hại đến sự phát triển thể lực, trí lực, nhân cách của người chưa thành niên.",,,,,,,,,,,ch11_muc1_d147_k2,2,"Cấm sử dụng người lao động từ đủ 15 tuổi đến chưa đủ 18 tuổi làm việc ở các nơi sau đây: a) Dưới nước, dưới lòng đất, trong hang động, trong đường hầm; b) Công trường xây dựng; c) Cơ sở giết mổ gia súc; d) Sòng bạc, quán bar, vũ trường, phòng hát karaoke, khách sạn, nhà nghỉ, cơ sở tắm hơi, cơ sở xoa bóp; điểm kinh doanh xổ số, dịch vụ trò chơi điện tử; đ) Nơi làm việc khác gây tổn hại đến sự phát triển thể lực, trí lực, nhân cách của người chưa thành niên.",,,,,,
ch11_muc1_d147_k2_a,POINT,structural,[],"Dưới nước, dưới lòng đất, trong hang động, trong đường hầm;",,,,,,,,,,,,,,ch11_muc1_d147_k2_a,a),"Dưới nước, dưới lòng đất, trong hang động, trong đường hầm;",,,
ch11_muc1_d147_k2_b,POINT,structural,[],Công trường xây dựng;,,,,,,,,,,,,,,ch11_muc1_d147_k2_b,b),Công trường xây dựng;,,,
ch11_muc1_d147_k2_c,POINT,structural,[],Cơ sở giết mổ gia súc;,,,,,,,,,,,,,,ch11_muc1_d147_k2_c,c),Cơ sở giết mổ gia súc;,,,
ch11_muc1_d147_k2_d,POINT,structural,[],"Sòng bạc, quán bar, vũ trường, phòng hát karaoke, khách sạn, nhà nghỉ, cơ sở tắm hơi, cơ sở xoa bóp; điểm kinh doanh xổ số, dịch vụ trò chơi điện tử;",,,,,,,,,,,,,,ch11_muc1_d147_k2_d,d),"Sòng bạc, quán bar, vũ trường, phòng hát karaoke, khách sạn, nhà nghỉ, cơ sở tắm hơi, cơ sở xoa bóp; điểm kinh doanh xổ số, dịch vụ trò chơi điện tử;",,,
ch11_muc1_d147_k2_đ,POINT,structural,[],"Nơi làm việc khác gây tổn hại đến sự phát triển thể lực, trí lực, nhân cách của người chưa thành niên.",,,,,,,,,,,,,,ch11_muc1_d147_k2_đ,đ),"Nơi làm việc khác gây tổn hại đến sự phát triển thể lực, trí lực, nhân cách của người chưa thành niên.",,,
ch11_muc1_d147_k3,CLAUSE,structural,"[""Bộ trưởng Bộ Lao động - Thương binh và Xã hội quy định danh mục tại điểm h khoản 1 và điểm đ khoản 2 Điều này""]",Bộ trưởng Bộ Lao động - Thương binh và Xã hội quy định danh mục tại điểm h khoản 1 và điểm đ khoản 2 Điều này.,,,,,,,,,,,ch11_muc1_d147_k3,3,Bộ trưởng Bộ Lao động - Thương binh và Xã hội quy định danh mục tại điểm h khoản 1 và điểm đ khoản 2 Điều này.,,,,,,
ch11_muc2,SECTION,structural,[],NGƯỜI LAO ĐỘNG CAO TUỔI,,,,,,,,,,,,,,,,,ch11_muc2,2,NGƯỜI LAO ĐỘNG CAO TUỔI
ch11_muc2_d148,ARTICLE,structural,"[""Người lao động cao tuổi""]",Người lao động cao tuổi,,,,,,,,ch11_muc2_d148,148,Người lao động cao tuổi,,,,,,,,,
ch11_muc2_d148_k1,CLAUSE,structural,"[""Người lao động cao tuổi là người tiếp tục lao động sau độ tuổi theo quy định tại khoản 2 Điều 169 của Bộ luật này""]",Người lao động cao tuổi là người tiếp tục lao động sau độ tuổi theo quy định tại khoản 2 Điều 169 của Bộ luật này.,,,,,,,,,,,ch11_muc2_d148_k1,1,Người lao động cao tuổi là người tiếp tục lao động sau độ tuổi theo quy định tại khoản 2 Điều 169 của Bộ luật này.,,,,,,
ch11_muc2_d148_k2,CLAUSE,structural,"[""Người lao động cao tuổi có quyền thỏa thuận với người sử dụng lao động về việc rút ngắn thời giờ làm việc hằng ngày hoặc áp dụng chế độ làm việc không trọn thời gian""]",Người lao động cao tuổi có quyền thỏa thuận với người sử dụng lao động về việc rút ngắn thời giờ làm việc hằng ngày hoặc áp dụng chế độ làm việc không trọn thời gian.,,,,,,,,,,,ch11_muc2_d148_k2,2,Người lao động cao tuổi có quyền thỏa thuận với người sử dụng lao động về việc rút ngắn thời giờ làm việc hằng ngày hoặc áp dụng chế độ làm việc không trọn thời gian.,,,,,,
ch11_muc2_d148_k3,CLAUSE,structural,"[""Nhà nước khuyến khích sử dụng người lao động cao tuổi làm việc phù hợp với sức khỏe để bảo đảm quyền lao động và sử dụng hiệu quả nguồn nhân lực""]",Nhà nước khuyến khích sử dụng người lao động cao tuổi làm việc phù hợp với sức khỏe để bảo đảm quyền lao động và sử dụng hiệu quả nguồn nhân lực.,,,,,,,,,,,ch11_muc2_d148_k3,3,Nhà nước khuyến khích sử dụng người lao động cao tuổi làm việc phù hợp với sức khỏe để bảo đảm quyền lao động và sử dụng hiệu quả nguồn nhân lực.,,,,,,
ch11_muc2_d149,ARTICLE,structural,"[""Sử dụng người lao động cao tuổi""]",Sử dụng người lao động cao tuổi,,,,,,,,ch11_muc2_d149,149,Sử dụng người lao động cao tuổi,,,,,,,,,
ch11_muc2_d149_k1,CLAUSE,structural,"[""Khi sử dụng người lao động cao tuổi, hai bên có thể thỏa thuận giao kết nhiều lần hợp đồng lao động xác định thời hạn""]","Khi sử dụng người lao động cao tuổi, hai bên có thể thỏa thuận giao kết nhiều lần hợp đồng lao động xác định thời hạn.",,,,,,,,,,,ch11_muc2_d149_k1,1,"Khi sử dụng người lao động cao tuổi, hai bên có thể thỏa thuận giao kết nhiều lần hợp đồng lao động xác định thời hạn.",,,,,,
ch11_muc2_d149_k2,CLAUSE,structural,"[""Khi người lao động cao tuổi đang hưởng lương hưu theo quy định của Luật Bảo hiểm xã hội mà làm việc theo hợp đồng lao động mới thì ngoài quyền lợi đang hưởng theo chế độ hưu trí, người lao động cao tuổi được hưởng tiền lương và các quyền lợi khác theo quy định của pháp luật, hợp đồng lao động""]","Khi người lao động cao tuổi đang hưởng lương hưu theo quy định của Luật Bảo hiểm xã hội mà làm việc theo hợp đồng lao động mới thì ngoài quyền lợi đang hưởng theo chế độ hưu trí, người lao động cao tuổi được hưởng tiền lương và các quyền lợi khác theo quy định của pháp luật, hợp đồng lao động.",,,,,,,,,,,ch11_muc2_d149_k2,2,"Khi người lao động cao tuổi đang hưởng lương hưu theo quy định của Luật Bảo hiểm xã hội mà làm việc theo hợp đồng lao động mới thì ngoài quyền lợi đang hưởng theo chế độ hưu trí, người lao động cao tuổi được hưởng tiền lương và các quyền lợi khác theo quy định của pháp luật, hợp đồng lao động.",,,,,,
ch11_muc2_d149_k3,CLAUSE,structural,"[""Không được sử dụng người lao động cao tuổi làm nghề, công việc nặng nhọc, độc hại, nguy hiểm hoặc đặc biệt nặng nhọc, độc hại, nguy hiểm có ảnh hưởng xấu tới sức khỏe người lao động cao tuổi, trừ trường hợp bảo đảm các điều kiện làm việc an toàn""]","Không được sử dụng người lao động cao tuổi làm nghề, công việc nặng nhọc, độc hại, nguy hiểm hoặc đặc biệt nặng nhọc, độc hại, nguy hiểm có ảnh hưởng xấu tới sức khỏe người lao động cao tuổi, trừ trường hợp bảo đảm các điều kiện làm việc an toàn.",,,,,,,,,,,ch11_muc2_d149_k3,3,"Không được sử dụng người lao động cao tuổi làm nghề, công việc nặng nhọc, độc hại, nguy hiểm hoặc đặc biệt nặng nhọc, độc hại, nguy hiểm có ảnh hưởng xấu tới sức khỏe người lao động cao tuổi, trừ trường hợp bảo đảm các điều kiện làm việc an toàn.",,,,,,
ch11_muc2_d149_k4,CLAUSE,structural,"[""Người sử dụng lao động có trách nhiệm quan tâm chăm sóc sức khỏe của người lao động cao tuổi tại nơi làm việc""]",Người sử dụng lao động có trách nhiệm quan tâm chăm sóc sức khỏe của người lao động cao tuổi tại nơi làm việc.,,,,,,,,,,,ch11_muc2_d149_k4,4,Người sử dụng lao động có trách nhiệm quan tâm chăm sóc sức khỏe của người lao động cao tuổi tại nơi làm việc.,,,,,,
ch11_muc3,SECTION,structural,[],"NGƯỜI LAO ĐỘNG VIỆT NAM ĐI LÀM VIỆC Ở NƯỚC NGOÀI, LAO ĐỘNG CHO CÁC TỔ CHỨC, CÁ NHÂN NƯỚC NGOÀI TẠI VIỆT NAM, LAO ĐỘNG LÀ NGƯỜI NƯỚC NGOÀI LÀM VIỆC TẠI VIỆT NAM",,,,,,,,,,,,,,,,,ch11_muc3,3,"NGƯỜI LAO ĐỘNG VIỆT NAM ĐI LÀM VIỆC Ở NƯỚC NGOÀI, LAO ĐỘNG CHO CÁC TỔ CHỨC, CÁ NHÂN NƯỚC NGOÀI TẠI VIỆT NAM, LAO ĐỘNG LÀ NGƯỜI NƯỚC NGOÀI LÀM VIỆC TẠI VIỆT NAM"
ch11_muc3_d150,ARTICLE,structural,"[""Người lao động Việt Nam đi làm việc ở nước ngoài, lao động cho các tổ chức, cá nhân nước ngoài tại Việt Nam""]","Người lao động Việt Nam đi làm việc ở nước ngoài, lao động cho các tổ chức, cá nhân nước ngoài tại Việt Nam",,,,,,,,ch11_muc3_d150,150,"Người lao động Việt Nam đi làm việc ở nước ngoài, lao động cho các tổ chức, cá nhân nước ngoài tại Việt Nam",,,,,,,,,
ch11_muc3_d150_k1,CLAUSE,structural,"[""Nhà nước khuyến khích doanh nghiệp, cơ quan, tổ chức, cá nhân tìm kiếm và mở rộng thị trường lao động để đưa người lao động Việt Nam đi làm việc ở nước ngoài"", ""Người lao động Việt Nam đi làm việc ở nước ngoài phải tuân theo quy định của pháp luật Việt Nam, pháp luật nước sở tại, trừ trường hợp điều ước quốc tế mà nước Cộng hòa xã hội chủ nghĩa Việt Nam là thành viên có quy định khác""]","Nhà nước khuyến khích doanh nghiệp, cơ quan, tổ chức, cá nhân tìm kiếm và mở rộng thị trường lao động để đưa người lao động Việt Nam đi làm việc ở nước ngoài. Người lao động Việt Nam đi làm việc ở nước ngoài phải tuân theo quy định của pháp luật Việt Nam, pháp luật nước sở tại, trừ trường hợp điều ước quốc tế mà nước Cộng hòa xã hội chủ nghĩa Việt Nam là thành viên có quy định khác.",,,,,,,,,,,ch11_muc3_d150_k1,1,"Nhà nước khuyến khích doanh nghiệp, cơ quan, tổ chức, cá nhân tìm kiếm và mở rộng thị trường lao động để đưa người lao động Việt Nam đi làm việc ở nước ngoài. Người lao động Việt Nam đi làm việc ở nước ngoài phải tuân theo quy định của pháp luật Việt Nam, pháp luật nước sở tại, trừ trường hợp điều ước quốc tế mà nước Cộng hòa xã hội chủ nghĩa Việt Nam là thành viên có quy định khác.",,,,,,
ch11_muc3_d150_k2,CLAUSE,structural,"[""Công dân Việt Nam làm việc cho các tổ chức nước ngoài tại Việt Nam, trong khu công nghiệp, khu kinh tế, khu chế xuất, khu công nghệ cao hoặc làm việc cho cá nhân là công dân nước ngoài tại Việt Nam phải tuân theo pháp luật Việt Nam và được pháp luật bảo vệ""]","Công dân Việt Nam làm việc cho các tổ chức nước ngoài tại Việt Nam, trong khu công nghiệp, khu kinh tế, khu chế xuất, khu công nghệ cao hoặc làm việc cho cá nhân là công dân nước ngoài tại Việt Nam phải tuân theo pháp luật Việt Nam và được pháp luật bảo vệ.",,,,,,,,,,,ch11_muc3_d150_k2,2,"Công dân Việt Nam làm việc cho các tổ chức nước ngoài tại Việt Nam, trong khu công nghiệp, khu kinh tế, khu chế xuất, khu công nghệ cao hoặc làm việc cho cá nhân là công dân nước ngoài tại Việt Nam phải tuân theo pháp luật Việt Nam và được pháp luật bảo vệ.",,,,,,
ch11_muc3_d150_k3,CLAUSE,structural,"[""Chính phủ quy định chi tiết việc tuyển dụng, quản lý lao động Việt Nam làm việc cho các tổ chức, cá nhân nước ngoài tại Việt Nam""]","Chính phủ quy định chi tiết việc tuyển dụng, quản lý lao động Việt Nam làm việc cho các tổ chức, cá nhân nước ngoài tại Việt Nam.",,,,,,,,,,,ch11_muc3_d150_k3,3,"Chính phủ quy định chi tiết việc tuyển dụng, quản lý lao động Việt Nam làm việc cho các tổ chức, cá nhân nước ngoài tại Việt Nam.",,,,,,
ch11_muc3_d151,ARTICLE,structural,"[""Điều kiện người lao động nước ngoài làm việc tại Việt Nam""]",Điều kiện người lao động nước ngoài làm việc tại Việt Nam,,,,,,,,ch11_muc3_d151,151,Điều kiện người lao động nước ngoài làm việc tại Việt Nam,,,,,,,,,
ch11_muc3_d151_k1,CLAUSE,structural,"[""Người lao động nước ngoài làm việc tại Việt Nam là người có quốc tịch nước ngoài và phải đáp ứng các điều kiện sau đây: a) Đủ 18 tuổi trở lên và có năng lực hành vi dân sự đầy đủ"", ""b) Có trình độ chuyên môn, kỹ thuật, tay nghề, kinh nghiệm làm việc"", ""có đủ sức khỏe theo quy định của Bộ trưởng Bộ Y tế"", ""c) Không phải là người đang trong thời gian chấp hành hình phạt hoặc chưa được xóa án tích hoặc đang trong thời gian bị truy cứu trách nhiệm hình sự theo quy định của pháp luật nước ngoài hoặc pháp luật Việt Nam"", ""d) Có giấy phép lao động do cơ quan nhà nước có thẩm quyền của Việt Nam cấp, trừ trường hợp quy định tại Điều 154 của Bộ luật này""]","Người lao động nước ngoài làm việc tại Việt Nam là người có quốc tịch nước ngoài và phải đáp ứng các điều kiện sau đây: a) Đủ 18 tuổi trở lên và có năng lực hành vi dân sự đầy đủ; b) Có trình độ chuyên môn, kỹ thuật, tay nghề, kinh nghiệm làm việc; có đủ sức khỏe theo quy định của Bộ trưởng Bộ Y tế; c) Không phải là người đang trong thời gian chấp hành hình phạt hoặc chưa được xóa án tích hoặc đang trong thời gian bị truy cứu trách nhiệm hình sự theo quy định của pháp luật nước ngoài hoặc pháp luật Việt Nam; d) Có giấy phép lao động do cơ quan nhà nước có thẩm quyền của Việt Nam cấp, trừ trường hợp quy định tại Điều 154 của Bộ luật này.",,,,,,,,,,,ch11_muc3_d151_k1,1,"Người lao động nước ngoài làm việc tại Việt Nam là người có quốc tịch nước ngoài và phải đáp ứng các điều kiện sau đây: a) Đủ 18 tuổi trở lên và có năng lực hành vi dân sự đầy đủ; b) Có trình độ chuyên môn, kỹ thuật, tay nghề, kinh nghiệm làm việc; có đủ sức khỏe theo quy định của Bộ trưởng Bộ Y tế; c) Không phải là người đang trong thời gian chấp hành hình phạt hoặc chưa được xóa án tích hoặc đang trong thời gian bị truy cứu trách nhiệm hình sự theo quy định của pháp luật nước ngoài hoặc pháp luật Việt Nam; d) Có giấy phép lao động do cơ quan nhà nước có thẩm quyền của Việt Nam cấp, trừ trường hợp quy định tại Điều 154 của Bộ luật này.",,,,,,
ch11_muc3_d151_k1_a,POINT,structural,[],Đủ 18 tuổi trở lên và có năng lực hành vi dân sự đầy đủ;,,,,,,,,,,,,,,ch11_muc3_d151_k1_a,a),Đủ 18 tuổi trở lên và có năng lực hành vi dân sự đầy đủ;,,,
ch11_muc3_d151_k1_b,POINT,structural,[],"Có trình độ chuyên môn, kỹ thuật, tay nghề, kinh nghiệm làm việc; có đủ sức khỏe theo quy định của Bộ trưởng Bộ Y tế;",,,,,,,,,,,,,,ch11_muc3_d151_k1_b,b),"Có trình độ chuyên môn, kỹ thuật, tay nghề, kinh nghiệm làm việc; có đủ sức khỏe theo quy định của Bộ trưởng Bộ Y tế;",,,
ch11_muc3_d151_k1_c,POINT,structural,[],Không phải là người đang trong thời gian chấp hành hình phạt hoặc chưa được xóa án tích hoặc đang trong thời gian bị truy cứu trách nhiệm hình sự theo quy định của pháp luật nước ngoài hoặc pháp luật Việt Nam;,,,,,,,,,,,,,,ch11_muc3_d151_k1_c,c),Không phải là người đang trong thời gian chấp hành hình phạt hoặc chưa được xóa án tích hoặc đang trong thời gian bị truy cứu trách nhiệm hình sự theo quy định của pháp luật nước ngoài hoặc pháp luật Việt Nam;,,,
ch11_muc3_d151_k1_d,POINT,structural,[],"Có giấy phép lao động do cơ quan nhà nước có thẩm quyền của Việt Nam cấp, trừ trường hợp quy định tại Điều 154 của Bộ luật này.",,,,,,,,,,,,,,ch11_muc3_d151_k1_d,d),"Có giấy phép lao động do cơ quan nhà nước có thẩm quyền của Việt Nam cấp, trừ trường hợp quy định tại Điều 154 của Bộ luật này.",,,
ch11_muc3_d151_k2,CLAUSE,structural,"[""Thời hạn của hợp đồng lao động đối với người lao động nước ngoài làm việc tại Việt Nam không được vượt quá thời hạn của Giấy phép lao động"", ""Khi sử dụng người lao động nước ngoài làm việc tại Việt Nam, hai bên có thể thỏa thuận giao kết nhiều lần hợp đồng lao động xác định thời hạn""]","Thời hạn của hợp đồng lao động đối với người lao động nước ngoài làm việc tại Việt Nam không được vượt quá thời hạn của Giấy phép lao động. Khi sử dụng người lao động nước ngoài làm việc tại Việt Nam, hai bên có thể thỏa thuận giao kết nhiều lần hợp đồng lao động xác định thời hạn.",,,,,,,,,,,ch11_muc3_d151_k2,2,"Thời hạn của hợp đồng lao động đối với người lao động nước ngoài làm việc tại Việt Nam không được vượt quá thời hạn của Giấy phép lao động. Khi sử dụng người lao động nước ngoài làm việc tại Việt Nam, hai bên có thể thỏa thuận giao kết nhiều lần hợp đồng lao động xác định thời hạn.",,,,,,
ch11_muc3_d151_k3,CLAUSE,structural,"[""Người lao động nước ngoài làm việc tại Việt Nam phải tuân theo pháp luật lao động Việt Nam và được pháp luật Việt Nam bảo vệ, trừ trường hợp điều ước quốc tế mà nước Cộng hòa xã hội chủ nghĩa Việt Nam là thành viên có quy định khác""]","Người lao động nước ngoài làm việc tại Việt Nam phải tuân theo pháp luật lao động Việt Nam và được pháp luật Việt Nam bảo vệ, trừ trường hợp điều ước quốc tế mà nước Cộng hòa xã hội chủ nghĩa Việt Nam là thành viên có quy định khác.",,,,,,,,,,,ch11_muc3_d151_k3,3,"Người lao động nước ngoài làm việc tại Việt Nam phải tuân theo pháp luật lao động Việt Nam và được pháp luật Việt Nam bảo vệ, trừ trường hợp điều ước quốc tế mà nước Cộng hòa xã hội chủ nghĩa Việt Nam là thành viên có quy định khác.",,,,,,
ch11_muc3_d152,ARTICLE,structural,"[""Điều kiện tuyển dụng, sử dụng người lao động nước ngoài làm việc tại Việt Nam""]","Điều kiện tuyển dụng, sử dụng người lao động nước ngoài làm việc tại Việt Nam",,,,,,,,ch11_muc3_d152,152,"Điều kiện tuyển dụng, sử dụng người lao động nước ngoài làm việc tại Việt Nam",,,,,,,,,
ch11_muc3_d152_k1,CLAUSE,structural,"[""Doanh nghiệp, cơ quan, tổ chức, cá nhân, nhà thầu chỉ được tuyển dụng người lao động nước ngoài vào làm vị trí công việc quản lý, điều hành, chuyên gia và lao động kỹ thuật mà người lao động Việt Nam chưa đáp ứng được theo nhu cầu sản xuất, kinh doanh""]","Doanh nghiệp, cơ quan, tổ chức, cá nhân, nhà thầu chỉ được tuyển dụng người lao động nước ngoài vào làm vị trí công việc quản lý, điều hành, chuyên gia và lao động kỹ thuật mà người lao động Việt Nam chưa đáp ứng được theo nhu cầu sản xuất, kinh doanh.",,,,,,,,,,,ch11_muc3_d152_k1,1,"Doanh nghiệp, cơ quan, tổ chức, cá nhân, nhà thầu chỉ được tuyển dụng người lao động nước ngoài vào làm vị trí công việc quản lý, điều hành, chuyên gia và lao động kỹ thuật mà người lao động Việt Nam chưa đáp ứng được theo nhu cầu sản xuất, kinh doanh.",,,,,,
ch11_muc3_d152_k2,CLAUSE,structural,"[""Doanh nghiệp, cơ quan, tổ chức, cá nhân trước khi tuyển dụng người lao động nước ngoài vào làm việc tại Việt Nam phải giải trình nhu cầu sử dụng lao động và được sự chấp thuận bằng văn bản của cơ quan nhà nước có thẩm quyền""]","Doanh nghiệp, cơ quan, tổ chức, cá nhân trước khi tuyển dụng người lao động nước ngoài vào làm việc tại Việt Nam phải giải trình nhu cầu sử dụng lao động và được sự chấp thuận bằng văn bản của cơ quan nhà nước có thẩm quyền.",,,,,,,,,,,ch11_muc3_d152_k2,2,"Doanh nghiệp, cơ quan, tổ chức, cá nhân trước khi tuyển dụng người lao động nước ngoài vào làm việc tại Việt Nam phải giải trình nhu cầu sử dụng lao động và được sự chấp thuận bằng văn bản của cơ quan nhà nước có thẩm quyền.",,,,,,
ch11_muc3_d152_k3,CLAUSE,structural,"[""Nhà thầu trước khi tuyển và sử dụng lao động nước ngoài làm việc tại Việt Nam phải kê khai cụ thể các vị trí công việc, trình độ chuyên môn, kỹ thuật, kinh nghiệm làm việc, thời gian làm việc cần sử dụng lao động nước ngoài để thực hiện gói thầu và được sự chấp thuận bằng văn bản của cơ quan nhà nước có thẩm quyền""]","Nhà thầu trước khi tuyển và sử dụng lao động nước ngoài làm việc tại Việt Nam phải kê khai cụ thể các vị trí công việc, trình độ chuyên môn, kỹ thuật, kinh nghiệm làm việc, thời gian làm việc cần sử dụng lao động nước ngoài để thực hiện gói thầu và được sự chấp thuận bằng văn bản của cơ quan nhà nước có thẩm quyền.",,,,,,,,,,,ch11_muc3_d152_k3,3,"Nhà thầu trước khi tuyển và sử dụng lao động nước ngoài làm việc tại Việt Nam phải kê khai cụ thể các vị trí công việc, trình độ chuyên môn, kỹ thuật, kinh nghiệm làm việc, thời gian làm việc cần sử dụng lao động nước ngoài để thực hiện gói thầu và được sự chấp thuận bằng văn bản của cơ quan nhà nước có thẩm quyền.",,,,,,
ch11_muc3_d153,ARTICLE,structural,"[""Trách nhiệm của người sử dụng lao động và người lao động nước ngoài""]",Trách nhiệm của người sử dụng lao động và người lao động nước ngoài,,,,,,,,ch11_muc3_d153,153,Trách nhiệm của người sử dụng lao động và người lao động nước ngoài,,,,,,,,,
ch11_muc3_d153_k1,CLAUSE,structural,"[""Người lao động nước ngoài phải xuất trình giấy phép lao động khi có yêu cầu của cơ quan nhà nước có thẩm quyền""]",Người lao động nước ngoài phải xuất trình giấy phép lao động khi có yêu cầu của cơ quan nhà nước có thẩm quyền.,,,,,,,,,,,ch11_muc3_d153_k1,1,Người lao động nước ngoài phải xuất trình giấy phép lao động khi có yêu cầu của cơ quan nhà nước có thẩm quyền.,,,,,,
ch11_muc3_d153_k2,CLAUSE,structural,"[""Người lao động nước ngoài làm việc tại Việt Nam không có giấy phép lao động sẽ bị buộc xuất cảnh hoặc trục xuất theo quy định của pháp luật về nhập cảnh, xuất cảnh, quá cảnh, cư trú của người nước ngoài tại Việt Nam""]","Người lao động nước ngoài làm việc tại Việt Nam không có giấy phép lao động sẽ bị buộc xuất cảnh hoặc trục xuất theo quy định của pháp luật về nhập cảnh, xuất cảnh, quá cảnh, cư trú của người nước ngoài tại Việt Nam.",,,,,,,,,,,ch11_muc3_d153_k2,2,"Người lao động nước ngoài làm việc tại Việt Nam không có giấy phép lao động sẽ bị buộc xuất cảnh hoặc trục xuất theo quy định của pháp luật về nhập cảnh, xuất cảnh, quá cảnh, cư trú của người nước ngoài tại Việt Nam.",,,,,,
ch11_muc3_d153_k3,CLAUSE,structural,"[""Người sử dụng lao động sử dụng người lao động nước ngoài làm việc cho mình mà không có giấy phép lao động thì bị xử lý theo quy định của pháp luật""]",Người sử dụng lao động sử dụng người lao động nước ngoài làm việc cho mình mà không có giấy phép lao động thì bị xử lý theo quy định của pháp luật.,,,,,,,,,,,ch11_muc3_d153_k3,3,Người sử dụng lao động sử dụng người lao động nước ngoài làm việc cho mình mà không có giấy phép lao động thì bị xử lý theo quy định của pháp luật.,,,,,,
ch11_muc3_d154,ARTICLE,structural,"[""Người lao động nước ngoài làm việc tại Việt Nam không thuộc diện cấp giấy phép lao động""]",Người lao động nước ngoài làm việc tại Việt Nam không thuộc diện cấp giấy phép lao động,,,,,,,,ch11_muc3_d154,154,Người lao động nước ngoài làm việc tại Việt Nam không thuộc diện cấp giấy phép lao động,,,,,,,,,
ch11_muc3_d154_k1,CLAUSE,structural,"[""Là chủ sở hữu hoặc thành viên góp vốn của công ty trách nhiệm hữu hạn có giá trị góp vốn theo quy định của Chính phủ""]",Là chủ sở hữu hoặc thành viên góp vốn của công ty trách nhiệm hữu hạn có giá trị góp vốn theo quy định của Chính phủ.,,,,,,,,,,,ch11_muc3_d154_k1,1,Là chủ sở hữu hoặc thành viên góp vốn của công ty trách nhiệm hữu hạn có giá trị góp vốn theo quy định của Chính phủ.,,,,,,
ch11_muc3_d154_k2,CLAUSE,structural,"[""Là Chủ tịch Hội đồng quản trị hoặc thành viên Hội đồng quản trị của công ty cổ phần có giá trị góp vốn theo quy định của Chính phủ""]",Là Chủ tịch Hội đồng quản trị hoặc thành viên Hội đồng quản trị của công ty cổ phần có giá trị góp vốn theo quy định của Chính phủ.,,,,,,,,,,,ch11_muc3_d154_k2,2,Là Chủ tịch Hội đồng quản trị hoặc thành viên Hội đồng quản trị của công ty cổ phần có giá trị góp vốn theo quy định của Chính phủ.,,,,,,
ch11_muc3_d154_k3,CLAUSE,structural,"[""Là Trưởng văn phòng đại diện, dự án hoặc chịu trách nhiệm chính về hoạt động của tổ chức quốc tế, tổ chức phi chính phủ nước ngoài tại Việt Nam""]","Là Trưởng văn phòng đại diện, dự án hoặc chịu trách nhiệm chính về hoạt động của tổ chức quốc tế, tổ chức phi chính phủ nước ngoài tại Việt Nam.",,,,,,,,,,,ch11_muc3_d154_k3,3,"Là Trưởng văn phòng đại diện, dự án hoặc chịu trách nhiệm chính về hoạt động của tổ chức quốc tế, tổ chức phi chính phủ nước ngoài tại Việt Nam.",,,,,,
ch11_muc3_d154_k4,CLAUSE,structural,"[""Vào Việt Nam với thời hạn dưới 03 tháng để thực hiện chào bán dịch vụ""]",Vào Việt Nam với thời hạn dưới 03 tháng để thực hiện chào bán dịch vụ.,,,,,,,,,,,ch11_muc3_d154_k4,4,Vào Việt Nam với thời hạn dưới 03 tháng để thực hiện chào bán dịch vụ.,,,,,,
ch11_muc3_d154_k5,CLAUSE,structural,"[""Vào Việt Nam với thời hạn dưới 03 tháng để xử lý sự cố, tình huống kỹ thuật, công nghệ phức tạp nảy sinh làm ảnh hưởng hoặc có nguy cơ ảnh hưởng tới sản xuất, kinh doanh mà các chuyên gia Việt Nam và các chuyên gia nước ngoài hiện đang ở Việt Nam không xử lý được""]","Vào Việt Nam với thời hạn dưới 03 tháng để xử lý sự cố, tình huống kỹ thuật, công nghệ phức tạp nảy sinh làm ảnh hưởng hoặc có nguy cơ ảnh hưởng tới sản xuất, kinh doanh mà các chuyên gia Việt Nam và các chuyên gia nước ngoài hiện đang ở Việt Nam không xử lý được.",,,,,,,,,,,ch11_muc3_d154_k5,5,"Vào Việt Nam với thời hạn dưới 03 tháng để xử lý sự cố, tình huống kỹ thuật, công nghệ phức tạp nảy sinh làm ảnh hưởng hoặc có nguy cơ ảnh hưởng tới sản xuất, kinh doanh mà các chuyên gia Việt Nam và các chuyên gia nước ngoài hiện đang ở Việt Nam không xử lý được.",,,,,,
ch11_muc3_d154_k6,CLAUSE,structural,"[""Là luật sư nước ngoài đã được cấp Giấy phép hành nghề luật sư tại Việt Nam theo quy định của Luật Luật sư""]",Là luật sư nước ngoài đã được cấp Giấy phép hành nghề luật sư tại Việt Nam theo quy định của Luật Luật sư.,,,,,,,,,,,ch11_muc3_d154_k6,6,Là luật sư nước ngoài đã được cấp Giấy phép hành nghề luật sư tại Việt Nam theo quy định của Luật Luật sư.,,,,,,
ch11_muc3_d154_k7,CLAUSE,structural,"[""Trường hợp theo quy định của điều ước quốc tế mà nước Cộng hòa xã hội chủ nghĩa Việt Nam là thành viên""]",Trường hợp theo quy định của điều ước quốc tế mà nước Cộng hòa xã hội chủ nghĩa Việt Nam là thành viên.,,,,,,,,,,,ch11_muc3_d154_k7,7,Trường hợp theo quy định của điều ước quốc tế mà nước Cộng hòa xã hội chủ nghĩa Việt Nam là thành viên.,,,,,,
ch11_muc3_d154_k8,CLAUSE,structural,"[""Người nước ngoài kết hôn với người Việt Nam và sinh sống trên lãnh thổ Việt Nam""]",Người nước ngoài kết hôn với người Việt Nam và sinh sống trên lãnh thổ Việt Nam.,,,,,,,,,,,ch11_muc3_d154_k8,8,Người nước ngoài kết hôn với người Việt Nam và sinh sống trên lãnh thổ Việt Nam.,,,,,,
ch11_muc3_d154_k9,CLAUSE,structural,"[""Trường hợp khác theo quy định của Chính phủ""]",Trường hợp khác theo quy định của Chính phủ.,,,,,,,,,,,ch11_muc3_d154_k9,9,Trường hợp khác theo quy định của Chính phủ.,,,,,,
ch11_muc3_d155,ARTICLE,structural,"[""Thời hạn của giấy phép lao động Thời hạn của giấy phép lao động tối đa là 02 năm, trường hợp gia hạn thì chỉ được gia hạn một lần với thời hạn tối đa là 02 năm""]","Thời hạn của giấy phép lao động Thời hạn của giấy phép lao động tối đa là 02 năm, trường hợp gia hạn thì chỉ được gia hạn một lần với thời hạn tối đa là 02 năm.",,,,,,,,ch11_muc3_d155,155,"Thời hạn của giấy phép lao động Thời hạn của giấy phép lao động tối đa là 02 năm, trường hợp gia hạn thì chỉ được gia hạn một lần với thời hạn tối đa là 02 năm.",,,,,,,,,
ch11_muc3_d156,ARTICLE,structural,"[""Các trường hợp giấy phép lao động hết hiệu lực""]",Các trường hợp giấy phép lao động hết hiệu lực,,,,,,,,ch11_muc3_d156,156,Các trường hợp giấy phép lao động hết hiệu lực,,,,,,,,,
ch11_muc3_d156_k1,CLAUSE,structural,"[""Giấy phép lao động hết thời hạn""]",Giấy phép lao động hết thời hạn.,,,,,,,,,,,ch11_muc3_d156_k1,1,Giấy phép lao động hết thời hạn.,,,,,,
ch11_muc3_d156_k2,CLAUSE,structural,"[""Chấm dứt hợp đồng lao động""]",Chấm dứt hợp đồng lao động.,,,,,,,,,,,ch11_muc3_d156_k2,2,Chấm dứt hợp đồng lao động.,,,,,,
ch11_muc3_d156_k3,CLAUSE,structural,"[""Nội dung của hợp đồng lao động không đúng với nội dung của giấy phép lao động đã được cấp""]",Nội dung của hợp đồng lao động không đúng với nội dung của giấy phép lao động đã được cấp.,,,,,,,,,,,ch11_muc3_d156_k3,3,Nội dung của hợp đồng lao động không đúng với nội dung của giấy phép lao động đã được cấp.,,,,,,
ch11_muc3_d156_k4,CLAUSE,structural,"[""Làm việc không đúng với nội dung trong giấy phép lao động đã được cấp""]",Làm việc không đúng với nội dung trong giấy phép lao động đã được cấp.,,,,,,,,,,,ch11_muc3_d156_k4,4,Làm việc không đúng với nội dung trong giấy phép lao động đã được cấp.,,,,,,
ch11_muc3_d156_k5,CLAUSE,structural,"[""Hợp đồng trong các lĩnh vực là cơ sở phát sinh giấy phép lao động hết thời hạn hoặc chấm dứt""]",Hợp đồng trong các lĩnh vực là cơ sở phát sinh giấy phép lao động hết thời hạn hoặc chấm dứt.,,,,,,,,,,,ch11_muc3_d156_k5,5,Hợp đồng trong các lĩnh vực là cơ sở phát sinh giấy phép lao động hết thời hạn hoặc chấm dứt.,,,,,,
ch11_muc3_d156_k6,CLAUSE,structural,"[""Có văn bản thông báo của phía nước ngoài thôi cử lao động là người nước ngoài làm việc tại Việt Nam""]",Có văn bản thông báo của phía nước ngoài thôi cử lao động là người nước ngoài làm việc tại Việt Nam.,,,,,,,,,,,ch11_muc3_d156_k6,6,Có văn bản thông báo của phía nước ngoài thôi cử lao động là người nước ngoài làm việc tại Việt Nam.,,,,,,
ch11_muc3_d156_k7,CLAUSE,structural,"[""Doanh nghiệp, tổ chức, đối tác phía Việt Nam hoặc tổ chức nước ngoài tại Việt Nam sử dụng lao động là người nước ngoài chấm dứt hoạt động""]","Doanh nghiệp, tổ chức, đối tác phía Việt Nam hoặc tổ chức nước ngoài tại Việt Nam sử dụng lao động là người nước ngoài chấm dứt hoạt động.",,,,,,,,,,,ch11_muc3_d156_k7,7,"Doanh nghiệp, tổ chức, đối tác phía Việt Nam hoặc tổ chức nước ngoài tại Việt Nam sử dụng lao động là người nước ngoài chấm dứt hoạt động.",,,,,,
ch11_muc3_d156_k8,CLAUSE,structural,"[""Giấy phép lao động bị thu hồi""]",Giấy phép lao động bị thu hồi.,,,,,,,,,,,ch11_muc3_d156_k8,8,Giấy phép lao động bị thu hồi.,,,,,,
ch11_muc3_d157,ARTICLE,structural,"[""Cấp, cấp lại, gia hạn, thu hồi giấy phép lao động, giấy xác nhận không thuộc diện cấp giấy phép lao động Chính phủ quy định điều kiện, trình tự, thủ tục cấp, cấp lại, gia hạn, thu hồi giấy phép lao động và giấy xác nhận không thuộc diện cấp giấy phép lao động đối với người lao động nước ngoài làm việc tại Việt Nam""]","Cấp, cấp lại, gia hạn, thu hồi giấy phép lao động, giấy xác nhận không thuộc diện cấp giấy phép lao động Chính phủ quy định điều kiện, trình tự, thủ tục cấp, cấp lại, gia hạn, thu hồi giấy phép lao động và giấy xác nhận không thuộc diện cấp giấy phép lao động đối với người lao động nước ngoài làm việc tại Việt Nam.",,,,,,,,ch11_muc3_d157,157,"Cấp, cấp lại, gia hạn, thu hồi giấy phép lao động, giấy xác nhận không thuộc diện cấp giấy phép lao động Chính phủ quy định điều kiện, trình tự, thủ tục cấp, cấp lại, gia hạn, thu hồi giấy phép lao động và giấy xác nhận không thuộc diện cấp giấy phép lao động đối với người lao động nước ngoài làm việc tại Việt Nam.",,,,,,,,,
ch11_muc4,SECTION,structural,[],LAO ĐỘNG LÀ NGƯỜI KHUYẾT TẬT,,,,,,,,,,,,,,,,,ch11_muc4,4,LAO ĐỘNG LÀ NGƯỜI KHUYẾT TẬT
ch11_muc4_d158,ARTICLE,structural,"[""Chính sách của Nhà nước đối với lao động là người khuyết tật Nhà nước bảo trợ quyền lao động, tự tạo việc làm của người lao động là người khuyết tật"", ""có chính sách khuyến khích, ưu đãi phù hợp đối với người sử dụng lao động trong tạo việc làm và nhận người lao động là người khuyết tật vào làm việc theo quy định của pháp luật về người khuyết tật""]","Chính sách của Nhà nước đối với lao động là người khuyết tật Nhà nước bảo trợ quyền lao động, tự tạo việc làm của người lao động là người khuyết tật; có chính sách khuyến khích, ưu đãi phù hợp đối với người sử dụng lao động trong tạo việc làm và nhận người lao động là người khuyết tật vào làm việc theo quy định của pháp luật về người khuyết tật.",,,,,,,,ch11_muc4_d158,158,"Chính sách của Nhà nước đối với lao động là người khuyết tật Nhà nước bảo trợ quyền lao động, tự tạo việc làm của người lao động là người khuyết tật; có chính sách khuyến khích, ưu đãi phù hợp đối với người sử dụng lao động trong tạo việc làm và nhận người lao động là người khuyết tật vào làm việc theo quy định của pháp luật về người khuyết tật.",,,,,,,,,
ch11_muc4_d159,ARTICLE,structural,"[""Sử dụng lao động là người khuyết tật""]",Sử dụng lao động là người khuyết tật,,,,,,,,ch11_muc4_d159,159,Sử dụng lao động là người khuyết tật,,,,,,,,,
ch11_muc4_d159_k1,CLAUSE,structural,"[""Người sử dụng lao động phải bảo đảm về điều kiện lao động, công cụ lao động, an toàn, vệ sinh lao động và tổ chức khám sức khỏe định kỳ phù hợp với người lao động là người khuyết tật""]","Người sử dụng lao động phải bảo đảm về điều kiện lao động, công cụ lao động, an toàn, vệ sinh lao động và tổ chức khám sức khỏe định kỳ phù hợp với người lao động là người khuyết tật.",,,,,,,,,,,ch11_muc4_d159_k1,1,"Người sử dụng lao động phải bảo đảm về điều kiện lao động, công cụ lao động, an toàn, vệ sinh lao động và tổ chức khám sức khỏe định kỳ phù hợp với người lao động là người khuyết tật.",,,,,,
ch11_muc4_d159_k2,CLAUSE,structural,"[""Người sử dụng lao động phải tham khảo ý kiến của người lao động là người khuyết tật khi quyết định những vấn đề liên quan đến quyền và lợi ích của họ""]",Người sử dụng lao động phải tham khảo ý kiến của người lao động là người khuyết tật khi quyết định những vấn đề liên quan đến quyền và lợi ích của họ.,,,,,,,,,,,ch11_muc4_d159_k2,2,Người sử dụng lao động phải tham khảo ý kiến của người lao động là người khuyết tật khi quyết định những vấn đề liên quan đến quyền và lợi ích của họ.,,,,,,
ch11_muc4_d160,ARTICLE,structural,"[""Các hành vi bị nghiêm cấm khi sử dụng lao động là người khuyết tật""]",Các hành vi bị nghiêm cấm khi sử dụng lao động là người khuyết tật,,,,,,,,ch11_muc4_d160,160,Các hành vi bị nghiêm cấm khi sử dụng lao động là người khuyết tật,,,,,,,,,
ch11_muc4_d160_k1,CLAUSE,structural,"[""Sử dụng người lao động là người khuyết tật nhẹ suy giảm khả năng lao động từ 51% trở lên, khuyết tật nặng hoặc khuyết tật đặc biệt nặng làm thêm giờ, làm việc vào ban đêm, trừ trường hợp người lao động là người khuyết tật đồng ý""]","Sử dụng người lao động là người khuyết tật nhẹ suy giảm khả năng lao động từ 51% trở lên, khuyết tật nặng hoặc khuyết tật đặc biệt nặng làm thêm giờ, làm việc vào ban đêm, trừ trường hợp người lao động là người khuyết tật đồng ý.",,,,,,,,,,,ch11_muc4_d160_k1,1,"Sử dụng người lao động là người khuyết tật nhẹ suy giảm khả năng lao động từ 51% trở lên, khuyết tật nặng hoặc khuyết tật đặc biệt nặng làm thêm giờ, làm việc vào ban đêm, trừ trường hợp người lao động là người khuyết tật đồng ý.",,,,,,
ch11_muc4_d160_k2,CLAUSE,structural,"[""Sử dụng người lao động là người khuyết tật làm công việc nặng nhọc, độc hại, nguy hiểm theo danh mục do Bộ trưởng Bộ Lao động - Thương binh và Xã hội ban hành mà không có sự đồng ý của người khuyết tật sau khi đã được người sử dụng lao động cung cấp đầy đủ thông tin về công việc đó""]","Sử dụng người lao động là người khuyết tật làm công việc nặng nhọc, độc hại, nguy hiểm theo danh mục do Bộ trưởng Bộ Lao động - Thương binh và Xã hội ban hành mà không có sự đồng ý của người khuyết tật sau khi đã được người sử dụng lao động cung cấp đầy đủ thông tin về công việc đó.",,,,,,,,,,,ch11_muc4_d160_k2,2,"Sử dụng người lao động là người khuyết tật làm công việc nặng nhọc, độc hại, nguy hiểm theo danh mục do Bộ trưởng Bộ Lao động - Thương binh và Xã hội ban hành mà không có sự đồng ý của người khuyết tật sau khi đã được người sử dụng lao động cung cấp đầy đủ thông tin về công việc đó.",,,,,,
ch11_muc5,SECTION,structural,[],LAO ĐỘNG LÀ NGƯỜI GIÚP VIỆC GIA ĐÌNH,,,,,,,,,,,,,,,,,ch11_muc5,5,LAO ĐỘNG LÀ NGƯỜI GIÚP VIỆC GIA ĐÌNH
ch11_muc5_d161,ARTICLE,structural,"[""Lao động là người giúp việc gia đình""]",Lao động là người giúp việc gia đình,,,,,,,,ch11_muc5_d161,161,Lao động là người giúp việc gia đình,,,,,,,,,
ch11_muc5_d161_k1,CLAUSE,structural,"[""Lao động là người giúp việc gia đình là người lao động làm thường xuyên các công việc trong gia đình của một hoặc nhiều hộ gia đình"", ""Các công việc trong gia đình bao gồm công việc nội trợ, quản gia, chăm sóc trẻ em, chăm sóc người bệnh, chăm sóc người già, lái xe, làm vườn và các công việc khác cho hộ gia đình nhưng không liên quan đến hoạt động thương mại""]","Lao động là người giúp việc gia đình là người lao động làm thường xuyên các công việc trong gia đình của một hoặc nhiều hộ gia đình. Các công việc trong gia đình bao gồm công việc nội trợ, quản gia, chăm sóc trẻ em, chăm sóc người bệnh, chăm sóc người già, lái xe, làm vườn và các công việc khác cho hộ gia đình nhưng không liên quan đến hoạt động thương mại.",,,,,,,,,,,ch11_muc5_d161_k1,1,"Lao động là người giúp việc gia đình là người lao động làm thường xuyên các công việc trong gia đình của một hoặc nhiều hộ gia đình. Các công việc trong gia đình bao gồm công việc nội trợ, quản gia, chăm sóc trẻ em, chăm sóc người bệnh, chăm sóc người già, lái xe, làm vườn và các công việc khác cho hộ gia đình nhưng không liên quan đến hoạt động thương mại.",,,,,,
ch11_muc5_d161_k2,CLAUSE,structural,"[""Chính phủ quy định về lao động là người giúp việc gia đình""]",Chính phủ quy định về lao động là người giúp việc gia đình.,,,,,,,,,,,ch11_muc5_d161_k2,2,Chính phủ quy định về lao động là người giúp việc gia đình.,,,,,,
ch11_muc5_d162,ARTICLE,structural,"[""Hợp đồng lao động đối với lao động là người giúp việc gia đình""]",Hợp đồng lao động đối với lao động là người giúp việc gia đình,,,,,,,,ch11_muc5_d162,162,Hợp đồng lao động đối với lao động là người giúp việc gia đình,,,,,,,,,
ch11_muc5_d162_k1,CLAUSE,structural,"[""Người sử dụng lao động phải giao kết hợp đồng lao động bằng văn bản với lao động là người giúp việc gia đình""]",Người sử dụng lao động phải giao kết hợp đồng lao động bằng văn bản với lao động là người giúp việc gia đình.,,,,,,,,,,,ch11_muc5_d162_k1,1,Người sử dụng lao động phải giao kết hợp đồng lao động bằng văn bản với lao động là người giúp việc gia đình.,,,,,,
ch11_muc5_d162_k2,CLAUSE,structural,"[""Thời hạn của hợp đồng lao động đối với lao động là người giúp việc gia đình do hai bên thỏa thuận"", ""Một bên có quyền đơn phương chấm dứt hợp đồng lao động bất kỳ khi nào nhưng phải báo trước ít nhất 15 ngày""]",Thời hạn của hợp đồng lao động đối với lao động là người giúp việc gia đình do hai bên thỏa thuận. Một bên có quyền đơn phương chấm dứt hợp đồng lao động bất kỳ khi nào nhưng phải báo trước ít nhất 15 ngày.,,,,,,,,,,,ch11_muc5_d162_k2,2,Thời hạn của hợp đồng lao động đối với lao động là người giúp việc gia đình do hai bên thỏa thuận. Một bên có quyền đơn phương chấm dứt hợp đồng lao động bất kỳ khi nào nhưng phải báo trước ít nhất 15 ngày.,,,,,,
ch11_muc5_d162_k3,CLAUSE,structural,"[""Hai bên thỏa thuận trong hợp đồng lao động về hình thức trả lương, kỳ hạn trả lương, thời giờ làm việc hằng ngày, chỗ ở""]","Hai bên thỏa thuận trong hợp đồng lao động về hình thức trả lương, kỳ hạn trả lương, thời giờ làm việc hằng ngày, chỗ ở.",,,,,,,,,,,ch11_muc5_d162_k3,3,"Hai bên thỏa thuận trong hợp đồng lao động về hình thức trả lương, kỳ hạn trả lương, thời giờ làm việc hằng ngày, chỗ ở.",,,,,,
ch11_muc5_d163,ARTICLE,structural,"[""Nghĩa vụ của người sử dụng lao động khi sử dụng lao động là người giúp việc gia đình""]",Nghĩa vụ của người sử dụng lao động khi sử dụng lao động là người giúp việc gia đình,,,,,,,,ch11_muc5_d163,163,Nghĩa vụ của người sử dụng lao động khi sử dụng lao động là người giúp việc gia đình,,,,,,,,,
ch11_muc5_d163_k1,CLAUSE,structural,"[""Thực hiện đầy đủ thỏa thuận đã giao kết trong hợp đồng lao động""]",Thực hiện đầy đủ thỏa thuận đã giao kết trong hợp đồng lao động.,,,,,,,,,,,ch11_muc5_d163_k1,1,Thực hiện đầy đủ thỏa thuận đã giao kết trong hợp đồng lao động.,,,,,,
ch11_muc5_d163_k2,CLAUSE,structural,"[""Trả cho người giúp việc gia đình khoản tiền bảo hiểm xã hội, bảo hiểm y tế theo quy định của pháp luật để người lao động chủ động tham gia bảo hiểm xã hội, bảo hiểm y tế""]","Trả cho người giúp việc gia đình khoản tiền bảo hiểm xã hội, bảo hiểm y tế theo quy định của pháp luật để người lao động chủ động tham gia bảo hiểm xã hội, bảo hiểm y tế.",,,,,,,,,,,ch11_muc5_d163_k2,2,"Trả cho người giúp việc gia đình khoản tiền bảo hiểm xã hội, bảo hiểm y tế theo quy định của pháp luật để người lao động chủ động tham gia bảo hiểm xã hội, bảo hiểm y tế.",,,,,,
ch11_muc5_d163_k3,CLAUSE,structural,"[""Tôn trọng danh dự, nhân phẩm của người giúp việc gia đình""]","Tôn trọng danh dự, nhân phẩm của người giúp việc gia đình.",,,,,,,,,,,ch11_muc5_d163_k3,3,"Tôn trọng danh dự, nhân phẩm của người giúp việc gia đình.",,,,,,
ch11_muc5_d163_k4,CLAUSE,structural,"[""Bố trí chỗ ăn, ở hợp vệ sinh cho người giúp việc gia đình nếu có thỏa thuận""]","Bố trí chỗ ăn, ở hợp vệ sinh cho người giúp việc gia đình nếu có thỏa thuận.",,,,,,,,,,,ch11_muc5_d163_k4,4,"Bố trí chỗ ăn, ở hợp vệ sinh cho người giúp việc gia đình nếu có thỏa thuận.",,,,,,
ch11_muc5_d163_k5,CLAUSE,structural,"[""Tạo cơ hội cho người giúp việc gia đình được tham gia học văn hóa, giáo dục nghề nghiệp""]","Tạo cơ hội cho người giúp việc gia đình được tham gia học văn hóa, giáo dục nghề nghiệp.",,,,,,,,,,,ch11_muc5_d163_k5,5,"Tạo cơ hội cho người giúp việc gia đình được tham gia học văn hóa, giáo dục nghề nghiệp.",,,,,,
ch11_muc5_d163_k6,CLAUSE,structural,"[""Trả tiền tàu xe đi đường khi người giúp việc gia đình thôi việc về nơi cư trú, trừ trường hợp người giúp việc gia đình chấm dứt hợp đồng lao động trước thời hạn""]","Trả tiền tàu xe đi đường khi người giúp việc gia đình thôi việc về nơi cư trú, trừ trường hợp người giúp việc gia đình chấm dứt hợp đồng lao động trước thời hạn.",,,,,,,,,,,ch11_muc5_d163_k6,6,"Trả tiền tàu xe đi đường khi người giúp việc gia đình thôi việc về nơi cư trú, trừ trường hợp người giúp việc gia đình chấm dứt hợp đồng lao động trước thời hạn.",,,,,,
ch11_muc5_d164,ARTICLE,structural,"[""Nghĩa vụ của lao động là người giúp việc gia đình""]",Nghĩa vụ của lao động là người giúp việc gia đình,,,,,,,,ch11_muc5_d164,164,Nghĩa vụ của lao động là người giúp việc gia đình,,,,,,,,,
ch11_muc5_d164_k1,CLAUSE,structural,"[""Thực hiện đầy đủ thỏa thuận đã giao kết trong hợp đồng lao động""]",Thực hiện đầy đủ thỏa thuận đã giao kết trong hợp đồng lao động.,,,,,,,,,,,ch11_muc5_d164_k1,1,Thực hiện đầy đủ thỏa thuận đã giao kết trong hợp đồng lao động.,,,,,,
ch11_muc5_d164_k2,CLAUSE,structural,"[""Phải bồi thường theo thỏa thuận hoặc theo quy định của pháp luật nếu làm hỏng, mất tài sản của người sử dụng lao động""]","Phải bồi thường theo thỏa thuận hoặc theo quy định của pháp luật nếu làm hỏng, mất tài sản của người sử dụng lao động.",,,,,,,,,,,ch11_muc5_d164_k2,2,"Phải bồi thường theo thỏa thuận hoặc theo quy định của pháp luật nếu làm hỏng, mất tài sản của người sử dụng lao động.",,,,,,
ch11_muc5_d164_k3,CLAUSE,structural,"[""Thông báo kịp thời với người sử dụng lao động về khả năng, nguy cơ gây tai nạn, đe dọa an toàn, sức khỏe, tính mạng, tài sản của gia đình người sử dụng lao động và bản thân""]","Thông báo kịp thời với người sử dụng lao động về khả năng, nguy cơ gây tai nạn, đe dọa an toàn, sức khỏe, tính mạng, tài sản của gia đình người sử dụng lao động và bản thân.",,,,,,,,,,,ch11_muc5_d164_k3,3,"Thông báo kịp thời với người sử dụng lao động về khả năng, nguy cơ gây tai nạn, đe dọa an toàn, sức khỏe, tính mạng, tài sản của gia đình người sử dụng lao động và bản thân.",,,,,,
ch11_muc5_d164_k4,CLAUSE,structural,"[""Tố cáo với cơ quan có thẩm quyền nếu người sử dụng lao động có hành vi ngược đãi, quấy rối tình dục, cưỡng bức lao động hoặc có hành vi khác vi phạm pháp luật""]","Tố cáo với cơ quan có thẩm quyền nếu người sử dụng lao động có hành vi ngược đãi, quấy rối tình dục, cưỡng bức lao động hoặc có hành vi khác vi phạm pháp luật.",,,,,,,,,,,ch11_muc5_d164_k4,4,"Tố cáo với cơ quan có thẩm quyền nếu người sử dụng lao động có hành vi ngược đãi, quấy rối tình dục, cưỡng bức lao động hoặc có hành vi khác vi phạm pháp luật.",,,,,,
ch11_muc5_d165,ARTICLE,structural,"[""Các hành vi bị nghiêm cấm đối với người sử dụng lao động""]",Các hành vi bị nghiêm cấm đối với người sử dụng lao động,,,,,,,,ch11_muc5_d165,165,Các hành vi bị nghiêm cấm đối với người sử dụng lao động,,,,,,,,,
ch11_muc5_d165_k1,CLAUSE,structural,"[""Ngược đãi, quấy rối tình dục, cưỡng bức lao động, dùng vũ lực đối với lao động là người giúp việc gia đình""]","Ngược đãi, quấy rối tình dục, cưỡng bức lao động, dùng vũ lực đối với lao động là người giúp việc gia đình.",,,,,,,,,,,ch11_muc5_d165_k1,1,"Ngược đãi, quấy rối tình dục, cưỡng bức lao động, dùng vũ lực đối với lao động là người giúp việc gia đình.",,,,,,
ch11_muc5_d165_k2,CLAUSE,structural,"[""Giao việc cho người giúp việc gia đình không theo hợp đồng lao động""]",Giao việc cho người giúp việc gia đình không theo hợp đồng lao động.,,,,,,,,,,,ch11_muc5_d165_k2,2,Giao việc cho người giúp việc gia đình không theo hợp đồng lao động.,,,,,,
ch11_muc5_d165_k3,CLAUSE,structural,"[""Giữ giấy tờ tùy thân của người lao động""]",Giữ giấy tờ tùy thân của người lao động.,,,,,,,,,,,ch11_muc5_d165_k3,3,Giữ giấy tờ tùy thân của người lao động.,,,,,,
ch11_muc6,SECTION,structural,[],MỘT SỐ LAO ĐỘNG KHÁC,,,,,,,,,,,,,,,,,ch11_muc6,6,MỘT SỐ LAO ĐỘNG KHÁC
ch11_muc6_d166,ARTICLE,structural,"[""Người lao động làm việc trong lĩnh vực nghệ thuật, thể dục, thể thao, hàng hải, hàng không Người lao động làm việc trong lĩnh vực nghệ thuật, thể dục, thể thao, hàng hải, hàng không được áp dụng một số chế độ phù hợp về đào tạo, bồi dưỡng, nâng cao trình độ, kỹ năng nghề"", ""hợp đồng lao động"", ""tiền lương, tiền thưởng"", ""thời giờ làm việc, thời giờ nghỉ ngơi"", ""an toàn, vệ sinh lao động theo quy định của Chính phủ""]","Người lao động làm việc trong lĩnh vực nghệ thuật, thể dục, thể thao, hàng hải, hàng không Người lao động làm việc trong lĩnh vực nghệ thuật, thể dục, thể thao, hàng hải, hàng không được áp dụng một số chế độ phù hợp về đào tạo, bồi dưỡng, nâng cao trình độ, kỹ năng nghề; hợp đồng lao động; tiền lương, tiền thưởng; thời giờ làm việc, thời giờ nghỉ ngơi; an toàn, vệ sinh lao động theo quy định của Chính phủ.",,,,,,,,ch11_muc6_d166,166,"Người lao động làm việc trong lĩnh vực nghệ thuật, thể dục, thể thao, hàng hải, hàng không Người lao động làm việc trong lĩnh vực nghệ thuật, thể dục, thể thao, hàng hải, hàng không được áp dụng một số chế độ phù hợp về đào tạo, bồi dưỡng, nâng cao trình độ, kỹ năng nghề; hợp đồng lao động; tiền lương, tiền thưởng; thời giờ làm việc, thời giờ nghỉ ngơi; an toàn, vệ sinh lao động theo quy định của Chính phủ.",,,,,,,,,
ch11_muc6_d167,ARTICLE,structural,"[""Người lao động nhận công việc về làm tại nhà Người lao động có thể thỏa thuận với người sử dụng lao động để nhận việc về làm tại nhà""]",Người lao động nhận công việc về làm tại nhà Người lao động có thể thỏa thuận với người sử dụng lao động để nhận việc về làm tại nhà.,,,,,,,,ch11_muc6_d167,167,Người lao động nhận công việc về làm tại nhà Người lao động có thể thỏa thuận với người sử dụng lao động để nhận việc về làm tại nhà.,,,,,,,,,
ch12,CHAPTER,structural,"[""BẢO HIỂM XÃ HỘI, BẢO HIỂM Y TẾ, BẢO HIỂM THẤT NGHIỆP""]","BẢO HIỂM XÃ HỘI, BẢO HIỂM Y TẾ, BẢO HIỂM THẤT NGHIỆP",,,,ch12,12.0,XII,"BẢO HIỂM XÃ HỘI, BẢO HIỂM Y TẾ, BẢO HIỂM THẤT NGHIỆP",,,,,,,,,,,,
ch12_d168,ARTICLE,structural,"[""Tham gia bảo hiểm xã hội, bảo hiểm y tế, bảo hiểm thất nghiệp""]","Tham gia bảo hiểm xã hội, bảo hiểm y tế, bảo hiểm thất nghiệp",,,,,,,,ch12_d168,168,"Tham gia bảo hiểm xã hội, bảo hiểm y tế, bảo hiểm thất nghiệp",,,,,,,,,
ch12_d168_k1,CLAUSE,structural,"[""Người sử dụng lao động, người lao động phải tham gia bảo hiểm xã hội bắt buộc, bảo hiểm y tế, bảo hiểm thất nghiệp"", ""người lao động được hưởng các chế độ theo quy định của pháp luật về bảo hiểm xã hội, bảo hiểm y tế và bảo hiểm thất nghiệp"", ""Khuyến khích người sử dụng lao động, người lao động tham gia các hình thức bảo hiểm khác đối với người lao động""]","Người sử dụng lao động, người lao động phải tham gia bảo hiểm xã hội bắt buộc, bảo hiểm y tế, bảo hiểm thất nghiệp; người lao động được hưởng các chế độ theo quy định của pháp luật về bảo hiểm xã hội, bảo hiểm y tế và bảo hiểm thất nghiệp. Khuyến khích người sử dụng lao động, người lao động tham gia các hình thức bảo hiểm khác đối với người lao động.",,,,,,,,,,,ch12_d168_k1,1,"Người sử dụng lao động, người lao động phải tham gia bảo hiểm xã hội bắt buộc, bảo hiểm y tế, bảo hiểm thất nghiệp; người lao động được hưởng các chế độ theo quy định của pháp luật về bảo hiểm xã hội, bảo hiểm y tế và bảo hiểm thất nghiệp. Khuyến khích người sử dụng lao động, người lao động tham gia các hình thức bảo hiểm khác đối với người lao động.",,,,,,
ch12_d168_k2,CLAUSE,structural,"[""Trong thời gian người lao động nghỉ việc hưởng chế độ bảo hiểm xã hội thì người sử dụng lao động không phải trả lương cho người lao động, trừ trường hợp hai bên có thỏa thuận khác""]","Trong thời gian người lao động nghỉ việc hưởng chế độ bảo hiểm xã hội thì người sử dụng lao động không phải trả lương cho người lao động, trừ trường hợp hai bên có thỏa thuận khác.",,,,,,,,,,,ch12_d168_k2,2,"Trong thời gian người lao động nghỉ việc hưởng chế độ bảo hiểm xã hội thì người sử dụng lao động không phải trả lương cho người lao động, trừ trường hợp hai bên có thỏa thuận khác.",,,,,,
ch12_d168_k3,CLAUSE,structural,"[""Đối với người lao động không thuộc đối tượng tham gia bảo hiểm xã hội bắt buộc, bảo hiểm y tế, bảo hiểm thất nghiệp thì người sử dụng lao động có trách nhiệm chi trả thêm cùng lúc với kỳ trả lương một khoản tiền cho người lao động tương đương với mức người sử dụng lao động đóng bảo hiểm xã hội bắt buộc, bảo hiểm y tế, bảo hiểm thất nghiệp cho người lao động theo quy định của pháp luật về bảo hiểm xã hội, bảo hiểm y tế, bảo hiểm thất nghiệp""]","Đối với người lao động không thuộc đối tượng tham gia bảo hiểm xã hội bắt buộc, bảo hiểm y tế, bảo hiểm thất nghiệp thì người sử dụng lao động có trách nhiệm chi trả thêm cùng lúc với kỳ trả lương một khoản tiền cho người lao động tương đương với mức người sử dụng lao động đóng bảo hiểm xã hội bắt buộc, bảo hiểm y tế, bảo hiểm thất nghiệp cho người lao động theo quy định của pháp luật về bảo hiểm xã hội, bảo hiểm y tế, bảo hiểm thất nghiệp.",,,,,,,,,,,ch12_d168_k3,3,"Đối với người lao động không thuộc đối tượng tham gia bảo hiểm xã hội bắt buộc, bảo hiểm y tế, bảo hiểm thất nghiệp thì người sử dụng lao động có trách nhiệm chi trả thêm cùng lúc với kỳ trả lương một khoản tiền cho người lao động tương đương với mức người sử dụng lao động đóng bảo hiểm xã hội bắt buộc, bảo hiểm y tế, bảo hiểm thất nghiệp cho người lao động theo quy định của pháp luật về bảo hiểm xã hội, bảo hiểm y tế, bảo hiểm thất nghiệp.",,,,,,
ch12_d169,ARTICLE,structural,"[""Tuổi nghỉ hưu""]",Tuổi nghỉ hưu,,,,,,,,ch12_d169,169,Tuổi nghỉ hưu,,,,,,,,,
ch12_d169_k1,CLAUSE,structural,"[""Người lao động bảo đảm điều kiện về thời gian đóng bảo hiểm xã hội theo quy định của pháp luật về bảo hiểm xã hội được hưởng lương hưu khi đủ tuổi nghỉ hưu""]",Người lao động bảo đảm điều kiện về thời gian đóng bảo hiểm xã hội theo quy định của pháp luật về bảo hiểm xã hội được hưởng lương hưu khi đủ tuổi nghỉ hưu.,,,,,,,,,,,ch12_d169_k1,1,Người lao động bảo đảm điều kiện về thời gian đóng bảo hiểm xã hội theo quy định của pháp luật về bảo hiểm xã hội được hưởng lương hưu khi đủ tuổi nghỉ hưu.,,,,,,
ch12_d169_k2,CLAUSE,structural,"[""Tuổi nghỉ hưu của người lao động trong điều kiện lao động bình thường được điều chỉnh theo lộ trình cho đến khi đủ 62 tuổi đối với lao động nam vào năm 2028 và đủ 60 tuổi đối với lao động nữ vào năm 2035"", ""Kể từ năm 2021, tuổi nghỉ hưu của người lao động trong điều kiện lao động bình thường là đủ 60 tuổi 03 tháng đối với lao động nam và đủ 55 tuổi 04 tháng đối với lao động nữ"", ""sau đó, cứ mỗi năm tăng thêm 03 tháng đối với lao động nam và 04 tháng đối với lao động nữ""]","Tuổi nghỉ hưu của người lao động trong điều kiện lao động bình thường được điều chỉnh theo lộ trình cho đến khi đủ 62 tuổi đối với lao động nam vào năm 2028 và đủ 60 tuổi đối với lao động nữ vào năm 2035. Kể từ năm 2021, tuổi nghỉ hưu của người lao động trong điều kiện lao động bình thường là đủ 60 tuổi 03 tháng đối với lao động nam và đủ 55 tuổi 04 tháng đối với lao động nữ; sau đó, cứ mỗi năm tăng thêm 03 tháng đối với lao động nam và 04 tháng đối với lao động nữ.",,,,,,,,,,,ch12_d169_k2,2,"Tuổi nghỉ hưu của người lao động trong điều kiện lao động bình thường được điều chỉnh theo lộ trình cho đến khi đủ 62 tuổi đối với lao động nam vào năm 2028 và đủ 60 tuổi đối với lao động nữ vào năm 2035. Kể từ năm 2021, tuổi nghỉ hưu của người lao động trong điều kiện lao động bình thường là đủ 60 tuổi 03 tháng đối với lao động nam và đủ 55 tuổi 04 tháng đối với lao động nữ; sau đó, cứ mỗi năm tăng thêm 03 tháng đối với lao động nam và 04 tháng đối với lao động nữ.",,,,,,
ch12_d169_k3,CLAUSE,structural,"[""Người lao động bị suy giảm khả năng lao động"", ""làm nghề, công việc đặc biệt nặng nhọc, độc hại, nguy hiểm"", ""làm nghề, công việc nặng nhọc, độc hại, nguy hiểm"", ""làm việc ở vùng có điều kiện kinh tế - xã hội đặc biệt khó khăn có thể nghỉ hưu ở tuổi thấp hơn nhưng không quá 05 tuổi so với quy định tại khoản 2 Điều này tại thời điểm nghỉ hưu, trừ trường hợp pháp luật có quy định khác""]","Người lao động bị suy giảm khả năng lao động; làm nghề, công việc đặc biệt nặng nhọc, độc hại, nguy hiểm; làm nghề, công việc nặng nhọc, độc hại, nguy hiểm; làm việc ở vùng có điều kiện kinh tế - xã hội đặc biệt khó khăn có thể nghỉ hưu ở tuổi thấp hơn nhưng không quá 05 tuổi so với quy định tại khoản 2 Điều này tại thời điểm nghỉ hưu, trừ trường hợp pháp luật có quy định khác.",,,,,,,,,,,ch12_d169_k3,3,"Người lao động bị suy giảm khả năng lao động; làm nghề, công việc đặc biệt nặng nhọc, độc hại, nguy hiểm; làm nghề, công việc nặng nhọc, độc hại, nguy hiểm; làm việc ở vùng có điều kiện kinh tế - xã hội đặc biệt khó khăn có thể nghỉ hưu ở tuổi thấp hơn nhưng không quá 05 tuổi so với quy định tại khoản 2 Điều này tại thời điểm nghỉ hưu, trừ trường hợp pháp luật có quy định khác.",,,,,,
ch12_d169_k4,CLAUSE,structural,"[""Người lao động có trình độ chuyên môn, kỹ thuật cao và một số trường hợp đặc biệt có thể nghỉ hưu ở tuổi cao hơn nhưng không quá 05 tuổi so với quy định tại khoản 2 Điều này tại thời điểm nghỉ hưu, trừ trường hợp pháp luật có quy định khác""]","Người lao động có trình độ chuyên môn, kỹ thuật cao và một số trường hợp đặc biệt có thể nghỉ hưu ở tuổi cao hơn nhưng không quá 05 tuổi so với quy định tại khoản 2 Điều này tại thời điểm nghỉ hưu, trừ trường hợp pháp luật có quy định khác.",,,,,,,,,,,ch12_d169_k4,4,"Người lao động có trình độ chuyên môn, kỹ thuật cao và một số trường hợp đặc biệt có thể nghỉ hưu ở tuổi cao hơn nhưng không quá 05 tuổi so với quy định tại khoản 2 Điều này tại thời điểm nghỉ hưu, trừ trường hợp pháp luật có quy định khác.",,,,,,
ch12_d169_k5,CLAUSE,structural,"[""Chính phủ quy định chi tiết Điều này""]",Chính phủ quy định chi tiết Điều này.,,,,,,,,,,,ch12_d169_k5,5,Chính phủ quy định chi tiết Điều này.,,,,,,
ch13,CHAPTER,structural,"[""TỔ CHỨC ĐẠI DIỆN NGƯỜI LAO ĐỘNG TẠI CƠ SỞ""]",TỔ CHỨC ĐẠI DIỆN NGƯỜI LAO ĐỘNG TẠI CƠ SỞ,,,,ch13,13.0,XIII,TỔ CHỨC ĐẠI DIỆN NGƯỜI LAO ĐỘNG TẠI CƠ SỞ,,,,,,,,,,,,
ch13_d170,ARTICLE,structural,"[""Quyền thành lập, gia nhập và tham gia hoạt động của tổ chức đại diện người lao động tại cơ sở""]","Quyền thành lập, gia nhập và tham gia hoạt động của tổ chức đại diện người lao động tại cơ sở",,,,,,,,ch13_d170,170,"Quyền thành lập, gia nhập và tham gia hoạt động của tổ chức đại diện người lao động tại cơ sở",,,,,,,,,
ch13_d170_k1,CLAUSE,structural,"[""Người lao động có quyền thành lập, gia nhập và hoạt động công đoàn theo quy định của Luật Công đoàn""]","Người lao động có quyền thành lập, gia nhập và hoạt động công đoàn theo quy định của Luật Công đoàn.",,,,,,,,,,,ch13_d170_k1,1,"Người lao động có quyền thành lập, gia nhập và hoạt động công đoàn theo quy định của Luật Công đoàn.",,,,,,
ch13_d170_k2,CLAUSE,structural,"[""Người lao động trong doanh nghiệp có quyền thành lập, gia nhập và tham gia hoạt động của tổ chức của người lao động tại doanh nghiệp theo quy định tại các điều 172, 173 và 174 của Bộ luật này""]","Người lao động trong doanh nghiệp có quyền thành lập, gia nhập và tham gia hoạt động của tổ chức của người lao động tại doanh nghiệp theo quy định tại các điều 172, 173 và 174 của Bộ luật này.",,,,,,,,,,,ch13_d170_k2,2,"Người lao động trong doanh nghiệp có quyền thành lập, gia nhập và tham gia hoạt động của tổ chức của người lao động tại doanh nghiệp theo quy định tại các điều 172, 173 và 174 của Bộ luật này.",,,,,,
ch13_d170_k3,CLAUSE,structural,"[""Các tổ chức đại diện người lao động quy định tại khoản 1 và khoản 2 Điều này bình đẳng về quyền và nghĩa vụ trong việc đại diện bảo vệ quyền và lợi ích hợp pháp, chính đáng của người lao động trong quan hệ lao động""]","Các tổ chức đại diện người lao động quy định tại khoản 1 và khoản 2 Điều này bình đẳng về quyền và nghĩa vụ trong việc đại diện bảo vệ quyền và lợi ích hợp pháp, chính đáng của người lao động trong quan hệ lao động.",,,,,,,,,,,ch13_d170_k3,3,"Các tổ chức đại diện người lao động quy định tại khoản 1 và khoản 2 Điều này bình đẳng về quyền và nghĩa vụ trong việc đại diện bảo vệ quyền và lợi ích hợp pháp, chính đáng của người lao động trong quan hệ lao động.",,,,,,
ch13_d171,ARTICLE,structural,"[""Công đoàn cơ sở thuộc hệ thống tổ chức Công đoàn Việt Nam""]",Công đoàn cơ sở thuộc hệ thống tổ chức Công đoàn Việt Nam,,,,,,,,ch13_d171,171,Công đoàn cơ sở thuộc hệ thống tổ chức Công đoàn Việt Nam,,,,,,,,,
ch13_d171_k1,CLAUSE,structural,"[""Công đoàn cơ sở thuộc hệ thống tổ chức Công đoàn Việt Nam được thành lập ở các cơ quan, tổ chức, đơn vị, doanh nghiệp""]","Công đoàn cơ sở thuộc hệ thống tổ chức Công đoàn Việt Nam được thành lập ở các cơ quan, tổ chức, đơn vị, doanh nghiệp.",,,,,,,,,,,ch13_d171_k1,1,"Công đoàn cơ sở thuộc hệ thống tổ chức Công đoàn Việt Nam được thành lập ở các cơ quan, tổ chức, đơn vị, doanh nghiệp.",,,,,,
ch13_d171_k2,CLAUSE,structural,"[""Việc thành lập, giải thể, tổ chức và hoạt động của Công đoàn cơ sở được thực hiện theo quy định của Luật Công đoàn""]","Việc thành lập, giải thể, tổ chức và hoạt động của Công đoàn cơ sở được thực hiện theo quy định của Luật Công đoàn.",,,,,,,,,,,ch13_d171_k2,2,"Việc thành lập, giải thể, tổ chức và hoạt động của Công đoàn cơ sở được thực hiện theo quy định của Luật Công đoàn.",,,,,,
ch13_d172,ARTICLE,structural,"[""Thành lập, gia nhập tổ chức của người lao động tại doanh nghiệp""]","Thành lập, gia nhập tổ chức của người lao động tại doanh nghiệp",,,,,,,,ch13_d172,172,"Thành lập, gia nhập tổ chức của người lao động tại doanh nghiệp",,,,,,,,,
ch13_d172_k1,CLAUSE,structural,"[""Tổ chức của người lao động tại doanh nghiệp được thành lập và hoạt động hợp pháp sau khi cơ quan nhà nước có thẩm quyền cấp đăng ký"", ""Tổ chức của người lao động tại doanh nghiệp tổ chức và hoạt động phải bảo đảm nguyên tắc tuân thủ Hiến pháp, pháp luật và điều lệ"", ""tự nguyện, tự quản, dân chủ, minh bạch""]","Tổ chức của người lao động tại doanh nghiệp được thành lập và hoạt động hợp pháp sau khi cơ quan nhà nước có thẩm quyền cấp đăng ký. Tổ chức của người lao động tại doanh nghiệp tổ chức và hoạt động phải bảo đảm nguyên tắc tuân thủ Hiến pháp, pháp luật và điều lệ; tự nguyện, tự quản, dân chủ, minh bạch.",,,,,,,,,,,ch13_d172_k1,1,"Tổ chức của người lao động tại doanh nghiệp được thành lập và hoạt động hợp pháp sau khi cơ quan nhà nước có thẩm quyền cấp đăng ký. Tổ chức của người lao động tại doanh nghiệp tổ chức và hoạt động phải bảo đảm nguyên tắc tuân thủ Hiến pháp, pháp luật và điều lệ; tự nguyện, tự quản, dân chủ, minh bạch.",,,,,,
ch13_d172_k2,CLAUSE,structural,"[""Tổ chức của người lao động tại doanh nghiệp bị thu hồi đăng ký khi vi phạm về tôn chỉ, mục đích của tổ chức quy định tại điểm b khoản 1 Điều 174 của Bộ luật này hoặc tổ chức của người lao động tại doanh nghiệp chấm dứt sự tồn tại trong trường hợp chia, tách, hợp nhất, sáp nhập, giải thể hoặc doanh nghiệp giải thể, phá sản""]","Tổ chức của người lao động tại doanh nghiệp bị thu hồi đăng ký khi vi phạm về tôn chỉ, mục đích của tổ chức quy định tại điểm b khoản 1 Điều 174 của Bộ luật này hoặc tổ chức của người lao động tại doanh nghiệp chấm dứt sự tồn tại trong trường hợp chia, tách, hợp nhất, sáp nhập, giải thể hoặc doanh nghiệp giải thể, phá sản.",,,,,,,,,,,ch13_d172_k2,2,"Tổ chức của người lao động tại doanh nghiệp bị thu hồi đăng ký khi vi phạm về tôn chỉ, mục đích của tổ chức quy định tại điểm b khoản 1 Điều 174 của Bộ luật này hoặc tổ chức của người lao động tại doanh nghiệp chấm dứt sự tồn tại trong trường hợp chia, tách, hợp nhất, sáp nhập, giải thể hoặc doanh nghiệp giải thể, phá sản.",,,,,,
ch13_d172_k3,CLAUSE,structural,"[""Trường hợp tổ chức của người lao động tại doanh nghiệp gia nhập Công đoàn Việt Nam thì thực hiện theo quy định của Luật Công đoàn""]",Trường hợp tổ chức của người lao động tại doanh nghiệp gia nhập Công đoàn Việt Nam thì thực hiện theo quy định của Luật Công đoàn.,,,,,,,,,,,ch13_d172_k3,3,Trường hợp tổ chức của người lao động tại doanh nghiệp gia nhập Công đoàn Việt Nam thì thực hiện theo quy định của Luật Công đoàn.,,,,,,
ch13_d172_k4,CLAUSE,structural,"[""Chính phủ quy định về hồ sơ, trình tự, thủ tục đăng ký"", ""thẩm quyền, thủ tục cấp đăng ký, thu hồi đăng ký"", ""quản lý nhà nước đối với vấn đề tài chính, tài sản của tổ chức của người lao động tại doanh nghiệp"", ""chia, tách, hợp nhất, sáp nhập, giải thể, quyền liên kết của tổ chức của người lao động tại doanh nghiệp""]","Chính phủ quy định về hồ sơ, trình tự, thủ tục đăng ký; thẩm quyền, thủ tục cấp đăng ký, thu hồi đăng ký; quản lý nhà nước đối với vấn đề tài chính, tài sản của tổ chức của người lao động tại doanh nghiệp; chia, tách, hợp nhất, sáp nhập, giải thể, quyền liên kết của tổ chức của người lao động tại doanh nghiệp.",,,,,,,,,,,ch13_d172_k4,4,"Chính phủ quy định về hồ sơ, trình tự, thủ tục đăng ký; thẩm quyền, thủ tục cấp đăng ký, thu hồi đăng ký; quản lý nhà nước đối với vấn đề tài chính, tài sản của tổ chức của người lao động tại doanh nghiệp; chia, tách, hợp nhất, sáp nhập, giải thể, quyền liên kết của tổ chức của người lao động tại doanh nghiệp.",,,,,,
ch13_d173,ARTICLE,structural,"[""Ban lãnh đạo và thành viên tổ chức của người lao động tại doanh nghiệp""]",Ban lãnh đạo và thành viên tổ chức của người lao động tại doanh nghiệp,,,,,,,,ch13_d173,173,Ban lãnh đạo và thành viên tổ chức của người lao động tại doanh nghiệp,,,,,,,,,
ch13_d173_k1,CLAUSE,structural,"[""Tại thời điểm đăng ký, tổ chức của người lao động tại doanh nghiệp phải có số lượng tối thiểu thành viên là người lao động làm việc tại doanh nghiệp theo quy định của Chính phủ""]","Tại thời điểm đăng ký, tổ chức của người lao động tại doanh nghiệp phải có số lượng tối thiểu thành viên là người lao động làm việc tại doanh nghiệp theo quy định của Chính phủ.",,,,,,,,,,,ch13_d173_k1,1,"Tại thời điểm đăng ký, tổ chức của người lao động tại doanh nghiệp phải có số lượng tối thiểu thành viên là người lao động làm việc tại doanh nghiệp theo quy định của Chính phủ.",,,,,,
ch13_d173_k2,CLAUSE,structural,"[""Ban lãnh đạo do thành viên của tổ chức của người lao động tại doanh nghiệp bầu"", ""Thành viên ban lãnh đạo là người lao động Việt Nam đang làm việc tại doanh nghiệp"", ""không đang trong thời gian bị truy cứu trách nhiệm hình sự, chấp hành hình phạt hoặc chưa được xóa án tích do phạm các tội xâm phạm an ninh quốc gia, các tội xâm phạm quyền tự do của con người, quyền tự do, dân chủ của công dân, các tội xâm phạm sở hữu theo quy định của Bộ luật Hình sự""]","Ban lãnh đạo do thành viên của tổ chức của người lao động tại doanh nghiệp bầu. Thành viên ban lãnh đạo là người lao động Việt Nam đang làm việc tại doanh nghiệp; không đang trong thời gian bị truy cứu trách nhiệm hình sự, chấp hành hình phạt hoặc chưa được xóa án tích do phạm các tội xâm phạm an ninh quốc gia, các tội xâm phạm quyền tự do của con người, quyền tự do, dân chủ của công dân, các tội xâm phạm sở hữu theo quy định của Bộ luật Hình sự.",,,,,,,,,,,ch13_d173_k2,2,"Ban lãnh đạo do thành viên của tổ chức của người lao động tại doanh nghiệp bầu. Thành viên ban lãnh đạo là người lao động Việt Nam đang làm việc tại doanh nghiệp; không đang trong thời gian bị truy cứu trách nhiệm hình sự, chấp hành hình phạt hoặc chưa được xóa án tích do phạm các tội xâm phạm an ninh quốc gia, các tội xâm phạm quyền tự do của con người, quyền tự do, dân chủ của công dân, các tội xâm phạm sở hữu theo quy định của Bộ luật Hình sự.",,,,,,
ch13_d174,ARTICLE,structural,"[""Điều lệ tổ chức của người lao động tại doanh nghiệp""]",Điều lệ tổ chức của người lao động tại doanh nghiệp,,,,,,,,ch13_d174,174,Điều lệ tổ chức của người lao động tại doanh nghiệp,,,,,,,,,
ch13_d174_k1,CLAUSE,structural,"[""Điều lệ tổ chức của người lao động tại doanh nghiệp phải có các nội dung chủ yếu sau đây: a) Tên, địa chỉ tổ chức"", ""biểu tượng (nếu có)"", ""b) Tôn chỉ, mục đích và phạm vi hoạt động là bảo vệ quyền, lợi ích hợp pháp, chính đáng của thành viên tổ chức mình trong quan hệ lao động tại doanh nghiệp"", ""cùng với người sử dụng lao động giải quyết các vấn đề liên quan đến quyền, nghĩa vụ và lợi ích của người lao động và người sử dụng lao động"", ""xây dựng quan hệ lao động tiến bộ, hài hòa và ổn định"", ""c) Điều kiện, thủ tục gia nhập và ra khỏi tổ chức của người lao động tại doanh nghiệp"", ""Trong một tổ chức của người lao động tại doanh nghiệp không đồng thời có thành viên là người lao động thông thường và thành viên là người lao động trực tiếp tham gia vào quá trình ra quyết định liên quan đến điều kiện lao động, tuyển dụng lao động, kỷ luật lao động, chấm dứt hợp đồng lao động hoặc chuyển người lao động làm công việc khác"", ""d) Cơ cấu tổ chức, nhiệm kỳ, người đại diện của tổ chức"", ""đ) Nguyên tắc tổ chức, hoạt động"", ""e) Thể thức thông qua quyết định của tổ chức"", ""Những nội dung phải do thành viên quyết định theo đa số bao gồm thông qua, sửa đổi, bổ sung điều lệ của tổ chức"", ""bầu cử, miễn nhiệm người đứng đầu và thành viên ban lãnh đạo của tổ chức"", ""chia, tách, hợp nhất, sáp nhập, đổi tên, giải thể, liên kết tổ chức"", ""gia nhập Công đoàn Việt Nam"", ""g) Phí thành viên, nguồn tài sản, tài chính và việc quản lý, sử dụng tài sản, tài chính của tổ chức"", ""Việc thu, chi tài chính của tổ chức của người lao động tại doanh nghiệp phải được theo dõi, lưu trữ và định kỳ hằng năm công khai cho thành viên của tổ chức"", ""h) Kiến nghị và giải quyết kiến nghị của thành viên trong nội bộ tổ chức""]","Điều lệ tổ chức của người lao động tại doanh nghiệp phải có các nội dung chủ yếu sau đây: a) Tên, địa chỉ tổ chức; biểu tượng (nếu có); b) Tôn chỉ, mục đích và phạm vi hoạt động là bảo vệ quyền, lợi ích hợp pháp, chính đáng của thành viên tổ chức mình trong quan hệ lao động tại doanh nghiệp; cùng với người sử dụng lao động giải quyết các vấn đề liên quan đến quyền, nghĩa vụ và lợi ích của người lao động và người sử dụng lao động; xây dựng quan hệ lao động tiến bộ, hài hòa và ổn định; c) Điều kiện, thủ tục gia nhập và ra khỏi tổ chức của người lao động tại doanh nghiệp. Trong một tổ chức của người lao động tại doanh nghiệp không đồng thời có thành viên là người lao động thông thường và thành viên là người lao động trực tiếp tham gia vào quá trình ra quyết định liên quan đến điều kiện lao động, tuyển dụng lao động, kỷ luật lao động, chấm dứt hợp đồng lao động hoặc chuyển người lao động làm công việc khác; d) Cơ cấu tổ chức, nhiệm kỳ, người đại diện của tổ chức; đ) Nguyên tắc tổ chức, hoạt động; e) Thể thức thông qua quyết định của tổ chức. Những nội dung phải do thành viên quyết định theo đa số bao gồm thông qua, sửa đổi, bổ sung điều lệ của tổ chức; bầu cử, miễn nhiệm người đứng đầu và thành viên ban lãnh đạo của tổ chức; chia, tách, hợp nhất, sáp nhập, đổi tên, giải thể, liên kết tổ chức; gia nhập Công đoàn Việt Nam; g) Phí thành viên, nguồn tài sản, tài chính và việc quản lý, sử dụng tài sản, tài chính của tổ chức. Việc thu, chi tài chính của tổ chức của người lao động tại doanh nghiệp phải được theo dõi, lưu trữ và định kỳ hằng năm công khai cho thành viên của tổ chức; h) Kiến nghị và giải quyết kiến nghị của thành viên trong nội bộ tổ chức.",,,,,,,,,,,ch13_d174_k1,1,"Điều lệ tổ chức của người lao động tại doanh nghiệp phải có các nội dung chủ yếu sau đây: a) Tên, địa chỉ tổ chức; biểu tượng (nếu có); b) Tôn chỉ, mục đích và phạm vi hoạt động là bảo vệ quyền, lợi ích hợp pháp, chính đáng của thành viên tổ chức mình trong quan hệ lao động tại doanh nghiệp; cùng với người sử dụng lao động giải quyết các vấn đề liên quan đến quyền, nghĩa vụ và lợi ích của người lao động và người sử dụng lao động; xây dựng quan hệ lao động tiến bộ, hài hòa và ổn định; c) Điều kiện, thủ tục gia nhập và ra khỏi tổ chức của người lao động tại doanh nghiệp. Trong một tổ chức của người lao động tại doanh nghiệp không đồng thời có thành viên là người lao động thông thường và thành viên là người lao động trực tiếp tham gia vào quá trình ra quyết định liên quan đến điều kiện lao động, tuyển dụng lao động, kỷ luật lao động, chấm dứt hợp đồng lao động hoặc chuyển người lao động làm công việc khác; d) Cơ cấu tổ chức, nhiệm kỳ, người đại diện của tổ chức; đ) Nguyên tắc tổ chức, hoạt động; e) Thể thức thông qua quyết định của tổ chức. Những nội dung phải do thành viên quyết định theo đa số bao gồm thông qua, sửa đổi, bổ sung điều lệ của tổ chức; bầu cử, miễn nhiệm người đứng đầu và thành viên ban lãnh đạo của tổ chức; chia, tách, hợp nhất, sáp nhập, đổi tên, giải thể, liên kết tổ chức; gia nhập Công đoàn Việt Nam; g) Phí thành viên, nguồn tài sản, tài chính và việc quản lý, sử dụng tài sản, tài chính của tổ chức. Việc thu, chi tài chính của tổ chức của người lao động tại doanh nghiệp phải được theo dõi, lưu trữ và định kỳ hằng năm công khai cho thành viên của tổ chức; h) Kiến nghị và giải quyết kiến nghị của thành viên trong nội bộ tổ chức.",,,,,,
ch13_d174_k1_a,POINT,structural,[],"Tên, địa chỉ tổ chức; biểu tượng (nếu có);",,,,,,,,,,,,,,ch13_d174_k1_a,a),"Tên, địa chỉ tổ chức; biểu tượng (nếu có);",,,
ch13_d174_k1_b,POINT,structural,[],"Tôn chỉ, mục đích và phạm vi hoạt động là bảo vệ quyền, lợi ích hợp pháp, chính đáng của thành viên tổ chức mình trong quan hệ lao động tại doanh nghiệp; cùng với người sử dụng lao động giải quyết các vấn đề liên quan đến quyền, nghĩa vụ và lợi ích của người lao động và người sử dụng lao động; xây dựng quan hệ lao động tiến bộ, hài hòa và ổn định;",,,,,,,,,,,,,,ch13_d174_k1_b,b),"Tôn chỉ, mục đích và phạm vi hoạt động là bảo vệ quyền, lợi ích hợp pháp, chính đáng của thành viên tổ chức mình trong quan hệ lao động tại doanh nghiệp; cùng với người sử dụng lao động giải quyết các vấn đề liên quan đến quyền, nghĩa vụ và lợi ích của người lao động và người sử dụng lao động; xây dựng quan hệ lao động tiến bộ, hài hòa và ổn định;",,,
ch13_d174_k1_c,POINT,structural,[],"Điều kiện, thủ tục gia nhập và ra khỏi tổ chức của người lao động tại doanh nghiệp. Trong một tổ chức của người lao động tại doanh nghiệp không đồng thời có thành viên là người lao động thông thường và thành viên là người lao động trực tiếp tham gia vào quá trình ra quyết định liên quan đến điều kiện lao động, tuyển dụng lao động, kỷ luật lao động, chấm dứt hợp đồng lao động hoặc chuyển người lao động làm công việc khác;",,,,,,,,,,,,,,ch13_d174_k1_c,c),"Điều kiện, thủ tục gia nhập và ra khỏi tổ chức của người lao động tại doanh nghiệp. Trong một tổ chức của người lao động tại doanh nghiệp không đồng thời có thành viên là người lao động thông thường và thành viên là người lao động trực tiếp tham gia vào quá trình ra quyết định liên quan đến điều kiện lao động, tuyển dụng lao động, kỷ luật lao động, chấm dứt hợp đồng lao động hoặc chuyển người lao động làm công việc khác;",,,
ch13_d174_k1_d,POINT,structural,[],"Cơ cấu tổ chức, nhiệm kỳ, người đại diện của tổ chức;",,,,,,,,,,,,,,ch13_d174_k1_d,d),"Cơ cấu tổ chức, nhiệm kỳ, người đại diện của tổ chức;",,,
ch13_d174_k1_đ,POINT,structural,[],"Nguyên tắc tổ chức, hoạt động;",,,,,,,,,,,,,,ch13_d174_k1_đ,đ),"Nguyên tắc tổ chức, hoạt động;",,,
ch13_d174_k1_e,POINT,structural,[],"Thể thức thông qua quyết định của tổ chức. Những nội dung phải do thành viên quyết định theo đa số bao gồm thông qua, sửa đổi, bổ sung điều lệ của tổ chức; bầu cử, miễn nhiệm người đứng đầu và thành viên ban lãnh đạo của tổ chức; chia, tách, hợp nhất, sáp nhập, đổi tên, giải thể, liên kết tổ chức; gia nhập Công đoàn Việt Nam;",,,,,,,,,,,,,,ch13_d174_k1_e,e),"Thể thức thông qua quyết định của tổ chức. Những nội dung phải do thành viên quyết định theo đa số bao gồm thông qua, sửa đổi, bổ sung điều lệ của tổ chức; bầu cử, miễn nhiệm người đứng đầu và thành viên ban lãnh đạo của tổ chức; chia, tách, hợp nhất, sáp nhập, đổi tên, giải thể, liên kết tổ chức; gia nhập Công đoàn Việt Nam;",,,
ch13_d174_k1_g,POINT,structural,[],"Phí thành viên, nguồn tài sản, tài chính và việc quản lý, sử dụng tài sản, tài chính của tổ chức. Việc thu, chi tài chính của tổ chức của người lao động tại doanh nghiệp phải được theo dõi, lưu trữ và định kỳ hằng năm công khai cho thành viên của tổ chức;",,,,,,,,,,,,,,ch13_d174_k1_g,g),"Phí thành viên, nguồn tài sản, tài chính và việc quản lý, sử dụng tài sản, tài chính của tổ chức. Việc thu, chi tài chính của tổ chức của người lao động tại doanh nghiệp phải được theo dõi, lưu trữ và định kỳ hằng năm công khai cho thành viên của tổ chức;",,,
ch13_d174_k1_h,POINT,structural,[],Kiến nghị và giải quyết kiến nghị của thành viên trong nội bộ tổ chức.,,,,,,,,,,,,,,ch13_d174_k1_h,h),Kiến nghị và giải quyết kiến nghị của thành viên trong nội bộ tổ chức.,,,
ch13_d174_k2,CLAUSE,structural,"[""Chính phủ quy định chi tiết Điều này""]",Chính phủ quy định chi tiết Điều này.,,,,,,,,,,,ch13_d174_k2,2,Chính phủ quy định chi tiết Điều này.,,,,,,
ch13_d175,ARTICLE,structural,"[""Các hành vi bị nghiêm cấm đối với người sử dụng lao động liên quan đến thành lập, gia nhập và hoạt động của tổ chức đại diện người lao động tại cơ sở""]","Các hành vi bị nghiêm cấm đối với người sử dụng lao động liên quan đến thành lập, gia nhập và hoạt động của tổ chức đại diện người lao động tại cơ sở",,,,,,,,ch13_d175,175,"Các hành vi bị nghiêm cấm đối với người sử dụng lao động liên quan đến thành lập, gia nhập và hoạt động của tổ chức đại diện người lao động tại cơ sở",,,,,,,,,
ch13_d175_k1,CLAUSE,structural,"[""Phân biệt đối xử đối với người lao động, thành viên ban lãnh đạo của tổ chức đại diện người lao động tại cơ sở vì lý do thành lập, gia nhập hoặc hoạt động tổ chức đại diện người lao động, bao gồm: a) Yêu cầu tham gia, không tham gia hoặc ra khỏi tổ chức đại diện người lao động tại cơ sở để được tuyển dụng, giao kết hoặc gia hạn hợp đồng lao động"", ""b) Sa thải, kỷ luật, đơn phương chấm dứt hợp đồng lao động, không tiếp tục giao kết hoặc gia hạn hợp đồng lao động, chuyển người lao động làm công việc khác"", ""c) Phân biệt đối xử về tiền lương, thời giờ làm việc, các quyền và nghĩa vụ khác trong quan hệ lao động"", ""d) Cản trở, gây khó khăn liên quan đến công việc nhằm làm suy yếu hoạt động của tổ chức đại diện người lao động tại cơ sở""]","Phân biệt đối xử đối với người lao động, thành viên ban lãnh đạo của tổ chức đại diện người lao động tại cơ sở vì lý do thành lập, gia nhập hoặc hoạt động tổ chức đại diện người lao động, bao gồm: a) Yêu cầu tham gia, không tham gia hoặc ra khỏi tổ chức đại diện người lao động tại cơ sở để được tuyển dụng, giao kết hoặc gia hạn hợp đồng lao động; b) Sa thải, kỷ luật, đơn phương chấm dứt hợp đồng lao động, không tiếp tục giao kết hoặc gia hạn hợp đồng lao động, chuyển người lao động làm công việc khác; c) Phân biệt đối xử về tiền lương, thời giờ làm việc, các quyền và nghĩa vụ khác trong quan hệ lao động; d) Cản trở, gây khó khăn liên quan đến công việc nhằm làm suy yếu hoạt động của tổ chức đại diện người lao động tại cơ sở.",,,,,,,,,,,ch13_d175_k1,1,"Phân biệt đối xử đối với người lao động, thành viên ban lãnh đạo của tổ chức đại diện người lao động tại cơ sở vì lý do thành lập, gia nhập hoặc hoạt động tổ chức đại diện người lao động, bao gồm: a) Yêu cầu tham gia, không tham gia hoặc ra khỏi tổ chức đại diện người lao động tại cơ sở để được tuyển dụng, giao kết hoặc gia hạn hợp đồng lao động; b) Sa thải, kỷ luật, đơn phương chấm dứt hợp đồng lao động, không tiếp tục giao kết hoặc gia hạn hợp đồng lao động, chuyển người lao động làm công việc khác; c) Phân biệt đối xử về tiền lương, thời giờ làm việc, các quyền và nghĩa vụ khác trong quan hệ lao động; d) Cản trở, gây khó khăn liên quan đến công việc nhằm làm suy yếu hoạt động của tổ chức đại diện người lao động tại cơ sở.",,,,,,
ch13_d175_k1_a,POINT,structural,[],"Yêu cầu tham gia, không tham gia hoặc ra khỏi tổ chức đại diện người lao động tại cơ sở để được tuyển dụng, giao kết hoặc gia hạn hợp đồng lao động;",,,,,,,,,,,,,,ch13_d175_k1_a,a),"Yêu cầu tham gia, không tham gia hoặc ra khỏi tổ chức đại diện người lao động tại cơ sở để được tuyển dụng, giao kết hoặc gia hạn hợp đồng lao động;",,,
ch13_d175_k1_b,POINT,structural,[],"Sa thải, kỷ luật, đơn phương chấm dứt hợp đồng lao động, không tiếp tục giao kết hoặc gia hạn hợp đồng lao động, chuyển người lao động làm công việc khác;",,,,,,,,,,,,,,ch13_d175_k1_b,b),"Sa thải, kỷ luật, đơn phương chấm dứt hợp đồng lao động, không tiếp tục giao kết hoặc gia hạn hợp đồng lao động, chuyển người lao động làm công việc khác;",,,
ch13_d175_k1_c,POINT,structural,[],"Phân biệt đối xử về tiền lương, thời giờ làm việc, các quyền và nghĩa vụ khác trong quan hệ lao động;",,,,,,,,,,,,,,ch13_d175_k1_c,c),"Phân biệt đối xử về tiền lương, thời giờ làm việc, các quyền và nghĩa vụ khác trong quan hệ lao động;",,,
ch13_d175_k1_d,POINT,structural,[],"Cản trở, gây khó khăn liên quan đến công việc nhằm làm suy yếu hoạt động của tổ chức đại diện người lao động tại cơ sở.",,,,,,,,,,,,,,ch13_d175_k1_d,d),"Cản trở, gây khó khăn liên quan đến công việc nhằm làm suy yếu hoạt động của tổ chức đại diện người lao động tại cơ sở.",,,
ch13_d175_k2,CLAUSE,structural,"[""Can thiệp, thao túng quá trình thành lập, bầu cử, xây dựng kế hoạch công tác và tổ chức thực hiện các hoạt động của tổ chức đại diện người lao động tại cơ sở, bao gồm cả việc hỗ trợ tài chính hoặc các biện pháp kinh tế khác nhằm làm vô hiệu hóa hoặc suy yếu việc thực hiện chức năng đại diện của tổ chức đại diện người lao động tại cơ sở hoặc phân biệt đối xử giữa các tổ chức đại diện người lao động tại cơ sở""]","Can thiệp, thao túng quá trình thành lập, bầu cử, xây dựng kế hoạch công tác và tổ chức thực hiện các hoạt động của tổ chức đại diện người lao động tại cơ sở, bao gồm cả việc hỗ trợ tài chính hoặc các biện pháp kinh tế khác nhằm làm vô hiệu hóa hoặc suy yếu việc thực hiện chức năng đại diện của tổ chức đại diện người lao động tại cơ sở hoặc phân biệt đối xử giữa các tổ chức đại diện người lao động tại cơ sở.",,,,,,,,,,,ch13_d175_k2,2,"Can thiệp, thao túng quá trình thành lập, bầu cử, xây dựng kế hoạch công tác và tổ chức thực hiện các hoạt động của tổ chức đại diện người lao động tại cơ sở, bao gồm cả việc hỗ trợ tài chính hoặc các biện pháp kinh tế khác nhằm làm vô hiệu hóa hoặc suy yếu việc thực hiện chức năng đại diện của tổ chức đại diện người lao động tại cơ sở hoặc phân biệt đối xử giữa các tổ chức đại diện người lao động tại cơ sở.",,,,,,
ch13_d176,ARTICLE,structural,"[""Quyền của thành viên ban lãnh đạo của tổ chức đại diện người lao động tại cơ sở""]",Quyền của thành viên ban lãnh đạo của tổ chức đại diện người lao động tại cơ sở,,,,,,,,ch13_d176,176,Quyền của thành viên ban lãnh đạo của tổ chức đại diện người lao động tại cơ sở,,,,,,,,,
ch13_d176_k1,CLAUSE,structural,"[""Thành viên ban lãnh đạo của tổ chức đại diện người lao động tại cơ sở có quyền sau đây: a) Tiếp cận người lao động tại nơi làm việc trong quá trình thực hiện các nhiệm vụ của tổ chức đại diện người lao động tại cơ sở"", ""Việc thực hiện quyền này phải bảo đảm không ảnh hưởng đến hoạt động bình thường của người sử dụng lao động"", ""b) Tiếp cận người sử dụng lao động để thực hiện các nhiệm vụ đại diện của tổ chức đại diện người lao động tại cơ sở"", ""c) Được sử dụng thời gian làm việc theo quy định tại khoản 2 và khoản 3 Điều này để thực hiện công việc của tổ chức đại diện người lao động tại cơ sở mà vẫn được người sử dụng lao động trả lương"", ""d) Được hưởng các bảo đảm khác trong quan hệ lao động và trong việc thực hiện chức năng đại diện theo quy định của pháp luật""]",Thành viên ban lãnh đạo của tổ chức đại diện người lao động tại cơ sở có quyền sau đây: a) Tiếp cận người lao động tại nơi làm việc trong quá trình thực hiện các nhiệm vụ của tổ chức đại diện người lao động tại cơ sở. Việc thực hiện quyền này phải bảo đảm không ảnh hưởng đến hoạt động bình thường của người sử dụng lao động; b) Tiếp cận người sử dụng lao động để thực hiện các nhiệm vụ đại diện của tổ chức đại diện người lao động tại cơ sở; c) Được sử dụng thời gian làm việc theo quy định tại khoản 2 và khoản 3 Điều này để thực hiện công việc của tổ chức đại diện người lao động tại cơ sở mà vẫn được người sử dụng lao động trả lương; d) Được hưởng các bảo đảm khác trong quan hệ lao động và trong việc thực hiện chức năng đại diện theo quy định của pháp luật.,,,,,,,,,,,ch13_d176_k1,1,Thành viên ban lãnh đạo của tổ chức đại diện người lao động tại cơ sở có quyền sau đây: a) Tiếp cận người lao động tại nơi làm việc trong quá trình thực hiện các nhiệm vụ của tổ chức đại diện người lao động tại cơ sở. Việc thực hiện quyền này phải bảo đảm không ảnh hưởng đến hoạt động bình thường của người sử dụng lao động; b) Tiếp cận người sử dụng lao động để thực hiện các nhiệm vụ đại diện của tổ chức đại diện người lao động tại cơ sở; c) Được sử dụng thời gian làm việc theo quy định tại khoản 2 và khoản 3 Điều này để thực hiện công việc của tổ chức đại diện người lao động tại cơ sở mà vẫn được người sử dụng lao động trả lương; d) Được hưởng các bảo đảm khác trong quan hệ lao động và trong việc thực hiện chức năng đại diện theo quy định của pháp luật.,,,,,,
ch13_d176_k1_a,POINT,structural,[],Tiếp cận người lao động tại nơi làm việc trong quá trình thực hiện các nhiệm vụ của tổ chức đại diện người lao động tại cơ sở. Việc thực hiện quyền này phải bảo đảm không ảnh hưởng đến hoạt động bình thường của người sử dụng lao động;,,,,,,,,,,,,,,ch13_d176_k1_a,a),Tiếp cận người lao động tại nơi làm việc trong quá trình thực hiện các nhiệm vụ của tổ chức đại diện người lao động tại cơ sở. Việc thực hiện quyền này phải bảo đảm không ảnh hưởng đến hoạt động bình thường của người sử dụng lao động;,,,
ch13_d176_k1_b,POINT,structural,[],Tiếp cận người sử dụng lao động để thực hiện các nhiệm vụ đại diện của tổ chức đại diện người lao động tại cơ sở;,,,,,,,,,,,,,,ch13_d176_k1_b,b),Tiếp cận người sử dụng lao động để thực hiện các nhiệm vụ đại diện của tổ chức đại diện người lao động tại cơ sở;,,,
ch13_d176_k1_c,POINT,structural,[],Được sử dụng thời gian làm việc theo quy định tại khoản 2 và khoản 3 Điều này để thực hiện công việc của tổ chức đại diện người lao động tại cơ sở mà vẫn được người sử dụng lao động trả lương;,,,,,,,,,,,,,,ch13_d176_k1_c,c),Được sử dụng thời gian làm việc theo quy định tại khoản 2 và khoản 3 Điều này để thực hiện công việc của tổ chức đại diện người lao động tại cơ sở mà vẫn được người sử dụng lao động trả lương;,,,
ch13_d176_k1_d,POINT,structural,[],Được hưởng các bảo đảm khác trong quan hệ lao động và trong việc thực hiện chức năng đại diện theo quy định của pháp luật.,,,,,,,,,,,,,,ch13_d176_k1_d,d),Được hưởng các bảo đảm khác trong quan hệ lao động và trong việc thực hiện chức năng đại diện theo quy định của pháp luật.,,,
ch13_d176_k2,CLAUSE,structural,"[""Chính phủ quy định thời gian tối thiểu mà người sử dụng lao động dành cho toàn bộ thành viên ban lãnh đạo của tổ chức đại diện người lao động tại cơ sở để thực hiện nhiệm vụ của tổ chức đại diện trên cơ sở số lượng thành viên của tổ chức""]",Chính phủ quy định thời gian tối thiểu mà người sử dụng lao động dành cho toàn bộ thành viên ban lãnh đạo của tổ chức đại diện người lao động tại cơ sở để thực hiện nhiệm vụ của tổ chức đại diện trên cơ sở số lượng thành viên của tổ chức.,,,,,,,,,,,ch13_d176_k2,2,Chính phủ quy định thời gian tối thiểu mà người sử dụng lao động dành cho toàn bộ thành viên ban lãnh đạo của tổ chức đại diện người lao động tại cơ sở để thực hiện nhiệm vụ của tổ chức đại diện trên cơ sở số lượng thành viên của tổ chức.,,,,,,
ch13_d176_k3,CLAUSE,structural,"[""Tổ chức đại diện người lao động tại cơ sở và người sử dụng lao động thỏa thuận về thời gian tăng thêm so với thời gian tối thiểu quy định tại khoản 2 Điều này và cách thức sử dụng thời gian làm việc của thành viên ban lãnh đạo của tổ chức đại diện người lao động tại cơ sở phù hợp với điều kiện thực tế""]",Tổ chức đại diện người lao động tại cơ sở và người sử dụng lao động thỏa thuận về thời gian tăng thêm so với thời gian tối thiểu quy định tại khoản 2 Điều này và cách thức sử dụng thời gian làm việc của thành viên ban lãnh đạo của tổ chức đại diện người lao động tại cơ sở phù hợp với điều kiện thực tế.,,,,,,,,,,,ch13_d176_k3,3,Tổ chức đại diện người lao động tại cơ sở và người sử dụng lao động thỏa thuận về thời gian tăng thêm so với thời gian tối thiểu quy định tại khoản 2 Điều này và cách thức sử dụng thời gian làm việc của thành viên ban lãnh đạo của tổ chức đại diện người lao động tại cơ sở phù hợp với điều kiện thực tế.,,,,,,
ch13_d177,ARTICLE,structural,"[""Nghĩa vụ của người sử dụng lao động đối với tổ chức đại diện người lao động tại cơ sở""]",Nghĩa vụ của người sử dụng lao động đối với tổ chức đại diện người lao động tại cơ sở,,,,,,,,ch13_d177,177,Nghĩa vụ của người sử dụng lao động đối với tổ chức đại diện người lao động tại cơ sở,,,,,,,,,
ch13_d177_k1,CLAUSE,structural,"[""Không được cản trở, gây khó khăn khi người lao động tiến hành các hoạt động hợp pháp nhằm thành lập, gia nhập và tham gia các hoạt động của tổ chức đại diện người lao động tại cơ sở""]","Không được cản trở, gây khó khăn khi người lao động tiến hành các hoạt động hợp pháp nhằm thành lập, gia nhập và tham gia các hoạt động của tổ chức đại diện người lao động tại cơ sở.",,,,,,,,,,,ch13_d177_k1,1,"Không được cản trở, gây khó khăn khi người lao động tiến hành các hoạt động hợp pháp nhằm thành lập, gia nhập và tham gia các hoạt động của tổ chức đại diện người lao động tại cơ sở.",,,,,,
ch13_d177_k2,CLAUSE,structural,"[""Công nhận và tôn trọng các quyền của tổ chức đại diện người lao động tại cơ sở đã được thành lập hợp pháp""]",Công nhận và tôn trọng các quyền của tổ chức đại diện người lao động tại cơ sở đã được thành lập hợp pháp.,,,,,,,,,,,ch13_d177_k2,2,Công nhận và tôn trọng các quyền của tổ chức đại diện người lao động tại cơ sở đã được thành lập hợp pháp.,,,,,,
ch13_d177_k3,CLAUSE,structural,"[""Phải thỏa thuận bằng văn bản với ban lãnh đạo của tổ chức đại diện người lao động tại cơ sở khi đơn phương chấm dứt hợp đồng lao động, chuyển làm công việc khác, kỷ luật sa thải đối với người lao động là thành viên ban lãnh đạo của tổ chức đại diện người lao động tại cơ sở"", ""Trường hợp không thỏa thuận được, hai bên phải báo cáo với cơ quan chuyên môn về lao động thuộc Ủy ban nhân dân cấp tỉnh"", ""Sau 30 ngày kể từ ngày báo cho cơ quan chuyên môn về lao động thuộc Ủy ban nhân dân cấp tỉnh biết, người sử dụng lao động mới có quyền quyết định"", ""Trường hợp không nhất trí với quyết định của người sử dụng lao động thì người lao động, ban lãnh đạo của tổ chức đại diện người lao động tại cơ sở có quyền yêu cầu giải quyết tranh chấp lao động theo trình tự, thủ tục do pháp luật quy định""]","Phải thỏa thuận bằng văn bản với ban lãnh đạo của tổ chức đại diện người lao động tại cơ sở khi đơn phương chấm dứt hợp đồng lao động, chuyển làm công việc khác, kỷ luật sa thải đối với người lao động là thành viên ban lãnh đạo của tổ chức đại diện người lao động tại cơ sở. Trường hợp không thỏa thuận được, hai bên phải báo cáo với cơ quan chuyên môn về lao động thuộc Ủy ban nhân dân cấp tỉnh. Sau 30 ngày kể từ ngày báo cho cơ quan chuyên môn về lao động thuộc Ủy ban nhân dân cấp tỉnh biết, người sử dụng lao động mới có quyền quyết định. Trường hợp không nhất trí với quyết định của người sử dụng lao động thì người lao động, ban lãnh đạo của tổ chức đại diện người lao động tại cơ sở có quyền yêu cầu giải quyết tranh chấp lao động theo trình tự, thủ tục do pháp luật quy định.",,,,,,,,,,,ch13_d177_k3,3,"Phải thỏa thuận bằng văn bản với ban lãnh đạo của tổ chức đại diện người lao động tại cơ sở khi đơn phương chấm dứt hợp đồng lao động, chuyển làm công việc khác, kỷ luật sa thải đối với người lao động là thành viên ban lãnh đạo của tổ chức đại diện người lao động tại cơ sở. Trường hợp không thỏa thuận được, hai bên phải báo cáo với cơ quan chuyên môn về lao động thuộc Ủy ban nhân dân cấp tỉnh. Sau 30 ngày kể từ ngày báo cho cơ quan chuyên môn về lao động thuộc Ủy ban nhân dân cấp tỉnh biết, người sử dụng lao động mới có quyền quyết định. Trường hợp không nhất trí với quyết định của người sử dụng lao động thì người lao động, ban lãnh đạo của tổ chức đại diện người lao động tại cơ sở có quyền yêu cầu giải quyết tranh chấp lao động theo trình tự, thủ tục do pháp luật quy định.",,,,,,
ch13_d177_k4,CLAUSE,structural,"[""Phải gia hạn hợp đồng lao động đã giao kết đến hết nhiệm kỳ cho người lao động là thành viên ban lãnh đạo của tổ chức đại diện người lao động tại cơ sở đang trong nhiệm kỳ mà hết hạn hợp đồng lao động""]",Phải gia hạn hợp đồng lao động đã giao kết đến hết nhiệm kỳ cho người lao động là thành viên ban lãnh đạo của tổ chức đại diện người lao động tại cơ sở đang trong nhiệm kỳ mà hết hạn hợp đồng lao động.,,,,,,,,,,,ch13_d177_k4,4,Phải gia hạn hợp đồng lao động đã giao kết đến hết nhiệm kỳ cho người lao động là thành viên ban lãnh đạo của tổ chức đại diện người lao động tại cơ sở đang trong nhiệm kỳ mà hết hạn hợp đồng lao động.,,,,,,
ch13_d177_k5,CLAUSE,structural,"[""Các nghĩa vụ khác theo quy định của pháp luật""]",Các nghĩa vụ khác theo quy định của pháp luật.,,,,,,,,,,,ch13_d177_k5,5,Các nghĩa vụ khác theo quy định của pháp luật.,,,,,,
ch13_d178,ARTICLE,structural,"[""Quyền và nghĩa vụ của tổ chức đại diện người lao động tại cơ sở trong quan hệ lao động""]",Quyền và nghĩa vụ của tổ chức đại diện người lao động tại cơ sở trong quan hệ lao động,,,,,,,,ch13_d178,178,Quyền và nghĩa vụ của tổ chức đại diện người lao động tại cơ sở trong quan hệ lao động,,,,,,,,,
ch13_d178_k1,CLAUSE,structural,"[""Thương lượng tập thể với người sử dụng lao động theo quy định của Bộ luật này""]",Thương lượng tập thể với người sử dụng lao động theo quy định của Bộ luật này.,,,,,,,,,,,ch13_d178_k1,1,Thương lượng tập thể với người sử dụng lao động theo quy định của Bộ luật này.,,,,,,
ch13_d178_k2,CLAUSE,structural,"[""Đối thoại tại nơi làm việc theo quy định của Bộ luật này""]",Đối thoại tại nơi làm việc theo quy định của Bộ luật này.,,,,,,,,,,,ch13_d178_k2,2,Đối thoại tại nơi làm việc theo quy định của Bộ luật này.,,,,,,
ch13_d178_k3,CLAUSE,structural,"[""Được tham khảo ý kiến xây dựng và giám sát việc thực hiện thang lương, bảng lương, mức lao động, quy chế trả lương, quy chế thưởng, nội quy lao động và những vấn đề liên quan đến quyền, lợi ích của người lao động là thành viên của mình""]","Được tham khảo ý kiến xây dựng và giám sát việc thực hiện thang lương, bảng lương, mức lao động, quy chế trả lương, quy chế thưởng, nội quy lao động và những vấn đề liên quan đến quyền, lợi ích của người lao động là thành viên của mình.",,,,,,,,,,,ch13_d178_k3,3,"Được tham khảo ý kiến xây dựng và giám sát việc thực hiện thang lương, bảng lương, mức lao động, quy chế trả lương, quy chế thưởng, nội quy lao động và những vấn đề liên quan đến quyền, lợi ích của người lao động là thành viên của mình.",,,,,,
ch13_d178_k4,CLAUSE,structural,"[""Đại diện cho người lao động trong quá trình giải quyết khiếu nại, tranh chấp lao động cá nhân khi được người lao động ủy quyền""]","Đại diện cho người lao động trong quá trình giải quyết khiếu nại, tranh chấp lao động cá nhân khi được người lao động ủy quyền.",,,,,,,,,,,ch13_d178_k4,4,"Đại diện cho người lao động trong quá trình giải quyết khiếu nại, tranh chấp lao động cá nhân khi được người lao động ủy quyền.",,,,,,
ch13_d178_k5,CLAUSE,structural,"[""Tổ chức và lãnh đạo đình công theo quy định của Bộ luật này""]",Tổ chức và lãnh đạo đình công theo quy định của Bộ luật này.,,,,,,,,,,,ch13_d178_k5,5,Tổ chức và lãnh đạo đình công theo quy định của Bộ luật này.,,,,,,
ch13_d178_k6,CLAUSE,structural,"[""Tiếp nhận hỗ trợ kỹ thuật của cơ quan, tổ chức đăng ký hoạt động hợp pháp tại Việt Nam nhằm tìm hiểu pháp luật về lao động"", ""về trình tự, thủ tục thành lập tổ chức đại diện người lao động và việc tiến hành các hoạt động đại diện trong quan hệ lao động sau khi được cấp đăng ký""]","Tiếp nhận hỗ trợ kỹ thuật của cơ quan, tổ chức đăng ký hoạt động hợp pháp tại Việt Nam nhằm tìm hiểu pháp luật về lao động; về trình tự, thủ tục thành lập tổ chức đại diện người lao động và việc tiến hành các hoạt động đại diện trong quan hệ lao động sau khi được cấp đăng ký.",,,,,,,,,,,ch13_d178_k6,6,"Tiếp nhận hỗ trợ kỹ thuật của cơ quan, tổ chức đăng ký hoạt động hợp pháp tại Việt Nam nhằm tìm hiểu pháp luật về lao động; về trình tự, thủ tục thành lập tổ chức đại diện người lao động và việc tiến hành các hoạt động đại diện trong quan hệ lao động sau khi được cấp đăng ký.",,,,,,
ch13_d178_k7,CLAUSE,structural,"[""Được người sử dụng lao động bố trí nơi làm việc và được cung cấp thông tin, bảo đảm các điều kiện cần thiết cho hoạt động của tổ chức đại diện người lao động tại cơ sở""]","Được người sử dụng lao động bố trí nơi làm việc và được cung cấp thông tin, bảo đảm các điều kiện cần thiết cho hoạt động của tổ chức đại diện người lao động tại cơ sở.",,,,,,,,,,,ch13_d178_k7,7,"Được người sử dụng lao động bố trí nơi làm việc và được cung cấp thông tin, bảo đảm các điều kiện cần thiết cho hoạt động của tổ chức đại diện người lao động tại cơ sở.",,,,,,
ch13_d178_k8,CLAUSE,structural,"[""Các quyền và nghĩa vụ khác theo quy định của pháp luật""]",Các quyền và nghĩa vụ khác theo quy định của pháp luật.,,,,,,,,,,,ch13_d178_k8,8,Các quyền và nghĩa vụ khác theo quy định của pháp luật.,,,,,,
ch14,CHAPTER,structural,"[""GIẢI QUYẾT TRANH CHẤP LAO ĐỘNG""]",GIẢI QUYẾT TRANH CHẤP LAO ĐỘNG,,,,ch14,14.0,XIV,GIẢI QUYẾT TRANH CHẤP LAO ĐỘNG,,,,,,,,,,,,
ch14_muc1,SECTION,structural,[],NHỮNG QUY ĐỊNH CHUNG VỀ GIẢI QUYẾT TRANH CHẤP LAO ĐỘNG,,,,,,,,,,,,,,,,,ch14_muc1,1,NHỮNG QUY ĐỊNH CHUNG VỀ GIẢI QUYẾT TRANH CHẤP LAO ĐỘNG
ch14_muc1_d179,ARTICLE,structural,"[""Tranh chấp lao động""]",Tranh chấp lao động,,,,,,,,ch14_muc1_d179,179,Tranh chấp lao động,,,,,,,,,
ch14_muc1_d179_k1,CLAUSE,structural,"[""Tranh chấp lao động là tranh chấp về quyền và nghĩa vụ, lợi ích phát sinh giữa các bên trong quá trình xác lập, thực hiện hoặc chấm dứt quan hệ lao động"", ""tranh chấp giữa các tổ chức đại diện người lao động với nhau"", ""tranh chấp phát sinh từ quan hệ có liên quan trực tiếp đến quan hệ lao động"", ""Các loại tranh chấp lao động bao gồm: a) Tranh chấp lao động cá nhân giữa người lao động với người sử dụng lao động"", ""giữa người lao động với doanh nghiệp, tổ chức đưa người lao động đi làm việc ở nước ngoài theo hợp đồng"", ""giữa người lao động thuê lại với người sử dụng lao động thuê lại"", ""b) Tranh chấp lao động tập thể về quyền hoặc về lợi ích giữa một hay nhiều tổ chức đại diện người lao động với người sử dụng lao động hoặc một hay nhiều tổ chức của người sử dụng lao động""]","Tranh chấp lao động là tranh chấp về quyền và nghĩa vụ, lợi ích phát sinh giữa các bên trong quá trình xác lập, thực hiện hoặc chấm dứt quan hệ lao động; tranh chấp giữa các tổ chức đại diện người lao động với nhau; tranh chấp phát sinh từ quan hệ có liên quan trực tiếp đến quan hệ lao động. Các loại tranh chấp lao động bao gồm: a) Tranh chấp lao động cá nhân giữa người lao động với người sử dụng lao động; giữa người lao động với doanh nghiệp, tổ chức đưa người lao động đi làm việc ở nước ngoài theo hợp đồng; giữa người lao động thuê lại với người sử dụng lao động thuê lại; b) Tranh chấp lao động tập thể về quyền hoặc về lợi ích giữa một hay nhiều tổ chức đại diện người lao động với người sử dụng lao động hoặc một hay nhiều tổ chức của người sử dụng lao động.",,,,,,,,,,,ch14_muc1_d179_k1,1,"Tranh chấp lao động là tranh chấp về quyền và nghĩa vụ, lợi ích phát sinh giữa các bên trong quá trình xác lập, thực hiện hoặc chấm dứt quan hệ lao động; tranh chấp giữa các tổ chức đại diện người lao động với nhau; tranh chấp phát sinh từ quan hệ có liên quan trực tiếp đến quan hệ lao động. Các loại tranh chấp lao động bao gồm: a) Tranh chấp lao động cá nhân giữa người lao động với người sử dụng lao động; giữa người lao động với doanh nghiệp, tổ chức đưa người lao động đi làm việc ở nước ngoài theo hợp đồng; giữa người lao động thuê lại với người sử dụng lao động thuê lại; b) Tranh chấp lao động tập thể về quyền hoặc về lợi ích giữa một hay nhiều tổ chức đại diện người lao động với người sử dụng lao động hoặc một hay nhiều tổ chức của người sử dụng lao động.",,,,,,
ch14_muc1_d179_k1_a,POINT,structural,[],"Tranh chấp lao động cá nhân giữa người lao động với người sử dụng lao động; giữa người lao động với doanh nghiệp, tổ chức đưa người lao động đi làm việc ở nước ngoài theo hợp đồng; giữa người lao động thuê lại với người sử dụng lao động thuê lại;",,,,,,,,,,,,,,ch14_muc1_d179_k1_a,a),"Tranh chấp lao động cá nhân giữa người lao động với người sử dụng lao động; giữa người lao động với doanh nghiệp, tổ chức đưa người lao động đi làm việc ở nước ngoài theo hợp đồng; giữa người lao động thuê lại với người sử dụng lao động thuê lại;",,,
ch14_muc1_d179_k1_b,POINT,structural,[],Tranh chấp lao động tập thể về quyền hoặc về lợi ích giữa một hay nhiều tổ chức đại diện người lao động với người sử dụng lao động hoặc một hay nhiều tổ chức của người sử dụng lao động.,,,,,,,,,,,,,,ch14_muc1_d179_k1_b,b),Tranh chấp lao động tập thể về quyền hoặc về lợi ích giữa một hay nhiều tổ chức đại diện người lao động với người sử dụng lao động hoặc một hay nhiều tổ chức của người sử dụng lao động.,,,
ch14_muc1_d179_k2,CLAUSE,structural,"[""Tranh chấp lao động tập thể về quyền là tranh chấp giữa một hay nhiều tổ chức đại diện người lao động với người sử dụng lao động hoặc một hay nhiều tổ chức của người sử dụng lao động phát sinh trong trường hợp sau đây: a) Có sự khác nhau trong việc hiểu và thực hiện quy định của thỏa ước lao động tập thể, nội quy lao động, quy chế và thỏa thuận hợp pháp khác"", ""b) Có sự khác nhau trong việc hiểu và thực hiện quy định của pháp luật về lao động"", ""c) Khi người sử dụng lao động có hành vi phân biệt đối xử đối với người lao động, thành viên ban lãnh đạo của tổ chức đại diện người lao động vì lý do thành lập, gia nhập, hoạt động trong tổ chức đại diện người lao động"", ""can thiệp, thao túng tổ chức đại diện người lao động"", ""vi phạm nghĩa vụ về thương lượng thiện chí""]","Tranh chấp lao động tập thể về quyền là tranh chấp giữa một hay nhiều tổ chức đại diện người lao động với người sử dụng lao động hoặc một hay nhiều tổ chức của người sử dụng lao động phát sinh trong trường hợp sau đây: a) Có sự khác nhau trong việc hiểu và thực hiện quy định của thỏa ước lao động tập thể, nội quy lao động, quy chế và thỏa thuận hợp pháp khác; b) Có sự khác nhau trong việc hiểu và thực hiện quy định của pháp luật về lao động; c) Khi người sử dụng lao động có hành vi phân biệt đối xử đối với người lao động, thành viên ban lãnh đạo của tổ chức đại diện người lao động vì lý do thành lập, gia nhập, hoạt động trong tổ chức đại diện người lao động; can thiệp, thao túng tổ chức đại diện người lao động; vi phạm nghĩa vụ về thương lượng thiện chí.",,,,,,,,,,,ch14_muc1_d179_k2,2,"Tranh chấp lao động tập thể về quyền là tranh chấp giữa một hay nhiều tổ chức đại diện người lao động với người sử dụng lao động hoặc một hay nhiều tổ chức của người sử dụng lao động phát sinh trong trường hợp sau đây: a) Có sự khác nhau trong việc hiểu và thực hiện quy định của thỏa ước lao động tập thể, nội quy lao động, quy chế và thỏa thuận hợp pháp khác; b) Có sự khác nhau trong việc hiểu và thực hiện quy định của pháp luật về lao động; c) Khi người sử dụng lao động có hành vi phân biệt đối xử đối với người lao động, thành viên ban lãnh đạo của tổ chức đại diện người lao động vì lý do thành lập, gia nhập, hoạt động trong tổ chức đại diện người lao động; can thiệp, thao túng tổ chức đại diện người lao động; vi phạm nghĩa vụ về thương lượng thiện chí.",,,,,,
ch14_muc1_d179_k2_a,POINT,structural,[],"Có sự khác nhau trong việc hiểu và thực hiện quy định của thỏa ước lao động tập thể, nội quy lao động, quy chế và thỏa thuận hợp pháp khác;",,,,,,,,,,,,,,ch14_muc1_d179_k2_a,a),"Có sự khác nhau trong việc hiểu và thực hiện quy định của thỏa ước lao động tập thể, nội quy lao động, quy chế và thỏa thuận hợp pháp khác;",,,
ch14_muc1_d179_k2_b,POINT,structural,[],Có sự khác nhau trong việc hiểu và thực hiện quy định của pháp luật về lao động;,,,,,,,,,,,,,,ch14_muc1_d179_k2_b,b),Có sự khác nhau trong việc hiểu và thực hiện quy định của pháp luật về lao động;,,,
ch14_muc1_d179_k2_c,POINT,structural,[],"Khi người sử dụng lao động có hành vi phân biệt đối xử đối với người lao động, thành viên ban lãnh đạo của tổ chức đại diện người lao động vì lý do thành lập, gia nhập, hoạt động trong tổ chức đại diện người lao động; can thiệp, thao túng tổ chức đại diện người lao động; vi phạm nghĩa vụ về thương lượng thiện chí.",,,,,,,,,,,,,,ch14_muc1_d179_k2_c,c),"Khi người sử dụng lao động có hành vi phân biệt đối xử đối với người lao động, thành viên ban lãnh đạo của tổ chức đại diện người lao động vì lý do thành lập, gia nhập, hoạt động trong tổ chức đại diện người lao động; can thiệp, thao túng tổ chức đại diện người lao động; vi phạm nghĩa vụ về thương lượng thiện chí.",,,
ch14_muc1_d179_k3,CLAUSE,structural,"[""Tranh chấp lao động tập thể về lợi ích bao gồm: a) Tranh chấp lao động phát sinh trong quá trình thương lượng tập thể"", ""b) Khi một bên từ chối thương lượng hoặc không tiến hành thương lượng trong thời hạn theo quy định của pháp luật""]",Tranh chấp lao động tập thể về lợi ích bao gồm: a) Tranh chấp lao động phát sinh trong quá trình thương lượng tập thể; b) Khi một bên từ chối thương lượng hoặc không tiến hành thương lượng trong thời hạn theo quy định của pháp luật.,,,,,,,,,,,ch14_muc1_d179_k3,3,Tranh chấp lao động tập thể về lợi ích bao gồm: a) Tranh chấp lao động phát sinh trong quá trình thương lượng tập thể; b) Khi một bên từ chối thương lượng hoặc không tiến hành thương lượng trong thời hạn theo quy định của pháp luật.,,,,,,
ch14_muc1_d179_k3_a,POINT,structural,[],Tranh chấp lao động phát sinh trong quá trình thương lượng tập thể;,,,,,,,,,,,,,,ch14_muc1_d179_k3_a,a),Tranh chấp lao động phát sinh trong quá trình thương lượng tập thể;,,,
ch14_muc1_d179_k3_b,POINT,structural,[],Khi một bên từ chối thương lượng hoặc không tiến hành thương lượng trong thời hạn theo quy định của pháp luật.,,,,,,,,,,,,,,ch14_muc1_d179_k3_b,b),Khi một bên từ chối thương lượng hoặc không tiến hành thương lượng trong thời hạn theo quy định của pháp luật.,,,
ch14_muc1_d180,ARTICLE,structural,"[""Nguyên tắc giải quyết tranh chấp lao động""]",Nguyên tắc giải quyết tranh chấp lao động,,,,,,,,ch14_muc1_d180,180,Nguyên tắc giải quyết tranh chấp lao động,,,,,,,,,
ch14_muc1_d180_k1,CLAUSE,structural,"[""Tôn trọng quyền tự định đoạt thông qua thương lượng của các bên trong suốt quá trình giải quyết tranh chấp lao động""]",Tôn trọng quyền tự định đoạt thông qua thương lượng của các bên trong suốt quá trình giải quyết tranh chấp lao động.,,,,,,,,,,,ch14_muc1_d180_k1,1,Tôn trọng quyền tự định đoạt thông qua thương lượng của các bên trong suốt quá trình giải quyết tranh chấp lao động.,,,,,,
ch14_muc1_d180_k2,CLAUSE,structural,"[""Coi trọng giải quyết tranh chấp lao động thông qua hòa giải, trọng tài trên cơ sở tôn trọng quyền và lợi ích của hai bên tranh chấp, tôn trọng lợi ích chung của xã hội, không trái pháp luật""]","Coi trọng giải quyết tranh chấp lao động thông qua hòa giải, trọng tài trên cơ sở tôn trọng quyền và lợi ích của hai bên tranh chấp, tôn trọng lợi ích chung của xã hội, không trái pháp luật.",,,,,,,,,,,ch14_muc1_d180_k2,2,"Coi trọng giải quyết tranh chấp lao động thông qua hòa giải, trọng tài trên cơ sở tôn trọng quyền và lợi ích của hai bên tranh chấp, tôn trọng lợi ích chung của xã hội, không trái pháp luật.",,,,,,
ch14_muc1_d180_k3,CLAUSE,structural,"[""Công khai, minh bạch, khách quan, kịp thời, nhanh chóng và đúng pháp luật""]","Công khai, minh bạch, khách quan, kịp thời, nhanh chóng và đúng pháp luật.",,,,,,,,,,,ch14_muc1_d180_k3,3,"Công khai, minh bạch, khách quan, kịp thời, nhanh chóng và đúng pháp luật.",,,,,,
ch14_muc1_d180_k4,CLAUSE,structural,"[""Bảo đảm sự tham gia của đại diện các bên trong quá trình giải quyết tranh chấp lao động""]",Bảo đảm sự tham gia của đại diện các bên trong quá trình giải quyết tranh chấp lao động.,,,,,,,,,,,ch14_muc1_d180_k4,4,Bảo đảm sự tham gia của đại diện các bên trong quá trình giải quyết tranh chấp lao động.,,,,,,
ch14_muc1_d180_k5,CLAUSE,structural,"[""Việc giải quyết tranh chấp lao động do cơ quan, tổ chức, cá nhân có thẩm quyền giải quyết tranh chấp lao động tiến hành sau khi có yêu cầu của bên tranh chấp hoặc theo đề nghị của cơ quan, tổ chức, cá nhân có thẩm quyền và được các bên tranh chấp đồng ý""]","Việc giải quyết tranh chấp lao động do cơ quan, tổ chức, cá nhân có thẩm quyền giải quyết tranh chấp lao động tiến hành sau khi có yêu cầu của bên tranh chấp hoặc theo đề nghị của cơ quan, tổ chức, cá nhân có thẩm quyền và được các bên tranh chấp đồng ý.",,,,,,,,,,,ch14_muc1_d180_k5,5,"Việc giải quyết tranh chấp lao động do cơ quan, tổ chức, cá nhân có thẩm quyền giải quyết tranh chấp lao động tiến hành sau khi có yêu cầu của bên tranh chấp hoặc theo đề nghị của cơ quan, tổ chức, cá nhân có thẩm quyền và được các bên tranh chấp đồng ý.",,,,,,
ch14_muc1_d181,ARTICLE,structural,"[""Trách nhiệm của cơ quan, tổ chức trong giải quyết tranh chấp lao động""]","Trách nhiệm của cơ quan, tổ chức trong giải quyết tranh chấp lao động",,,,,,,,ch14_muc1_d181,181,"Trách nhiệm của cơ quan, tổ chức trong giải quyết tranh chấp lao động",,,,,,,,,
ch14_muc1_d181_k1,CLAUSE,structural,"[""Cơ quan quản lý nhà nước về lao động có trách nhiệm phối hợp với tổ chức đại diện người lao động, tổ chức đại diện người sử dụng lao động hướng dẫn, hỗ trợ và giúp đỡ các bên trong giải quyết tranh chấp lao động""]","Cơ quan quản lý nhà nước về lao động có trách nhiệm phối hợp với tổ chức đại diện người lao động, tổ chức đại diện người sử dụng lao động hướng dẫn, hỗ trợ và giúp đỡ các bên trong giải quyết tranh chấp lao động.",,,,,,,,,,,ch14_muc1_d181_k1,1,"Cơ quan quản lý nhà nước về lao động có trách nhiệm phối hợp với tổ chức đại diện người lao động, tổ chức đại diện người sử dụng lao động hướng dẫn, hỗ trợ và giúp đỡ các bên trong giải quyết tranh chấp lao động.",,,,,,
ch14_muc1_d181_k2,CLAUSE,structural,"[""Bộ Lao động - Thương binh và Xã hội tổ chức việc tập huấn, nâng cao năng lực chuyên môn của hòa giải viên lao động, trọng tài viên lao động trong giải quyết tranh chấp lao động""]","Bộ Lao động - Thương binh và Xã hội tổ chức việc tập huấn, nâng cao năng lực chuyên môn của hòa giải viên lao động, trọng tài viên lao động trong giải quyết tranh chấp lao động.",,,,,,,,,,,ch14_muc1_d181_k2,2,"Bộ Lao động - Thương binh và Xã hội tổ chức việc tập huấn, nâng cao năng lực chuyên môn của hòa giải viên lao động, trọng tài viên lao động trong giải quyết tranh chấp lao động.",,,,,,
ch14_muc1_d181_k3,CLAUSE,structural,"[""Khi có yêu cầu, cơ quan chuyên môn về lao động thuộc Ủy ban nhân dân là đầu mối tiếp nhận yêu cầu giải quyết tranh chấp lao động và có trách nhiệm phân loại, hướng dẫn, hỗ trợ, giúp đỡ các bên trong giải quyết tranh chấp lao động"", ""Trong thời hạn 05 ngày làm việc, cơ quan tiếp nhận yêu cầu giải quyết tranh chấp lao động có trách nhiệm chuyển yêu cầu đến hòa giải viên lao động đối với trường hợp bắt buộc phải qua thủ tục hòa giải lao động, chuyển đến Hội đồng trọng tài trong trường hợp yêu cầu Hội đồng trọng tài giải quyết hoặc hướng dẫn gửi đến Tòa án để giải quyết""]","Khi có yêu cầu, cơ quan chuyên môn về lao động thuộc Ủy ban nhân dân là đầu mối tiếp nhận yêu cầu giải quyết tranh chấp lao động và có trách nhiệm phân loại, hướng dẫn, hỗ trợ, giúp đỡ các bên trong giải quyết tranh chấp lao động. Trong thời hạn 05 ngày làm việc, cơ quan tiếp nhận yêu cầu giải quyết tranh chấp lao động có trách nhiệm chuyển yêu cầu đến hòa giải viên lao động đối với trường hợp bắt buộc phải qua thủ tục hòa giải lao động, chuyển đến Hội đồng trọng tài trong trường hợp yêu cầu Hội đồng trọng tài giải quyết hoặc hướng dẫn gửi đến Tòa án để giải quyết.",,,,,,,,,,,ch14_muc1_d181_k3,3,"Khi có yêu cầu, cơ quan chuyên môn về lao động thuộc Ủy ban nhân dân là đầu mối tiếp nhận yêu cầu giải quyết tranh chấp lao động và có trách nhiệm phân loại, hướng dẫn, hỗ trợ, giúp đỡ các bên trong giải quyết tranh chấp lao động. Trong thời hạn 05 ngày làm việc, cơ quan tiếp nhận yêu cầu giải quyết tranh chấp lao động có trách nhiệm chuyển yêu cầu đến hòa giải viên lao động đối với trường hợp bắt buộc phải qua thủ tục hòa giải lao động, chuyển đến Hội đồng trọng tài trong trường hợp yêu cầu Hội đồng trọng tài giải quyết hoặc hướng dẫn gửi đến Tòa án để giải quyết.",,,,,,
ch14_muc1_d182,ARTICLE,structural,"[""Quyền và nghĩa vụ của hai bên trong giải quyết tranh chấp lao động""]",Quyền và nghĩa vụ của hai bên trong giải quyết tranh chấp lao động,,,,,,,,ch14_muc1_d182,182,Quyền và nghĩa vụ của hai bên trong giải quyết tranh chấp lao động,,,,,,,,,
ch14_muc1_d182_k1,CLAUSE,structural,"[""Trong giải quyết tranh chấp lao động, các bên có quyền sau đây: a) Trực tiếp hoặc thông qua đại diện để tham gia vào quá trình giải quyết"", ""b) Rút yêu cầu hoặc thay đổi nội dung yêu cầu"", ""c) Yêu cầu thay đổi người tiến hành giải quyết tranh chấp lao động nếu có lý do cho rằng người đó có thể không vô tư hoặc không khách quan""]","Trong giải quyết tranh chấp lao động, các bên có quyền sau đây: a) Trực tiếp hoặc thông qua đại diện để tham gia vào quá trình giải quyết; b) Rút yêu cầu hoặc thay đổi nội dung yêu cầu; c) Yêu cầu thay đổi người tiến hành giải quyết tranh chấp lao động nếu có lý do cho rằng người đó có thể không vô tư hoặc không khách quan.",,,,,,,,,,,ch14_muc1_d182_k1,1,"Trong giải quyết tranh chấp lao động, các bên có quyền sau đây: a) Trực tiếp hoặc thông qua đại diện để tham gia vào quá trình giải quyết; b) Rút yêu cầu hoặc thay đổi nội dung yêu cầu; c) Yêu cầu thay đổi người tiến hành giải quyết tranh chấp lao động nếu có lý do cho rằng người đó có thể không vô tư hoặc không khách quan.",,,,,,
ch14_muc1_d182_k1_a,POINT,structural,[],Trực tiếp hoặc thông qua đại diện để tham gia vào quá trình giải quyết;,,,,,,,,,,,,,,ch14_muc1_d182_k1_a,a),Trực tiếp hoặc thông qua đại diện để tham gia vào quá trình giải quyết;,,,
ch14_muc1_d182_k1_b,POINT,structural,[],Rút yêu cầu hoặc thay đổi nội dung yêu cầu;,,,,,,,,,,,,,,ch14_muc1_d182_k1_b,b),Rút yêu cầu hoặc thay đổi nội dung yêu cầu;,,,
ch14_muc1_d182_k1_c,POINT,structural,[],Yêu cầu thay đổi người tiến hành giải quyết tranh chấp lao động nếu có lý do cho rằng người đó có thể không vô tư hoặc không khách quan.,,,,,,,,,,,,,,ch14_muc1_d182_k1_c,c),Yêu cầu thay đổi người tiến hành giải quyết tranh chấp lao động nếu có lý do cho rằng người đó có thể không vô tư hoặc không khách quan.,,,
ch14_muc1_d182_k2,CLAUSE,structural,"[""Trong giải quyết tranh chấp lao động, các bên có nghĩa vụ sau đây: a) Cung cấp đầy đủ, kịp thời tài liệu, chứng cứ để chứng minh cho yêu cầu của mình"", ""b) Chấp hành thỏa thuận đã đạt được, quyết định của Ban trọng tài lao động, bản án, quyết định của Tòa án đã có hiệu lực pháp luật""]","Trong giải quyết tranh chấp lao động, các bên có nghĩa vụ sau đây: a) Cung cấp đầy đủ, kịp thời tài liệu, chứng cứ để chứng minh cho yêu cầu của mình; b) Chấp hành thỏa thuận đã đạt được, quyết định của Ban trọng tài lao động, bản án, quyết định của Tòa án đã có hiệu lực pháp luật.",,,,,,,,,,,ch14_muc1_d182_k2,2,"Trong giải quyết tranh chấp lao động, các bên có nghĩa vụ sau đây: a) Cung cấp đầy đủ, kịp thời tài liệu, chứng cứ để chứng minh cho yêu cầu của mình; b) Chấp hành thỏa thuận đã đạt được, quyết định của Ban trọng tài lao động, bản án, quyết định của Tòa án đã có hiệu lực pháp luật.",,,,,,
ch14_muc1_d182_k2_a,POINT,structural,[],"Cung cấp đầy đủ, kịp thời tài liệu, chứng cứ để chứng minh cho yêu cầu của mình;",,,,,,,,,,,,,,ch14_muc1_d182_k2_a,a),"Cung cấp đầy đủ, kịp thời tài liệu, chứng cứ để chứng minh cho yêu cầu của mình;",,,
ch14_muc1_d182_k2_b,POINT,structural,[],"Chấp hành thỏa thuận đã đạt được, quyết định của Ban trọng tài lao động, bản án, quyết định của Tòa án đã có hiệu lực pháp luật.",,,,,,,,,,,,,,ch14_muc1_d182_k2_b,b),"Chấp hành thỏa thuận đã đạt được, quyết định của Ban trọng tài lao động, bản án, quyết định của Tòa án đã có hiệu lực pháp luật.",,,
ch14_muc1_d183,ARTICLE,structural,"[""Quyền của cơ quan, tổ chức, cá nhân có thẩm quyền giải quyết tranh chấp lao động Cơ quan, tổ chức, cá nhân có thẩm quyền giải quyết tranh chấp lao động, trong phạm vi nhiệm vụ, quyền hạn của mình, có quyền yêu cầu các bên tranh chấp, cơ quan, tổ chức, cá nhân có liên quan cung cấp tài liệu, chứng cứ, trưng cầu giám định, mời người làm chứng và người có liên quan""]","Quyền của cơ quan, tổ chức, cá nhân có thẩm quyền giải quyết tranh chấp lao động Cơ quan, tổ chức, cá nhân có thẩm quyền giải quyết tranh chấp lao động, trong phạm vi nhiệm vụ, quyền hạn của mình, có quyền yêu cầu các bên tranh chấp, cơ quan, tổ chức, cá nhân có liên quan cung cấp tài liệu, chứng cứ, trưng cầu giám định, mời người làm chứng và người có liên quan.",,,,,,,,ch14_muc1_d183,183,"Quyền của cơ quan, tổ chức, cá nhân có thẩm quyền giải quyết tranh chấp lao động Cơ quan, tổ chức, cá nhân có thẩm quyền giải quyết tranh chấp lao động, trong phạm vi nhiệm vụ, quyền hạn của mình, có quyền yêu cầu các bên tranh chấp, cơ quan, tổ chức, cá nhân có liên quan cung cấp tài liệu, chứng cứ, trưng cầu giám định, mời người làm chứng và người có liên quan.",,,,,,,,,
ch14_muc1_d184,ARTICLE,structural,"[""Hòa giải viên lao động""]",Hòa giải viên lao động,,,,,,,,ch14_muc1_d184,184,Hòa giải viên lao động,,,,,,,,,
ch14_muc1_d184_k1,CLAUSE,structural,"[""Hòa giải viên lao động là người do Chủ tịch Ủy ban nhân dân cấp tỉnh bổ nhiệm để hòa giải tranh chấp lao động, tranh chấp về hợp đồng đào tạo nghề"", ""hỗ trợ phát triển quan hệ lao động""]","Hòa giải viên lao động là người do Chủ tịch Ủy ban nhân dân cấp tỉnh bổ nhiệm để hòa giải tranh chấp lao động, tranh chấp về hợp đồng đào tạo nghề; hỗ trợ phát triển quan hệ lao động.",,,,,,,,,,,ch14_muc1_d184_k1,1,"Hòa giải viên lao động là người do Chủ tịch Ủy ban nhân dân cấp tỉnh bổ nhiệm để hòa giải tranh chấp lao động, tranh chấp về hợp đồng đào tạo nghề; hỗ trợ phát triển quan hệ lao động.",,,,,,
ch14_muc1_d184_k2,CLAUSE,structural,"[""Chính phủ quy định tiêu chuẩn, trình tự, thủ tục bổ nhiệm, chế độ, điều kiện hoạt động và việc quản lý hòa giải viên lao động"", ""thẩm quyền, trình tự, thủ tục cử hòa giải viên lao động""]","Chính phủ quy định tiêu chuẩn, trình tự, thủ tục bổ nhiệm, chế độ, điều kiện hoạt động và việc quản lý hòa giải viên lao động; thẩm quyền, trình tự, thủ tục cử hòa giải viên lao động.",,,,,,,,,,,ch14_muc1_d184_k2,2,"Chính phủ quy định tiêu chuẩn, trình tự, thủ tục bổ nhiệm, chế độ, điều kiện hoạt động và việc quản lý hòa giải viên lao động; thẩm quyền, trình tự, thủ tục cử hòa giải viên lao động.",,,,,,
ch14_muc1_d185,ARTICLE,structural,"[""Hội đồng trọng tài lao động""]",Hội đồng trọng tài lao động,,,,,,,,ch14_muc1_d185,185,Hội đồng trọng tài lao động,,,,,,,,,
ch14_muc1_d185_k1,CLAUSE,structural,"[""Chủ tịch Ủy ban nhân dân cấp tỉnh quyết định thành lập Hội đồng trọng tài lao động, bổ nhiệm Chủ tịch, thư ký và các trọng tài viên lao động của Hội đồng trọng tài lao động"", ""Nhiệm kỳ của Hội đồng trọng tài lao động là 05 năm""]","Chủ tịch Ủy ban nhân dân cấp tỉnh quyết định thành lập Hội đồng trọng tài lao động, bổ nhiệm Chủ tịch, thư ký và các trọng tài viên lao động của Hội đồng trọng tài lao động. Nhiệm kỳ của Hội đồng trọng tài lao động là 05 năm.",,,,,,,,,,,ch14_muc1_d185_k1,1,"Chủ tịch Ủy ban nhân dân cấp tỉnh quyết định thành lập Hội đồng trọng tài lao động, bổ nhiệm Chủ tịch, thư ký và các trọng tài viên lao động của Hội đồng trọng tài lao động. Nhiệm kỳ của Hội đồng trọng tài lao động là 05 năm.",,,,,,
ch14_muc1_d185_k2,CLAUSE,structural,"[""Số lượng trọng tài viên lao động của Hội đồng trọng tài lao động do Chủ tịch Ủy ban nhân dân cấp tỉnh quyết định, ít nhất là 15 người, bao gồm số lượng ngang nhau do các bên đề cử, cụ thể như sau: a) Tối thiểu 05 thành viên do cơ quan chuyên môn về lao động thuộc Ủy ban nhân dân cấp tỉnh đề cử, trong đó có Chủ tịch Hội đồng là đại diện lãnh đạo và thư ký Hội đồng là công chức của cơ quan chuyên môn về lao động thuộc Ủy ban nhân dân cấp tỉnh"", ""b) Tối thiểu 05 thành viên do công đoàn cấp tỉnh đề cử"", ""c) Tối thiểu 05 thành viên do các tổ chức đại diện của người sử dụng lao động trên địa bàn tỉnh thống nhất đề cử""]","Số lượng trọng tài viên lao động của Hội đồng trọng tài lao động do Chủ tịch Ủy ban nhân dân cấp tỉnh quyết định, ít nhất là 15 người, bao gồm số lượng ngang nhau do các bên đề cử, cụ thể như sau: a) Tối thiểu 05 thành viên do cơ quan chuyên môn về lao động thuộc Ủy ban nhân dân cấp tỉnh đề cử, trong đó có Chủ tịch Hội đồng là đại diện lãnh đạo và thư ký Hội đồng là công chức của cơ quan chuyên môn về lao động thuộc Ủy ban nhân dân cấp tỉnh; b) Tối thiểu 05 thành viên do công đoàn cấp tỉnh đề cử; c) Tối thiểu 05 thành viên do các tổ chức đại diện của người sử dụng lao động trên địa bàn tỉnh thống nhất đề cử.",,,,,,,,,,,ch14_muc1_d185_k2,2,"Số lượng trọng tài viên lao động của Hội đồng trọng tài lao động do Chủ tịch Ủy ban nhân dân cấp tỉnh quyết định, ít nhất là 15 người, bao gồm số lượng ngang nhau do các bên đề cử, cụ thể như sau: a) Tối thiểu 05 thành viên do cơ quan chuyên môn về lao động thuộc Ủy ban nhân dân cấp tỉnh đề cử, trong đó có Chủ tịch Hội đồng là đại diện lãnh đạo và thư ký Hội đồng là công chức của cơ quan chuyên môn về lao động thuộc Ủy ban nhân dân cấp tỉnh; b) Tối thiểu 05 thành viên do công đoàn cấp tỉnh đề cử; c) Tối thiểu 05 thành viên do các tổ chức đại diện của người sử dụng lao động trên địa bàn tỉnh thống nhất đề cử.",,,,,,
ch14_muc1_d185_k2_a,POINT,structural,[],"Tối thiểu 05 thành viên do cơ quan chuyên môn về lao động thuộc Ủy ban nhân dân cấp tỉnh đề cử, trong đó có Chủ tịch Hội đồng là đại diện lãnh đạo và thư ký Hội đồng là công chức của cơ quan chuyên môn về lao động thuộc Ủy ban nhân dân cấp tỉnh;",,,,,,,,,,,,,,ch14_muc1_d185_k2_a,a),"Tối thiểu 05 thành viên do cơ quan chuyên môn về lao động thuộc Ủy ban nhân dân cấp tỉnh đề cử, trong đó có Chủ tịch Hội đồng là đại diện lãnh đạo và thư ký Hội đồng là công chức của cơ quan chuyên môn về lao động thuộc Ủy ban nhân dân cấp tỉnh;",,,
ch14_muc1_d185_k2_b,POINT,structural,[],Tối thiểu 05 thành viên do công đoàn cấp tỉnh đề cử;,,,,,,,,,,,,,,ch14_muc1_d185_k2_b,b),Tối thiểu 05 thành viên do công đoàn cấp tỉnh đề cử;,,,
ch14_muc1_d185_k2_c,POINT,structural,[],Tối thiểu 05 thành viên do các tổ chức đại diện của người sử dụng lao động trên địa bàn tỉnh thống nhất đề cử.,,,,,,,,,,,,,,ch14_muc1_d185_k2_c,c),Tối thiểu 05 thành viên do các tổ chức đại diện của người sử dụng lao động trên địa bàn tỉnh thống nhất đề cử.,,,
ch14_muc1_d185_k3,CLAUSE,structural,"[""Tiêu chuẩn và chế độ làm việc của trọng tài viên lao động được quy định như sau: a) Trọng tài viên lao động là người hiểu biết pháp luật, có kinh nghiệm trong lĩnh vực quan hệ lao động, có uy tín và công tâm"", ""b) Khi đề cử trọng tài viên lao động theo quy định tại khoản 2 Điều này, cơ quan chuyên môn về lao động thuộc Ủy ban nhân dân cấp tỉnh, công đoàn cấp tỉnh, tổ chức đại diện của người sử dụng lao động có thể cử người của cơ quan, tổ chức mình hoặc cử người khác đáp ứng đầy đủ các tiêu chuẩn đối với trọng tài viên lao động theo quy định"", ""c) Thư ký Hội đồng trọng tài lao động thực hiện nhiệm vụ thường trực của Hội đồng trọng tài lao động"", ""Trọng tài viên lao động làm việc theo chế độ chuyên trách hoặc kiêm nhiệm""]","Tiêu chuẩn và chế độ làm việc của trọng tài viên lao động được quy định như sau: a) Trọng tài viên lao động là người hiểu biết pháp luật, có kinh nghiệm trong lĩnh vực quan hệ lao động, có uy tín và công tâm; b) Khi đề cử trọng tài viên lao động theo quy định tại khoản 2 Điều này, cơ quan chuyên môn về lao động thuộc Ủy ban nhân dân cấp tỉnh, công đoàn cấp tỉnh, tổ chức đại diện của người sử dụng lao động có thể cử người của cơ quan, tổ chức mình hoặc cử người khác đáp ứng đầy đủ các tiêu chuẩn đối với trọng tài viên lao động theo quy định; c) Thư ký Hội đồng trọng tài lao động thực hiện nhiệm vụ thường trực của Hội đồng trọng tài lao động. Trọng tài viên lao động làm việc theo chế độ chuyên trách hoặc kiêm nhiệm.",,,,,,,,,,,ch14_muc1_d185_k3,3,"Tiêu chuẩn và chế độ làm việc của trọng tài viên lao động được quy định như sau: a) Trọng tài viên lao động là người hiểu biết pháp luật, có kinh nghiệm trong lĩnh vực quan hệ lao động, có uy tín và công tâm; b) Khi đề cử trọng tài viên lao động theo quy định tại khoản 2 Điều này, cơ quan chuyên môn về lao động thuộc Ủy ban nhân dân cấp tỉnh, công đoàn cấp tỉnh, tổ chức đại diện của người sử dụng lao động có thể cử người của cơ quan, tổ chức mình hoặc cử người khác đáp ứng đầy đủ các tiêu chuẩn đối với trọng tài viên lao động theo quy định; c) Thư ký Hội đồng trọng tài lao động thực hiện nhiệm vụ thường trực của Hội đồng trọng tài lao động. Trọng tài viên lao động làm việc theo chế độ chuyên trách hoặc kiêm nhiệm.",,,,,,
ch14_muc1_d185_k3_a,POINT,structural,[],"Trọng tài viên lao động là người hiểu biết pháp luật, có kinh nghiệm trong lĩnh vực quan hệ lao động, có uy tín và công tâm;",,,,,,,,,,,,,,ch14_muc1_d185_k3_a,a),"Trọng tài viên lao động là người hiểu biết pháp luật, có kinh nghiệm trong lĩnh vực quan hệ lao động, có uy tín và công tâm;",,,
ch14_muc1_d185_k3_b,POINT,structural,[],"Khi đề cử trọng tài viên lao động theo quy định tại khoản 2 Điều này, cơ quan chuyên môn về lao động thuộc Ủy ban nhân dân cấp tỉnh, công đoàn cấp tỉnh, tổ chức đại diện của người sử dụng lao động có thể cử người của cơ quan, tổ chức mình hoặc cử người khác đáp ứng đầy đủ các tiêu chuẩn đối với trọng tài viên lao động theo quy định;",,,,,,,,,,,,,,ch14_muc1_d185_k3_b,b),"Khi đề cử trọng tài viên lao động theo quy định tại khoản 2 Điều này, cơ quan chuyên môn về lao động thuộc Ủy ban nhân dân cấp tỉnh, công đoàn cấp tỉnh, tổ chức đại diện của người sử dụng lao động có thể cử người của cơ quan, tổ chức mình hoặc cử người khác đáp ứng đầy đủ các tiêu chuẩn đối với trọng tài viên lao động theo quy định;",,,
ch14_muc1_d185_k3_c,POINT,structural,[],Thư ký Hội đồng trọng tài lao động thực hiện nhiệm vụ thường trực của Hội đồng trọng tài lao động. Trọng tài viên lao động làm việc theo chế độ chuyên trách hoặc kiêm nhiệm.,,,,,,,,,,,,,,ch14_muc1_d185_k3_c,c),Thư ký Hội đồng trọng tài lao động thực hiện nhiệm vụ thường trực của Hội đồng trọng tài lao động. Trọng tài viên lao động làm việc theo chế độ chuyên trách hoặc kiêm nhiệm.,,,
ch14_muc1_d185_k4,CLAUSE,structural,"[""Khi có yêu cầu giải quyết tranh chấp lao động theo quy định tại các điều 189, 193 và 197 của Bộ luật này, Hội đồng trọng tài lao động quyết định thành lập Ban trọng tài lao động để giải quyết tranh chấp như sau: a) Đại diện mỗi bên tranh chấp chọn 01 trọng tài viên trong số danh sách trọng tài viên lao động"", ""b) Trọng tài viên lao động do các bên lựa chọn theo quy định tại điểm a khoản này thống nhất lựa chọn 01 trọng tài viên lao động khác làm Trưởng Ban trọng tài lao động"", ""c) Trường hợp các bên tranh chấp cùng lựa chọn một trọng tài viên để giải quyết tranh chấp lao động thì Ban trọng tài lao động chỉ gồm 01 trọng tài viên lao động đã được lựa chọn""]","Khi có yêu cầu giải quyết tranh chấp lao động theo quy định tại các điều 189, 193 và 197 của Bộ luật này, Hội đồng trọng tài lao động quyết định thành lập Ban trọng tài lao động để giải quyết tranh chấp như sau: a) Đại diện mỗi bên tranh chấp chọn 01 trọng tài viên trong số danh sách trọng tài viên lao động; b) Trọng tài viên lao động do các bên lựa chọn theo quy định tại điểm a khoản này thống nhất lựa chọn 01 trọng tài viên lao động khác làm Trưởng Ban trọng tài lao động; c) Trường hợp các bên tranh chấp cùng lựa chọn một trọng tài viên để giải quyết tranh chấp lao động thì Ban trọng tài lao động chỉ gồm 01 trọng tài viên lao động đã được lựa chọn.",,,,,,,,,,,ch14_muc1_d185_k4,4,"Khi có yêu cầu giải quyết tranh chấp lao động theo quy định tại các điều 189, 193 và 197 của Bộ luật này, Hội đồng trọng tài lao động quyết định thành lập Ban trọng tài lao động để giải quyết tranh chấp như sau: a) Đại diện mỗi bên tranh chấp chọn 01 trọng tài viên trong số danh sách trọng tài viên lao động; b) Trọng tài viên lao động do các bên lựa chọn theo quy định tại điểm a khoản này thống nhất lựa chọn 01 trọng tài viên lao động khác làm Trưởng Ban trọng tài lao động; c) Trường hợp các bên tranh chấp cùng lựa chọn một trọng tài viên để giải quyết tranh chấp lao động thì Ban trọng tài lao động chỉ gồm 01 trọng tài viên lao động đã được lựa chọn.",,,,,,
ch14_muc1_d185_k4_a,POINT,structural,[],Đại diện mỗi bên tranh chấp chọn 01 trọng tài viên trong số danh sách trọng tài viên lao động;,,,,,,,,,,,,,,ch14_muc1_d185_k4_a,a),Đại diện mỗi bên tranh chấp chọn 01 trọng tài viên trong số danh sách trọng tài viên lao động;,,,
ch14_muc1_d185_k4_b,POINT,structural,[],Trọng tài viên lao động do các bên lựa chọn theo quy định tại điểm a khoản này thống nhất lựa chọn 01 trọng tài viên lao động khác làm Trưởng Ban trọng tài lao động;,,,,,,,,,,,,,,ch14_muc1_d185_k4_b,b),Trọng tài viên lao động do các bên lựa chọn theo quy định tại điểm a khoản này thống nhất lựa chọn 01 trọng tài viên lao động khác làm Trưởng Ban trọng tài lao động;,,,
ch14_muc1_d185_k4_c,POINT,structural,[],Trường hợp các bên tranh chấp cùng lựa chọn một trọng tài viên để giải quyết tranh chấp lao động thì Ban trọng tài lao động chỉ gồm 01 trọng tài viên lao động đã được lựa chọn.,,,,,,,,,,,,,,ch14_muc1_d185_k4_c,c),Trường hợp các bên tranh chấp cùng lựa chọn một trọng tài viên để giải quyết tranh chấp lao động thì Ban trọng tài lao động chỉ gồm 01 trọng tài viên lao động đã được lựa chọn.,,,
ch14_muc1_d185_k5,CLAUSE,structural,"[""Ban trọng tài lao động làm việc theo nguyên tắc tập thể và quyết định theo đa số, trừ trường hợp quy định tại điểm c khoản 4 Điều này""]","Ban trọng tài lao động làm việc theo nguyên tắc tập thể và quyết định theo đa số, trừ trường hợp quy định tại điểm c khoản 4 Điều này.",,,,,,,,,,,ch14_muc1_d185_k5,5,"Ban trọng tài lao động làm việc theo nguyên tắc tập thể và quyết định theo đa số, trừ trường hợp quy định tại điểm c khoản 4 Điều này.",,,,,,
ch14_muc1_d185_k6,CLAUSE,structural,"[""Chính phủ quy định chi tiết về tiêu chuẩn, điều kiện, trình tự, thủ tục bổ nhiệm, miễn nhiệm, chế độ và điều kiện hoạt động của trọng tài viên lao động, Hội đồng trọng tài lao động"", ""tổ chức và hoạt động của Hội đồng trọng tài lao động"", ""việc thành lập và hoạt động của Ban trọng tài lao động quy định tại Điều này""]","Chính phủ quy định chi tiết về tiêu chuẩn, điều kiện, trình tự, thủ tục bổ nhiệm, miễn nhiệm, chế độ và điều kiện hoạt động của trọng tài viên lao động, Hội đồng trọng tài lao động; tổ chức và hoạt động của Hội đồng trọng tài lao động; việc thành lập và hoạt động của Ban trọng tài lao động quy định tại Điều này.",,,,,,,,,,,ch14_muc1_d185_k6,6,"Chính phủ quy định chi tiết về tiêu chuẩn, điều kiện, trình tự, thủ tục bổ nhiệm, miễn nhiệm, chế độ và điều kiện hoạt động của trọng tài viên lao động, Hội đồng trọng tài lao động; tổ chức và hoạt động của Hội đồng trọng tài lao động; việc thành lập và hoạt động của Ban trọng tài lao động quy định tại Điều này.",,,,,,
ch14_muc1_d186,ARTICLE,structural,"[""Cấm hành động đơn phương trong khi tranh chấp lao động đang được giải quyết Khi tranh chấp lao động đang được cơ quan, tổ chức, cá nhân có thẩm quyền giải quyết trong thời hạn theo quy định của Bộ luật này thì không bên nào được hành động đơn phương chống lại bên kia""]","Cấm hành động đơn phương trong khi tranh chấp lao động đang được giải quyết Khi tranh chấp lao động đang được cơ quan, tổ chức, cá nhân có thẩm quyền giải quyết trong thời hạn theo quy định của Bộ luật này thì không bên nào được hành động đơn phương chống lại bên kia.",,,,,,,,ch14_muc1_d186,186,"Cấm hành động đơn phương trong khi tranh chấp lao động đang được giải quyết Khi tranh chấp lao động đang được cơ quan, tổ chức, cá nhân có thẩm quyền giải quyết trong thời hạn theo quy định của Bộ luật này thì không bên nào được hành động đơn phương chống lại bên kia.",,,,,,,,,
ch14_muc2,SECTION,structural,[],THẨM QUYỀN VÀ TRÌNH TỰ GIẢI QUYẾT TRANH CHẤP LAO ĐỘNG CÁ NHÂN,,,,,,,,,,,,,,,,,ch14_muc2,2,THẨM QUYỀN VÀ TRÌNH TỰ GIẢI QUYẾT TRANH CHẤP LAO ĐỘNG CÁ NHÂN
ch14_muc2_d187,ARTICLE,structural,"[""Thẩm quyền giải quyết tranh chấp lao động cá nhân Cơ quan, tổ chức, cá nhân có thẩm quyền giải quyết tranh chấp lao động cá nhân bao gồm:""]","Thẩm quyền giải quyết tranh chấp lao động cá nhân Cơ quan, tổ chức, cá nhân có thẩm quyền giải quyết tranh chấp lao động cá nhân bao gồm:",,,,,,,,ch14_muc2_d187,187,"Thẩm quyền giải quyết tranh chấp lao động cá nhân Cơ quan, tổ chức, cá nhân có thẩm quyền giải quyết tranh chấp lao động cá nhân bao gồm:",,,,,,,,,
ch14_muc2_d187_k1,CLAUSE,structural,"[""Hòa giải viên lao động""]",Hòa giải viên lao động;,,,,,,,,,,,ch14_muc2_d187_k1,1,Hòa giải viên lao động;,,,,,,
ch14_muc2_d187_k2,CLAUSE,structural,"[""Hội đồng trọng tài lao động""]",Hội đồng trọng tài lao động;,,,,,,,,,,,ch14_muc2_d187_k2,2,Hội đồng trọng tài lao động;,,,,,,
ch14_muc2_d187_k3,CLAUSE,structural,"[""Tòa án nhân dân""]",Tòa án nhân dân.,,,,,,,,,,,ch14_muc2_d187_k3,3,Tòa án nhân dân.,,,,,,
ch14_muc2_d188,ARTICLE,structural,"[""Trình tự, thủ tục hòa giải tranh chấp lao động cá nhân của hòa giải viên lao động""]","Trình tự, thủ tục hòa giải tranh chấp lao động cá nhân của hòa giải viên lao động",,,,,,,,ch14_muc2_d188,188,"Trình tự, thủ tục hòa giải tranh chấp lao động cá nhân của hòa giải viên lao động",,,,,,,,,
ch14_muc2_d188_k1,CLAUSE,structural,"[""Tranh chấp lao động cá nhân phải được giải quyết thông qua thủ tục hòa giải của hòa giải viên lao động trước khi yêu cầu Hội đồng trọng tài lao động hoặc Tòa án giải quyết, trừ các tranh chấp lao động sau đây không bắt buộc phải qua thủ tục hòa giải: a) Về xử lý kỷ luật lao động theo hình thức sa thải hoặc về trường hợp bị đơn phương chấm dứt hợp đồng lao động"", ""b) Về bồi thường thiệt hại, trợ cấp khi chấm dứt hợp đồng lao động"", ""c) Giữa người giúp việc gia đình với người sử dụng lao động"", ""d) Về bảo hiểm xã hội theo quy định của pháp luật về bảo hiểm xã hội, về bảo hiểm y tế theo quy định của pháp luật về bảo hiểm y tế, về bảo hiểm thất nghiệp theo quy định của pháp luật về việc làm, về bảo hiểm tai nạn lao động, bệnh nghề nghiệp theo quy định của pháp luật về an toàn, vệ sinh lao động"", ""đ) Về bồi thường thiệt hại giữa người lao động với doanh nghiệp, tổ chức đưa người lao động đi làm việc ở nước ngoài theo hợp đồng"", ""e) Giữa người lao động thuê lại với người sử dụng lao động thuê lại""]","Tranh chấp lao động cá nhân phải được giải quyết thông qua thủ tục hòa giải của hòa giải viên lao động trước khi yêu cầu Hội đồng trọng tài lao động hoặc Tòa án giải quyết, trừ các tranh chấp lao động sau đây không bắt buộc phải qua thủ tục hòa giải: a) Về xử lý kỷ luật lao động theo hình thức sa thải hoặc về trường hợp bị đơn phương chấm dứt hợp đồng lao động; b) Về bồi thường thiệt hại, trợ cấp khi chấm dứt hợp đồng lao động; c) Giữa người giúp việc gia đình với người sử dụng lao động; d) Về bảo hiểm xã hội theo quy định của pháp luật về bảo hiểm xã hội, về bảo hiểm y tế theo quy định của pháp luật về bảo hiểm y tế, về bảo hiểm thất nghiệp theo quy định của pháp luật về việc làm, về bảo hiểm tai nạn lao động, bệnh nghề nghiệp theo quy định của pháp luật về an toàn, vệ sinh lao động; đ) Về bồi thường thiệt hại giữa người lao động với doanh nghiệp, tổ chức đưa người lao động đi làm việc ở nước ngoài theo hợp đồng; e) Giữa người lao động thuê lại với người sử dụng lao động thuê lại.",,,,,,,,,,,ch14_muc2_d188_k1,1,"Tranh chấp lao động cá nhân phải được giải quyết thông qua thủ tục hòa giải của hòa giải viên lao động trước khi yêu cầu Hội đồng trọng tài lao động hoặc Tòa án giải quyết, trừ các tranh chấp lao động sau đây không bắt buộc phải qua thủ tục hòa giải: a) Về xử lý kỷ luật lao động theo hình thức sa thải hoặc về trường hợp bị đơn phương chấm dứt hợp đồng lao động; b) Về bồi thường thiệt hại, trợ cấp khi chấm dứt hợp đồng lao động; c) Giữa người giúp việc gia đình với người sử dụng lao động; d) Về bảo hiểm xã hội theo quy định của pháp luật về bảo hiểm xã hội, về bảo hiểm y tế theo quy định của pháp luật về bảo hiểm y tế, về bảo hiểm thất nghiệp theo quy định của pháp luật về việc làm, về bảo hiểm tai nạn lao động, bệnh nghề nghiệp theo quy định của pháp luật về an toàn, vệ sinh lao động; đ) Về bồi thường thiệt hại giữa người lao động với doanh nghiệp, tổ chức đưa người lao động đi làm việc ở nước ngoài theo hợp đồng; e) Giữa người lao động thuê lại với người sử dụng lao động thuê lại.",,,,,,
ch14_muc2_d188_k1_a,POINT,structural,[],Về xử lý kỷ luật lao động theo hình thức sa thải hoặc về trường hợp bị đơn phương chấm dứt hợp đồng lao động;,,,,,,,,,,,,,,ch14_muc2_d188_k1_a,a),Về xử lý kỷ luật lao động theo hình thức sa thải hoặc về trường hợp bị đơn phương chấm dứt hợp đồng lao động;,,,
ch14_muc2_d188_k1_b,POINT,structural,[],"Về bồi thường thiệt hại, trợ cấp khi chấm dứt hợp đồng lao động;",,,,,,,,,,,,,,ch14_muc2_d188_k1_b,b),"Về bồi thường thiệt hại, trợ cấp khi chấm dứt hợp đồng lao động;",,,
ch14_muc2_d188_k1_c,POINT,structural,[],Giữa người giúp việc gia đình với người sử dụng lao động;,,,,,,,,,,,,,,ch14_muc2_d188_k1_c,c),Giữa người giúp việc gia đình với người sử dụng lao động;,,,
ch14_muc2_d188_k1_d,POINT,structural,[],"Về bảo hiểm xã hội theo quy định của pháp luật về bảo hiểm xã hội, về bảo hiểm y tế theo quy định của pháp luật về bảo hiểm y tế, về bảo hiểm thất nghiệp theo quy định của pháp luật về việc làm, về bảo hiểm tai nạn lao động, bệnh nghề nghiệp theo quy định của pháp luật về an toàn, vệ sinh lao động;",,,,,,,,,,,,,,ch14_muc2_d188_k1_d,d),"Về bảo hiểm xã hội theo quy định của pháp luật về bảo hiểm xã hội, về bảo hiểm y tế theo quy định của pháp luật về bảo hiểm y tế, về bảo hiểm thất nghiệp theo quy định của pháp luật về việc làm, về bảo hiểm tai nạn lao động, bệnh nghề nghiệp theo quy định của pháp luật về an toàn, vệ sinh lao động;",,,
ch14_muc2_d188_k1_đ,POINT,structural,[],"Về bồi thường thiệt hại giữa người lao động với doanh nghiệp, tổ chức đưa người lao động đi làm việc ở nước ngoài theo hợp đồng;",,,,,,,,,,,,,,ch14_muc2_d188_k1_đ,đ),"Về bồi thường thiệt hại giữa người lao động với doanh nghiệp, tổ chức đưa người lao động đi làm việc ở nước ngoài theo hợp đồng;",,,
ch14_muc2_d188_k1_e,POINT,structural,[],Giữa người lao động thuê lại với người sử dụng lao động thuê lại.,,,,,,,,,,,,,,ch14_muc2_d188_k1_e,e),Giữa người lao động thuê lại với người sử dụng lao động thuê lại.,,,
ch14_muc2_d188_k2,CLAUSE,structural,"[""Trong thời hạn 05 ngày làm việc kể từ ngày hòa giải viên lao động nhận được yêu cầu từ bên yêu cầu giải quyết tranh chấp hoặc từ cơ quan quy định tại khoản 3 Điều 181 của Bộ luật này, hòa giải viên lao động phải kết thúc việc hòa giải""]","Trong thời hạn 05 ngày làm việc kể từ ngày hòa giải viên lao động nhận được yêu cầu từ bên yêu cầu giải quyết tranh chấp hoặc từ cơ quan quy định tại khoản 3 Điều 181 của Bộ luật này, hòa giải viên lao động phải kết thúc việc hòa giải.",,,,,,,,,,,ch14_muc2_d188_k2,2,"Trong thời hạn 05 ngày làm việc kể từ ngày hòa giải viên lao động nhận được yêu cầu từ bên yêu cầu giải quyết tranh chấp hoặc từ cơ quan quy định tại khoản 3 Điều 181 của Bộ luật này, hòa giải viên lao động phải kết thúc việc hòa giải.",,,,,,
ch14_muc2_d188_k3,CLAUSE,structural,"[""Tại phiên họp hòa giải phải có mặt hai bên tranh chấp"", ""Các bên tranh chấp có thể ủy quyền cho người khác tham gia phiên họp hòa giải""]",Tại phiên họp hòa giải phải có mặt hai bên tranh chấp. Các bên tranh chấp có thể ủy quyền cho người khác tham gia phiên họp hòa giải.,,,,,,,,,,,ch14_muc2_d188_k3,3,Tại phiên họp hòa giải phải có mặt hai bên tranh chấp. Các bên tranh chấp có thể ủy quyền cho người khác tham gia phiên họp hòa giải.,,,,,,
ch14_muc2_d188_k4,CLAUSE,structural,"[""Hòa giải viên lao động có trách nhiệm hướng dẫn, hỗ trợ các bên thương lượng để giải quyết tranh chấp"", ""Trường hợp các bên thỏa thuận được, hòa giải viên lao động lập biên bản hòa giải thành"", ""Biên bản hòa giải thành phải có chữ ký của các bên tranh chấp và hòa giải viên lao động"", ""Trường hợp các bên không thỏa thuận được, hòa giải viên lao động đưa ra phương án hòa giải để các bên xem xét"", ""Trường hợp các bên chấp nhận phương án hòa giải thì hòa giải viên lao động lập biên bản hòa giải thành"", ""Biên bản hòa giải thành phải có chữ ký của các bên tranh chấp và hòa giải viên lao động"", ""Trường hợp phương án hòa giải không được chấp nhận hoặc có bên tranh chấp đã được triệu tập hợp lệ đến lần thứ hai mà vẫn vắng mặt không có lý do chính đáng thì hòa giải viên lao động lập biên bản hòa giải không thành"", ""Biên bản hòa giải không thành phải có chữ ký của bên tranh chấp có mặt và hòa giải viên lao động""]","Hòa giải viên lao động có trách nhiệm hướng dẫn, hỗ trợ các bên thương lượng để giải quyết tranh chấp. Trường hợp các bên thỏa thuận được, hòa giải viên lao động lập biên bản hòa giải thành. Biên bản hòa giải thành phải có chữ ký của các bên tranh chấp và hòa giải viên lao động. Trường hợp các bên không thỏa thuận được, hòa giải viên lao động đưa ra phương án hòa giải để các bên xem xét. Trường hợp các bên chấp nhận phương án hòa giải thì hòa giải viên lao động lập biên bản hòa giải thành. Biên bản hòa giải thành phải có chữ ký của các bên tranh chấp và hòa giải viên lao động. Trường hợp phương án hòa giải không được chấp nhận hoặc có bên tranh chấp đã được triệu tập hợp lệ đến lần thứ hai mà vẫn vắng mặt không có lý do chính đáng thì hòa giải viên lao động lập biên bản hòa giải không thành. Biên bản hòa giải không thành phải có chữ ký của bên tranh chấp có mặt và hòa giải viên lao động.",,,,,,,,,,,ch14_muc2_d188_k4,4,"Hòa giải viên lao động có trách nhiệm hướng dẫn, hỗ trợ các bên thương lượng để giải quyết tranh chấp. Trường hợp các bên thỏa thuận được, hòa giải viên lao động lập biên bản hòa giải thành. Biên bản hòa giải thành phải có chữ ký của các bên tranh chấp và hòa giải viên lao động. Trường hợp các bên không thỏa thuận được, hòa giải viên lao động đưa ra phương án hòa giải để các bên xem xét. Trường hợp các bên chấp nhận phương án hòa giải thì hòa giải viên lao động lập biên bản hòa giải thành. Biên bản hòa giải thành phải có chữ ký của các bên tranh chấp và hòa giải viên lao động. Trường hợp phương án hòa giải không được chấp nhận hoặc có bên tranh chấp đã được triệu tập hợp lệ đến lần thứ hai mà vẫn vắng mặt không có lý do chính đáng thì hòa giải viên lao động lập biên bản hòa giải không thành. Biên bản hòa giải không thành phải có chữ ký của bên tranh chấp có mặt và hòa giải viên lao động.",,,,,,
ch14_muc2_d188_k5,CLAUSE,structural,"[""Bản sao biên bản hòa giải thành hoặc hòa giải không thành phải được gửi cho các bên tranh chấp trong thời hạn 01 ngày làm việc kể từ ngày lập biên bản""]",Bản sao biên bản hòa giải thành hoặc hòa giải không thành phải được gửi cho các bên tranh chấp trong thời hạn 01 ngày làm việc kể từ ngày lập biên bản.,,,,,,,,,,,ch14_muc2_d188_k5,5,Bản sao biên bản hòa giải thành hoặc hòa giải không thành phải được gửi cho các bên tranh chấp trong thời hạn 01 ngày làm việc kể từ ngày lập biên bản.,,,,,,
ch14_muc2_d188_k6,CLAUSE,structural,"[""Trường hợp một trong các bên không thực hiện các thỏa thuận trong biên bản hòa giải thành thì bên kia có quyền yêu cầu Hội đồng trọng tài lao động hoặc Tòa án giải quyết""]",Trường hợp một trong các bên không thực hiện các thỏa thuận trong biên bản hòa giải thành thì bên kia có quyền yêu cầu Hội đồng trọng tài lao động hoặc Tòa án giải quyết.,,,,,,,,,,,ch14_muc2_d188_k6,6,Trường hợp một trong các bên không thực hiện các thỏa thuận trong biên bản hòa giải thành thì bên kia có quyền yêu cầu Hội đồng trọng tài lao động hoặc Tòa án giải quyết.,,,,,,
ch14_muc2_d188_k7,CLAUSE,structural,"[""Trường hợp không bắt buộc phải qua thủ tục hòa giải quy định tại khoản 1 Điều này hoặc trường hợp hết thời hạn hòa giải quy định tại khoản 2 Điều này mà hòa giải viên lao động không tiến hành hòa giải hoặc trường hợp hòa giải không thành theo quy định tại khoản 4 Điều này thì các bên tranh chấp có quyền lựa chọn một trong các phương thức sau để giải quyết tranh chấp: a) Yêu cầu Hội đồng trọng tài lao động giải quyết theo quy định tại Điều 189 của Bộ luật này"", ""b) Yêu cầu Tòa án giải quyết""]",Trường hợp không bắt buộc phải qua thủ tục hòa giải quy định tại khoản 1 Điều này hoặc trường hợp hết thời hạn hòa giải quy định tại khoản 2 Điều này mà hòa giải viên lao động không tiến hành hòa giải hoặc trường hợp hòa giải không thành theo quy định tại khoản 4 Điều này thì các bên tranh chấp có quyền lựa chọn một trong các phương thức sau để giải quyết tranh chấp: a) Yêu cầu Hội đồng trọng tài lao động giải quyết theo quy định tại Điều 189 của Bộ luật này; b) Yêu cầu Tòa án giải quyết.,,,,,,,,,,,ch14_muc2_d188_k7,7,Trường hợp không bắt buộc phải qua thủ tục hòa giải quy định tại khoản 1 Điều này hoặc trường hợp hết thời hạn hòa giải quy định tại khoản 2 Điều này mà hòa giải viên lao động không tiến hành hòa giải hoặc trường hợp hòa giải không thành theo quy định tại khoản 4 Điều này thì các bên tranh chấp có quyền lựa chọn một trong các phương thức sau để giải quyết tranh chấp: a) Yêu cầu Hội đồng trọng tài lao động giải quyết theo quy định tại Điều 189 của Bộ luật này; b) Yêu cầu Tòa án giải quyết.,,,,,,
ch14_muc2_d188_k7_a,POINT,structural,[],Yêu cầu Hội đồng trọng tài lao động giải quyết theo quy định tại Điều 189 của Bộ luật này;,,,,,,,,,,,,,,ch14_muc2_d188_k7_a,a),Yêu cầu Hội đồng trọng tài lao động giải quyết theo quy định tại Điều 189 của Bộ luật này;,,,
ch14_muc2_d188_k7_b,POINT,structural,[],Yêu cầu Tòa án giải quyết.,,,,,,,,,,,,,,ch14_muc2_d188_k7_b,b),Yêu cầu Tòa án giải quyết.,,,
ch14_muc2_d189,ARTICLE,structural,"[""Giải quyết tranh chấp lao động cá nhân của Hội đồng trọng tài lao động""]",Giải quyết tranh chấp lao động cá nhân của Hội đồng trọng tài lao động,,,,,,,,ch14_muc2_d189,189,Giải quyết tranh chấp lao động cá nhân của Hội đồng trọng tài lao động,,,,,,,,,
ch14_muc2_d189_k1,CLAUSE,structural,"[""Trên cơ sở đồng thuận, các bên tranh chấp có quyền yêu cầu Hội đồng trọng tài lao động giải quyết tranh chấp trong trường hợp quy định tại khoản 7 Điều 188 của Bộ luật này"", ""Khi yêu cầu Hội đồng trọng tài lao động giải quyết tranh chấp, các bên không được đồng thời yêu cầu Tòa án giải quyết, trừ trường hợp quy định tại khoản 4 Điều này""]","Trên cơ sở đồng thuận, các bên tranh chấp có quyền yêu cầu Hội đồng trọng tài lao động giải quyết tranh chấp trong trường hợp quy định tại khoản 7 Điều 188 của Bộ luật này. Khi yêu cầu Hội đồng trọng tài lao động giải quyết tranh chấp, các bên không được đồng thời yêu cầu Tòa án giải quyết, trừ trường hợp quy định tại khoản 4 Điều này.",,,,,,,,,,,ch14_muc2_d189_k1,1,"Trên cơ sở đồng thuận, các bên tranh chấp có quyền yêu cầu Hội đồng trọng tài lao động giải quyết tranh chấp trong trường hợp quy định tại khoản 7 Điều 188 của Bộ luật này. Khi yêu cầu Hội đồng trọng tài lao động giải quyết tranh chấp, các bên không được đồng thời yêu cầu Tòa án giải quyết, trừ trường hợp quy định tại khoản 4 Điều này.",,,,,,
ch14_muc2_d189_k2,CLAUSE,structural,"[""Trong thời hạn 07 ngày làm việc kể từ ngày nhận được yêu cầu giải quyết tranh chấp theo quy định tại khoản 1 Điều này, Ban trọng tài lao động phải được thành lập để giải quyết tranh chấp""]","Trong thời hạn 07 ngày làm việc kể từ ngày nhận được yêu cầu giải quyết tranh chấp theo quy định tại khoản 1 Điều này, Ban trọng tài lao động phải được thành lập để giải quyết tranh chấp.",,,,,,,,,,,ch14_muc2_d189_k2,2,"Trong thời hạn 07 ngày làm việc kể từ ngày nhận được yêu cầu giải quyết tranh chấp theo quy định tại khoản 1 Điều này, Ban trọng tài lao động phải được thành lập để giải quyết tranh chấp.",,,,,,
ch14_muc2_d189_k3,CLAUSE,structural,"[""Trong thời hạn 30 ngày kể từ ngày Ban trọng tài lao động được thành lập, Ban trọng tài lao động phải ra quyết định về việc giải quyết tranh chấp và gửi cho các bên tranh chấp""]","Trong thời hạn 30 ngày kể từ ngày Ban trọng tài lao động được thành lập, Ban trọng tài lao động phải ra quyết định về việc giải quyết tranh chấp và gửi cho các bên tranh chấp.",,,,,,,,,,,ch14_muc2_d189_k3,3,"Trong thời hạn 30 ngày kể từ ngày Ban trọng tài lao động được thành lập, Ban trọng tài lao động phải ra quyết định về việc giải quyết tranh chấp và gửi cho các bên tranh chấp.",,,,,,
ch14_muc2_d189_k4,CLAUSE,structural,"[""Trường hợp hết thời hạn quy định tại khoản 2 Điều này mà Ban trọng tài lao động không được thành lập hoặc hết thời hạn quy định tại khoản 3 Điều này mà Ban trọng tài lao động không ra quyết định giải quyết tranh chấp thì các bên có quyền yêu cầu Tòa án giải quyết""]",Trường hợp hết thời hạn quy định tại khoản 2 Điều này mà Ban trọng tài lao động không được thành lập hoặc hết thời hạn quy định tại khoản 3 Điều này mà Ban trọng tài lao động không ra quyết định giải quyết tranh chấp thì các bên có quyền yêu cầu Tòa án giải quyết.,,,,,,,,,,,ch14_muc2_d189_k4,4,Trường hợp hết thời hạn quy định tại khoản 2 Điều này mà Ban trọng tài lao động không được thành lập hoặc hết thời hạn quy định tại khoản 3 Điều này mà Ban trọng tài lao động không ra quyết định giải quyết tranh chấp thì các bên có quyền yêu cầu Tòa án giải quyết.,,,,,,
ch14_muc2_d189_k5,CLAUSE,structural,"[""Trường hợp một trong các bên không thi hành quyết định giải quyết tranh chấp của Ban trọng tài lao động thì các bên có quyền yêu cầu Tòa án giải quyết""]",Trường hợp một trong các bên không thi hành quyết định giải quyết tranh chấp của Ban trọng tài lao động thì các bên có quyền yêu cầu Tòa án giải quyết.,,,,,,,,,,,ch14_muc2_d189_k5,5,Trường hợp một trong các bên không thi hành quyết định giải quyết tranh chấp của Ban trọng tài lao động thì các bên có quyền yêu cầu Tòa án giải quyết.,,,,,,
ch14_muc2_d190,ARTICLE,structural,"[""Thời hiệu yêu cầu giải quyết tranh chấp lao động cá nhân""]",Thời hiệu yêu cầu giải quyết tranh chấp lao động cá nhân,,,,,,,,ch14_muc2_d190,190,Thời hiệu yêu cầu giải quyết tranh chấp lao động cá nhân,,,,,,,,,
ch14_muc2_d190_k1,CLAUSE,structural,"[""Thời hiệu yêu cầu hòa giải viên lao động thực hiện hòa giải tranh chấp lao động cá nhân là 06 tháng kể từ ngày phát hiện ra hành vi mà bên tranh chấp cho rằng quyền và lợi ích hợp pháp của mình bị vi phạm""]",Thời hiệu yêu cầu hòa giải viên lao động thực hiện hòa giải tranh chấp lao động cá nhân là 06 tháng kể từ ngày phát hiện ra hành vi mà bên tranh chấp cho rằng quyền và lợi ích hợp pháp của mình bị vi phạm.,,,,,,,,,,,ch14_muc2_d190_k1,1,Thời hiệu yêu cầu hòa giải viên lao động thực hiện hòa giải tranh chấp lao động cá nhân là 06 tháng kể từ ngày phát hiện ra hành vi mà bên tranh chấp cho rằng quyền và lợi ích hợp pháp của mình bị vi phạm.,,,,,,
ch14_muc2_d190_k2,CLAUSE,structural,"[""Thời hiệu yêu cầu Hội đồng trọng tài lao động giải quyết tranh chấp lao động cá nhân là 09 tháng kể từ ngày phát hiện ra hành vi mà bên tranh chấp cho rằng quyền và lợi ích hợp pháp của mình bị vi phạm""]",Thời hiệu yêu cầu Hội đồng trọng tài lao động giải quyết tranh chấp lao động cá nhân là 09 tháng kể từ ngày phát hiện ra hành vi mà bên tranh chấp cho rằng quyền và lợi ích hợp pháp của mình bị vi phạm.,,,,,,,,,,,ch14_muc2_d190_k2,2,Thời hiệu yêu cầu Hội đồng trọng tài lao động giải quyết tranh chấp lao động cá nhân là 09 tháng kể từ ngày phát hiện ra hành vi mà bên tranh chấp cho rằng quyền và lợi ích hợp pháp của mình bị vi phạm.,,,,,,
ch14_muc2_d190_k3,CLAUSE,structural,"[""Thời hiệu yêu cầu Tòa án giải quyết tranh chấp lao động cá nhân là 01 năm kể từ ngày phát hiện ra hành vi mà bên tranh chấp cho rằng quyền và lợi ích hợp pháp của mình bị vi phạm""]",Thời hiệu yêu cầu Tòa án giải quyết tranh chấp lao động cá nhân là 01 năm kể từ ngày phát hiện ra hành vi mà bên tranh chấp cho rằng quyền và lợi ích hợp pháp của mình bị vi phạm.,,,,,,,,,,,ch14_muc2_d190_k3,3,Thời hiệu yêu cầu Tòa án giải quyết tranh chấp lao động cá nhân là 01 năm kể từ ngày phát hiện ra hành vi mà bên tranh chấp cho rằng quyền và lợi ích hợp pháp của mình bị vi phạm.,,,,,,
ch14_muc2_d190_k4,CLAUSE,structural,"[""Trường hợp người yêu cầu chứng minh được vì sự kiện bất khả kháng, trở ngại khách quan hoặc lý do khác theo quy định của pháp luật mà không thể yêu cầu đúng thời hạn quy định tại Điều này thì thời gian có sự kiện bất khả kháng, trở ngại khách quan hoặc lý do đó không tính vào thời hiệu yêu cầu giải quyết tranh chấp lao động cá nhân""]","Trường hợp người yêu cầu chứng minh được vì sự kiện bất khả kháng, trở ngại khách quan hoặc lý do khác theo quy định của pháp luật mà không thể yêu cầu đúng thời hạn quy định tại Điều này thì thời gian có sự kiện bất khả kháng, trở ngại khách quan hoặc lý do đó không tính vào thời hiệu yêu cầu giải quyết tranh chấp lao động cá nhân.",,,,,,,,,,,ch14_muc2_d190_k4,4,"Trường hợp người yêu cầu chứng minh được vì sự kiện bất khả kháng, trở ngại khách quan hoặc lý do khác theo quy định của pháp luật mà không thể yêu cầu đúng thời hạn quy định tại Điều này thì thời gian có sự kiện bất khả kháng, trở ngại khách quan hoặc lý do đó không tính vào thời hiệu yêu cầu giải quyết tranh chấp lao động cá nhân.",,,,,,
ch14_muc3,SECTION,structural,[],THẨM QUYỀN VÀ TRÌNH TỰ GIẢI QUYẾT TRANH CHẤP LAO ĐỘNG TẬP THỂ VỀ QUYỀN,,,,,,,,,,,,,,,,,ch14_muc3,3,THẨM QUYỀN VÀ TRÌNH TỰ GIẢI QUYẾT TRANH CHẤP LAO ĐỘNG TẬP THỂ VỀ QUYỀN
ch14_muc3_d191,ARTICLE,structural,"[""Thẩm quyền giải quyết tranh chấp lao động tập thể về quyền""]",Thẩm quyền giải quyết tranh chấp lao động tập thể về quyền,,,,,,,,ch14_muc3_d191,191,Thẩm quyền giải quyết tranh chấp lao động tập thể về quyền,,,,,,,,,
ch14_muc3_d191_k1,CLAUSE,structural,"[""Cơ quan, tổ chức, cá nhân có thẩm quyền giải quyết tranh chấp lao động tập thể về quyền bao gồm: a) Hòa giải viên lao động"", ""b) Hội đồng trọng tài lao động"", ""c) Tòa án nhân dân""]","Cơ quan, tổ chức, cá nhân có thẩm quyền giải quyết tranh chấp lao động tập thể về quyền bao gồm: a) Hòa giải viên lao động; b) Hội đồng trọng tài lao động; c) Tòa án nhân dân.",,,,,,,,,,,ch14_muc3_d191_k1,1,"Cơ quan, tổ chức, cá nhân có thẩm quyền giải quyết tranh chấp lao động tập thể về quyền bao gồm: a) Hòa giải viên lao động; b) Hội đồng trọng tài lao động; c) Tòa án nhân dân.",,,,,,
ch14_muc3_d191_k1_a,POINT,structural,[],Hòa giải viên lao động;,,,,,,,,,,,,,,ch14_muc3_d191_k1_a,a),Hòa giải viên lao động;,,,
ch14_muc3_d191_k1_b,POINT,structural,[],Hội đồng trọng tài lao động;,,,,,,,,,,,,,,ch14_muc3_d191_k1_b,b),Hội đồng trọng tài lao động;,,,
ch14_muc3_d191_k1_c,POINT,structural,[],Tòa án nhân dân.,,,,,,,,,,,,,,ch14_muc3_d191_k1_c,c),Tòa án nhân dân.,,,
ch14_muc3_d191_k2,CLAUSE,structural,"[""Tranh chấp lao động tập thể về quyền phải được giải quyết thông qua thủ tục hòa giải của hòa giải viên lao động trước khi yêu cầu Hội đồng trọng tài lao động hoặc Tòa án giải quyết""]",Tranh chấp lao động tập thể về quyền phải được giải quyết thông qua thủ tục hòa giải của hòa giải viên lao động trước khi yêu cầu Hội đồng trọng tài lao động hoặc Tòa án giải quyết.,,,,,,,,,,,ch14_muc3_d191_k2,2,Tranh chấp lao động tập thể về quyền phải được giải quyết thông qua thủ tục hòa giải của hòa giải viên lao động trước khi yêu cầu Hội đồng trọng tài lao động hoặc Tòa án giải quyết.,,,,,,
ch14_muc3_d192,ARTICLE,structural,"[""Trình tự, thủ tục giải quyết tranh chấp lao động tập thể về quyền""]","Trình tự, thủ tục giải quyết tranh chấp lao động tập thể về quyền",,,,,,,,ch14_muc3_d192,192,"Trình tự, thủ tục giải quyết tranh chấp lao động tập thể về quyền",,,,,,,,,
ch14_muc3_d192_k1,CLAUSE,structural,"[""Trình tự, thủ tục hòa giải tranh chấp lao động tập thể về quyền được thực hiện theo quy định tại các khoản 2, 3, 4, 5 và 6 Điều 188 của Bộ luật này"", ""Đối với tranh chấp quy định tại điểm b và điểm c khoản 2 Điều 179 của Bộ luật này mà xác định có hành vi vi phạm pháp luật thì hòa giải viên lao động lập biên bản và chuyển hồ sơ, tài liệu đến cơ quan có thẩm quyền xem xét, xử lý theo quy định của pháp luật""]","Trình tự, thủ tục hòa giải tranh chấp lao động tập thể về quyền được thực hiện theo quy định tại các khoản 2, 3, 4, 5 và 6 Điều 188 của Bộ luật này. Đối với tranh chấp quy định tại điểm b và điểm c khoản 2 Điều 179 của Bộ luật này mà xác định có hành vi vi phạm pháp luật thì hòa giải viên lao động lập biên bản và chuyển hồ sơ, tài liệu đến cơ quan có thẩm quyền xem xét, xử lý theo quy định của pháp luật.",,,,,,,,,,,ch14_muc3_d192_k1,1,"Trình tự, thủ tục hòa giải tranh chấp lao động tập thể về quyền được thực hiện theo quy định tại các khoản 2, 3, 4, 5 và 6 Điều 188 của Bộ luật này. Đối với tranh chấp quy định tại điểm b và điểm c khoản 2 Điều 179 của Bộ luật này mà xác định có hành vi vi phạm pháp luật thì hòa giải viên lao động lập biên bản và chuyển hồ sơ, tài liệu đến cơ quan có thẩm quyền xem xét, xử lý theo quy định của pháp luật.",,,,,,
ch14_muc3_d192_k2,CLAUSE,structural,"[""Trong trường hợp hòa giải không thành hoặc hết thời hạn hòa giải quy định tại khoản 2 Điều 188 của Bộ luật này mà hòa giải viên lao động không tiến hành hòa giải thì các bên tranh chấp có quyền lựa chọn một trong các phương thức sau để giải quyết tranh chấp: a) Yêu cầu Hội đồng trọng tài lao động giải quyết theo quy định tại Điều 193 của Bộ luật này"", ""b) Yêu cầu Tòa án giải quyết""]",Trong trường hợp hòa giải không thành hoặc hết thời hạn hòa giải quy định tại khoản 2 Điều 188 của Bộ luật này mà hòa giải viên lao động không tiến hành hòa giải thì các bên tranh chấp có quyền lựa chọn một trong các phương thức sau để giải quyết tranh chấp: a) Yêu cầu Hội đồng trọng tài lao động giải quyết theo quy định tại Điều 193 của Bộ luật này; b) Yêu cầu Tòa án giải quyết.,,,,,,,,,,,ch14_muc3_d192_k2,2,Trong trường hợp hòa giải không thành hoặc hết thời hạn hòa giải quy định tại khoản 2 Điều 188 của Bộ luật này mà hòa giải viên lao động không tiến hành hòa giải thì các bên tranh chấp có quyền lựa chọn một trong các phương thức sau để giải quyết tranh chấp: a) Yêu cầu Hội đồng trọng tài lao động giải quyết theo quy định tại Điều 193 của Bộ luật này; b) Yêu cầu Tòa án giải quyết.,,,,,,
ch14_muc3_d192_k2_a,POINT,structural,[],Yêu cầu Hội đồng trọng tài lao động giải quyết theo quy định tại Điều 193 của Bộ luật này;,,,,,,,,,,,,,,ch14_muc3_d192_k2_a,a),Yêu cầu Hội đồng trọng tài lao động giải quyết theo quy định tại Điều 193 của Bộ luật này;,,,
ch14_muc3_d192_k2_b,POINT,structural,[],Yêu cầu Tòa án giải quyết.,,,,,,,,,,,,,,ch14_muc3_d192_k2_b,b),Yêu cầu Tòa án giải quyết.,,,
ch14_muc3_d193,ARTICLE,structural,"[""Giải quyết tranh chấp lao động tập thể về quyền của Hội đồng trọng tài lao động""]",Giải quyết tranh chấp lao động tập thể về quyền của Hội đồng trọng tài lao động,,,,,,,,ch14_muc3_d193,193,Giải quyết tranh chấp lao động tập thể về quyền của Hội đồng trọng tài lao động,,,,,,,,,
ch14_muc3_d193_k1,CLAUSE,structural,"[""Trên cơ sở đồng thuận, các bên tranh chấp có quyền yêu cầu Hội đồng trọng tài lao động giải quyết tranh chấp trong trường hợp hòa giải không thành hoặc hết thời hạn hòa giải quy định tại khoản 2 Điều 188 của Bộ luật này mà hòa giải viên lao động không tiến hành hòa giải hoặc một trong các bên không thực hiện thỏa thuận trong biên bản hòa giải thành""]","Trên cơ sở đồng thuận, các bên tranh chấp có quyền yêu cầu Hội đồng trọng tài lao động giải quyết tranh chấp trong trường hợp hòa giải không thành hoặc hết thời hạn hòa giải quy định tại khoản 2 Điều 188 của Bộ luật này mà hòa giải viên lao động không tiến hành hòa giải hoặc một trong các bên không thực hiện thỏa thuận trong biên bản hòa giải thành.",,,,,,,,,,,ch14_muc3_d193_k1,1,"Trên cơ sở đồng thuận, các bên tranh chấp có quyền yêu cầu Hội đồng trọng tài lao động giải quyết tranh chấp trong trường hợp hòa giải không thành hoặc hết thời hạn hòa giải quy định tại khoản 2 Điều 188 của Bộ luật này mà hòa giải viên lao động không tiến hành hòa giải hoặc một trong các bên không thực hiện thỏa thuận trong biên bản hòa giải thành.",,,,,,
ch14_muc3_d193_k2,CLAUSE,structural,"[""Trong thời hạn 07 ngày làm việc kể từ ngày nhận được yêu cầu giải quyết tranh chấp theo quy định tại khoản 1 Điều này, Ban trọng tài lao động phải được thành lập để giải quyết tranh chấp""]","Trong thời hạn 07 ngày làm việc kể từ ngày nhận được yêu cầu giải quyết tranh chấp theo quy định tại khoản 1 Điều này, Ban trọng tài lao động phải được thành lập để giải quyết tranh chấp.",,,,,,,,,,,ch14_muc3_d193_k2,2,"Trong thời hạn 07 ngày làm việc kể từ ngày nhận được yêu cầu giải quyết tranh chấp theo quy định tại khoản 1 Điều này, Ban trọng tài lao động phải được thành lập để giải quyết tranh chấp.",,,,,,
ch14_muc3_d193_k3,CLAUSE,structural,"[""Trong thời hạn 30 ngày kể từ ngày được thành lập, căn cứ vào quy định của pháp luật về lao động, thỏa ước lao động tập thể, nội quy lao động đã được đăng ký và các quy chế, thỏa thuận hợp pháp khác, Ban trọng tài phải ra quyết định về việc giải quyết tranh chấp và gửi cho các bên tranh chấp"", ""Đối với tranh chấp quy định tại điểm b và điểm c khoản 2 Điều 179 của Bộ luật này mà xác định có hành vi vi phạm pháp luật thì Ban trọng tài lao động không ra quyết định giải quyết mà lập biên bản và chuyển hồ sơ, tài liệu đến cơ quan có thẩm quyền xem xét, xử lý theo quy định của pháp luật""]","Trong thời hạn 30 ngày kể từ ngày được thành lập, căn cứ vào quy định của pháp luật về lao động, thỏa ước lao động tập thể, nội quy lao động đã được đăng ký và các quy chế, thỏa thuận hợp pháp khác, Ban trọng tài phải ra quyết định về việc giải quyết tranh chấp và gửi cho các bên tranh chấp. Đối với tranh chấp quy định tại điểm b và điểm c khoản 2 Điều 179 của Bộ luật này mà xác định có hành vi vi phạm pháp luật thì Ban trọng tài lao động không ra quyết định giải quyết mà lập biên bản và chuyển hồ sơ, tài liệu đến cơ quan có thẩm quyền xem xét, xử lý theo quy định của pháp luật.",,,,,,,,,,,ch14_muc3_d193_k3,3,"Trong thời hạn 30 ngày kể từ ngày được thành lập, căn cứ vào quy định của pháp luật về lao động, thỏa ước lao động tập thể, nội quy lao động đã được đăng ký và các quy chế, thỏa thuận hợp pháp khác, Ban trọng tài phải ra quyết định về việc giải quyết tranh chấp và gửi cho các bên tranh chấp. Đối với tranh chấp quy định tại điểm b và điểm c khoản 2 Điều 179 của Bộ luật này mà xác định có hành vi vi phạm pháp luật thì Ban trọng tài lao động không ra quyết định giải quyết mà lập biên bản và chuyển hồ sơ, tài liệu đến cơ quan có thẩm quyền xem xét, xử lý theo quy định của pháp luật.",,,,,,
ch14_muc3_d193_k4,CLAUSE,structural,"[""Trường hợp các bên lựa chọn giải quyết tranh chấp thông qua Hội đồng trọng tài lao động theo quy định tại Điều này thì trong thời gian Hội đồng trọng tài lao động đang tiến hành giải quyết tranh chấp, các bên không được đồng thời yêu cầu Tòa án giải quyết""]","Trường hợp các bên lựa chọn giải quyết tranh chấp thông qua Hội đồng trọng tài lao động theo quy định tại Điều này thì trong thời gian Hội đồng trọng tài lao động đang tiến hành giải quyết tranh chấp, các bên không được đồng thời yêu cầu Tòa án giải quyết.",,,,,,,,,,,ch14_muc3_d193_k4,4,"Trường hợp các bên lựa chọn giải quyết tranh chấp thông qua Hội đồng trọng tài lao động theo quy định tại Điều này thì trong thời gian Hội đồng trọng tài lao động đang tiến hành giải quyết tranh chấp, các bên không được đồng thời yêu cầu Tòa án giải quyết.",,,,,,
ch14_muc3_d193_k5,CLAUSE,structural,"[""Khi hết thời hạn quy định tại khoản 2 Điều này mà Ban trọng tài lao động không được thành lập hoặc hết thời hạn quy định tại khoản 3 Điều này mà Ban trọng tài lao động không ra quyết định giải quyết tranh chấp thì các bên có quyền yêu cầu Tòa án giải quyết""]",Khi hết thời hạn quy định tại khoản 2 Điều này mà Ban trọng tài lao động không được thành lập hoặc hết thời hạn quy định tại khoản 3 Điều này mà Ban trọng tài lao động không ra quyết định giải quyết tranh chấp thì các bên có quyền yêu cầu Tòa án giải quyết.,,,,,,,,,,,ch14_muc3_d193_k5,5,Khi hết thời hạn quy định tại khoản 2 Điều này mà Ban trọng tài lao động không được thành lập hoặc hết thời hạn quy định tại khoản 3 Điều này mà Ban trọng tài lao động không ra quyết định giải quyết tranh chấp thì các bên có quyền yêu cầu Tòa án giải quyết.,,,,,,
ch14_muc3_d193_k6,CLAUSE,structural,"[""Trường hợp một trong các bên không thi hành quyết định giải quyết tranh chấp của Ban trọng tài lao động thì các bên có quyền yêu cầu Tòa án giải quyết""]",Trường hợp một trong các bên không thi hành quyết định giải quyết tranh chấp của Ban trọng tài lao động thì các bên có quyền yêu cầu Tòa án giải quyết.,,,,,,,,,,,ch14_muc3_d193_k6,6,Trường hợp một trong các bên không thi hành quyết định giải quyết tranh chấp của Ban trọng tài lao động thì các bên có quyền yêu cầu Tòa án giải quyết.,,,,,,
ch14_muc3_d194,ARTICLE,structural,"[""Thời hiệu yêu cầu giải quyết tranh chấp lao động tập thể về quyền""]",Thời hiệu yêu cầu giải quyết tranh chấp lao động tập thể về quyền,,,,,,,,ch14_muc3_d194,194,Thời hiệu yêu cầu giải quyết tranh chấp lao động tập thể về quyền,,,,,,,,,
ch14_muc3_d194_k1,CLAUSE,structural,"[""Thời hiệu yêu cầu hòa giải viên lao động thực hiện hòa giải tranh chấp lao động tập thể về quyền là 06 tháng kể từ ngày phát hiện ra hành vi mà bên tranh chấp cho rằng quyền hợp pháp của mình bị vi phạm""]",Thời hiệu yêu cầu hòa giải viên lao động thực hiện hòa giải tranh chấp lao động tập thể về quyền là 06 tháng kể từ ngày phát hiện ra hành vi mà bên tranh chấp cho rằng quyền hợp pháp của mình bị vi phạm.,,,,,,,,,,,ch14_muc3_d194_k1,1,Thời hiệu yêu cầu hòa giải viên lao động thực hiện hòa giải tranh chấp lao động tập thể về quyền là 06 tháng kể từ ngày phát hiện ra hành vi mà bên tranh chấp cho rằng quyền hợp pháp của mình bị vi phạm.,,,,,,
ch14_muc3_d194_k2,CLAUSE,structural,"[""Thời hiệu yêu cầu Hội đồng trọng tài lao động giải quyết tranh chấp lao động tập thể về quyền là 09 tháng kể từ ngày phát hiện ra hành vi mà bên tranh chấp cho rằng quyền hợp pháp của mình bị vi phạm""]",Thời hiệu yêu cầu Hội đồng trọng tài lao động giải quyết tranh chấp lao động tập thể về quyền là 09 tháng kể từ ngày phát hiện ra hành vi mà bên tranh chấp cho rằng quyền hợp pháp của mình bị vi phạm.,,,,,,,,,,,ch14_muc3_d194_k2,2,Thời hiệu yêu cầu Hội đồng trọng tài lao động giải quyết tranh chấp lao động tập thể về quyền là 09 tháng kể từ ngày phát hiện ra hành vi mà bên tranh chấp cho rằng quyền hợp pháp của mình bị vi phạm.,,,,,,
ch14_muc3_d194_k3,CLAUSE,structural,"[""Thời hiệu yêu cầu Tòa án giải quyết tranh chấp lao động tập thể về quyền là 01 năm kể từ ngày phát hiện ra hành vi mà bên tranh chấp cho rằng quyền hợp pháp của mình bị vi phạm""]",Thời hiệu yêu cầu Tòa án giải quyết tranh chấp lao động tập thể về quyền là 01 năm kể từ ngày phát hiện ra hành vi mà bên tranh chấp cho rằng quyền hợp pháp của mình bị vi phạm.,,,,,,,,,,,ch14_muc3_d194_k3,3,Thời hiệu yêu cầu Tòa án giải quyết tranh chấp lao động tập thể về quyền là 01 năm kể từ ngày phát hiện ra hành vi mà bên tranh chấp cho rằng quyền hợp pháp của mình bị vi phạm.,,,,,,
ch14_muc4,SECTION,structural,[],THẨM QUYỀN VÀ TRÌNH TỰ GIẢI QUYẾT TRANH CHẤP LAO ĐỘNG TẬP THỂ VỀ LỢI ÍCH,,,,,,,,,,,,,,,,,ch14_muc4,4,THẨM QUYỀN VÀ TRÌNH TỰ GIẢI QUYẾT TRANH CHẤP LAO ĐỘNG TẬP THỂ VỀ LỢI ÍCH
ch14_muc4_d195,ARTICLE,structural,"[""Thẩm quyền giải quyết tranh chấp lao động tập thể về lợi ích""]",Thẩm quyền giải quyết tranh chấp lao động tập thể về lợi ích,,,,,,,,ch14_muc4_d195,195,Thẩm quyền giải quyết tranh chấp lao động tập thể về lợi ích,,,,,,,,,
ch14_muc4_d195_k1,CLAUSE,structural,"[""Tổ chức, cá nhân có thẩm quyền giải quyết tranh chấp lao động tập thể về lợi ích bao gồm: a) Hòa giải viên lao động"", ""b) Hội đồng trọng tài lao động""]","Tổ chức, cá nhân có thẩm quyền giải quyết tranh chấp lao động tập thể về lợi ích bao gồm: a) Hòa giải viên lao động; b) Hội đồng trọng tài lao động.",,,,,,,,,,,ch14_muc4_d195_k1,1,"Tổ chức, cá nhân có thẩm quyền giải quyết tranh chấp lao động tập thể về lợi ích bao gồm: a) Hòa giải viên lao động; b) Hội đồng trọng tài lao động.",,,,,,
ch14_muc4_d195_k1_a,POINT,structural,[],Hòa giải viên lao động;,,,,,,,,,,,,,,ch14_muc4_d195_k1_a,a),Hòa giải viên lao động;,,,
ch14_muc4_d195_k1_b,POINT,structural,[],Hội đồng trọng tài lao động.,,,,,,,,,,,,,,ch14_muc4_d195_k1_b,b),Hội đồng trọng tài lao động.,,,
ch14_muc4_d195_k2,CLAUSE,structural,"[""Tranh chấp lao động tập thể về lợi ích phải được giải quyết thông qua thủ tục hòa giải của hòa giải viên lao động trước khi yêu cầu Hội đồng trọng tài lao động giải quyết hoặc tiến hành thủ tục đình công""]",Tranh chấp lao động tập thể về lợi ích phải được giải quyết thông qua thủ tục hòa giải của hòa giải viên lao động trước khi yêu cầu Hội đồng trọng tài lao động giải quyết hoặc tiến hành thủ tục đình công.,,,,,,,,,,,ch14_muc4_d195_k2,2,Tranh chấp lao động tập thể về lợi ích phải được giải quyết thông qua thủ tục hòa giải của hòa giải viên lao động trước khi yêu cầu Hội đồng trọng tài lao động giải quyết hoặc tiến hành thủ tục đình công.,,,,,,
ch14_muc4_d196,ARTICLE,structural,"[""Trình tự, thủ tục giải quyết tranh chấp lao động tập thể về lợi ích""]","Trình tự, thủ tục giải quyết tranh chấp lao động tập thể về lợi ích",,,,,,,,ch14_muc4_d196,196,"Trình tự, thủ tục giải quyết tranh chấp lao động tập thể về lợi ích",,,,,,,,,
ch14_muc4_d196_k1,CLAUSE,structural,"[""Trình tự, thủ tục hòa giải tranh chấp lao động tập thể về lợi ích được thực hiện theo quy định tại các khoản 2, 3, 4 và 5 Điều 188 của Bộ luật này""]","Trình tự, thủ tục hòa giải tranh chấp lao động tập thể về lợi ích được thực hiện theo quy định tại các khoản 2, 3, 4 và 5 Điều 188 của Bộ luật này.",,,,,,,,,,,ch14_muc4_d196_k1,1,"Trình tự, thủ tục hòa giải tranh chấp lao động tập thể về lợi ích được thực hiện theo quy định tại các khoản 2, 3, 4 và 5 Điều 188 của Bộ luật này.",,,,,,
ch14_muc4_d196_k2,CLAUSE,structural,"[""Trường hợp hòa giải thành, biên bản hòa giải thành phải bao gồm đầy đủ nội dung các bên đã đạt được thỏa thuận, có chữ ký của các bên tranh chấp và hòa giải viên lao động"", ""Biên bản hòa giải thành có giá trị pháp lý như thỏa ước lao động tập thể của doanh nghiệp""]","Trường hợp hòa giải thành, biên bản hòa giải thành phải bao gồm đầy đủ nội dung các bên đã đạt được thỏa thuận, có chữ ký của các bên tranh chấp và hòa giải viên lao động. Biên bản hòa giải thành có giá trị pháp lý như thỏa ước lao động tập thể của doanh nghiệp.",,,,,,,,,,,ch14_muc4_d196_k2,2,"Trường hợp hòa giải thành, biên bản hòa giải thành phải bao gồm đầy đủ nội dung các bên đã đạt được thỏa thuận, có chữ ký của các bên tranh chấp và hòa giải viên lao động. Biên bản hòa giải thành có giá trị pháp lý như thỏa ước lao động tập thể của doanh nghiệp.",,,,,,
ch14_muc4_d196_k3,CLAUSE,structural,"[""Trường hợp hòa giải không thành hoặc hết thời hạn hòa giải quy định tại khoản 2 Điều 188 của Bộ luật này mà hòa giải viên lao động không tiến hành hòa giải hoặc một trong các bên không thực hiện thỏa thuận trong biên bản hòa giải thành thì các bên tranh chấp có quyền lựa chọn một trong các phương thức sau để giải quyết tranh chấp: a) Yêu cầu Hội đồng trọng tài lao động giải quyết theo quy định tại Điều 197 của Bộ luật này"", ""b) Tổ chức đại diện người lao động có quyền tiến hành thủ tục quy định tại các điều 200, 201 và 202 của Bộ luật này để đình công""]","Trường hợp hòa giải không thành hoặc hết thời hạn hòa giải quy định tại khoản 2 Điều 188 của Bộ luật này mà hòa giải viên lao động không tiến hành hòa giải hoặc một trong các bên không thực hiện thỏa thuận trong biên bản hòa giải thành thì các bên tranh chấp có quyền lựa chọn một trong các phương thức sau để giải quyết tranh chấp: a) Yêu cầu Hội đồng trọng tài lao động giải quyết theo quy định tại Điều 197 của Bộ luật này; b) Tổ chức đại diện người lao động có quyền tiến hành thủ tục quy định tại các điều 200, 201 và 202 của Bộ luật này để đình công.",,,,,,,,,,,ch14_muc4_d196_k3,3,"Trường hợp hòa giải không thành hoặc hết thời hạn hòa giải quy định tại khoản 2 Điều 188 của Bộ luật này mà hòa giải viên lao động không tiến hành hòa giải hoặc một trong các bên không thực hiện thỏa thuận trong biên bản hòa giải thành thì các bên tranh chấp có quyền lựa chọn một trong các phương thức sau để giải quyết tranh chấp: a) Yêu cầu Hội đồng trọng tài lao động giải quyết theo quy định tại Điều 197 của Bộ luật này; b) Tổ chức đại diện người lao động có quyền tiến hành thủ tục quy định tại các điều 200, 201 và 202 của Bộ luật này để đình công.",,,,,,
ch14_muc4_d196_k3_a,POINT,structural,[],Yêu cầu Hội đồng trọng tài lao động giải quyết theo quy định tại Điều 197 của Bộ luật này;,,,,,,,,,,,,,,ch14_muc4_d196_k3_a,a),Yêu cầu Hội đồng trọng tài lao động giải quyết theo quy định tại Điều 197 của Bộ luật này;,,,
ch14_muc4_d196_k3_b,POINT,structural,[],"Tổ chức đại diện người lao động có quyền tiến hành thủ tục quy định tại các điều 200, 201 và 202 của Bộ luật này để đình công.",,,,,,,,,,,,,,ch14_muc4_d196_k3_b,b),"Tổ chức đại diện người lao động có quyền tiến hành thủ tục quy định tại các điều 200, 201 và 202 của Bộ luật này để đình công.",,,
ch14_muc4_d197,ARTICLE,structural,"[""Giải quyết tranh chấp lao động tập thể về lợi ích của Hội đồng trọng tài lao động""]",Giải quyết tranh chấp lao động tập thể về lợi ích của Hội đồng trọng tài lao động,,,,,,,,ch14_muc4_d197,197,Giải quyết tranh chấp lao động tập thể về lợi ích của Hội đồng trọng tài lao động,,,,,,,,,
ch14_muc4_d197_k1,CLAUSE,structural,"[""Trên cơ sở đồng thuận, các bên tranh chấp có quyền yêu cầu Hội đồng trọng tài lao động giải quyết tranh chấp trong trường hợp hòa giải không thành hoặc hết thời hạn hòa giải quy định tại khoản 2 Điều 188 của Bộ luật này mà hòa giải viên lao động không tiến hành hòa giải hoặc một trong các bên không thực hiện thỏa thuận trong biên bản hòa giải thành""]","Trên cơ sở đồng thuận, các bên tranh chấp có quyền yêu cầu Hội đồng trọng tài lao động giải quyết tranh chấp trong trường hợp hòa giải không thành hoặc hết thời hạn hòa giải quy định tại khoản 2 Điều 188 của Bộ luật này mà hòa giải viên lao động không tiến hành hòa giải hoặc một trong các bên không thực hiện thỏa thuận trong biên bản hòa giải thành.",,,,,,,,,,,ch14_muc4_d197_k1,1,"Trên cơ sở đồng thuận, các bên tranh chấp có quyền yêu cầu Hội đồng trọng tài lao động giải quyết tranh chấp trong trường hợp hòa giải không thành hoặc hết thời hạn hòa giải quy định tại khoản 2 Điều 188 của Bộ luật này mà hòa giải viên lao động không tiến hành hòa giải hoặc một trong các bên không thực hiện thỏa thuận trong biên bản hòa giải thành.",,,,,,
ch14_muc4_d197_k2,CLAUSE,structural,"[""Trong thời hạn 07 ngày làm việc kể từ ngày nhận được yêu cầu giải quyết tranh chấp theo quy định tại khoản 1 Điều này, Ban trọng tài lao động phải được thành lập để giải quyết tranh chấp""]","Trong thời hạn 07 ngày làm việc kể từ ngày nhận được yêu cầu giải quyết tranh chấp theo quy định tại khoản 1 Điều này, Ban trọng tài lao động phải được thành lập để giải quyết tranh chấp.",,,,,,,,,,,ch14_muc4_d197_k2,2,"Trong thời hạn 07 ngày làm việc kể từ ngày nhận được yêu cầu giải quyết tranh chấp theo quy định tại khoản 1 Điều này, Ban trọng tài lao động phải được thành lập để giải quyết tranh chấp.",,,,,,
ch14_muc4_d197_k3,CLAUSE,structural,"[""Trong thời hạn 30 ngày kể từ ngày được thành lập, căn cứ vào quy định của pháp luật về lao động, thỏa ước lao động tập thể, nội quy lao động đã được đăng ký và các quy chế, thỏa thuận hợp pháp khác, Ban trọng tài lao động phải ra quyết định về việc giải quyết tranh chấp và gửi cho các bên tranh chấp""]","Trong thời hạn 30 ngày kể từ ngày được thành lập, căn cứ vào quy định của pháp luật về lao động, thỏa ước lao động tập thể, nội quy lao động đã được đăng ký và các quy chế, thỏa thuận hợp pháp khác, Ban trọng tài lao động phải ra quyết định về việc giải quyết tranh chấp và gửi cho các bên tranh chấp.",,,,,,,,,,,ch14_muc4_d197_k3,3,"Trong thời hạn 30 ngày kể từ ngày được thành lập, căn cứ vào quy định của pháp luật về lao động, thỏa ước lao động tập thể, nội quy lao động đã được đăng ký và các quy chế, thỏa thuận hợp pháp khác, Ban trọng tài lao động phải ra quyết định về việc giải quyết tranh chấp và gửi cho các bên tranh chấp.",,,,,,
ch14_muc4_d197_k4,CLAUSE,structural,"[""Khi các bên lựa chọn giải quyết tranh chấp thông qua Hội đồng trọng tài lao động theo quy định tại Điều này thì tổ chức đại diện người lao động không được tiến hành đình công trong thời gian Hội đồng trọng tài lao động đang tiến hành giải quyết tranh chấp"", ""Khi hết thời hạn quy định tại khoản 2 Điều này mà Ban trọng tài lao động không được thành lập hoặc hết thời hạn quy định tại khoản 3 Điều này mà Ban trọng tài không ra quyết định giải quyết tranh chấp hoặc người sử dụng lao động là bên tranh chấp không thực hiện quyết định giải quyết tranh chấp của Ban trọng tài lao động thì tổ chức đại diện người lao động là bên tranh chấp có quyền tiến hành thủ tục quy định tại các điều 200, 201 và 202 của Bộ luật này để đình công""]","Khi các bên lựa chọn giải quyết tranh chấp thông qua Hội đồng trọng tài lao động theo quy định tại Điều này thì tổ chức đại diện người lao động không được tiến hành đình công trong thời gian Hội đồng trọng tài lao động đang tiến hành giải quyết tranh chấp. Khi hết thời hạn quy định tại khoản 2 Điều này mà Ban trọng tài lao động không được thành lập hoặc hết thời hạn quy định tại khoản 3 Điều này mà Ban trọng tài không ra quyết định giải quyết tranh chấp hoặc người sử dụng lao động là bên tranh chấp không thực hiện quyết định giải quyết tranh chấp của Ban trọng tài lao động thì tổ chức đại diện người lao động là bên tranh chấp có quyền tiến hành thủ tục quy định tại các điều 200, 201 và 202 của Bộ luật này để đình công.",,,,,,,,,,,ch14_muc4_d197_k4,4,"Khi các bên lựa chọn giải quyết tranh chấp thông qua Hội đồng trọng tài lao động theo quy định tại Điều này thì tổ chức đại diện người lao động không được tiến hành đình công trong thời gian Hội đồng trọng tài lao động đang tiến hành giải quyết tranh chấp. Khi hết thời hạn quy định tại khoản 2 Điều này mà Ban trọng tài lao động không được thành lập hoặc hết thời hạn quy định tại khoản 3 Điều này mà Ban trọng tài không ra quyết định giải quyết tranh chấp hoặc người sử dụng lao động là bên tranh chấp không thực hiện quyết định giải quyết tranh chấp của Ban trọng tài lao động thì tổ chức đại diện người lao động là bên tranh chấp có quyền tiến hành thủ tục quy định tại các điều 200, 201 và 202 của Bộ luật này để đình công.",,,,,,
ch14_muc5,SECTION,structural,[],ĐÌNH CÔNG,,,,,,,,,,,,,,,,,ch14_muc5,5,ĐÌNH CÔNG
ch14_muc5_d198,ARTICLE,structural,"[""Đình công Đình công là sự ngừng việc tạm thời, tự nguyện và có tổ chức của người lao động nhằm đạt được yêu cầu trong quá trình giải quyết tranh chấp lao động và do tổ chức đại diện người lao động có quyền thương lượng tập thể là một bên tranh chấp lao động tập thể tổ chức và lãnh đạo""]","Đình công Đình công là sự ngừng việc tạm thời, tự nguyện và có tổ chức của người lao động nhằm đạt được yêu cầu trong quá trình giải quyết tranh chấp lao động và do tổ chức đại diện người lao động có quyền thương lượng tập thể là một bên tranh chấp lao động tập thể tổ chức và lãnh đạo.",,,,,,,,ch14_muc5_d198,198,"Đình công Đình công là sự ngừng việc tạm thời, tự nguyện và có tổ chức của người lao động nhằm đạt được yêu cầu trong quá trình giải quyết tranh chấp lao động và do tổ chức đại diện người lao động có quyền thương lượng tập thể là một bên tranh chấp lao động tập thể tổ chức và lãnh đạo.",,,,,,,,,
ch14_muc5_d199,ARTICLE,structural,"[""Trường hợp người lao động có quyền đình công Tổ chức đại diện người lao động là bên tranh chấp lao động tập thể về lợi ích có quyền tiến hành thủ tục quy định tại các điều 200, 201 và 202 của Bộ luật này để đình công trong trường hợp sau đây:""]","Trường hợp người lao động có quyền đình công Tổ chức đại diện người lao động là bên tranh chấp lao động tập thể về lợi ích có quyền tiến hành thủ tục quy định tại các điều 200, 201 và 202 của Bộ luật này để đình công trong trường hợp sau đây:",,,,,,,,ch14_muc5_d199,199,"Trường hợp người lao động có quyền đình công Tổ chức đại diện người lao động là bên tranh chấp lao động tập thể về lợi ích có quyền tiến hành thủ tục quy định tại các điều 200, 201 và 202 của Bộ luật này để đình công trong trường hợp sau đây:",,,,,,,,,
ch14_muc5_d199_k1,CLAUSE,structural,"[""Hòa giải không thành hoặc hết thời hạn hòa giải quy định tại khoản 2 Điều 188 của Bộ luật này mà hòa giải viên lao động không tiến hành hòa giải""]",Hòa giải không thành hoặc hết thời hạn hòa giải quy định tại khoản 2 Điều 188 của Bộ luật này mà hòa giải viên lao động không tiến hành hòa giải;,,,,,,,,,,,ch14_muc5_d199_k1,1,Hòa giải không thành hoặc hết thời hạn hòa giải quy định tại khoản 2 Điều 188 của Bộ luật này mà hòa giải viên lao động không tiến hành hòa giải;,,,,,,
ch14_muc5_d199_k2,CLAUSE,structural,"[""Ban trọng tài lao động không được thành lập hoặc thành lập nhưng không ra quyết định giải quyết tranh chấp hoặc người sử dụng lao động là bên tranh chấp không thực hiện quyết định giải quyết tranh chấp của Ban trọng tài lao động""]",Ban trọng tài lao động không được thành lập hoặc thành lập nhưng không ra quyết định giải quyết tranh chấp hoặc người sử dụng lao động là bên tranh chấp không thực hiện quyết định giải quyết tranh chấp của Ban trọng tài lao động.,,,,,,,,,,,ch14_muc5_d199_k2,2,Ban trọng tài lao động không được thành lập hoặc thành lập nhưng không ra quyết định giải quyết tranh chấp hoặc người sử dụng lao động là bên tranh chấp không thực hiện quyết định giải quyết tranh chấp của Ban trọng tài lao động.,,,,,,
ch14_muc5_d200,ARTICLE,structural,"[""Trình tự đình công""]",Trình tự đình công,,,,,,,,ch14_muc5_d200,200,Trình tự đình công,,,,,,,,,
ch14_muc5_d200_k1,CLAUSE,structural,"[""Lấy ý kiến về đình công theo quy định tại Điều 201 của Bộ luật này""]",Lấy ý kiến về đình công theo quy định tại Điều 201 của Bộ luật này.,,,,,,,,,,,ch14_muc5_d200_k1,1,Lấy ý kiến về đình công theo quy định tại Điều 201 của Bộ luật này.,,,,,,
ch14_muc5_d200_k2,CLAUSE,structural,"[""Ra quyết định đình công và thông báo đình công theo quy định tại Điều 202 của Bộ luật này""]",Ra quyết định đình công và thông báo đình công theo quy định tại Điều 202 của Bộ luật này.,,,,,,,,,,,ch14_muc5_d200_k2,2,Ra quyết định đình công và thông báo đình công theo quy định tại Điều 202 của Bộ luật này.,,,,,,
ch14_muc5_d200_k3,CLAUSE,structural,"[""Tiến hành đình công""]",Tiến hành đình công.,,,,,,,,,,,ch14_muc5_d200_k3,3,Tiến hành đình công.,,,,,,
ch14_muc5_d201,ARTICLE,structural,"[""Lấy ý kiến về đình công""]",Lấy ý kiến về đình công,,,,,,,,ch14_muc5_d201,201,Lấy ý kiến về đình công,,,,,,,,,
ch14_muc5_d201_k1,CLAUSE,structural,"[""Trước khi tiến hành đình công, tổ chức đại diện người lao động có quyền tổ chức và lãnh đạo đình công quy định tại Điều 198 của Bộ luật này có trách nhiệm lấy ý kiến của toàn thể người lao động hoặc thành viên ban lãnh đạo của các tổ chức đại diện người lao động tham gia thương lượng""]","Trước khi tiến hành đình công, tổ chức đại diện người lao động có quyền tổ chức và lãnh đạo đình công quy định tại Điều 198 của Bộ luật này có trách nhiệm lấy ý kiến của toàn thể người lao động hoặc thành viên ban lãnh đạo của các tổ chức đại diện người lao động tham gia thương lượng.",,,,,,,,,,,ch14_muc5_d201_k1,1,"Trước khi tiến hành đình công, tổ chức đại diện người lao động có quyền tổ chức và lãnh đạo đình công quy định tại Điều 198 của Bộ luật này có trách nhiệm lấy ý kiến của toàn thể người lao động hoặc thành viên ban lãnh đạo của các tổ chức đại diện người lao động tham gia thương lượng.",,,,,,
ch14_muc5_d201_k2,CLAUSE,structural,"[""Nội dung lấy ý kiến bao gồm: a) Đồng ý hay không đồng ý đình công"", ""b) Phương án của tổ chức đại diện người lao động về nội dung quy định tại các điểm b, c và d khoản 2 Điều 202 của Bộ luật này""]","Nội dung lấy ý kiến bao gồm: a) Đồng ý hay không đồng ý đình công; b) Phương án của tổ chức đại diện người lao động về nội dung quy định tại các điểm b, c và d khoản 2 Điều 202 của Bộ luật này.",,,,,,,,,,,ch14_muc5_d201_k2,2,"Nội dung lấy ý kiến bao gồm: a) Đồng ý hay không đồng ý đình công; b) Phương án của tổ chức đại diện người lao động về nội dung quy định tại các điểm b, c và d khoản 2 Điều 202 của Bộ luật này.",,,,,,
ch14_muc5_d201_k2_a,POINT,structural,[],Đồng ý hay không đồng ý đình công;,,,,,,,,,,,,,,ch14_muc5_d201_k2_a,a),Đồng ý hay không đồng ý đình công;,,,
ch14_muc5_d201_k2_b,POINT,structural,[],"Phương án của tổ chức đại diện người lao động về nội dung quy định tại các điểm b, c và d khoản 2 Điều 202 của Bộ luật này.",,,,,,,,,,,,,,ch14_muc5_d201_k2_b,b),"Phương án của tổ chức đại diện người lao động về nội dung quy định tại các điểm b, c và d khoản 2 Điều 202 của Bộ luật này.",,,
ch14_muc5_d201_k3,CLAUSE,structural,"[""Việc lấy ý kiến được thực hiện trực tiếp bằng hình thức lấy phiếu hoặc chữ ký hoặc hình thức khác""]",Việc lấy ý kiến được thực hiện trực tiếp bằng hình thức lấy phiếu hoặc chữ ký hoặc hình thức khác.,,,,,,,,,,,ch14_muc5_d201_k3,3,Việc lấy ý kiến được thực hiện trực tiếp bằng hình thức lấy phiếu hoặc chữ ký hoặc hình thức khác.,,,,,,
ch14_muc5_d201_k4,CLAUSE,structural,"[""Thời gian, địa điểm và cách thức tiến hành lấy ý kiến về đình công do tổ chức đại diện người lao động quyết định và phải thông báo cho người sử dụng lao động biết trước ít nhất 01 ngày"", ""Việc lấy ý kiến không được làm ảnh hưởng đến hoạt động sản xuất, kinh doanh bình thường của người sử dụng lao động"", ""Người sử dụng lao động không được gây khó khăn, cản trở hoặc can thiệp vào quá trình tổ chức đại diện người lao động tiến hành lấy ý kiến về đình công""]","Thời gian, địa điểm và cách thức tiến hành lấy ý kiến về đình công do tổ chức đại diện người lao động quyết định và phải thông báo cho người sử dụng lao động biết trước ít nhất 01 ngày. Việc lấy ý kiến không được làm ảnh hưởng đến hoạt động sản xuất, kinh doanh bình thường của người sử dụng lao động. Người sử dụng lao động không được gây khó khăn, cản trở hoặc can thiệp vào quá trình tổ chức đại diện người lao động tiến hành lấy ý kiến về đình công.",,,,,,,,,,,ch14_muc5_d201_k4,4,"Thời gian, địa điểm và cách thức tiến hành lấy ý kiến về đình công do tổ chức đại diện người lao động quyết định và phải thông báo cho người sử dụng lao động biết trước ít nhất 01 ngày. Việc lấy ý kiến không được làm ảnh hưởng đến hoạt động sản xuất, kinh doanh bình thường của người sử dụng lao động. Người sử dụng lao động không được gây khó khăn, cản trở hoặc can thiệp vào quá trình tổ chức đại diện người lao động tiến hành lấy ý kiến về đình công.",,,,,,
ch14_muc5_d202,ARTICLE,structural,"[""Quyết định đình công và thông báo thời điểm bắt đầu đình công""]",Quyết định đình công và thông báo thời điểm bắt đầu đình công,,,,,,,,ch14_muc5_d202,202,Quyết định đình công và thông báo thời điểm bắt đầu đình công,,,,,,,,,
ch14_muc5_d202_k1,CLAUSE,structural,"[""Khi có trên 50% số người được lấy ý kiến đồng ý với nội dung lấy ý kiến đình công theo quy định tại khoản 2 Điều 201 của Bộ luật này thì tổ chức đại diện người lao động ra quyết định đình công bằng văn bản""]",Khi có trên 50% số người được lấy ý kiến đồng ý với nội dung lấy ý kiến đình công theo quy định tại khoản 2 Điều 201 của Bộ luật này thì tổ chức đại diện người lao động ra quyết định đình công bằng văn bản.,,,,,,,,,,,ch14_muc5_d202_k1,1,Khi có trên 50% số người được lấy ý kiến đồng ý với nội dung lấy ý kiến đình công theo quy định tại khoản 2 Điều 201 của Bộ luật này thì tổ chức đại diện người lao động ra quyết định đình công bằng văn bản.,,,,,,
ch14_muc5_d202_k2,CLAUSE,structural,"[""Quyết định đình công phải có các nội dung sau đây: a) Kết quả lấy ý kiến đình công"", ""b) Thời điểm bắt đầu đình công, địa điểm đình công"", ""c) Phạm vi tiến hành đình công"", ""d) Yêu cầu của người lao động"", ""đ) Họ tên, địa chỉ liên hệ của người đại diện cho tổ chức đại diện người lao động tổ chức và lãnh đạo đình công""]","Quyết định đình công phải có các nội dung sau đây: a) Kết quả lấy ý kiến đình công; b) Thời điểm bắt đầu đình công, địa điểm đình công; c) Phạm vi tiến hành đình công; d) Yêu cầu của người lao động; đ) Họ tên, địa chỉ liên hệ của người đại diện cho tổ chức đại diện người lao động tổ chức và lãnh đạo đình công.",,,,,,,,,,,ch14_muc5_d202_k2,2,"Quyết định đình công phải có các nội dung sau đây: a) Kết quả lấy ý kiến đình công; b) Thời điểm bắt đầu đình công, địa điểm đình công; c) Phạm vi tiến hành đình công; d) Yêu cầu của người lao động; đ) Họ tên, địa chỉ liên hệ của người đại diện cho tổ chức đại diện người lao động tổ chức và lãnh đạo đình công.",,,,,,
ch14_muc5_d202_k2_a,POINT,structural,[],Kết quả lấy ý kiến đình công;,,,,,,,,,,,,,,ch14_muc5_d202_k2_a,a),Kết quả lấy ý kiến đình công;,,,
ch14_muc5_d202_k2_b,POINT,structural,[],"Thời điểm bắt đầu đình công, địa điểm đình công;",,,,,,,,,,,,,,ch14_muc5_d202_k2_b,b),"Thời điểm bắt đầu đình công, địa điểm đình công;",,,
ch14_muc5_d202_k2_c,POINT,structural,[],Phạm vi tiến hành đình công;,,,,,,,,,,,,,,ch14_muc5_d202_k2_c,c),Phạm vi tiến hành đình công;,,,
ch14_muc5_d202_k2_d,POINT,structural,[],Yêu cầu của người lao động;,,,,,,,,,,,,,,ch14_muc5_d202_k2_d,d),Yêu cầu của người lao động;,,,
ch14_muc5_d202_k2_đ,POINT,structural,[],"Họ tên, địa chỉ liên hệ của người đại diện cho tổ chức đại diện người lao động tổ chức và lãnh đạo đình công.",,,,,,,,,,,,,,ch14_muc5_d202_k2_đ,đ),"Họ tên, địa chỉ liên hệ của người đại diện cho tổ chức đại diện người lao động tổ chức và lãnh đạo đình công.",,,
ch14_muc5_d202_k3,CLAUSE,structural,"[""Ít nhất là 05 ngày làm việc trước ngày bắt đầu đình công, tổ chức đại diện người lao động tổ chức và lãnh đạo đình công phải gửi văn bản về việc quyết định đình công cho người sử dụng lao động, Ủy ban nhân dân cấp huyện và cơ quan chuyên môn về lao động thuộc Ủy ban nhân dân cấp tỉnh""]","Ít nhất là 05 ngày làm việc trước ngày bắt đầu đình công, tổ chức đại diện người lao động tổ chức và lãnh đạo đình công phải gửi văn bản về việc quyết định đình công cho người sử dụng lao động, Ủy ban nhân dân cấp huyện và cơ quan chuyên môn về lao động thuộc Ủy ban nhân dân cấp tỉnh.",,,,,,,,,,,ch14_muc5_d202_k3,3,"Ít nhất là 05 ngày làm việc trước ngày bắt đầu đình công, tổ chức đại diện người lao động tổ chức và lãnh đạo đình công phải gửi văn bản về việc quyết định đình công cho người sử dụng lao động, Ủy ban nhân dân cấp huyện và cơ quan chuyên môn về lao động thuộc Ủy ban nhân dân cấp tỉnh.",,,,,,
ch14_muc5_d202_k4,CLAUSE,structural,"[""Đến thời điểm bắt đầu đình công, nếu người sử dụng lao động vẫn không chấp nhận giải quyết yêu cầu của người lao động thì tổ chức đại diện người lao động tổ chức và lãnh đạo đình công""]","Đến thời điểm bắt đầu đình công, nếu người sử dụng lao động vẫn không chấp nhận giải quyết yêu cầu của người lao động thì tổ chức đại diện người lao động tổ chức và lãnh đạo đình công.",,,,,,,,,,,ch14_muc5_d202_k4,4,"Đến thời điểm bắt đầu đình công, nếu người sử dụng lao động vẫn không chấp nhận giải quyết yêu cầu của người lao động thì tổ chức đại diện người lao động tổ chức và lãnh đạo đình công.",,,,,,
ch14_muc5_d203,ARTICLE,structural,"[""Quyền của các bên trước và trong quá trình đình công""]",Quyền của các bên trước và trong quá trình đình công,,,,,,,,ch14_muc5_d203,203,Quyền của các bên trước và trong quá trình đình công,,,,,,,,,
ch14_muc5_d203_k1,CLAUSE,structural,"[""Tiếp tục thỏa thuận để giải quyết nội dung tranh chấp lao động tập thể hoặc cùng đề nghị hòa giải viên lao động, Hội đồng trọng tài lao động tiến hành hòa giải, giải quyết tranh chấp lao động""]","Tiếp tục thỏa thuận để giải quyết nội dung tranh chấp lao động tập thể hoặc cùng đề nghị hòa giải viên lao động, Hội đồng trọng tài lao động tiến hành hòa giải, giải quyết tranh chấp lao động.",,,,,,,,,,,ch14_muc5_d203_k1,1,"Tiếp tục thỏa thuận để giải quyết nội dung tranh chấp lao động tập thể hoặc cùng đề nghị hòa giải viên lao động, Hội đồng trọng tài lao động tiến hành hòa giải, giải quyết tranh chấp lao động.",,,,,,
ch14_muc5_d203_k2,CLAUSE,structural,"[""Tổ chức đại diện người lao động có quyền tổ chức và lãnh đạo đình công theo quy định tại Điều 198 của Bộ luật này có quyền sau đây: a) Rút quyết định đình công nếu chưa đình công hoặc chấm dứt đình công nếu đang đình công"", ""b) Yêu cầu Tòa án tuyên bố cuộc đình công là hợp pháp""]",Tổ chức đại diện người lao động có quyền tổ chức và lãnh đạo đình công theo quy định tại Điều 198 của Bộ luật này có quyền sau đây: a) Rút quyết định đình công nếu chưa đình công hoặc chấm dứt đình công nếu đang đình công; b) Yêu cầu Tòa án tuyên bố cuộc đình công là hợp pháp.,,,,,,,,,,,ch14_muc5_d203_k2,2,Tổ chức đại diện người lao động có quyền tổ chức và lãnh đạo đình công theo quy định tại Điều 198 của Bộ luật này có quyền sau đây: a) Rút quyết định đình công nếu chưa đình công hoặc chấm dứt đình công nếu đang đình công; b) Yêu cầu Tòa án tuyên bố cuộc đình công là hợp pháp.,,,,,,
ch14_muc5_d203_k2_a,POINT,structural,[],Rút quyết định đình công nếu chưa đình công hoặc chấm dứt đình công nếu đang đình công;,,,,,,,,,,,,,,ch14_muc5_d203_k2_a,a),Rút quyết định đình công nếu chưa đình công hoặc chấm dứt đình công nếu đang đình công;,,,
ch14_muc5_d203_k2_b,POINT,structural,[],Yêu cầu Tòa án tuyên bố cuộc đình công là hợp pháp.,,,,,,,,,,,,,,ch14_muc5_d203_k2_b,b),Yêu cầu Tòa án tuyên bố cuộc đình công là hợp pháp.,,,
ch14_muc5_d203_k3,CLAUSE,structural,"[""Người sử dụng lao động có quyền sau đây: a) Chấp nhận toàn bộ hoặc một phần yêu cầu và thông báo bằng văn bản cho tổ chức đại diện người lao động đang tổ chức và lãnh đạo đình công"", ""b) Đóng cửa tạm thời nơi làm việc trong thời gian đình công do không đủ điều kiện để duy trì hoạt động bình thường hoặc để bảo vệ tài sản"", ""c) Yêu cầu Tòa án tuyên bố cuộc đình công là bất hợp pháp""]",Người sử dụng lao động có quyền sau đây: a) Chấp nhận toàn bộ hoặc một phần yêu cầu và thông báo bằng văn bản cho tổ chức đại diện người lao động đang tổ chức và lãnh đạo đình công; b) Đóng cửa tạm thời nơi làm việc trong thời gian đình công do không đủ điều kiện để duy trì hoạt động bình thường hoặc để bảo vệ tài sản; c) Yêu cầu Tòa án tuyên bố cuộc đình công là bất hợp pháp.,,,,,,,,,,,ch14_muc5_d203_k3,3,Người sử dụng lao động có quyền sau đây: a) Chấp nhận toàn bộ hoặc một phần yêu cầu và thông báo bằng văn bản cho tổ chức đại diện người lao động đang tổ chức và lãnh đạo đình công; b) Đóng cửa tạm thời nơi làm việc trong thời gian đình công do không đủ điều kiện để duy trì hoạt động bình thường hoặc để bảo vệ tài sản; c) Yêu cầu Tòa án tuyên bố cuộc đình công là bất hợp pháp.,,,,,,
ch14_muc5_d203_k3_a,POINT,structural,[],Chấp nhận toàn bộ hoặc một phần yêu cầu và thông báo bằng văn bản cho tổ chức đại diện người lao động đang tổ chức và lãnh đạo đình công;,,,,,,,,,,,,,,ch14_muc5_d203_k3_a,a),Chấp nhận toàn bộ hoặc một phần yêu cầu và thông báo bằng văn bản cho tổ chức đại diện người lao động đang tổ chức và lãnh đạo đình công;,,,
ch14_muc5_d203_k3_b,POINT,structural,[],Đóng cửa tạm thời nơi làm việc trong thời gian đình công do không đủ điều kiện để duy trì hoạt động bình thường hoặc để bảo vệ tài sản;,,,,,,,,,,,,,,ch14_muc5_d203_k3_b,b),Đóng cửa tạm thời nơi làm việc trong thời gian đình công do không đủ điều kiện để duy trì hoạt động bình thường hoặc để bảo vệ tài sản;,,,
ch14_muc5_d203_k3_c,POINT,structural,[],Yêu cầu Tòa án tuyên bố cuộc đình công là bất hợp pháp.,,,,,,,,,,,,,,ch14_muc5_d203_k3_c,c),Yêu cầu Tòa án tuyên bố cuộc đình công là bất hợp pháp.,,,
ch14_muc5_d204,ARTICLE,structural,"[""Trường hợp đình công bất hợp pháp""]",Trường hợp đình công bất hợp pháp,,,,,,,,ch14_muc5_d204,204,Trường hợp đình công bất hợp pháp,,,,,,,,,
ch14_muc5_d204_k1,CLAUSE,structural,"[""Không thuộc trường hợp được đình công quy định tại Điều 199 của Bộ luật này""]",Không thuộc trường hợp được đình công quy định tại Điều 199 của Bộ luật này.,,,,,,,,,,,ch14_muc5_d204_k1,1,Không thuộc trường hợp được đình công quy định tại Điều 199 của Bộ luật này.,,,,,,
ch14_muc5_d204_k2,CLAUSE,structural,"[""Không do tổ chức đại diện người lao động có quyền tổ chức và lãnh đạo đình công""]",Không do tổ chức đại diện người lao động có quyền tổ chức và lãnh đạo đình công.,,,,,,,,,,,ch14_muc5_d204_k2,2,Không do tổ chức đại diện người lao động có quyền tổ chức và lãnh đạo đình công.,,,,,,
ch14_muc5_d204_k3,CLAUSE,structural,"[""Vi phạm các quy định về trình tự, thủ tục tiến hành đình công theo quy định của Bộ luật này""]","Vi phạm các quy định về trình tự, thủ tục tiến hành đình công theo quy định của Bộ luật này.",,,,,,,,,,,ch14_muc5_d204_k3,3,"Vi phạm các quy định về trình tự, thủ tục tiến hành đình công theo quy định của Bộ luật này.",,,,,,
ch14_muc5_d204_k4,CLAUSE,structural,"[""Khi tranh chấp lao động tập thể đang được cơ quan, tổ chức, cá nhân có thẩm quyền giải quyết theo quy định của Bộ luật này""]","Khi tranh chấp lao động tập thể đang được cơ quan, tổ chức, cá nhân có thẩm quyền giải quyết theo quy định của Bộ luật này.",,,,,,,,,,,ch14_muc5_d204_k4,4,"Khi tranh chấp lao động tập thể đang được cơ quan, tổ chức, cá nhân có thẩm quyền giải quyết theo quy định của Bộ luật này.",,,,,,
ch14_muc5_d204_k5,CLAUSE,structural,"[""Tiến hành đình công trong trường hợp không được đình công quy định tại Điều 209 của Bộ luật này""]",Tiến hành đình công trong trường hợp không được đình công quy định tại Điều 209 của Bộ luật này.,,,,,,,,,,,ch14_muc5_d204_k5,5,Tiến hành đình công trong trường hợp không được đình công quy định tại Điều 209 của Bộ luật này.,,,,,,
ch14_muc5_d204_k6,CLAUSE,structural,"[""Khi đã có quyết định hoãn hoặc ngừng đình công của cơ quan có thẩm quyền theo quy định tại Điều 210 của Bộ luật này""]",Khi đã có quyết định hoãn hoặc ngừng đình công của cơ quan có thẩm quyền theo quy định tại Điều 210 của Bộ luật này.,,,,,,,,,,,ch14_muc5_d204_k6,6,Khi đã có quyết định hoãn hoặc ngừng đình công của cơ quan có thẩm quyền theo quy định tại Điều 210 của Bộ luật này.,,,,,,
ch14_muc5_d205,ARTICLE,structural,"[""Thông báo quyết định đóng cửa tạm thời nơi làm việc Ít nhất 03 ngày làm việc trước ngày đóng cửa tạm thời nơi làm việc, người sử dụng lao động phải niêm yết công khai quyết định đóng cửa tạm thời nơi làm việc tại nơi làm việc và thông báo cho các cơ quan, tổ chức sau đây:""]","Thông báo quyết định đóng cửa tạm thời nơi làm việc Ít nhất 03 ngày làm việc trước ngày đóng cửa tạm thời nơi làm việc, người sử dụng lao động phải niêm yết công khai quyết định đóng cửa tạm thời nơi làm việc tại nơi làm việc và thông báo cho các cơ quan, tổ chức sau đây:",,,,,,,,ch14_muc5_d205,205,"Thông báo quyết định đóng cửa tạm thời nơi làm việc Ít nhất 03 ngày làm việc trước ngày đóng cửa tạm thời nơi làm việc, người sử dụng lao động phải niêm yết công khai quyết định đóng cửa tạm thời nơi làm việc tại nơi làm việc và thông báo cho các cơ quan, tổ chức sau đây:",,,,,,,,,
ch14_muc5_d205_k1,CLAUSE,structural,"[""Tổ chức đại diện người lao động đang tổ chức và lãnh đạo đình công""]",Tổ chức đại diện người lao động đang tổ chức và lãnh đạo đình công;,,,,,,,,,,,ch14_muc5_d205_k1,1,Tổ chức đại diện người lao động đang tổ chức và lãnh đạo đình công;,,,,,,
ch14_muc5_d205_k2,CLAUSE,structural,"[""Ủy ban nhân dân cấp tỉnh có nơi làm việc dự kiến đóng cửa""]",Ủy ban nhân dân cấp tỉnh có nơi làm việc dự kiến đóng cửa;,,,,,,,,,,,ch14_muc5_d205_k2,2,Ủy ban nhân dân cấp tỉnh có nơi làm việc dự kiến đóng cửa;,,,,,,
ch14_muc5_d205_k3,CLAUSE,structural,"[""Ủy ban nhân dân cấp huyện có nơi làm việc dự kiến đóng cửa""]",Ủy ban nhân dân cấp huyện có nơi làm việc dự kiến đóng cửa.,,,,,,,,,,,ch14_muc5_d205_k3,3,Ủy ban nhân dân cấp huyện có nơi làm việc dự kiến đóng cửa.,,,,,,
ch14_muc5_d206,ARTICLE,structural,"[""Trường hợp cấm đóng cửa tạm thời nơi làm việc""]",Trường hợp cấm đóng cửa tạm thời nơi làm việc,,,,,,,,ch14_muc5_d206,206,Trường hợp cấm đóng cửa tạm thời nơi làm việc,,,,,,,,,
ch14_muc5_d206_k1,CLAUSE,structural,"[""Trước 12 giờ so với thời điểm bắt đầu đình công ghi trong quyết định đình công""]",Trước 12 giờ so với thời điểm bắt đầu đình công ghi trong quyết định đình công.,,,,,,,,,,,ch14_muc5_d206_k1,1,Trước 12 giờ so với thời điểm bắt đầu đình công ghi trong quyết định đình công.,,,,,,
ch14_muc5_d206_k2,CLAUSE,structural,"[""Sau khi người lao động ngừng đình công""]",Sau khi người lao động ngừng đình công.,,,,,,,,,,,ch14_muc5_d206_k2,2,Sau khi người lao động ngừng đình công.,,,,,,
ch14_muc5_d207,ARTICLE,structural,"[""Tiền lương và các quyền lợi hợp pháp khác của người lao động trong thời gian đình công""]",Tiền lương và các quyền lợi hợp pháp khác của người lao động trong thời gian đình công,,,,,,,,ch14_muc5_d207,207,Tiền lương và các quyền lợi hợp pháp khác của người lao động trong thời gian đình công,,,,,,,,,
ch14_muc5_d207_k1,CLAUSE,structural,"[""Người lao động không tham gia đình công nhưng phải ngừng việc vì lý do đình công thì được trả lương ngừng việc theo quy định tại khoản 2 Điều 99 của Bộ luật này và các quyền lợi khác theo quy định của pháp luật về lao động""]",Người lao động không tham gia đình công nhưng phải ngừng việc vì lý do đình công thì được trả lương ngừng việc theo quy định tại khoản 2 Điều 99 của Bộ luật này và các quyền lợi khác theo quy định của pháp luật về lao động.,,,,,,,,,,,ch14_muc5_d207_k1,1,Người lao động không tham gia đình công nhưng phải ngừng việc vì lý do đình công thì được trả lương ngừng việc theo quy định tại khoản 2 Điều 99 của Bộ luật này và các quyền lợi khác theo quy định của pháp luật về lao động.,,,,,,
ch14_muc5_d207_k2,CLAUSE,structural,"[""Người lao động tham gia đình công không được trả lương và các quyền lợi khác theo quy định của pháp luật, trừ trường hợp các bên có thỏa thuận khác""]","Người lao động tham gia đình công không được trả lương và các quyền lợi khác theo quy định của pháp luật, trừ trường hợp các bên có thỏa thuận khác.",,,,,,,,,,,ch14_muc5_d207_k2,2,"Người lao động tham gia đình công không được trả lương và các quyền lợi khác theo quy định của pháp luật, trừ trường hợp các bên có thỏa thuận khác.",,,,,,
ch14_muc5_d208,ARTICLE,structural,"[""Các hành vi bị nghiêm cấm trước, trong và sau khi đình công""]","Các hành vi bị nghiêm cấm trước, trong và sau khi đình công",,,,,,,,ch14_muc5_d208,208,"Các hành vi bị nghiêm cấm trước, trong và sau khi đình công",,,,,,,,,
ch14_muc5_d208_k1,CLAUSE,structural,"[""Cản trở việc thực hiện quyền đình công hoặc kích động, lôi kéo, ép buộc người lao động đình công"", ""cản trở người lao động không tham gia đình công đi làm việc""]","Cản trở việc thực hiện quyền đình công hoặc kích động, lôi kéo, ép buộc người lao động đình công; cản trở người lao động không tham gia đình công đi làm việc.",,,,,,,,,,,ch14_muc5_d208_k1,1,"Cản trở việc thực hiện quyền đình công hoặc kích động, lôi kéo, ép buộc người lao động đình công; cản trở người lao động không tham gia đình công đi làm việc.",,,,,,
ch14_muc5_d208_k2,CLAUSE,structural,"[""Dùng bạo lực"", ""hủy hoại máy, thiết bị, tài sản của người sử dụng lao động""]","Dùng bạo lực; hủy hoại máy, thiết bị, tài sản của người sử dụng lao động.",,,,,,,,,,,ch14_muc5_d208_k2,2,"Dùng bạo lực; hủy hoại máy, thiết bị, tài sản của người sử dụng lao động.",,,,,,
ch14_muc5_d208_k3,CLAUSE,structural,"[""Xâm phạm trật tự, an toàn công cộng""]","Xâm phạm trật tự, an toàn công cộng.",,,,,,,,,,,ch14_muc5_d208_k3,3,"Xâm phạm trật tự, an toàn công cộng.",,,,,,
ch14_muc5_d208_k4,CLAUSE,structural,"[""Chấm dứt hợp đồng lao động hoặc xử lý kỷ luật lao động đối với người lao động, người lãnh đạo đình công hoặc điều động người lao động, người lãnh đạo đình công sang làm công việc khác, đi làm việc ở nơi khác vì lý do chuẩn bị đình công hoặc tham gia đình công""]","Chấm dứt hợp đồng lao động hoặc xử lý kỷ luật lao động đối với người lao động, người lãnh đạo đình công hoặc điều động người lao động, người lãnh đạo đình công sang làm công việc khác, đi làm việc ở nơi khác vì lý do chuẩn bị đình công hoặc tham gia đình công.",,,,,,,,,,,ch14_muc5_d208_k4,4,"Chấm dứt hợp đồng lao động hoặc xử lý kỷ luật lao động đối với người lao động, người lãnh đạo đình công hoặc điều động người lao động, người lãnh đạo đình công sang làm công việc khác, đi làm việc ở nơi khác vì lý do chuẩn bị đình công hoặc tham gia đình công.",,,,,,
ch14_muc5_d208_k5,CLAUSE,structural,"[""Trù dập, trả thù người lao động tham gia đình công, người lãnh đạo đình công""]","Trù dập, trả thù người lao động tham gia đình công, người lãnh đạo đình công.",,,,,,,,,,,ch14_muc5_d208_k5,5,"Trù dập, trả thù người lao động tham gia đình công, người lãnh đạo đình công.",,,,,,
ch14_muc5_d208_k6,CLAUSE,structural,"[""Lợi dụng đình công để thực hiện hành vi vi phạm pháp luật""]",Lợi dụng đình công để thực hiện hành vi vi phạm pháp luật.,,,,,,,,,,,ch14_muc5_d208_k6,6,Lợi dụng đình công để thực hiện hành vi vi phạm pháp luật.,,,,,,
ch14_muc5_d209,ARTICLE,structural,"[""Nơi sử dụng lao động không được đình công""]",Nơi sử dụng lao động không được đình công,,,,,,,,ch14_muc5_d209,209,Nơi sử dụng lao động không được đình công,,,,,,,,,
ch14_muc5_d209_k1,CLAUSE,structural,"[""Không được đình công ở nơi sử dụng lao động mà việc đình công có thể đe dọa đến quốc phòng, an ninh, trật tự công cộng, sức khỏe của con người""]","Không được đình công ở nơi sử dụng lao động mà việc đình công có thể đe dọa đến quốc phòng, an ninh, trật tự công cộng, sức khỏe của con người.",,,,,,,,,,,ch14_muc5_d209_k1,1,"Không được đình công ở nơi sử dụng lao động mà việc đình công có thể đe dọa đến quốc phòng, an ninh, trật tự công cộng, sức khỏe của con người.",,,,,,
ch14_muc5_d209_k2,CLAUSE,structural,"[""Chính phủ quy định danh mục nơi sử dụng lao động không được đình công và việc giải quyết tranh chấp lao động tại nơi sử dụng lao động không được đình công quy định tại khoản 1 Điều này""]",Chính phủ quy định danh mục nơi sử dụng lao động không được đình công và việc giải quyết tranh chấp lao động tại nơi sử dụng lao động không được đình công quy định tại khoản 1 Điều này.,,,,,,,,,,,ch14_muc5_d209_k2,2,Chính phủ quy định danh mục nơi sử dụng lao động không được đình công và việc giải quyết tranh chấp lao động tại nơi sử dụng lao động không được đình công quy định tại khoản 1 Điều này.,,,,,,
ch14_muc5_d210,ARTICLE,structural,"[""Quyết định hoãn, ngừng đình công""]","Quyết định hoãn, ngừng đình công",,,,,,,,ch14_muc5_d210,210,"Quyết định hoãn, ngừng đình công",,,,,,,,,
ch14_muc5_d210_k1,CLAUSE,structural,"[""Khi xét thấy cuộc đình công có nguy cơ gây thiệt hại nghiêm trọng cho nền kinh tế quốc dân, lợi ích công cộng, đe dọa đến quốc phòng, an ninh, trật tự công cộng, sức khỏe của con người thì Chủ tịch Ủy ban nhân dân cấp tỉnh quyết định hoãn hoặc ngừng đình công""]","Khi xét thấy cuộc đình công có nguy cơ gây thiệt hại nghiêm trọng cho nền kinh tế quốc dân, lợi ích công cộng, đe dọa đến quốc phòng, an ninh, trật tự công cộng, sức khỏe của con người thì Chủ tịch Ủy ban nhân dân cấp tỉnh quyết định hoãn hoặc ngừng đình công.",,,,,,,,,,,ch14_muc5_d210_k1,1,"Khi xét thấy cuộc đình công có nguy cơ gây thiệt hại nghiêm trọng cho nền kinh tế quốc dân, lợi ích công cộng, đe dọa đến quốc phòng, an ninh, trật tự công cộng, sức khỏe của con người thì Chủ tịch Ủy ban nhân dân cấp tỉnh quyết định hoãn hoặc ngừng đình công.",,,,,,
ch14_muc5_d210_k2,CLAUSE,structural,"[""Chính phủ quy định chi tiết việc hoãn, ngừng đình công và giải quyết quyền lợi của người lao động""]","Chính phủ quy định chi tiết việc hoãn, ngừng đình công và giải quyết quyền lợi của người lao động.",,,,,,,,,,,ch14_muc5_d210_k2,2,"Chính phủ quy định chi tiết việc hoãn, ngừng đình công và giải quyết quyền lợi của người lao động.",,,,,,
ch14_muc5_d211,ARTICLE,structural,"[""Xử lý cuộc đình công không đúng trình tự, thủ tục Trong thời hạn 12 giờ kể từ khi nhận được thông báo về cuộc đình công không tuân theo quy định tại các điều 200, 201 và 202 của Bộ luật này, Chủ tịch Ủy ban nhân dân cấp huyện chủ trì, chỉ đạo cơ quan chuyên môn về lao động phối hợp với công đoàn cùng cấp, cơ quan, tổ chức có liên quan trực tiếp gặp gỡ người sử dụng lao động và đại diện ban lãnh đạo tổ chức đại diện người lao động tại cơ sở để nghe ý kiến, hỗ trợ các bên tìm biện pháp giải quyết, đưa hoạt động sản xuất, kinh doanh trở lại bình thường""]","Xử lý cuộc đình công không đúng trình tự, thủ tục Trong thời hạn 12 giờ kể từ khi nhận được thông báo về cuộc đình công không tuân theo quy định tại các điều 200, 201 và 202 của Bộ luật này, Chủ tịch Ủy ban nhân dân cấp huyện chủ trì, chỉ đạo cơ quan chuyên môn về lao động phối hợp với công đoàn cùng cấp, cơ quan, tổ chức có liên quan trực tiếp gặp gỡ người sử dụng lao động và đại diện ban lãnh đạo tổ chức đại diện người lao động tại cơ sở để nghe ý kiến, hỗ trợ các bên tìm biện pháp giải quyết, đưa hoạt động sản xuất, kinh doanh trở lại bình thường.",,,,,,,,ch14_muc5_d211,211,"Xử lý cuộc đình công không đúng trình tự, thủ tục Trong thời hạn 12 giờ kể từ khi nhận được thông báo về cuộc đình công không tuân theo quy định tại các điều 200, 201 và 202 của Bộ luật này, Chủ tịch Ủy ban nhân dân cấp huyện chủ trì, chỉ đạo cơ quan chuyên môn về lao động phối hợp với công đoàn cùng cấp, cơ quan, tổ chức có liên quan trực tiếp gặp gỡ người sử dụng lao động và đại diện ban lãnh đạo tổ chức đại diện người lao động tại cơ sở để nghe ý kiến, hỗ trợ các bên tìm biện pháp giải quyết, đưa hoạt động sản xuất, kinh doanh trở lại bình thường.",,,,,,,,,
ch15,CHAPTER,structural,"[""QUẢN LÝ NHÀ NƯỚC VỀ LAO ĐỘNG""]",QUẢN LÝ NHÀ NƯỚC VỀ LAO ĐỘNG,,,,ch15,15.0,XV,QUẢN LÝ NHÀ NƯỚC VỀ LAO ĐỘNG,,,,,,,,,,,,
ch15_d212,ARTICLE,structural,"[""Nội dung quản lý nhà nước về lao động""]",Nội dung quản lý nhà nước về lao động,,,,,,,,ch15_d212,212,Nội dung quản lý nhà nước về lao động,,,,,,,,,
ch15_d212_k1,CLAUSE,structural,"[""Ban hành và tổ chức thực hiện văn bản quy phạm pháp luật về lao động""]",Ban hành và tổ chức thực hiện văn bản quy phạm pháp luật về lao động.,,,,,,,,,,,ch15_d212_k1,1,Ban hành và tổ chức thực hiện văn bản quy phạm pháp luật về lao động.,,,,,,
ch15_d212_k2,CLAUSE,structural,"[""Theo dõi, thống kê, cung cấp thông tin về cung cầu và biến động cung, cầu lao động"", ""quyết định chính sách tiền lương đối với người lao động"", ""quyết định chính sách, quy hoạch, kế hoạch về nguồn nhân lực, phân bố và sử dụng lao động toàn xã hội, giáo dục nghề nghiệp, phát triển kỹ năng nghề"", ""xây dựng khung trình độ kỹ năng nghề quốc gia, khung trình độ quốc gia Việt Nam đối với các trình độ thuộc giáo dục nghề nghiệp"", ""Quy định danh mục nghề chỉ được sử dụng lao động đã qua đào tạo giáo dục nghề nghiệp hoặc có chứng chỉ kỹ năng nghề quốc gia""]","Theo dõi, thống kê, cung cấp thông tin về cung cầu và biến động cung, cầu lao động; quyết định chính sách tiền lương đối với người lao động; quyết định chính sách, quy hoạch, kế hoạch về nguồn nhân lực, phân bố và sử dụng lao động toàn xã hội, giáo dục nghề nghiệp, phát triển kỹ năng nghề; xây dựng khung trình độ kỹ năng nghề quốc gia, khung trình độ quốc gia Việt Nam đối với các trình độ thuộc giáo dục nghề nghiệp. Quy định danh mục nghề chỉ được sử dụng lao động đã qua đào tạo giáo dục nghề nghiệp hoặc có chứng chỉ kỹ năng nghề quốc gia.",,,,,,,,,,,ch15_d212_k2,2,"Theo dõi, thống kê, cung cấp thông tin về cung cầu và biến động cung, cầu lao động; quyết định chính sách tiền lương đối với người lao động; quyết định chính sách, quy hoạch, kế hoạch về nguồn nhân lực, phân bố và sử dụng lao động toàn xã hội, giáo dục nghề nghiệp, phát triển kỹ năng nghề; xây dựng khung trình độ kỹ năng nghề quốc gia, khung trình độ quốc gia Việt Nam đối với các trình độ thuộc giáo dục nghề nghiệp. Quy định danh mục nghề chỉ được sử dụng lao động đã qua đào tạo giáo dục nghề nghiệp hoặc có chứng chỉ kỹ năng nghề quốc gia.",,,,,,
ch15_d212_k3,CLAUSE,structural,"[""Tổ chức và tiến hành nghiên cứu khoa học về lao động"", ""thống kê, thông tin về lao động và thị trường lao động, về mức sống, tiền lương và thu nhập của người lao động"", ""quản lý lao động về số lượng, chất lượng và biến động lao động""]","Tổ chức và tiến hành nghiên cứu khoa học về lao động; thống kê, thông tin về lao động và thị trường lao động, về mức sống, tiền lương và thu nhập của người lao động; quản lý lao động về số lượng, chất lượng và biến động lao động.",,,,,,,,,,,ch15_d212_k3,3,"Tổ chức và tiến hành nghiên cứu khoa học về lao động; thống kê, thông tin về lao động và thị trường lao động, về mức sống, tiền lương và thu nhập của người lao động; quản lý lao động về số lượng, chất lượng và biến động lao động.",,,,,,
ch15_d212_k4,CLAUSE,structural,"[""Xây dựng các cơ chế, thiết chế hỗ trợ phát triển quan hệ lao động tiến bộ, hài hòa và ổn định"", ""thúc đẩy việc áp dụng quy định của Bộ luật này đối với người làm việc không có quan hệ lao động"", ""thực hiện việc đăng ký và quản lý hoạt động của tổ chức của người lao động tại doanh nghiệp""]","Xây dựng các cơ chế, thiết chế hỗ trợ phát triển quan hệ lao động tiến bộ, hài hòa và ổn định; thúc đẩy việc áp dụng quy định của Bộ luật này đối với người làm việc không có quan hệ lao động; thực hiện việc đăng ký và quản lý hoạt động của tổ chức của người lao động tại doanh nghiệp.",,,,,,,,,,,ch15_d212_k4,4,"Xây dựng các cơ chế, thiết chế hỗ trợ phát triển quan hệ lao động tiến bộ, hài hòa và ổn định; thúc đẩy việc áp dụng quy định của Bộ luật này đối với người làm việc không có quan hệ lao động; thực hiện việc đăng ký và quản lý hoạt động của tổ chức của người lao động tại doanh nghiệp.",,,,,,
ch15_d212_k5,CLAUSE,structural,"[""Kiểm tra, thanh tra, xử lý vi phạm pháp luật và giải quyết khiếu nại, tố cáo về lao động"", ""giải quyết tranh chấp lao động theo quy định của pháp luật""]","Kiểm tra, thanh tra, xử lý vi phạm pháp luật và giải quyết khiếu nại, tố cáo về lao động; giải quyết tranh chấp lao động theo quy định của pháp luật.",,,,,,,,,,,ch15_d212_k5,5,"Kiểm tra, thanh tra, xử lý vi phạm pháp luật và giải quyết khiếu nại, tố cáo về lao động; giải quyết tranh chấp lao động theo quy định của pháp luật.",,,,,,
ch15_d212_k6,CLAUSE,structural,"[""Hợp tác quốc tế về lao động""]",Hợp tác quốc tế về lao động.,,,,,,,,,,,ch15_d212_k6,6,Hợp tác quốc tế về lao động.,,,,,,
ch15_d213,ARTICLE,structural,"[""Thẩm quyền quản lý nhà nước về lao động""]",Thẩm quyền quản lý nhà nước về lao động,,,,,,,,ch15_d213,213,Thẩm quyền quản lý nhà nước về lao động,,,,,,,,,
ch15_d213_k1,CLAUSE,structural,"[""Chính phủ thống nhất quản lý nhà nước về lao động trong phạm vi cả nước""]",Chính phủ thống nhất quản lý nhà nước về lao động trong phạm vi cả nước.,,,,,,,,,,,ch15_d213_k1,1,Chính phủ thống nhất quản lý nhà nước về lao động trong phạm vi cả nước.,,,,,,
ch15_d213_k2,CLAUSE,structural,"[""Bộ Lao động - Thương binh và Xã hội chịu trách nhiệm trước Chính phủ thực hiện quản lý nhà nước về lao động""]",Bộ Lao động - Thương binh và Xã hội chịu trách nhiệm trước Chính phủ thực hiện quản lý nhà nước về lao động.,,,,,,,,,,,ch15_d213_k2,2,Bộ Lao động - Thương binh và Xã hội chịu trách nhiệm trước Chính phủ thực hiện quản lý nhà nước về lao động.,,,,,,
ch15_d213_k3,CLAUSE,structural,"[""Bộ, cơ quan ngang Bộ, trong phạm vi nhiệm vụ, quyền hạn của mình, có trách nhiệm thực hiện và phối hợp với Bộ Lao động - Thương binh và Xã hội trong quản lý nhà nước về lao động""]","Bộ, cơ quan ngang Bộ, trong phạm vi nhiệm vụ, quyền hạn của mình, có trách nhiệm thực hiện và phối hợp với Bộ Lao động - Thương binh và Xã hội trong quản lý nhà nước về lao động.",,,,,,,,,,,ch15_d213_k3,3,"Bộ, cơ quan ngang Bộ, trong phạm vi nhiệm vụ, quyền hạn của mình, có trách nhiệm thực hiện và phối hợp với Bộ Lao động - Thương binh và Xã hội trong quản lý nhà nước về lao động.",,,,,,
ch15_d213_k4,CLAUSE,structural,"[""Ủy ban nhân dân các cấp thực hiện quản lý nhà nước về lao động trong phạm vi địa phương mình""]",Ủy ban nhân dân các cấp thực hiện quản lý nhà nước về lao động trong phạm vi địa phương mình.,,,,,,,,,,,ch15_d213_k4,4,Ủy ban nhân dân các cấp thực hiện quản lý nhà nước về lao động trong phạm vi địa phương mình.,,,,,,
ch16,CHAPTER,structural,"[""THANH TRA LAO ĐỘNG, XỬ LÝ VI PHẠM PHÁP LUẬT VỀ LAO ĐỘNG""]","THANH TRA LAO ĐỘNG, XỬ LÝ VI PHẠM PHÁP LUẬT VỀ LAO ĐỘNG",,,,ch16,16.0,XVI,"THANH TRA LAO ĐỘNG, XỬ LÝ VI PHẠM PHÁP LUẬT VỀ LAO ĐỘNG",,,,,,,,,,,,
ch16_d214,ARTICLE,structural,"[""Nội dung thanh tra lao động""]",Nội dung thanh tra lao động,,,,,,,,ch16_d214,214,Nội dung thanh tra lao động,,,,,,,,,
ch16_d214_k1,CLAUSE,structural,"[""Thanh tra việc chấp hành quy định của pháp luật về lao động""]",Thanh tra việc chấp hành quy định của pháp luật về lao động.,,,,,,,,,,,ch16_d214_k1,1,Thanh tra việc chấp hành quy định của pháp luật về lao động.,,,,,,
ch16_d214_k2,CLAUSE,structural,"[""Điều tra tai nạn lao động và vi phạm an toàn, vệ sinh lao động""]","Điều tra tai nạn lao động và vi phạm an toàn, vệ sinh lao động.",,,,,,,,,,,ch16_d214_k2,2,"Điều tra tai nạn lao động và vi phạm an toàn, vệ sinh lao động.",,,,,,
ch16_d214_k3,CLAUSE,structural,"[""Tham gia hướng dẫn áp dụng hệ thống tiêu chuẩn, quy chuẩn kỹ thuật về điều kiện lao động, an toàn, vệ sinh lao động""]","Tham gia hướng dẫn áp dụng hệ thống tiêu chuẩn, quy chuẩn kỹ thuật về điều kiện lao động, an toàn, vệ sinh lao động.",,,,,,,,,,,ch16_d214_k3,3,"Tham gia hướng dẫn áp dụng hệ thống tiêu chuẩn, quy chuẩn kỹ thuật về điều kiện lao động, an toàn, vệ sinh lao động.",,,,,,
ch16_d214_k4,CLAUSE,structural,"[""Giải quyết khiếu nại, tố cáo về lao động theo quy định của pháp luật""]","Giải quyết khiếu nại, tố cáo về lao động theo quy định của pháp luật.",,,,,,,,,,,ch16_d214_k4,4,"Giải quyết khiếu nại, tố cáo về lao động theo quy định của pháp luật.",,,,,,
ch16_d214_k5,CLAUSE,structural,"[""Xử lý theo thẩm quyền và kiến nghị cơ quan có thẩm quyền xử lý vi phạm pháp luật về lao động""]",Xử lý theo thẩm quyền và kiến nghị cơ quan có thẩm quyền xử lý vi phạm pháp luật về lao động.,,,,,,,,,,,ch16_d214_k5,5,Xử lý theo thẩm quyền và kiến nghị cơ quan có thẩm quyền xử lý vi phạm pháp luật về lao động.,,,,,,
ch16_d215,ARTICLE,structural,"[""Thanh tra chuyên ngành về lao động""]",Thanh tra chuyên ngành về lao động,,,,,,,,ch16_d215,215,Thanh tra chuyên ngành về lao động,,,,,,,,,
ch16_d215_k1,CLAUSE,structural,"[""Thẩm quyền thanh tra chuyên ngành về lao động thực hiện theo quy định của Luật Thanh tra""]",Thẩm quyền thanh tra chuyên ngành về lao động thực hiện theo quy định của Luật Thanh tra.,,,,,,,,,,,ch16_d215_k1,1,Thẩm quyền thanh tra chuyên ngành về lao động thực hiện theo quy định của Luật Thanh tra.,,,,,,
ch16_d215_k2,CLAUSE,structural,"[""Việc thanh tra an toàn, vệ sinh lao động thực hiện theo quy định của Luật An toàn, vệ sinh lao động""]","Việc thanh tra an toàn, vệ sinh lao động thực hiện theo quy định của Luật An toàn, vệ sinh lao động.",,,,,,,,,,,ch16_d215_k2,2,"Việc thanh tra an toàn, vệ sinh lao động thực hiện theo quy định của Luật An toàn, vệ sinh lao động.",,,,,,
ch16_d216,ARTICLE,structural,"[""Quyền của thanh tra lao động Thanh tra lao động có quyền thanh tra, điều tra nơi thuộc đối tượng, phạm vi thanh tra được giao theo quyết định thanh tra""]","Quyền của thanh tra lao động Thanh tra lao động có quyền thanh tra, điều tra nơi thuộc đối tượng, phạm vi thanh tra được giao theo quyết định thanh tra.",,,,,,,,ch16_d216,216,"Quyền của thanh tra lao động Thanh tra lao động có quyền thanh tra, điều tra nơi thuộc đối tượng, phạm vi thanh tra được giao theo quyết định thanh tra.",,,,,,,,,
ch16_d217,ARTICLE,structural,"[""Xử lý vi phạm""]",Xử lý vi phạm,,,,,,,,ch16_d217,217,Xử lý vi phạm,,,,,,,,,
ch16_d217_k1,CLAUSE,structural,"[""Người nào có hành vi vi phạm quy định của Bộ luật này thì tùy theo tính chất, mức độ vi phạm mà bị xử lý kỷ luật, xử phạt vi phạm hành chính hoặc bị truy cứu trách nhiệm hình sự, nếu gây thiệt hại thì phải bồi thường theo quy định của pháp luật""]","Người nào có hành vi vi phạm quy định của Bộ luật này thì tùy theo tính chất, mức độ vi phạm mà bị xử lý kỷ luật, xử phạt vi phạm hành chính hoặc bị truy cứu trách nhiệm hình sự, nếu gây thiệt hại thì phải bồi thường theo quy định của pháp luật.",,,,,,,,,,,ch16_d217_k1,1,"Người nào có hành vi vi phạm quy định của Bộ luật này thì tùy theo tính chất, mức độ vi phạm mà bị xử lý kỷ luật, xử phạt vi phạm hành chính hoặc bị truy cứu trách nhiệm hình sự, nếu gây thiệt hại thì phải bồi thường theo quy định của pháp luật.",,,,,,
ch16_d217_k2,CLAUSE,structural,"[""Khi đã có quyết định của Tòa án về cuộc đình công là bất hợp pháp thì người lao động đang tham gia đình công phải ngừng ngay đình công và trở lại làm việc"", ""nếu người lao động không ngừng đình công, không trở lại làm việc thì tùy theo mức độ vi phạm có thể bị xử lý kỷ luật lao động theo quy định của pháp luật về lao động"", ""Trong trường hợp cuộc đình công là bất hợp pháp mà gây thiệt hại cho người sử dụng lao động thì tổ chức đại diện người lao động tổ chức và lãnh đạo đình công phải bồi thường thiệt hại theo quy định của pháp luật""]","Khi đã có quyết định của Tòa án về cuộc đình công là bất hợp pháp thì người lao động đang tham gia đình công phải ngừng ngay đình công và trở lại làm việc; nếu người lao động không ngừng đình công, không trở lại làm việc thì tùy theo mức độ vi phạm có thể bị xử lý kỷ luật lao động theo quy định của pháp luật về lao động. Trong trường hợp cuộc đình công là bất hợp pháp mà gây thiệt hại cho người sử dụng lao động thì tổ chức đại diện người lao động tổ chức và lãnh đạo đình công phải bồi thường thiệt hại theo quy định của pháp luật.",,,,,,,,,,,ch16_d217_k2,2,"Khi đã có quyết định của Tòa án về cuộc đình công là bất hợp pháp thì người lao động đang tham gia đình công phải ngừng ngay đình công và trở lại làm việc; nếu người lao động không ngừng đình công, không trở lại làm việc thì tùy theo mức độ vi phạm có thể bị xử lý kỷ luật lao động theo quy định của pháp luật về lao động. Trong trường hợp cuộc đình công là bất hợp pháp mà gây thiệt hại cho người sử dụng lao động thì tổ chức đại diện người lao động tổ chức và lãnh đạo đình công phải bồi thường thiệt hại theo quy định của pháp luật.",,,,,,
ch16_d217_k3,CLAUSE,structural,"[""Người lợi dụng đình công gây mất trật tự, an toàn công cộng, làm tổn hại máy, thiết bị, tài sản của người sử dụng lao động"", ""người có hành vi cản trở thực hiện quyền đình công, kích động, lôi kéo, ép buộc người lao động đình công"", ""người có hành vi trù dập, trả thù người tham gia đình công, người lãnh đạo cuộc đình công thì tùy theo mức độ vi phạm mà bị xử phạt vi phạm hành chính hoặc truy cứu trách nhiệm hình sự, nếu gây thiệt hại thì phải bồi thường theo quy định của pháp luật""]","Người lợi dụng đình công gây mất trật tự, an toàn công cộng, làm tổn hại máy, thiết bị, tài sản của người sử dụng lao động; người có hành vi cản trở thực hiện quyền đình công, kích động, lôi kéo, ép buộc người lao động đình công; người có hành vi trù dập, trả thù người tham gia đình công, người lãnh đạo cuộc đình công thì tùy theo mức độ vi phạm mà bị xử phạt vi phạm hành chính hoặc truy cứu trách nhiệm hình sự, nếu gây thiệt hại thì phải bồi thường theo quy định của pháp luật.",,,,,,,,,,,ch16_d217_k3,3,"Người lợi dụng đình công gây mất trật tự, an toàn công cộng, làm tổn hại máy, thiết bị, tài sản của người sử dụng lao động; người có hành vi cản trở thực hiện quyền đình công, kích động, lôi kéo, ép buộc người lao động đình công; người có hành vi trù dập, trả thù người tham gia đình công, người lãnh đạo cuộc đình công thì tùy theo mức độ vi phạm mà bị xử phạt vi phạm hành chính hoặc truy cứu trách nhiệm hình sự, nếu gây thiệt hại thì phải bồi thường theo quy định của pháp luật.",,,,,,
ch17,CHAPTER,structural,"[""ĐIỀU KHOẢN THI HÀNH""]",ĐIỀU KHOẢN THI HÀNH,,,,ch17,17.0,XVII,ĐIỀU KHOẢN THI HÀNH,,,,,,,,,,,,
ch17_d218,ARTICLE,structural,"[""Miễn, giảm thủ tục đối với trường hợp sử dụng dưới 10 lao động Người sử dụng lao động sử dụng dưới 10 người lao động thực hiện quy định của Bộ luật này nhưng được miễn, giảm một số thủ tục theo quy định của Chính phủ""]","Miễn, giảm thủ tục đối với trường hợp sử dụng dưới 10 lao động Người sử dụng lao động sử dụng dưới 10 người lao động thực hiện quy định của Bộ luật này nhưng được miễn, giảm một số thủ tục theo quy định của Chính phủ.",,,,,,,,ch17_d218,218,"Miễn, giảm thủ tục đối với trường hợp sử dụng dưới 10 lao động Người sử dụng lao động sử dụng dưới 10 người lao động thực hiện quy định của Bộ luật này nhưng được miễn, giảm một số thủ tục theo quy định của Chính phủ.",,,,,,,,,
ch17_d219,ARTICLE,structural,"[""Sửa đổi, bổ sung một số điều của các luật có liên quan đến lao động""]","Sửa đổi, bổ sung một số điều của các luật có liên quan đến lao động",,,,,,,,ch17_d219,219,"Sửa đổi, bổ sung một số điều của các luật có liên quan đến lao động",,,,,,,,,
ch17_d219_k1,CLAUSE,structural,"[""Sửa đổi, bổ sung một số điều của Luật Bảo hiểm xã hội số 58/2014/QH13 đã được sửa đổi, bổ sung theo Luật số 84/2015/QH13 và Luật số 35/2018/QH14: a) Sửa đổi, bổ sung Điều 54 như sau: “Điều 54"", ""Điều kiện hưởng lương hưu 1"", ""Người lao động quy định tại các điểm a, b, c, d, g, h và i khoản 1 Điều 2 của Luật này, trừ trường hợp quy định tại khoản 3 Điều này, khi nghỉ việc có đủ 20 năm đóng bảo hiểm xã hội trở lên thì được hưởng lương hưu nếu thuộc một trong các trường hợp sau đây: a) Đủ tuổi theo quy định tại khoản 2 Điều 169 của Bộ luật Lao động"", ""b) Đủ tuổi theo quy định tại khoản 3 Điều 169 của Bộ luật Lao động và có đủ 15 năm làm nghề, công việc nặng nhọc, độc hại, nguy hiểm hoặc đặc biệt nặng nhọc, độc hại, nguy hiểm thuộc danh mục do Bộ Lao động - Thương binh và Xã hội ban hành hoặc có đủ 15 năm làm việc ở vùng có điều kiện kinh tế - xã hội đặc biệt khó khăn bao gồm cả thời gian làm việc ở nơi có phụ cấp khu vực hệ số 0,7 trở lên trước ngày 01 tháng 01 năm 2021"", ""c) Người lao động có tuổi thấp hơn tối đa 10 tuổi so với tuổi nghỉ hưu của người lao động quy định tại khoản 2 Điều 169 của Bộ luật Lao động và có đủ 15 năm làm công việc khai thác than trong hầm lò"", ""d) Người bị nhiễm HIV do tai nạn rủi ro nghề nghiệp trong khi thực hiện nhiệm vụ được giao"", ""2"", ""Người lao động quy định tại điểm đ và điểm e khoản 1 Điều 2 của Luật này nghỉ việc có đủ 20 năm đóng bảo hiểm xã hội trở lên được hưởng lương hưu khi thuộc một trong các trường hợp sau đây: a) Có tuổi thấp hơn tối đa 05 tuổi so với tuổi nghỉ hưu quy định tại khoản 2 Điều 169 của Bộ luật Lao động, trừ trường hợp Luật Sĩ quan Quân đội nhân dân Việt Nam, Luật Công an nhân dân, Luật Cơ yếu, Luật Quân nhân chuyên nghiệp, công nhân và viên chức quốc phòng có quy định khác"", ""b) Có tuổi thấp hơn tối đa 05 tuổi so với tuổi nghỉ hưu quy định tại khoản 3 Điều 169 của Bộ luật Lao động và có đủ 15 năm làm nghề, công việc nặng nhọc, độc hại, nguy hiểm hoặc đặc biệt nặng nhọc, độc hại, nguy hiểm thuộc danh mục do Bộ Lao động - Thương binh và Xã hội ban hành hoặc có đủ 15 năm làm việc ở vùng có điều kiện kinh tế - xã hội đặc biệt khó khăn bao gồm cả thời gian làm việc ở nơi có phụ cấp khu vực hệ số 0,7 trở lên trước ngày 01 tháng 01 năm 2021"", ""c) Người bị nhiễm HIV do tai nạn rủi ro nghề nghiệp trong khi thực hiện nhiệm vụ được giao"", ""3"", ""Lao động nữ là cán bộ, công chức cấp xã hoặc là người hoạt động không chuyên trách ở xã, phường, thị trấn tham gia bảo hiểm xã hội khi nghỉ việc mà có từ đủ 15 năm đến dưới 20 năm đóng bảo hiểm xã hội và đủ tuổi nghỉ hưu quy định tại khoản 2 Điều 169 của Bộ luật Lao động thì được hưởng lương hưu"", ""4"", ""Điều kiện về tuổi hưởng lương hưu đối với một số trường hợp đặc biệt theo quy định của Chính phủ"", ""”"", ""b) Sửa đổi, bổ sung Điều 55 như sau: “Điều 55"", ""Điều kiện hưởng lương hưu khi suy giảm khả năng lao động 1"", ""Người lao động quy định tại các điểm a, b, c, d, g, h và i khoản 1 Điều 2 của Luật này khi nghỉ việc có đủ 20 năm đóng bảo hiểm xã hội trở lên được hưởng lương hưu với mức thấp hơn so với người đủ điều kiện hưởng lương hưu quy định tại các điểm a, b và c khoản 1 Điều 54 của Luật này nếu thuộc một trong các trường hợp sau đây: a) Có tuổi thấp hơn tối đa 05 tuổi so với tuổi nghỉ hưu quy định tại khoản 2 Điều 169 của Bộ luật Lao động khi bị suy giảm khả năng lao động từ 61% đến dưới 81%"", ""b) Có tuổi thấp hơn tối đa 10 tuổi so với tuổi nghỉ hưu quy định tại khoản 2 Điều 169 của Bộ luật Lao động khi bị suy giảm khả năng lao động từ 81% trở lên"", ""c) Có đủ 15 năm trở lên làm nghề, công việc đặc biệt nặng nhọc, độc hại, nguy hiểm thuộc danh mục do Bộ Lao động - Thương binh và Xã hội ban hành và bị suy giảm khả năng lao động từ 61% trở lên"", ""2"", ""Người lao động quy định tại điểm đ và điểm e khoản 1 Điều 2 của Luật này khi nghỉ việc có đủ 20 năm đóng bảo hiểm xã hội trở lên, bị suy giảm khả năng lao động từ 61% trở lên được hưởng lương hưu với mức thấp hơn so với người đủ điều kiện hưởng lương hưu quy định tại điểm a và điểm b khoản 2 Điều 54 của Luật này khi thuộc một trong các trường hợp sau đây: a) Có tuổi thấp hơn tối đa 10 tuổi so với tuổi nghỉ hưu quy định tại khoản 2 Điều 169 của Bộ luật Lao động"", ""b) Có đủ 15 năm trở lên làm nghề, công việc đặc biệt nặng nhọc, độc hại, nguy hiểm thuộc danh mục do Bộ Lao động - Thương binh và Xã hội ban hành"", ""”"", ""c) Sửa đổi, bổ sung khoản 1 Điều 73 như sau: “1"", ""Người lao động hưởng lương hưu khi có đủ các điều kiện sau đây: a) Đủ tuổi nghỉ hưu theo quy định tại khoản 2 Điều 169 của Bộ luật Lao động"", ""b) Đủ 20 năm đóng bảo hiểm xã hội trở lên"", ""”""]","Sửa đổi, bổ sung một số điều của Luật Bảo hiểm xã hội số 58/2014/QH13 đã được sửa đổi, bổ sung theo Luật số 84/2015/QH13 và Luật số 35/2018/QH14: a) Sửa đổi, bổ sung Điều 54 như sau: “Điều 54. Điều kiện hưởng lương hưu 1. Người lao động quy định tại các điểm a, b, c, d, g, h và i khoản 1 Điều 2 của Luật này, trừ trường hợp quy định tại khoản 3 Điều này, khi nghỉ việc có đủ 20 năm đóng bảo hiểm xã hội trở lên thì được hưởng lương hưu nếu thuộc một trong các trường hợp sau đây: a) Đủ tuổi theo quy định tại khoản 2 Điều 169 của Bộ luật Lao động; b) Đủ tuổi theo quy định tại khoản 3 Điều 169 của Bộ luật Lao động và có đủ 15 năm làm nghề, công việc nặng nhọc, độc hại, nguy hiểm hoặc đặc biệt nặng nhọc, độc hại, nguy hiểm thuộc danh mục do Bộ Lao động - Thương binh và Xã hội ban hành hoặc có đủ 15 năm làm việc ở vùng có điều kiện kinh tế - xã hội đặc biệt khó khăn bao gồm cả thời gian làm việc ở nơi có phụ cấp khu vực hệ số 0,7 trở lên trước ngày 01 tháng 01 năm 2021; c) Người lao động có tuổi thấp hơn tối đa 10 tuổi so với tuổi nghỉ hưu của người lao động quy định tại khoản 2 Điều 169 của Bộ luật Lao động và có đủ 15 năm làm công việc khai thác than trong hầm lò; d) Người bị nhiễm HIV do tai nạn rủi ro nghề nghiệp trong khi thực hiện nhiệm vụ được giao. 2. Người lao động quy định tại điểm đ và điểm e khoản 1 Điều 2 của Luật này nghỉ việc có đủ 20 năm đóng bảo hiểm xã hội trở lên được hưởng lương hưu khi thuộc một trong các trường hợp sau đây: a) Có tuổi thấp hơn tối đa 05 tuổi so với tuổi nghỉ hưu quy định tại khoản 2 Điều 169 của Bộ luật Lao động, trừ trường hợp Luật Sĩ quan Quân đội nhân dân Việt Nam, Luật Công an nhân dân, Luật Cơ yếu, Luật Quân nhân chuyên nghiệp, công nhân và viên chức quốc phòng có quy định khác; b) Có tuổi thấp hơn tối đa 05 tuổi so với tuổi nghỉ hưu quy định tại khoản 3 Điều 169 của Bộ luật Lao động và có đủ 15 năm làm nghề, công việc nặng nhọc, độc hại, nguy hiểm hoặc đặc biệt nặng nhọc, độc hại, nguy hiểm thuộc danh mục do Bộ Lao động - Thương binh và Xã hội ban hành hoặc có đủ 15 năm làm việc ở vùng có điều kiện kinh tế - xã hội đặc biệt khó khăn bao gồm cả thời gian làm việc ở nơi có phụ cấp khu vực hệ số 0,7 trở lên trước ngày 01 tháng 01 năm 2021; c) Người bị nhiễm HIV do tai nạn rủi ro nghề nghiệp trong khi thực hiện nhiệm vụ được giao. 3. Lao động nữ là cán bộ, công chức cấp xã hoặc là người hoạt động không chuyên trách ở xã, phường, thị trấn tham gia bảo hiểm xã hội khi nghỉ việc mà có từ đủ 15 năm đến dưới 20 năm đóng bảo hiểm xã hội và đủ tuổi nghỉ hưu quy định tại khoản 2 Điều 169 của Bộ luật Lao động thì được hưởng lương hưu. 4. Điều kiện về tuổi hưởng lương hưu đối với một số trường hợp đặc biệt theo quy định của Chính phủ.”; b) Sửa đổi, bổ sung Điều 55 như sau: “Điều 55. Điều kiện hưởng lương hưu khi suy giảm khả năng lao động 1. Người lao động quy định tại các điểm a, b, c, d, g, h và i khoản 1 Điều 2 của Luật này khi nghỉ việc có đủ 20 năm đóng bảo hiểm xã hội trở lên được hưởng lương hưu với mức thấp hơn so với người đủ điều kiện hưởng lương hưu quy định tại các điểm a, b và c khoản 1 Điều 54 của Luật này nếu thuộc một trong các trường hợp sau đây: a) Có tuổi thấp hơn tối đa 05 tuổi so với tuổi nghỉ hưu quy định tại khoản 2 Điều 169 của Bộ luật Lao động khi bị suy giảm khả năng lao động từ 61% đến dưới 81%; b) Có tuổi thấp hơn tối đa 10 tuổi so với tuổi nghỉ hưu quy định tại khoản 2 Điều 169 của Bộ luật Lao động khi bị suy giảm khả năng lao động từ 81% trở lên; c) Có đủ 15 năm trở lên làm nghề, công việc đặc biệt nặng nhọc, độc hại, nguy hiểm thuộc danh mục do Bộ Lao động - Thương binh và Xã hội ban hành và bị suy giảm khả năng lao động từ 61% trở lên. 2. Người lao động quy định tại điểm đ và điểm e khoản 1 Điều 2 của Luật này khi nghỉ việc có đủ 20 năm đóng bảo hiểm xã hội trở lên, bị suy giảm khả năng lao động từ 61% trở lên được hưởng lương hưu với mức thấp hơn so với người đủ điều kiện hưởng lương hưu quy định tại điểm a và điểm b khoản 2 Điều 54 của Luật này khi thuộc một trong các trường hợp sau đây: a) Có tuổi thấp hơn tối đa 10 tuổi so với tuổi nghỉ hưu quy định tại khoản 2 Điều 169 của Bộ luật Lao động; b) Có đủ 15 năm trở lên làm nghề, công việc đặc biệt nặng nhọc, độc hại, nguy hiểm thuộc danh mục do Bộ Lao động - Thương binh và Xã hội ban hành.”; c) Sửa đổi, bổ sung khoản 1 Điều 73 như sau: “1. Người lao động hưởng lương hưu khi có đủ các điều kiện sau đây: a) Đủ tuổi nghỉ hưu theo quy định tại khoản 2 Điều 169 của Bộ luật Lao động; b) Đủ 20 năm đóng bảo hiểm xã hội trở lên.”.",,,,,,,,,,,ch17_d219_k1,1,"Sửa đổi, bổ sung một số điều của Luật Bảo hiểm xã hội số 58/2014/QH13 đã được sửa đổi, bổ sung theo Luật số 84/2015/QH13 và Luật số 35/2018/QH14: a) Sửa đổi, bổ sung Điều 54 như sau: “Điều 54. Điều kiện hưởng lương hưu 1. Người lao động quy định tại các điểm a, b, c, d, g, h và i khoản 1 Điều 2 của Luật này, trừ trường hợp quy định tại khoản 3 Điều này, khi nghỉ việc có đủ 20 năm đóng bảo hiểm xã hội trở lên thì được hưởng lương hưu nếu thuộc một trong các trường hợp sau đây: a) Đủ tuổi theo quy định tại khoản 2 Điều 169 của Bộ luật Lao động; b) Đủ tuổi theo quy định tại khoản 3 Điều 169 của Bộ luật Lao động và có đủ 15 năm làm nghề, công việc nặng nhọc, độc hại, nguy hiểm hoặc đặc biệt nặng nhọc, độc hại, nguy hiểm thuộc danh mục do Bộ Lao động - Thương binh và Xã hội ban hành hoặc có đủ 15 năm làm việc ở vùng có điều kiện kinh tế - xã hội đặc biệt khó khăn bao gồm cả thời gian làm việc ở nơi có phụ cấp khu vực hệ số 0,7 trở lên trước ngày 01 tháng 01 năm 2021; c) Người lao động có tuổi thấp hơn tối đa 10 tuổi so với tuổi nghỉ hưu của người lao động quy định tại khoản 2 Điều 169 của Bộ luật Lao động và có đủ 15 năm làm công việc khai thác than trong hầm lò; d) Người bị nhiễm HIV do tai nạn rủi ro nghề nghiệp trong khi thực hiện nhiệm vụ được giao. 2. Người lao động quy định tại điểm đ và điểm e khoản 1 Điều 2 của Luật này nghỉ việc có đủ 20 năm đóng bảo hiểm xã hội trở lên được hưởng lương hưu khi thuộc một trong các trường hợp sau đây: a) Có tuổi thấp hơn tối đa 05 tuổi so với tuổi nghỉ hưu quy định tại khoản 2 Điều 169 của Bộ luật Lao động, trừ trường hợp Luật Sĩ quan Quân đội nhân dân Việt Nam, Luật Công an nhân dân, Luật Cơ yếu, Luật Quân nhân chuyên nghiệp, công nhân và viên chức quốc phòng có quy định khác; b) Có tuổi thấp hơn tối đa 05 tuổi so với tuổi nghỉ hưu quy định tại khoản 3 Điều 169 của Bộ luật Lao động và có đủ 15 năm làm nghề, công việc nặng nhọc, độc hại, nguy hiểm hoặc đặc biệt nặng nhọc, độc hại, nguy hiểm thuộc danh mục do Bộ Lao động - Thương binh và Xã hội ban hành hoặc có đủ 15 năm làm việc ở vùng có điều kiện kinh tế - xã hội đặc biệt khó khăn bao gồm cả thời gian làm việc ở nơi có phụ cấp khu vực hệ số 0,7 trở lên trước ngày 01 tháng 01 năm 2021; c) Người bị nhiễm HIV do tai nạn rủi ro nghề nghiệp trong khi thực hiện nhiệm vụ được giao. 3. Lao động nữ là cán bộ, công chức cấp xã hoặc là người hoạt động không chuyên trách ở xã, phường, thị trấn tham gia bảo hiểm xã hội khi nghỉ việc mà có từ đủ 15 năm đến dưới 20 năm đóng bảo hiểm xã hội và đủ tuổi nghỉ hưu quy định tại khoản 2 Điều 169 của Bộ luật Lao động thì được hưởng lương hưu. 4. Điều kiện về tuổi hưởng lương hưu đối với một số trường hợp đặc biệt theo quy định của Chính phủ.”; b) Sửa đổi, bổ sung Điều 55 như sau: “Điều 55. Điều kiện hưởng lương hưu khi suy giảm khả năng lao động 1. Người lao động quy định tại các điểm a, b, c, d, g, h và i khoản 1 Điều 2 của Luật này khi nghỉ việc có đủ 20 năm đóng bảo hiểm xã hội trở lên được hưởng lương hưu với mức thấp hơn so với người đủ điều kiện hưởng lương hưu quy định tại các điểm a, b và c khoản 1 Điều 54 của Luật này nếu thuộc một trong các trường hợp sau đây: a) Có tuổi thấp hơn tối đa 05 tuổi so với tuổi nghỉ hưu quy định tại khoản 2 Điều 169 của Bộ luật Lao động khi bị suy giảm khả năng lao động từ 61% đến dưới 81%; b) Có tuổi thấp hơn tối đa 10 tuổi so với tuổi nghỉ hưu quy định tại khoản 2 Điều 169 của Bộ luật Lao động khi bị suy giảm khả năng lao động từ 81% trở lên; c) Có đủ 15 năm trở lên làm nghề, công việc đặc biệt nặng nhọc, độc hại, nguy hiểm thuộc danh mục do Bộ Lao động - Thương binh và Xã hội ban hành và bị suy giảm khả năng lao động từ 61% trở lên. 2. Người lao động quy định tại điểm đ và điểm e khoản 1 Điều 2 của Luật này khi nghỉ việc có đủ 20 năm đóng bảo hiểm xã hội trở lên, bị suy giảm khả năng lao động từ 61% trở lên được hưởng lương hưu với mức thấp hơn so với người đủ điều kiện hưởng lương hưu quy định tại điểm a và điểm b khoản 2 Điều 54 của Luật này khi thuộc một trong các trường hợp sau đây: a) Có tuổi thấp hơn tối đa 10 tuổi so với tuổi nghỉ hưu quy định tại khoản 2 Điều 169 của Bộ luật Lao động; b) Có đủ 15 năm trở lên làm nghề, công việc đặc biệt nặng nhọc, độc hại, nguy hiểm thuộc danh mục do Bộ Lao động - Thương binh và Xã hội ban hành.”; c) Sửa đổi, bổ sung khoản 1 Điều 73 như sau: “1. Người lao động hưởng lương hưu khi có đủ các điều kiện sau đây: a) Đủ tuổi nghỉ hưu theo quy định tại khoản 2 Điều 169 của Bộ luật Lao động; b) Đủ 20 năm đóng bảo hiểm xã hội trở lên.”.",,,,,,
ch17_d219_k1_a,POINT,structural,[],"Sửa đổi, bổ sung Điều 54 như sau: “Điều 54. Điều kiện hưởng lương hưu 1. Người lao động quy định tại các điểm a, b, c, d, g, h và i khoản 1 Điều 2 của Luật này, trừ trường hợp quy định tại khoản 3 Điều này, khi nghỉ việc có đủ 20 năm đóng bảo hiểm xã hội trở lên thì được hưởng lương hưu nếu thuộc một trong các trường hợp sau đây: a) Đủ tuổi theo quy định tại khoản 2 Điều 169 của Bộ luật Lao động; b) Đủ tuổi theo quy định tại khoản 3 Điều 169 của Bộ luật Lao động và có đủ 15 năm làm nghề, công việc nặng nhọc, độc hại, nguy hiểm hoặc đặc biệt nặng nhọc, độc hại, nguy hiểm thuộc danh mục do Bộ Lao động - Thương binh và Xã hội ban hành hoặc có đủ 15 năm làm việc ở vùng có điều kiện kinh tế - xã hội đặc biệt khó khăn bao gồm cả thời gian làm việc ở nơi có phụ cấp khu vực hệ số 0,7 trở lên trước ngày 01 tháng 01 năm 2021; c) Người lao động có tuổi thấp hơn tối đa 10 tuổi so với tuổi nghỉ hưu của người lao động quy định tại khoản 2 Điều 169 của Bộ luật Lao động và có đủ 15 năm làm công việc khai thác than trong hầm lò; d) Người bị nhiễm HIV do tai nạn rủi ro nghề nghiệp trong khi thực hiện nhiệm vụ được giao. 2. Người lao động quy định tại điểm đ và điểm e khoản 1 Điều 2 của Luật này nghỉ việc có đủ 20 năm đóng bảo hiểm xã hội trở lên được hưởng lương hưu khi thuộc một trong các trường hợp sau đây: a) Có tuổi thấp hơn tối đa 05 tuổi so với tuổi nghỉ hưu quy định tại khoản 2 Điều 169 của Bộ luật Lao động, trừ trường hợp Luật Sĩ quan Quân đội nhân dân Việt Nam, Luật Công an nhân dân, Luật Cơ yếu, Luật Quân nhân chuyên nghiệp, công nhân và viên chức quốc phòng có quy định khác; b) Có tuổi thấp hơn tối đa 05 tuổi so với tuổi nghỉ hưu quy định tại khoản 3 Điều 169 của Bộ luật Lao động và có đủ 15 năm làm nghề, công việc nặng nhọc, độc hại, nguy hiểm hoặc đặc biệt nặng nhọc, độc hại, nguy hiểm thuộc danh mục do Bộ Lao động - Thương binh và Xã hội ban hành hoặc có đủ 15 năm làm việc ở vùng có điều kiện kinh tế - xã hội đặc biệt khó khăn bao gồm cả thời gian làm việc ở nơi có phụ cấp khu vực hệ số 0,7 trở lên trước ngày 01 tháng 01 năm 2021; c) Người bị nhiễm HIV do tai nạn rủi ro nghề nghiệp trong khi thực hiện nhiệm vụ được giao. 3. Lao động nữ là cán bộ, công chức cấp xã hoặc là người hoạt động không chuyên trách ở xã, phường, thị trấn tham gia bảo hiểm xã hội khi nghỉ việc mà có từ đủ 15 năm đến dưới 20 năm đóng bảo hiểm xã hội và đủ tuổi nghỉ hưu quy định tại khoản 2 Điều 169 của Bộ luật Lao động thì được hưởng lương hưu. 4. Điều kiện về tuổi hưởng lương hưu đối với một số trường hợp đặc biệt theo quy định của Chính phủ.”;",,,,,,,,,,,,,,ch17_d219_k1_a,a),"Sửa đổi, bổ sung Điều 54 như sau: “Điều 54. Điều kiện hưởng lương hưu 1. Người lao động quy định tại các điểm a, b, c, d, g, h và i khoản 1 Điều 2 của Luật này, trừ trường hợp quy định tại khoản 3 Điều này, khi nghỉ việc có đủ 20 năm đóng bảo hiểm xã hội trở lên thì được hưởng lương hưu nếu thuộc một trong các trường hợp sau đây: a) Đủ tuổi theo quy định tại khoản 2 Điều 169 của Bộ luật Lao động; b) Đủ tuổi theo quy định tại khoản 3 Điều 169 của Bộ luật Lao động và có đủ 15 năm làm nghề, công việc nặng nhọc, độc hại, nguy hiểm hoặc đặc biệt nặng nhọc, độc hại, nguy hiểm thuộc danh mục do Bộ Lao động - Thương binh và Xã hội ban hành hoặc có đủ 15 năm làm việc ở vùng có điều kiện kinh tế - xã hội đặc biệt khó khăn bao gồm cả thời gian làm việc ở nơi có phụ cấp khu vực hệ số 0,7 trở lên trước ngày 01 tháng 01 năm 2021; c) Người lao động có tuổi thấp hơn tối đa 10 tuổi so với tuổi nghỉ hưu của người lao động quy định tại khoản 2 Điều 169 của Bộ luật Lao động và có đủ 15 năm làm công việc khai thác than trong hầm lò; d) Người bị nhiễm HIV do tai nạn rủi ro nghề nghiệp trong khi thực hiện nhiệm vụ được giao. 2. Người lao động quy định tại điểm đ và điểm e khoản 1 Điều 2 của Luật này nghỉ việc có đủ 20 năm đóng bảo hiểm xã hội trở lên được hưởng lương hưu khi thuộc một trong các trường hợp sau đây: a) Có tuổi thấp hơn tối đa 05 tuổi so với tuổi nghỉ hưu quy định tại khoản 2 Điều 169 của Bộ luật Lao động, trừ trường hợp Luật Sĩ quan Quân đội nhân dân Việt Nam, Luật Công an nhân dân, Luật Cơ yếu, Luật Quân nhân chuyên nghiệp, công nhân và viên chức quốc phòng có quy định khác; b) Có tuổi thấp hơn tối đa 05 tuổi so với tuổi nghỉ hưu quy định tại khoản 3 Điều 169 của Bộ luật Lao động và có đủ 15 năm làm nghề, công việc nặng nhọc, độc hại, nguy hiểm hoặc đặc biệt nặng nhọc, độc hại, nguy hiểm thuộc danh mục do Bộ Lao động - Thương binh và Xã hội ban hành hoặc có đủ 15 năm làm việc ở vùng có điều kiện kinh tế - xã hội đặc biệt khó khăn bao gồm cả thời gian làm việc ở nơi có phụ cấp khu vực hệ số 0,7 trở lên trước ngày 01 tháng 01 năm 2021; c) Người bị nhiễm HIV do tai nạn rủi ro nghề nghiệp trong khi thực hiện nhiệm vụ được giao. 3. Lao động nữ là cán bộ, công chức cấp xã hoặc là người hoạt động không chuyên trách ở xã, phường, thị trấn tham gia bảo hiểm xã hội khi nghỉ việc mà có từ đủ 15 năm đến dưới 20 năm đóng bảo hiểm xã hội và đủ tuổi nghỉ hưu quy định tại khoản 2 Điều 169 của Bộ luật Lao động thì được hưởng lương hưu. 4. Điều kiện về tuổi hưởng lương hưu đối với một số trường hợp đặc biệt theo quy định của Chính phủ.”;",,,
ch17_d219_k1_b,POINT,structural,[],"Sửa đổi, bổ sung Điều 55 như sau: “Điều 55. Điều kiện hưởng lương hưu khi suy giảm khả năng lao động 1. Người lao động quy định tại các điểm a, b, c, d, g, h và i khoản 1 Điều 2 của Luật này khi nghỉ việc có đủ 20 năm đóng bảo hiểm xã hội trở lên được hưởng lương hưu với mức thấp hơn so với người đủ điều kiện hưởng lương hưu quy định tại các điểm a, b và c khoản 1 Điều 54 của Luật này nếu thuộc một trong các trường hợp sau đây: a) Có tuổi thấp hơn tối đa 05 tuổi so với tuổi nghỉ hưu quy định tại khoản 2 Điều 169 của Bộ luật Lao động khi bị suy giảm khả năng lao động từ 61% đến dưới 81%; b) Có tuổi thấp hơn tối đa 10 tuổi so với tuổi nghỉ hưu quy định tại khoản 2 Điều 169 của Bộ luật Lao động khi bị suy giảm khả năng lao động từ 81% trở lên; c) Có đủ 15 năm trở lên làm nghề, công việc đặc biệt nặng nhọc, độc hại, nguy hiểm thuộc danh mục do Bộ Lao động - Thương binh và Xã hội ban hành và bị suy giảm khả năng lao động từ 61% trở lên. 2. Người lao động quy định tại điểm đ và điểm e khoản 1 Điều 2 của Luật này khi nghỉ việc có đủ 20 năm đóng bảo hiểm xã hội trở lên, bị suy giảm khả năng lao động từ 61% trở lên được hưởng lương hưu với mức thấp hơn so với người đủ điều kiện hưởng lương hưu quy định tại điểm a và điểm b khoản 2 Điều 54 của Luật này khi thuộc một trong các trường hợp sau đây: a) Có tuổi thấp hơn tối đa 10 tuổi so với tuổi nghỉ hưu quy định tại khoản 2 Điều 169 của Bộ luật Lao động; b) Có đủ 15 năm trở lên làm nghề, công việc đặc biệt nặng nhọc, độc hại, nguy hiểm thuộc danh mục do Bộ Lao động - Thương binh và Xã hội ban hành.”;",,,,,,,,,,,,,,ch17_d219_k1_b,b),"Sửa đổi, bổ sung Điều 55 như sau: “Điều 55. Điều kiện hưởng lương hưu khi suy giảm khả năng lao động 1. Người lao động quy định tại các điểm a, b, c, d, g, h và i khoản 1 Điều 2 của Luật này khi nghỉ việc có đủ 20 năm đóng bảo hiểm xã hội trở lên được hưởng lương hưu với mức thấp hơn so với người đủ điều kiện hưởng lương hưu quy định tại các điểm a, b và c khoản 1 Điều 54 của Luật này nếu thuộc một trong các trường hợp sau đây: a) Có tuổi thấp hơn tối đa 05 tuổi so với tuổi nghỉ hưu quy định tại khoản 2 Điều 169 của Bộ luật Lao động khi bị suy giảm khả năng lao động từ 61% đến dưới 81%; b) Có tuổi thấp hơn tối đa 10 tuổi so với tuổi nghỉ hưu quy định tại khoản 2 Điều 169 của Bộ luật Lao động khi bị suy giảm khả năng lao động từ 81% trở lên; c) Có đủ 15 năm trở lên làm nghề, công việc đặc biệt nặng nhọc, độc hại, nguy hiểm thuộc danh mục do Bộ Lao động - Thương binh và Xã hội ban hành và bị suy giảm khả năng lao động từ 61% trở lên. 2. Người lao động quy định tại điểm đ và điểm e khoản 1 Điều 2 của Luật này khi nghỉ việc có đủ 20 năm đóng bảo hiểm xã hội trở lên, bị suy giảm khả năng lao động từ 61% trở lên được hưởng lương hưu với mức thấp hơn so với người đủ điều kiện hưởng lương hưu quy định tại điểm a và điểm b khoản 2 Điều 54 của Luật này khi thuộc một trong các trường hợp sau đây: a) Có tuổi thấp hơn tối đa 10 tuổi so với tuổi nghỉ hưu quy định tại khoản 2 Điều 169 của Bộ luật Lao động; b) Có đủ 15 năm trở lên làm nghề, công việc đặc biệt nặng nhọc, độc hại, nguy hiểm thuộc danh mục do Bộ Lao động - Thương binh và Xã hội ban hành.”;",,,
ch17_d219_k1_c,POINT,structural,[],"Sửa đổi, bổ sung khoản 1 Điều 73 như sau: “1. Người lao động hưởng lương hưu khi có đủ các điều kiện sau đây: a) Đủ tuổi nghỉ hưu theo quy định tại khoản 2 Điều 169 của Bộ luật Lao động; b) Đủ 20 năm đóng bảo hiểm xã hội trở lên.”.",,,,,,,,,,,,,,ch17_d219_k1_c,c),"Sửa đổi, bổ sung khoản 1 Điều 73 như sau: “1. Người lao động hưởng lương hưu khi có đủ các điều kiện sau đây: a) Đủ tuổi nghỉ hưu theo quy định tại khoản 2 Điều 169 của Bộ luật Lao động; b) Đủ 20 năm đóng bảo hiểm xã hội trở lên.”.",,,
ch17_d219_k2,CLAUSE,structural,"[""Sửa đổi, bổ sung Điều 32 của Bộ luật Tố tụng dân sự số 92/2015/QH13 như sau: a) Sửa đổi, bổ sung tên điều, khoản 1"", ""bổ sung các khoản 1a, 1b và 1c vào sau khoản 1 như sau: “Điều 32"", ""Những tranh chấp về lao động và tranh chấp liên quan đến lao động thuộc thẩm quyền giải quyết của Tòa án 1"", ""Tranh chấp lao động cá nhân giữa người lao động với người sử dụng lao động phải thông qua thủ tục hòa giải của hòa giải viên lao động mà hòa giải thành nhưng các bên không thực hiện hoặc thực hiện không đúng, hòa giải không thành hoặc hết thời hạn hòa giải theo quy định của pháp luật về lao động mà hòa giải viên lao động không tiến hành hòa giải, trừ các tranh chấp lao động sau đây không bắt buộc phải qua thủ tục hòa giải: a) Về xử lý kỷ luật lao động theo hình thức sa thải hoặc về trường hợp bị đơn phương chấm dứt hợp đồng lao động"", ""b) Về bồi thường thiệt hại, trợ cấp khi chấm dứt hợp đồng lao động"", ""c) Giữa người giúp việc gia đình với người sử dụng lao động"", ""d) Về bảo hiểm xã hội theo quy định của pháp luật về bảo hiểm xã hội, về bảo hiểm y tế theo quy định của pháp luật về bảo hiểm y tế, về bảo hiểm thất nghiệp theo quy định của pháp luật về việc làm, về bảo hiểm tai nạn lao động, bệnh nghề nghiệp theo quy định của pháp luật về an toàn, vệ sinh lao động"", ""đ) Về bồi thường thiệt hại giữa người lao động với doanh nghiệp, tổ chức đưa người lao động đi làm việc ở nước ngoài theo hợp đồng"", ""e) Giữa người lao động thuê lại với người sử dụng lao động thuê lại"", ""1a"", ""Tranh chấp lao động cá nhân mà hai bên thỏa thuận lựa chọn Hội đồng trọng tài lao động giải quyết nhưng hết thời hạn theo quy định của pháp luật về lao động mà Ban trọng tài lao động không được thành lập, Ban trọng tài lao động không ra quyết định giải quyết tranh chấp hoặc một trong các bên không thi hành quyết định của Ban trọng tài lao động thì có quyền yêu cầu Tòa án giải quyết"", ""1b"", ""Tranh chấp lao động tập thể về quyền theo quy định của pháp luật về lao động đã qua thủ tục hòa giải của hòa giải viên lao động mà hòa giải không thành, hết thời hạn hòa giải theo quy định của pháp luật về lao động mà hòa giải viên lao động không tiến hành hòa giải hoặc một trong các bên không thực hiện biên bản hòa giải thành thì có quyền yêu cầu Tòa án giải quyết"", ""1c"", ""Tranh chấp lao động tập thể về quyền mà hai bên thỏa thuận lựa chọn Hội đồng trọng tài lao động giải quyết nhưng hết thời hạn theo quy định của pháp luật về lao động mà Ban trọng tài lao động không được thành lập, Ban trọng tài lao động không ra quyết định giải quyết tranh chấp hoặc một trong các bên không thi hành quyết định của Ban trọng tài lao động thì có quyền yêu cầu Tòa án giải quyết"", ""”"", ""b) Bãi bỏ khoản 2 Điều 32""]","Sửa đổi, bổ sung Điều 32 của Bộ luật Tố tụng dân sự số 92/2015/QH13 như sau: a) Sửa đổi, bổ sung tên điều, khoản 1; bổ sung các khoản 1a, 1b và 1c vào sau khoản 1 như sau: “Điều 32. Những tranh chấp về lao động và tranh chấp liên quan đến lao động thuộc thẩm quyền giải quyết của Tòa án 1. Tranh chấp lao động cá nhân giữa người lao động với người sử dụng lao động phải thông qua thủ tục hòa giải của hòa giải viên lao động mà hòa giải thành nhưng các bên không thực hiện hoặc thực hiện không đúng, hòa giải không thành hoặc hết thời hạn hòa giải theo quy định của pháp luật về lao động mà hòa giải viên lao động không tiến hành hòa giải, trừ các tranh chấp lao động sau đây không bắt buộc phải qua thủ tục hòa giải: a) Về xử lý kỷ luật lao động theo hình thức sa thải hoặc về trường hợp bị đơn phương chấm dứt hợp đồng lao động; b) Về bồi thường thiệt hại, trợ cấp khi chấm dứt hợp đồng lao động; c) Giữa người giúp việc gia đình với người sử dụng lao động; d) Về bảo hiểm xã hội theo quy định của pháp luật về bảo hiểm xã hội, về bảo hiểm y tế theo quy định của pháp luật về bảo hiểm y tế, về bảo hiểm thất nghiệp theo quy định của pháp luật về việc làm, về bảo hiểm tai nạn lao động, bệnh nghề nghiệp theo quy định của pháp luật về an toàn, vệ sinh lao động; đ) Về bồi thường thiệt hại giữa người lao động với doanh nghiệp, tổ chức đưa người lao động đi làm việc ở nước ngoài theo hợp đồng; e) Giữa người lao động thuê lại với người sử dụng lao động thuê lại. 1a. Tranh chấp lao động cá nhân mà hai bên thỏa thuận lựa chọn Hội đồng trọng tài lao động giải quyết nhưng hết thời hạn theo quy định của pháp luật về lao động mà Ban trọng tài lao động không được thành lập, Ban trọng tài lao động không ra quyết định giải quyết tranh chấp hoặc một trong các bên không thi hành quyết định của Ban trọng tài lao động thì có quyền yêu cầu Tòa án giải quyết. 1b. Tranh chấp lao động tập thể về quyền theo quy định của pháp luật về lao động đã qua thủ tục hòa giải của hòa giải viên lao động mà hòa giải không thành, hết thời hạn hòa giải theo quy định của pháp luật về lao động mà hòa giải viên lao động không tiến hành hòa giải hoặc một trong các bên không thực hiện biên bản hòa giải thành thì có quyền yêu cầu Tòa án giải quyết. 1c. Tranh chấp lao động tập thể về quyền mà hai bên thỏa thuận lựa chọn Hội đồng trọng tài lao động giải quyết nhưng hết thời hạn theo quy định của pháp luật về lao động mà Ban trọng tài lao động không được thành lập, Ban trọng tài lao động không ra quyết định giải quyết tranh chấp hoặc một trong các bên không thi hành quyết định của Ban trọng tài lao động thì có quyền yêu cầu Tòa án giải quyết.”; b) Bãi bỏ khoản 2 Điều 32.",,,,,,,,,,,ch17_d219_k2,2,"Sửa đổi, bổ sung Điều 32 của Bộ luật Tố tụng dân sự số 92/2015/QH13 như sau: a) Sửa đổi, bổ sung tên điều, khoản 1; bổ sung các khoản 1a, 1b và 1c vào sau khoản 1 như sau: “Điều 32. Những tranh chấp về lao động và tranh chấp liên quan đến lao động thuộc thẩm quyền giải quyết của Tòa án 1. Tranh chấp lao động cá nhân giữa người lao động với người sử dụng lao động phải thông qua thủ tục hòa giải của hòa giải viên lao động mà hòa giải thành nhưng các bên không thực hiện hoặc thực hiện không đúng, hòa giải không thành hoặc hết thời hạn hòa giải theo quy định của pháp luật về lao động mà hòa giải viên lao động không tiến hành hòa giải, trừ các tranh chấp lao động sau đây không bắt buộc phải qua thủ tục hòa giải: a) Về xử lý kỷ luật lao động theo hình thức sa thải hoặc về trường hợp bị đơn phương chấm dứt hợp đồng lao động; b) Về bồi thường thiệt hại, trợ cấp khi chấm dứt hợp đồng lao động; c) Giữa người giúp việc gia đình với người sử dụng lao động; d) Về bảo hiểm xã hội theo quy định của pháp luật về bảo hiểm xã hội, về bảo hiểm y tế theo quy định của pháp luật về bảo hiểm y tế, về bảo hiểm thất nghiệp theo quy định của pháp luật về việc làm, về bảo hiểm tai nạn lao động, bệnh nghề nghiệp theo quy định của pháp luật về an toàn, vệ sinh lao động; đ) Về bồi thường thiệt hại giữa người lao động với doanh nghiệp, tổ chức đưa người lao động đi làm việc ở nước ngoài theo hợp đồng; e) Giữa người lao động thuê lại với người sử dụng lao động thuê lại. 1a. Tranh chấp lao động cá nhân mà hai bên thỏa thuận lựa chọn Hội đồng trọng tài lao động giải quyết nhưng hết thời hạn theo quy định của pháp luật về lao động mà Ban trọng tài lao động không được thành lập, Ban trọng tài lao động không ra quyết định giải quyết tranh chấp hoặc một trong các bên không thi hành quyết định của Ban trọng tài lao động thì có quyền yêu cầu Tòa án giải quyết. 1b. Tranh chấp lao động tập thể về quyền theo quy định của pháp luật về lao động đã qua thủ tục hòa giải của hòa giải viên lao động mà hòa giải không thành, hết thời hạn hòa giải theo quy định của pháp luật về lao động mà hòa giải viên lao động không tiến hành hòa giải hoặc một trong các bên không thực hiện biên bản hòa giải thành thì có quyền yêu cầu Tòa án giải quyết. 1c. Tranh chấp lao động tập thể về quyền mà hai bên thỏa thuận lựa chọn Hội đồng trọng tài lao động giải quyết nhưng hết thời hạn theo quy định của pháp luật về lao động mà Ban trọng tài lao động không được thành lập, Ban trọng tài lao động không ra quyết định giải quyết tranh chấp hoặc một trong các bên không thi hành quyết định của Ban trọng tài lao động thì có quyền yêu cầu Tòa án giải quyết.”; b) Bãi bỏ khoản 2 Điều 32.",,,,,,
ch17_d219_k2_a,POINT,structural,[],"Sửa đổi, bổ sung tên điều, khoản 1; bổ sung các khoản 1a, 1b và 1c vào sau khoản 1 như sau: “Điều 32. Những tranh chấp về lao động và tranh chấp liên quan đến lao động thuộc thẩm quyền giải quyết của Tòa án 1. Tranh chấp lao động cá nhân giữa người lao động với người sử dụng lao động phải thông qua thủ tục hòa giải của hòa giải viên lao động mà hòa giải thành nhưng các bên không thực hiện hoặc thực hiện không đúng, hòa giải không thành hoặc hết thời hạn hòa giải theo quy định của pháp luật về lao động mà hòa giải viên lao động không tiến hành hòa giải, trừ các tranh chấp lao động sau đây không bắt buộc phải qua thủ tục hòa giải: a) Về xử lý kỷ luật lao động theo hình thức sa thải hoặc về trường hợp bị đơn phương chấm dứt hợp đồng lao động; b) Về bồi thường thiệt hại, trợ cấp khi chấm dứt hợp đồng lao động; c) Giữa người giúp việc gia đình với người sử dụng lao động; d) Về bảo hiểm xã hội theo quy định của pháp luật về bảo hiểm xã hội, về bảo hiểm y tế theo quy định của pháp luật về bảo hiểm y tế, về bảo hiểm thất nghiệp theo quy định của pháp luật về việc làm, về bảo hiểm tai nạn lao động, bệnh nghề nghiệp theo quy định của pháp luật về an toàn, vệ sinh lao động; đ) Về bồi thường thiệt hại giữa người lao động với doanh nghiệp, tổ chức đưa người lao động đi làm việc ở nước ngoài theo hợp đồng; e) Giữa người lao động thuê lại với người sử dụng lao động thuê lại. 1a. Tranh chấp lao động cá nhân mà hai bên thỏa thuận lựa chọn Hội đồng trọng tài lao động giải quyết nhưng hết thời hạn theo quy định của pháp luật về lao động mà Ban trọng tài lao động không được thành lập, Ban trọng tài lao động không ra quyết định giải quyết tranh chấp hoặc một trong các bên không thi hành quyết định của Ban trọng tài lao động thì có quyền yêu cầu Tòa án giải quyết. 1b. Tranh chấp lao động tập thể về quyền theo quy định của pháp luật về lao động đã qua thủ tục hòa giải của hòa giải viên lao động mà hòa giải không thành, hết thời hạn hòa giải theo quy định của pháp luật về lao động mà hòa giải viên lao động không tiến hành hòa giải hoặc một trong các bên không thực hiện biên bản hòa giải thành thì có quyền yêu cầu Tòa án giải quyết. 1c. Tranh chấp lao động tập thể về quyền mà hai bên thỏa thuận lựa chọn Hội đồng trọng tài lao động giải quyết nhưng hết thời hạn theo quy định của pháp luật về lao động mà Ban trọng tài lao động không được thành lập, Ban trọng tài lao động không ra quyết định giải quyết tranh chấp hoặc một trong các bên không thi hành quyết định của Ban trọng tài lao động thì có quyền yêu cầu Tòa án giải quyết.”;",,,,,,,,,,,,,,ch17_d219_k2_a,a),"Sửa đổi, bổ sung tên điều, khoản 1; bổ sung các khoản 1a, 1b và 1c vào sau khoản 1 như sau: “Điều 32. Những tranh chấp về lao động và tranh chấp liên quan đến lao động thuộc thẩm quyền giải quyết của Tòa án 1. Tranh chấp lao động cá nhân giữa người lao động với người sử dụng lao động phải thông qua thủ tục hòa giải của hòa giải viên lao động mà hòa giải thành nhưng các bên không thực hiện hoặc thực hiện không đúng, hòa giải không thành hoặc hết thời hạn hòa giải theo quy định của pháp luật về lao động mà hòa giải viên lao động không tiến hành hòa giải, trừ các tranh chấp lao động sau đây không bắt buộc phải qua thủ tục hòa giải: a) Về xử lý kỷ luật lao động theo hình thức sa thải hoặc về trường hợp bị đơn phương chấm dứt hợp đồng lao động; b) Về bồi thường thiệt hại, trợ cấp khi chấm dứt hợp đồng lao động; c) Giữa người giúp việc gia đình với người sử dụng lao động; d) Về bảo hiểm xã hội theo quy định của pháp luật về bảo hiểm xã hội, về bảo hiểm y tế theo quy định của pháp luật về bảo hiểm y tế, về bảo hiểm thất nghiệp theo quy định của pháp luật về việc làm, về bảo hiểm tai nạn lao động, bệnh nghề nghiệp theo quy định của pháp luật về an toàn, vệ sinh lao động; đ) Về bồi thường thiệt hại giữa người lao động với doanh nghiệp, tổ chức đưa người lao động đi làm việc ở nước ngoài theo hợp đồng; e) Giữa người lao động thuê lại với người sử dụng lao động thuê lại. 1a. Tranh chấp lao động cá nhân mà hai bên thỏa thuận lựa chọn Hội đồng trọng tài lao động giải quyết nhưng hết thời hạn theo quy định của pháp luật về lao động mà Ban trọng tài lao động không được thành lập, Ban trọng tài lao động không ra quyết định giải quyết tranh chấp hoặc một trong các bên không thi hành quyết định của Ban trọng tài lao động thì có quyền yêu cầu Tòa án giải quyết. 1b. Tranh chấp lao động tập thể về quyền theo quy định của pháp luật về lao động đã qua thủ tục hòa giải của hòa giải viên lao động mà hòa giải không thành, hết thời hạn hòa giải theo quy định của pháp luật về lao động mà hòa giải viên lao động không tiến hành hòa giải hoặc một trong các bên không thực hiện biên bản hòa giải thành thì có quyền yêu cầu Tòa án giải quyết. 1c. Tranh chấp lao động tập thể về quyền mà hai bên thỏa thuận lựa chọn Hội đồng trọng tài lao động giải quyết nhưng hết thời hạn theo quy định của pháp luật về lao động mà Ban trọng tài lao động không được thành lập, Ban trọng tài lao động không ra quyết định giải quyết tranh chấp hoặc một trong các bên không thi hành quyết định của Ban trọng tài lao động thì có quyền yêu cầu Tòa án giải quyết.”;",,,
ch17_d219_k2_b,POINT,structural,[],Bãi bỏ khoản 2 Điều 32.,,,,,,,,,,,,,,ch17_d219_k2_b,b),Bãi bỏ khoản 2 Điều 32.,,,
ch17_d220,ARTICLE,structural,"[""Hiệu lực thi hành""]",Hiệu lực thi hành,,,,,,,,ch17_d220,220,Hiệu lực thi hành,,,,,,,,,
ch17_d220_k1,CLAUSE,structural,"[""Bộ luật này có hiệu lực thi hành từ ngày 01 tháng 01 năm 2021"", ""Bộ luật Lao động số 10/2012/QH13 hết hiệu lực thi hành kể từ ngày Bộ luật này có hiệu lực""]",Bộ luật này có hiệu lực thi hành từ ngày 01 tháng 01 năm 2021. Bộ luật Lao động số 10/2012/QH13 hết hiệu lực thi hành kể từ ngày Bộ luật này có hiệu lực.,,,,,,,,,,,ch17_d220_k1,1,Bộ luật này có hiệu lực thi hành từ ngày 01 tháng 01 năm 2021. Bộ luật Lao động số 10/2012/QH13 hết hiệu lực thi hành kể từ ngày Bộ luật này có hiệu lực.,,,,,,
ch17_d220_k2,CLAUSE,structural,"[""Kể từ ngày Bộ luật này có hiệu lực thi hành, hợp đồng lao động, thỏa ước lao động tập thể, các thỏa thuận hợp pháp đã giao kết có nội dung không trái hoặc bảo đảm cho người lao động có quyền và điều kiện thuận lợi hơn so với quy định của Bộ luật này được tiếp tục thực hiện, trừ trường hợp các bên có thỏa thuận về việc sửa đổi, bổ sung để phù hợp và để áp dụng quy định của Bộ luật này""]","Kể từ ngày Bộ luật này có hiệu lực thi hành, hợp đồng lao động, thỏa ước lao động tập thể, các thỏa thuận hợp pháp đã giao kết có nội dung không trái hoặc bảo đảm cho người lao động có quyền và điều kiện thuận lợi hơn so với quy định của Bộ luật này được tiếp tục thực hiện, trừ trường hợp các bên có thỏa thuận về việc sửa đổi, bổ sung để phù hợp và để áp dụng quy định của Bộ luật này.",,,,,,,,,,,ch17_d220_k2,2,"Kể từ ngày Bộ luật này có hiệu lực thi hành, hợp đồng lao động, thỏa ước lao động tập thể, các thỏa thuận hợp pháp đã giao kết có nội dung không trái hoặc bảo đảm cho người lao động có quyền và điều kiện thuận lợi hơn so với quy định của Bộ luật này được tiếp tục thực hiện, trừ trường hợp các bên có thỏa thuận về việc sửa đổi, bổ sung để phù hợp và để áp dụng quy định của Bộ luật này.",,,,,,
ch17_d220_k3,CLAUSE,structural,"[""Chế độ lao động đối với cán bộ, công chức, viên chức, người thuộc lực lượng Quân đội nhân dân, Công an nhân dân, tổ chức xã hội, xã viên hợp tác xã, người làm việc không có quan hệ lao động do các văn bản pháp luật khác quy định nhưng tùy từng đối tượng mà được áp dụng một số quy định trong Bộ luật này"", ""Bộ luật này được Quốc hội nước Cộng hòa xã hội chủ nghĩa Việt Nam khóa XIV, kỳ họp thứ 8 thông qua ngày 20 tháng 11 năm 2019"", ""/"", ""CHỦ TỊCH QUỐC HỘI Nguyễn Thị Kim Ngân""]","Chế độ lao động đối với cán bộ, công chức, viên chức, người thuộc lực lượng Quân đội nhân dân, Công an nhân dân, tổ chức xã hội, xã viên hợp tác xã, người làm việc không có quan hệ lao động do các văn bản pháp luật khác quy định nhưng tùy từng đối tượng mà được áp dụng một số quy định trong Bộ luật này. Bộ luật này được Quốc hội nước Cộng hòa xã hội chủ nghĩa Việt Nam khóa XIV, kỳ họp thứ 8 thông qua ngày 20 tháng 11 năm 2019./. CHỦ TỊCH QUỐC HỘI Nguyễn Thị Kim Ngân",,,,,,,,,,,ch17_d220_k3,3,"Chế độ lao động đối với cán bộ, công chức, viên chức, người thuộc lực lượng Quân đội nhân dân, Công an nhân dân, tổ chức xã hội, xã viên hợp tác xã, người làm việc không có quan hệ lao động do các văn bản pháp luật khác quy định nhưng tùy từng đối tượng mà được áp dụng một số quy định trong Bộ luật này. Bộ luật này được Quốc hội nước Cộng hòa xã hội chủ nghĩa Việt Nam khóa XIV, kỳ họp thứ 8 thông qua ngày 20 tháng 11 năm 2019./. CHỦ TỊCH QUỐC HỘI Nguyễn Thị Kim Ngân",,,,,,
