url,title,href
https://congbobanan.toaan.gov.vn/2ta2020727t1cvn/chi-tiet-ban-an,Bản án:số 16 ngày 18/12/2025 của TAND tỉnh Đồng Nai(10.01.2026),/2ta2020727t1cvn/chi-tiet-ban-an
https://congbobanan.toaan.gov.vn/2ta2020645t1cvn/chi-tiet-ban-an,"Bản án:số 45 ngày 12/03/2025 của  Tòa án nhân dân khu vực 2 - Hồ Chí Minh,  TP. Hồ Chí Minh(10.01.2026)",/2ta2020645t1cvn/chi-tiet-ban-an
https://congbobanan.toaan.gov.vn/2ta2020271t1cvn/chi-tiet-ban-an,Bản án:số 114/2025/LDPT ngày 23/12/2025 của TAND TP. Hồ Chí Minh(09.01.2026),/2ta2020271t1cvn/chi-tiet-ban-an
https://congbobanan.toaan.gov.vn/2ta2020006t1cvn/chi-tiet-ban-an,"Bản án:số 01 ngày 08/08/2025 của  Tòa án nhân dân khu vực 11 - Hồ Chí Minh,  TP. Hồ Chí Minh(09.01.2026)",/2ta2020006t1cvn/chi-tiet-ban-an
https://congbobanan.toaan.gov.vn/2ta2019094t1cvn/chi-tiet-ban-an,"Bản án:số 59 ngày 05/09/2025 của  Tòa án nhân dân khu vực 2 - Hồ Chí Minh,  TP. Hồ Chí Minh(08.01.2026)",/2ta2019094t1cvn/chi-tiet-ban-an
https://congbobanan.toaan.gov.vn/2ta2019058t1cvn/chi-tiet-ban-an,"Bản án:số 58 ngày 05/09/2025 của  Tòa án nhân dân khu vực 2 - Hồ Chí Minh,  TP. Hồ Chí Minh(08.01.2026)",/2ta2019058t1cvn/chi-tiet-ban-an
https://congbobanan.toaan.gov.vn/2ta2018721t1cvn/chi-tiet-ban-an,"Bản án:số 56 ngày 05/09/2025 của  Tòa án nhân dân khu vực 2 - Hồ Chí Minh,  TP. Hồ Chí Minh(07.01.2026)",/2ta2018721t1cvn/chi-tiet-ban-an
https://congbobanan.toaan.gov.vn/2ta2018323t1cvn/chi-tiet-ban-an,"Bản án:số 57 ngày 05/09/2025 của  Tòa án nhân dân khu vực 2 - Hồ Chí Minh,  TP. Hồ Chí Minh(07.01.2026)",/2ta2018323t1cvn/chi-tiet-ban-an
https://congbobanan.toaan.gov.vn/2ta2018140t1cvn/chi-tiet-ban-an,Bản án:số 14/2025/LĐ-PT ngày 08/12/2025 của TAND TP. Cần Thơ(07.01.2026),/2ta2018140t1cvn/chi-tiet-ban-an
https://congbobanan.toaan.gov.vn/2ta2017205t1cvn/chi-tiet-ban-an,Bản án:số 13/2025/LĐ-PT ngày 08/12/2025 của TAND TP. Cần Thơ(05.01.2026),/2ta2017205t1cvn/chi-tiet-ban-an
https://congbobanan.toaan.gov.vn/2ta2017201t1cvn/chi-tiet-ban-an,"Bản án:số 8/2025/LD-ST ngày 25/08/2025 của  Tòa án nhân dân khu vực 6 - Hồ Chí Minh,  TP. Hồ Chí Minh(05.01.2026)",/2ta2017201t1cvn/chi-tiet-ban-an
https://congbobanan.toaan.gov.vn/2ta2017200t1cvn/chi-tiet-ban-an,"Bản án:số 1/2025/LD-ST ngày 22/07/2025 của  Tòa án nhân dân khu vực 6 - Hồ Chí Minh,  TP. Hồ Chí Minh(05.01.2026)",/2ta2017200t1cvn/chi-tiet-ban-an
https://congbobanan.toaan.gov.vn/2ta2014968t1cvn/chi-tiet-ban-an,"Bản án:số 06/2025/LĐST ngày 15/09/2025 của  Tòa án nhân dân khu vực 12 - Hồ Chí Minh,  TP. Hồ Chí Minh(31.12.2025)",/2ta2014968t1cvn/chi-tiet-ban-an
https://congbobanan.toaan.gov.vn/2ta2013984t1cvn/chi-tiet-ban-an,"Bản án:số 14/2025/LĐ-ST ngày 26/05/2025 của  Tòa án nhân dân khu vực 1 - Đồng Nai,  tỉnh Đồng Nai(31.12.2025)",/2ta2013984t1cvn/chi-tiet-ban-an
https://congbobanan.toaan.gov.vn/2ta2013285t1cvn/chi-tiet-ban-an,"Bản án:số 02 ngày 21/11/2025 của  Tòa án nhân dân khu vực 5 - Quảng Trị,  tỉnh Quảng Trị(30.12.2025)",/2ta2013285t1cvn/chi-tiet-ban-an
https://congbobanan.toaan.gov.vn/2ta2013209t1cvn/chi-tiet-ban-an,"Bản án:số 13 ngày 29/08/2025 của  Tòa án nhân dân khu vực 17 - Hồ Chí Minh,  TP. Hồ Chí Minh(30.12.2025)",/2ta2013209t1cvn/chi-tiet-ban-an
https://congbobanan.toaan.gov.vn/2ta2013208t1cvn/chi-tiet-ban-an,"Bản án:số 11 ngày 26/08/2025 của  Tòa án nhân dân khu vực 17 - Hồ Chí Minh,  TP. Hồ Chí Minh(30.12.2025)",/2ta2013208t1cvn/chi-tiet-ban-an
https://congbobanan.toaan.gov.vn/2ta2011977t1cvn/chi-tiet-ban-an,"Bản án:số 21/2025/DS-ST ngày 29/08/2025 của  Tòa án nhân dân khu vực 1 - Đồng Nai,  tỉnh Đồng Nai(30.12.2025)",/2ta2011977t1cvn/chi-tiet-ban-an
https://congbobanan.toaan.gov.vn/2ta2012000t1cvn/chi-tiet-ban-an,"Bản án:số 34/2025/LĐ-ST ngày 22/09/2025 của  Tòa án nhân dân khu vực 1 - Đồng Nai,  tỉnh Đồng Nai(30.12.2025)",/2ta2012000t1cvn/chi-tiet-ban-an
https://congbobanan.toaan.gov.vn/2ta2010947t1cvn/chi-tiet-ban-an,"Bản án:số 29/2025/LĐ-ST ngày 15/09/2025 của  Tòa án nhân dân khu vực 1 - Đồng Nai,  tỉnh Đồng Nai(28.12.2025)",/2ta2010947t1cvn/chi-tiet-ban-an
https://congbobanan.toaan.gov.vn/2ta2010648t1cvn/chi-tiet-ban-an,"Bản án:số 79 ngày 30/10/2025 của  Tòa án nhân dân khu vực 16 - Hồ Chí Minh,  TP. Hồ Chí Minh(26.12.2025)",/2ta2010648t1cvn/chi-tiet-ban-an
https://congbobanan.toaan.gov.vn/2ta2010617t1cvn/chi-tiet-ban-an,"Bản án:số 275 ngày 21/11/2025 của  Tòa án nhân dân khu vực 16 - Hồ Chí Minh,  TP. Hồ Chí Minh(26.12.2025)",/2ta2010617t1cvn/chi-tiet-ban-an
https://congbobanan.toaan.gov.vn/2ta2010608t1cvn/chi-tiet-ban-an,Bản án:số 02 ngày 01/12/2025 của TAND tỉnh Thanh Hóa(26.12.2025),/2ta2010608t1cvn/chi-tiet-ban-an
https://congbobanan.toaan.gov.vn/2ta2010609t1cvn/chi-tiet-ban-an,Bản án:số 02 ngày 01/12/2025 của TAND tỉnh Thanh Hóa(26.12.2025),/2ta2010609t1cvn/chi-tiet-ban-an
https://congbobanan.toaan.gov.vn/2ta2010632t1cvn/chi-tiet-ban-an,Bản án:số 02 ngày 01/12/2025 của TAND tỉnh Thanh Hóa(26.12.2025),/2ta2010632t1cvn/chi-tiet-ban-an
https://congbobanan.toaan.gov.vn/2ta2008323t1cvn/chi-tiet-ban-an,"Bản án:số 10 ngày 29/08/2025 của  Tòa án nhân dân khu vực 15 - Hồ Chí Minh,  TP. Hồ Chí Minh(23.12.2025)",/2ta2008323t1cvn/chi-tiet-ban-an
https://congbobanan.toaan.gov.vn/2ta2008321t1cvn/chi-tiet-ban-an,"Bản án:số 15 ngày 18/09/2025 của  Tòa án nhân dân khu vực 15 - Hồ Chí Minh,  TP. Hồ Chí Minh(23.12.2025)",/2ta2008321t1cvn/chi-tiet-ban-an
https://congbobanan.toaan.gov.vn/2ta2007840t1cvn/chi-tiet-ban-an,Bản án:số 105 ngày 26/11/2025 của TAND TP. Hồ Chí Minh(22.12.2025),/2ta2007840t1cvn/chi-tiet-ban-an
https://congbobanan.toaan.gov.vn/2ta2007031t1cvn/chi-tiet-ban-an,"Bản án:số 03 ngày 09/09/2025 của  Tòa án nhân dân khu vực 8 - Hải Phòng,  TP. Hải Phòng(19.12.2025)",/2ta2007031t1cvn/chi-tiet-ban-an
https://congbobanan.toaan.gov.vn/2ta2006012t1cvn/chi-tiet-ban-an,"Bản án:số 06 ngày 22/09/2025 của  Tòa án nhân dân khu vực 7 - Hà Nội,  TP. Hà Nội(17.12.2025)",/2ta2006012t1cvn/chi-tiet-ban-an
https://congbobanan.toaan.gov.vn/2ta2004955t1cvn/chi-tiet-ban-an,"Bản án:số 83 ngày 17/09/2025 của  Tòa án nhân dân khu vực 2 - Hồ Chí Minh,  TP. Hồ Chí Minh(15.12.2025)",/2ta2004955t1cvn/chi-tiet-ban-an
https://congbobanan.toaan.gov.vn/2ta2004908t1cvn/chi-tiet-ban-an,"Bản án:số 84 ngày 17/09/2025 của  Tòa án nhân dân khu vực 2 - Hồ Chí Minh,  TP. Hồ Chí Minh(15.12.2025)",/2ta2004908t1cvn/chi-tiet-ban-an
https://congbobanan.toaan.gov.vn/2ta2004665t1cvn/chi-tiet-ban-an,"Bản án:số 287 ngày 28/11/2025 của  Tòa án nhân dân khu vực 16 - Hồ Chí Minh,  TP. Hồ Chí Minh(15.12.2025)",/2ta2004665t1cvn/chi-tiet-ban-an
https://congbobanan.toaan.gov.vn/2ta2003986t1cvn/chi-tiet-ban-an,Bản án:số 05/2025/LĐ-PT ngày 27/11/2025 của TAND tỉnh Tây Ninh(11.12.2025),/2ta2003986t1cvn/chi-tiet-ban-an
https://congbobanan.toaan.gov.vn/2ta2003212t1cvn/chi-tiet-ban-an,"Bản án:số 09/2025/LĐ-ST ngày 07/11/2025 của  Tòa án nhân dân khu vực 3 - Quảng Ninh,  tỉnh Quảng Ninh(09.12.2025)",/2ta2003212t1cvn/chi-tiet-ban-an
https://congbobanan.toaan.gov.vn/2ta2002717t1cvn/chi-tiet-ban-an,"Bản án:số 44 ngày 29/08/2025 của  Tòa án nhân dân khu vực 2 - Hồ Chí Minh,  TP. Hồ Chí Minh(08.12.2025)",/2ta2002717t1cvn/chi-tiet-ban-an
https://congbobanan.toaan.gov.vn/2ta2002622t1cvn/chi-tiet-ban-an,"Bản án:số 29 ngày 22/08/2025 của  Tòa án nhân dân khu vực 2 - Hồ Chí Minh,  TP. Hồ Chí Minh(08.12.2025)",/2ta2002622t1cvn/chi-tiet-ban-an
https://congbobanan.toaan.gov.vn/2ta2002623t1cvn/chi-tiet-ban-an,"Bản án:số 30 ngày 22/08/2025 của  Tòa án nhân dân khu vực 2 - Hồ Chí Minh,  TP. Hồ Chí Minh(08.12.2025)",/2ta2002623t1cvn/chi-tiet-ban-an
https://congbobanan.toaan.gov.vn/2ta2002225t1cvn/chi-tiet-ban-an,"Bản án:số 114/2025/LĐ-ST ngày 30/09/2025 của  Tòa án nhân dân khu vực 2 - Hồ Chí Minh,  TP. Hồ Chí Minh(06.12.2025)",/2ta2002225t1cvn/chi-tiet-ban-an
https://congbobanan.toaan.gov.vn/2ta2002174t1cvn/chi-tiet-ban-an,"Bản án:số 04 ngày 24/09/2025 của  Tòa án nhân dân khu vực 10 - Đà Nẵng,  TP Đà Nẵng(05.12.2025)",/2ta2002174t1cvn/chi-tiet-ban-an
https://congbobanan.toaan.gov.vn/2ta2002141t1cvn/chi-tiet-ban-an,"Bản án:số 19 ngày 27/09/2025 của  Tòa án nhân dân khu vực 15 - Hồ Chí Minh,  TP. Hồ Chí Minh(05.12.2025)",/2ta2002141t1cvn/chi-tiet-ban-an
https://congbobanan.toaan.gov.vn/2ta2001982t1cvn/chi-tiet-ban-an,"Bản án:số 76 ngày 30/09/2025 của  Tòa án nhân dân khu vực 16 - Hồ Chí Minh,  TP. Hồ Chí Minh(05.12.2025)",/2ta2001982t1cvn/chi-tiet-ban-an
https://congbobanan.toaan.gov.vn/2ta2001980t1cvn/chi-tiet-ban-an,"Bản án:số 78 ngày 30/09/2025 của  Tòa án nhân dân khu vực 16 - Hồ Chí Minh,  TP. Hồ Chí Minh(05.12.2025)",/2ta2001980t1cvn/chi-tiet-ban-an
https://congbobanan.toaan.gov.vn/2ta2001959t1cvn/chi-tiet-ban-an,"Bản án:số 77 ngày 30/09/2025 của  Tòa án nhân dân khu vực 16 - Hồ Chí Minh,  TP. Hồ Chí Minh(05.12.2025)",/2ta2001959t1cvn/chi-tiet-ban-an
https://congbobanan.toaan.gov.vn/2ta2001593t1cvn/chi-tiet-ban-an,Bản án:số 104 ngày 12/11/2025 của TAND TP. Hồ Chí Minh(04.12.2025),/2ta2001593t1cvn/chi-tiet-ban-an
https://congbobanan.toaan.gov.vn/2ta2001575t1cvn/chi-tiet-ban-an,"Bản án:số 35 ngày 26/08/2025 của  Tòa án nhân dân khu vực 2 - Hồ Chí Minh,  TP. Hồ Chí Minh(04.12.2025)",/2ta2001575t1cvn/chi-tiet-ban-an
https://congbobanan.toaan.gov.vn/2ta2000174t1cvn/chi-tiet-ban-an,"Bản án:số 04 ngày 23/09/2025 của  Tòa án nhân dân khu vực 4 - Đà Nẵng,  TP Đà Nẵng(02.12.2025)",/2ta2000174t1cvn/chi-tiet-ban-an
https://congbobanan.toaan.gov.vn/2ta1999470t1cvn/chi-tiet-ban-an,"Bản án:số 10 ngày 27/09/2025 của  Tòa án nhân dân khu vực 18 - Hồ Chí Minh,  TP. Hồ Chí Minh(01.12.2025)",/2ta1999470t1cvn/chi-tiet-ban-an
https://congbobanan.toaan.gov.vn/2ta1999251t1cvn/chi-tiet-ban-an,"Bản án:số 01/2025/LĐ-ST ngày 27/08/2025 của  Tòa án nhân dân khu vực 3 - Hải Phòng,  TP. Hải Phòng(30.11.2025)",/2ta1999251t1cvn/chi-tiet-ban-an
https://congbobanan.toaan.gov.vn/2ta1999084t1cvn/chi-tiet-ban-an,"Bản án:số 28 ngày 29/09/2025 của  Tòa án nhân dân khu vực 12 - Hồ Chí Minh,  TP. Hồ Chí Minh(30.11.2025)",/2ta1999084t1cvn/chi-tiet-ban-an
https://congbobanan.toaan.gov.vn/2ta1937256t1cvn/chi-tiet-ban-an,"Bản án:số 01 ngày 08/05/2025 của  Tòa án nhân dân khu vực 13 - An Giang,  tỉnh An Giang(30.11.2025)",/2ta1937256t1cvn/chi-tiet-ban-an
https://congbobanan.toaan.gov.vn/2ta1998629t1cvn/chi-tiet-ban-an,"Bản án:số 02 ngày 19/09/2025 của  Tòa án nhân dân khu vực 3 - Hải Phòng,  TP. Hải Phòng(29.11.2025)",/2ta1998629t1cvn/chi-tiet-ban-an
https://congbobanan.toaan.gov.vn/2ta1998298t1cvn/chi-tiet-ban-an,"Bản án:số 01 ngày 28/09/2025 của  Tòa án nhân dân khu vực 2 - Quảng Ninh,  tỉnh Quảng Ninh(28.11.2025)",/2ta1998298t1cvn/chi-tiet-ban-an
https://congbobanan.toaan.gov.vn/2ta1996980t1cvn/chi-tiet-ban-an,"Bản án:số 65 ngày 15/09/2025 của  Tòa án nhân dân khu vực 16 - Hồ Chí Minh,  TP. Hồ Chí Minh(26.11.2025)",/2ta1996980t1cvn/chi-tiet-ban-an
https://congbobanan.toaan.gov.vn/2ta1996974t1cvn/chi-tiet-ban-an,"Bản án:số 66 ngày 15/09/2025 của  Tòa án nhân dân khu vực 16 - Hồ Chí Minh,  TP. Hồ Chí Minh(26.11.2025)",/2ta1996974t1cvn/chi-tiet-ban-an
https://congbobanan.toaan.gov.vn/2ta1996969t1cvn/chi-tiet-ban-an,"Bản án:số 75 ngày 30/09/2025 của  Tòa án nhân dân khu vực 16 - Hồ Chí Minh,  TP. Hồ Chí Minh(26.11.2025)",/2ta1996969t1cvn/chi-tiet-ban-an
https://congbobanan.toaan.gov.vn/2ta1996689t1cvn/chi-tiet-ban-an,"Bản án:số 22 ngày 29/08/2025 của  Tòa án nhân dân khu vực 1 - Đồng Nai,  tỉnh Đồng Nai(26.11.2025)",/2ta1996689t1cvn/chi-tiet-ban-an
https://congbobanan.toaan.gov.vn/2ta1996116t1cvn/chi-tiet-ban-an,"Bản án:số 01 ngày 12/08/2025 của  Tòa án nhân dân khu vực 1 - Vĩnh Long,  tỉnh Vĩnh Long(25.11.2025)",/2ta1996116t1cvn/chi-tiet-ban-an
https://congbobanan.toaan.gov.vn/2ta1996059t1cvn/chi-tiet-ban-an,"Bản án:số 15 ngày 10/09/2025 của  Tòa án nhân dân khu vực 5 - Đồng Nai,  tỉnh Đồng Nai(25.11.2025)",/2ta1996059t1cvn/chi-tiet-ban-an
https://congbobanan.toaan.gov.vn/2ta1996070t1cvn/chi-tiet-ban-an,"Bản án:số 07 ngày 21/08/2025 của  Tòa án nhân dân khu vực 5 - Đồng Nai,  tỉnh Đồng Nai(25.11.2025)",/2ta1996070t1cvn/chi-tiet-ban-an
https://congbobanan.toaan.gov.vn/2ta1996069t1cvn/chi-tiet-ban-an,"Bản án:số 03 ngày 31/07/2025 của  Tòa án nhân dân khu vực 18 - Hồ Chí Minh,  TP. Hồ Chí Minh(25.11.2025)",/2ta1996069t1cvn/chi-tiet-ban-an
https://congbobanan.toaan.gov.vn/2ta1996023t1cvn/chi-tiet-ban-an,"Bản án:số 11 ngày 30/09/2025 của  Tòa án nhân dân khu vực 18 - Hồ Chí Minh,  TP. Hồ Chí Minh(25.11.2025)",/2ta1996023t1cvn/chi-tiet-ban-an
https://congbobanan.toaan.gov.vn/2ta1995880t1cvn/chi-tiet-ban-an,"Bản án:số 5 ngày 17/09/2025 của  Tòa án nhân dân khu vực 3 - Quảng Ninh,  tỉnh Quảng Ninh(24.11.2025)",/2ta1995880t1cvn/chi-tiet-ban-an
https://congbobanan.toaan.gov.vn/2ta1995605t1cvn/chi-tiet-ban-an,"Bản án:số 01 ngày 25/08/2025 của  Tòa án nhân dân khu vực 10 - Đồng Nai,  tỉnh Đồng Nai(24.11.2025)",/2ta1995605t1cvn/chi-tiet-ban-an
https://congbobanan.toaan.gov.vn/2ta1995010t1cvn/chi-tiet-ban-an,"Bản án:số 74 ngày 30/09/2025 của  Tòa án nhân dân khu vực 16 - Hồ Chí Minh,  TP. Hồ Chí Minh(21.11.2025)",/2ta1995010t1cvn/chi-tiet-ban-an
https://congbobanan.toaan.gov.vn/2ta1994809t1cvn/chi-tiet-ban-an,"Bản án:số 41 ngày 25/09/2025 của  Tòa án nhân dân khu vực 1 - Hồ Chí Minh,  TP. Hồ Chí Minh(21.11.2025)",/2ta1994809t1cvn/chi-tiet-ban-an
https://congbobanan.toaan.gov.vn/2ta1994733t1cvn/chi-tiet-ban-an,"Bản án:số 09/2025/LĐST ngày 27/10/2025 của  Tòa án nhân dân khu vực 3 - Quảng Ninh,  tỉnh Quảng Ninh(20.11.2025)",/2ta1994733t1cvn/chi-tiet-ban-an
https://congbobanan.toaan.gov.vn/2ta1994282t1cvn/chi-tiet-ban-an,"Bản án:số 03/2025/LÐ-ST ngày 25/09/2025 của  Tòa án nhân dân khu vực 10 - Tây Ninh,  tỉnh Tây Ninh(20.11.2025)",/2ta1994282t1cvn/chi-tiet-ban-an
https://congbobanan.toaan.gov.vn/2ta1994183t1cvn/chi-tiet-ban-an,"Bản án:số 211 ngày 23/10/2025 của  Tòa án nhân dân khu vực 16 - Hồ Chí Minh,  TP. Hồ Chí Minh(19.11.2025)",/2ta1994183t1cvn/chi-tiet-ban-an
https://congbobanan.toaan.gov.vn/2ta1994184t1cvn/chi-tiet-ban-an,"Bản án:số 210 ngày 23/10/2025 của  Tòa án nhân dân khu vực 16 - Hồ Chí Minh,  TP. Hồ Chí Minh(19.11.2025)",/2ta1994184t1cvn/chi-tiet-ban-an
https://congbobanan.toaan.gov.vn/2ta1992723t1cvn/chi-tiet-ban-an,"Bản án:số 69 ngày 26/09/2025 của  Tòa án nhân dân khu vực 16 - Hồ Chí Minh,  TP. Hồ Chí Minh(17.11.2025)",/2ta1992723t1cvn/chi-tiet-ban-an
https://congbobanan.toaan.gov.vn/2ta1991949t1cvn/chi-tiet-ban-an,"Bản án:số 10 ngày 27/09/2025 của  Tòa án nhân dân khu vực 3 - Quảng Ninh,  tỉnh Quảng Ninh(13.11.2025)",/2ta1991949t1cvn/chi-tiet-ban-an
https://congbobanan.toaan.gov.vn/2ta1991945t1cvn/chi-tiet-ban-an,"Bản án:số 12 ngày 30/09/2025 của  Tòa án nhân dân khu vực 18 - Hồ Chí Minh,  TP. Hồ Chí Minh(13.11.2025)",/2ta1991945t1cvn/chi-tiet-ban-an
https://congbobanan.toaan.gov.vn/2ta1991683t1cvn/chi-tiet-ban-an,"Bản án:số 54 ngày 30/09/2025 của  Tòa án nhân dân khu vực 7 - Hồ Chí Minh,  TP. Hồ Chí Minh(13.11.2025)",/2ta1991683t1cvn/chi-tiet-ban-an
https://congbobanan.toaan.gov.vn/2ta1991560t1cvn/chi-tiet-ban-an,"Bản án:số 01 ngày 16/09/2025 của  Tòa án nhân dân khu vực 5 - Vĩnh Long,  tỉnh Vĩnh Long(13.11.2025)",/2ta1991560t1cvn/chi-tiet-ban-an
https://congbobanan.toaan.gov.vn/2ta1991109t1cvn/chi-tiet-ban-an,Bản án:số 47/2025/LĐ-PT ngày 19/05/2025 của TAND TP. Hồ Chí Minh(11.11.2025),/2ta1991109t1cvn/chi-tiet-ban-an
https://congbobanan.toaan.gov.vn/2ta1991110t1cvn/chi-tiet-ban-an,Bản án:số 49/2025/LĐ-PT ngày 23/05/2025 của TAND TP. Hồ Chí Minh(11.11.2025),/2ta1991110t1cvn/chi-tiet-ban-an
https://congbobanan.toaan.gov.vn/2ta1991111t1cvn/chi-tiet-ban-an,Bản án:số 54/2025/LĐ-PT ngày 09/06/2025 của TAND TP. Hồ Chí Minh(11.11.2025),/2ta1991111t1cvn/chi-tiet-ban-an
https://congbobanan.toaan.gov.vn/2ta1991112t1cvn/chi-tiet-ban-an,Bản án:số 62/2025/LĐ-PT ngày 03/07/2025 của TAND TP. Hồ Chí Minh(11.11.2025),/2ta1991112t1cvn/chi-tiet-ban-an
https://congbobanan.toaan.gov.vn/2ta1991113t1cvn/chi-tiet-ban-an,Bản án:số 91/2025/LĐ-PT ngày 12/09/2025 của TAND TP. Hồ Chí Minh(11.11.2025),/2ta1991113t1cvn/chi-tiet-ban-an
https://congbobanan.toaan.gov.vn/2ta1991114t1cvn/chi-tiet-ban-an,Bản án:số 117/2024/LĐ-PT ngày 23/12/2024 của TAND TP. Hồ Chí Minh(11.11.2025),/2ta1991114t1cvn/chi-tiet-ban-an
https://congbobanan.toaan.gov.vn/2ta1991134t1cvn/chi-tiet-ban-an,Bản án:số 80/2025/LĐ-PT ngày 27/08/2025 của TAND TP. Hồ Chí Minh(11.11.2025),/2ta1991134t1cvn/chi-tiet-ban-an
https://congbobanan.toaan.gov.vn/2ta1991135t1cvn/chi-tiet-ban-an,Bản án:số 97/2025/LĐ-PT ngày 23/09/2025 của TAND TP. Hồ Chí Minh(11.11.2025),/2ta1991135t1cvn/chi-tiet-ban-an
https://congbobanan.toaan.gov.vn/2ta1991136t1cvn/chi-tiet-ban-an,Bản án:số 118/2024/LĐ-PT ngày 24/12/2024 của TAND TP. Hồ Chí Minh(11.11.2025),/2ta1991136t1cvn/chi-tiet-ban-an
https://congbobanan.toaan.gov.vn/2ta1990938t1cvn/chi-tiet-ban-an,"Bản án:số 16 ngày 19/09/2025 của  Tòa án nhân dân khu vực 15 - Hồ Chí Minh,  TP. Hồ Chí Minh(11.11.2025)",/2ta1990938t1cvn/chi-tiet-ban-an
https://congbobanan.toaan.gov.vn/2ta1990670t1cvn/chi-tiet-ban-an,"Bản án:số 68 ngày 25/09/2025 của  Tòa án nhân dân khu vực 16 - Hồ Chí Minh,  TP. Hồ Chí Minh(11.11.2025)",/2ta1990670t1cvn/chi-tiet-ban-an
https://congbobanan.toaan.gov.vn/2ta1990614t1cvn/chi-tiet-ban-an,"Bản án:số 18 ngày 26/09/2025 của  Tòa án nhân dân khu vực 7 - Tây Ninh,  tỉnh Tây Ninh(11.11.2025)",/2ta1990614t1cvn/chi-tiet-ban-an
https://congbobanan.toaan.gov.vn/2ta1990631t1cvn/chi-tiet-ban-an,"Bản án:số 13 ngày 29/08/2025 của  Tòa án nhân dân khu vực 7 - Tây Ninh,  tỉnh Tây Ninh(11.11.2025)",/2ta1990631t1cvn/chi-tiet-ban-an
https://congbobanan.toaan.gov.vn/2ta1990549t1cvn/chi-tiet-ban-an,"Bản án:số 04/2025/LĐ-ST ngày 26/08/2025 của  Tòa án nhân dân khu vực 7 - Hà Nội,  TP. Hà Nội(10.11.2025)",/2ta1990549t1cvn/chi-tiet-ban-an
https://congbobanan.toaan.gov.vn/2ta1990468t1cvn/chi-tiet-ban-an,"Bản án:số 11 ngày 09/09/2025 của  Tòa án nhân dân khu vực 15 - Hồ Chí Minh,  TP. Hồ Chí Minh(10.11.2025)",/2ta1990468t1cvn/chi-tiet-ban-an
https://congbobanan.toaan.gov.vn/2ta1990466t1cvn/chi-tiet-ban-an,"Bản án:số 08 ngày 22/08/2025 của  Tòa án nhân dân khu vực 15 - Hồ Chí Minh,  TP. Hồ Chí Minh(10.11.2025)",/2ta1990466t1cvn/chi-tiet-ban-an
https://congbobanan.toaan.gov.vn/2ta1989838t1cvn/chi-tiet-ban-an,"Bản án:số 18 ngày 25/09/2025 của  Tòa án nhân dân khu vực 15 - Hồ Chí Minh,  TP. Hồ Chí Minh(07.11.2025)",/2ta1989838t1cvn/chi-tiet-ban-an
https://congbobanan.toaan.gov.vn/2ta1989845t1cvn/chi-tiet-ban-an,"Bản án:số 12 ngày 12/09/2025 của  Tòa án nhân dân khu vực 15 - Hồ Chí Minh,  TP. Hồ Chí Minh(07.11.2025)",/2ta1989845t1cvn/chi-tiet-ban-an
https://congbobanan.toaan.gov.vn/2ta1989665t1cvn/chi-tiet-ban-an,"Bản án:số 27 ngày 26/09/2025 của  Tòa án nhân dân khu vực 10 - Hồ Chí Minh,  TP. Hồ Chí Minh(07.11.2025)",/2ta1989665t1cvn/chi-tiet-ban-an
https://congbobanan.toaan.gov.vn/2ta1989663t1cvn/chi-tiet-ban-an,"Bản án:số 26 ngày 26/09/2025 của  Tòa án nhân dân khu vực 10 - Hồ Chí Minh,  TP. Hồ Chí Minh(07.11.2025)",/2ta1989663t1cvn/chi-tiet-ban-an
https://congbobanan.toaan.gov.vn/2ta1989383t1cvn/chi-tiet-ban-an,Bản án:số 46/2025/LĐ-PT ngày 15/05/2025 của TAND TP. Hồ Chí Minh(06.11.2025),/2ta1989383t1cvn/chi-tiet-ban-an
https://congbobanan.toaan.gov.vn/2ta1989315t1cvn/chi-tiet-ban-an,Bản án:số 03/2025/LĐ-PT ngày 09/01/2025 của TAND TP. Hồ Chí Minh(06.11.2025),/2ta1989315t1cvn/chi-tiet-ban-an
https://congbobanan.toaan.gov.vn/2ta1988782t1cvn/chi-tiet-ban-an,"Bản án:số 02 ngày 30/09/2025 của  Tòa án nhân dân khu vực 6 - Hải Phòng,  TP. Hải Phòng(05.11.2025)",/2ta1988782t1cvn/chi-tiet-ban-an
https://congbobanan.toaan.gov.vn/2ta1988776t1cvn/chi-tiet-ban-an,"Bản án:số 01 ngày 30/09/2025 của  Tòa án nhân dân khu vực 6 - Hải Phòng,  TP. Hải Phòng(05.11.2025)",/2ta1988776t1cvn/chi-tiet-ban-an
https://congbobanan.toaan.gov.vn/2ta1988434t1cvn/chi-tiet-ban-an,"Bản án:số 73 ngày 29/09/2025 của  Tòa án nhân dân khu vực 16 - Hồ Chí Minh,  TP. Hồ Chí Minh(05.11.2025)",/2ta1988434t1cvn/chi-tiet-ban-an
https://congbobanan.toaan.gov.vn/2ta1988055t1cvn/chi-tiet-ban-an,"Bản án:số 01 ngày 16/07/2025 của  Tòa án nhân dân khu vực 5 - Hưng Yên,  tỉnh Hưng Yên(05.11.2025)",/2ta1988055t1cvn/chi-tiet-ban-an
https://congbobanan.toaan.gov.vn/2ta1987698t1cvn/chi-tiet-ban-an,Bản án:số 08 ngày 31/07/2025 của TAND TP. Cần Thơ(04.11.2025),/2ta1987698t1cvn/chi-tiet-ban-an
https://congbobanan.toaan.gov.vn/2ta1986998t1cvn/chi-tiet-ban-an,"Bản án:số 26 ngày 29/08/2025 của  Tòa án nhân dân khu vực 16 - Hồ Chí Minh,  TP. Hồ Chí Minh(03.11.2025)",/2ta1986998t1cvn/chi-tiet-ban-an
https://congbobanan.toaan.gov.vn/2ta1986188t1cvn/chi-tiet-ban-an,"Bản án:số 63 ngày 12/09/2025 của  Tòa án nhân dân khu vực 16 - Hồ Chí Minh,  TP. Hồ Chí Minh(31.10.2025)",/2ta1986188t1cvn/chi-tiet-ban-an
https://congbobanan.toaan.gov.vn/2ta1986117t1cvn/chi-tiet-ban-an,"Bản án:số 52 ngày 25/08/2025 của  Tòa án nhân dân khu vực 16 - Hồ Chí Minh,  TP. Hồ Chí Minh(31.10.2025)",/2ta1986117t1cvn/chi-tiet-ban-an
https://congbobanan.toaan.gov.vn/2ta1986058t1cvn/chi-tiet-ban-an,"Bản án:số 20 ngày 24/09/2025 của  Tòa án nhân dân khu vực 2 - Đồng Nai,  tỉnh Đồng Nai(31.10.2025)",/2ta1986058t1cvn/chi-tiet-ban-an
https://congbobanan.toaan.gov.vn/2ta1984427t1cvn/chi-tiet-ban-an,"Bản án:số 62 ngày 10/09/2025 của  Tòa án nhân dân khu vực 16 - Hồ Chí Minh,  TP. Hồ Chí Minh(30.10.2025)",/2ta1984427t1cvn/chi-tiet-ban-an
https://congbobanan.toaan.gov.vn/2ta1983835t1cvn/chi-tiet-ban-an,"Bản án:số 08 ngày 23/09/2025 của  Tòa án nhân dân khu vực 1 - Hà Nội,  TP. Hà Nội(29.10.2025)",/2ta1983835t1cvn/chi-tiet-ban-an
https://congbobanan.toaan.gov.vn/2ta1983828t1cvn/chi-tiet-ban-an,"Bản án:số 04/2025/LĐ - ST ngày 19/09/2025 của  Tòa án nhân dân khu vực 1 - Vĩnh Long,  tỉnh Vĩnh Long(29.10.2025)",/2ta1983828t1cvn/chi-tiet-ban-an
https://congbobanan.toaan.gov.vn/2ta1983418t1cvn/chi-tiet-ban-an,"Bản án:số 57 ngày 28/08/2025 của  Tòa án nhân dân khu vực 16 - Hồ Chí Minh,  TP. Hồ Chí Minh(28.10.2025)",/2ta1983418t1cvn/chi-tiet-ban-an
https://congbobanan.toaan.gov.vn/2ta1982835t1cvn/chi-tiet-ban-an,Bản án:số 77 ngày 21/08/2025 của TAND TP. Hồ Chí Minh(27.10.2025),/2ta1982835t1cvn/chi-tiet-ban-an
https://congbobanan.toaan.gov.vn/2ta1982818t1cvn/chi-tiet-ban-an,"Bản án:số 47 ngày 11/08/2025 của  Tòa án nhân dân khu vực 16 - Hồ Chí Minh,  TP. Hồ Chí Minh(27.10.2025)",/2ta1982818t1cvn/chi-tiet-ban-an
https://congbobanan.toaan.gov.vn/2ta1982786t1cvn/chi-tiet-ban-an,"Bản án:số 14 ngày 13/08/2025 của  Tòa án nhân dân khu vực 1 - Đồng Nai,  tỉnh Đồng Nai(27.10.2025)",/2ta1982786t1cvn/chi-tiet-ban-an
https://congbobanan.toaan.gov.vn/2ta1982499t1cvn/chi-tiet-ban-an,"Bản án:số 37 ngày 30/07/2025 của  Tòa án nhân dân khu vực 16 - Hồ Chí Minh,  TP. Hồ Chí Minh(27.10.2025)",/2ta1982499t1cvn/chi-tiet-ban-an
https://congbobanan.toaan.gov.vn/2ta1982503t1cvn/chi-tiet-ban-an,"Bản án:số 36 ngày 30/07/2025 của  Tòa án nhân dân khu vực 16 - Hồ Chí Minh,  TP. Hồ Chí Minh(27.10.2025)",/2ta1982503t1cvn/chi-tiet-ban-an
https://congbobanan.toaan.gov.vn/2ta1982506t1cvn/chi-tiet-ban-an,"Bản án:số 39 ngày 30/07/2025 của  Tòa án nhân dân khu vực 16 - Hồ Chí Minh,  TP. Hồ Chí Minh(27.10.2025)",/2ta1982506t1cvn/chi-tiet-ban-an
https://congbobanan.toaan.gov.vn/2ta1982522t1cvn/chi-tiet-ban-an,"Bản án:số 38 ngày 30/07/2025 của  Tòa án nhân dân khu vực 16 - Hồ Chí Minh,  TP. Hồ Chí Minh(27.10.2025)",/2ta1982522t1cvn/chi-tiet-ban-an
https://congbobanan.toaan.gov.vn/2ta1982441t1cvn/chi-tiet-ban-an,"Bản án:số 51 ngày 22/08/2025 của  Tòa án nhân dân khu vực 16 - Hồ Chí Minh,  TP. Hồ Chí Minh(27.10.2025)",/2ta1982441t1cvn/chi-tiet-ban-an
https://congbobanan.toaan.gov.vn/2ta1981922t1cvn/chi-tiet-ban-an,"Bản án:số 03 ngày 11/09/2025 của  Tòa án nhân dân khu vực 12 - Hồ Chí Minh,  TP. Hồ Chí Minh(24.10.2025)",/2ta1981922t1cvn/chi-tiet-ban-an
https://congbobanan.toaan.gov.vn/2ta1981576t1cvn/chi-tiet-ban-an,"Bản án:số 02/2025/LĐ - ST ngày 05/09/2025 của  Tòa án nhân dân khu vực 1 - Vĩnh Long,  tỉnh Vĩnh Long(23.10.2025)",/2ta1981576t1cvn/chi-tiet-ban-an
https://congbobanan.toaan.gov.vn/2ta1981313t1cvn/chi-tiet-ban-an,"Bản án:số 01/2025/LÐ-ST ngày 04/09/2025 của  Tòa án nhân dân khu vực 10 - Tây Ninh,  tỉnh Tây Ninh(23.10.2025)",/2ta1981313t1cvn/chi-tiet-ban-an
https://congbobanan.toaan.gov.vn/2ta1980891t1cvn/chi-tiet-ban-an,"Bản án:số 24 ngày 09/09/2025 của  Tòa án nhân dân khu vực 4 - Hồ Chí Minh,  TP. Hồ Chí Minh(21.10.2025)",/2ta1980891t1cvn/chi-tiet-ban-an
https://congbobanan.toaan.gov.vn/2ta1980805t1cvn/chi-tiet-ban-an,"Bản án:số 06 ngày 19/09/2025 của  Tòa án nhân dân khu vực 3 - Quảng Ninh,  tỉnh Quảng Ninh(21.10.2025)",/2ta1980805t1cvn/chi-tiet-ban-an
https://congbobanan.toaan.gov.vn/2ta1980786t1cvn/chi-tiet-ban-an,"Bản án:số 07 ngày 19/09/2025 của  Tòa án nhân dân khu vực 3 - Quảng Ninh,  tỉnh Quảng Ninh(21.10.2025)",/2ta1980786t1cvn/chi-tiet-ban-an
https://congbobanan.toaan.gov.vn/2ta1980614t1cvn/chi-tiet-ban-an,"Bản án:số 03 ngày 10/09/2025 của  Tòa án nhân dân khu vực 3 - Quảng Ninh,  tỉnh Quảng Ninh(21.10.2025)",/2ta1980614t1cvn/chi-tiet-ban-an
https://congbobanan.toaan.gov.vn/2ta1980277t1cvn/chi-tiet-ban-an,"Bản án:số 178 ngày 20/05/2025 của  Tòa án nhân dân khu vực 2 - Hồ Chí Minh,  TP. Hồ Chí Minh(20.10.2025)",/2ta1980277t1cvn/chi-tiet-ban-an
https://congbobanan.toaan.gov.vn/2ta1980274t1cvn/chi-tiet-ban-an,"Bản án:số 177 ngày 19/05/2025 của  Tòa án nhân dân khu vực 2 - Hồ Chí Minh,  TP. Hồ Chí Minh(20.10.2025)",/2ta1980274t1cvn/chi-tiet-ban-an
https://congbobanan.toaan.gov.vn/2ta1980283t1cvn/chi-tiet-ban-an,"Bản án:số 171 ngày 15/05/2025 của  Tòa án nhân dân khu vực 2 - Hồ Chí Minh,  TP. Hồ Chí Minh(20.10.2025)",/2ta1980283t1cvn/chi-tiet-ban-an
https://congbobanan.toaan.gov.vn/2ta1980143t1cvn/chi-tiet-ban-an,Bản án:số 01 ngày 08/09/2025 của TAND tỉnh Thanh Hóa(19.10.2025),/2ta1980143t1cvn/chi-tiet-ban-an
https://congbobanan.toaan.gov.vn/2ta1979472t1cvn/chi-tiet-ban-an,"Bản án:số 326 ngày 27/06/2025 của  Tòa án nhân dân khu vực 16 - Hồ Chí Minh,  TP. Hồ Chí Minh(16.10.2025)",/2ta1979472t1cvn/chi-tiet-ban-an
https://congbobanan.toaan.gov.vn/2ta1979474t1cvn/chi-tiet-ban-an,"Bản án:số 327 ngày 27/06/2025 của  Tòa án nhân dân khu vực 16 - Hồ Chí Minh,  TP. Hồ Chí Minh(16.10.2025)",/2ta1979474t1cvn/chi-tiet-ban-an
https://congbobanan.toaan.gov.vn/2ta1847588t1cvn/chi-tiet-ban-an,Bản án:số 12 ngày 14/04/2025 của TAND TP. Hà Nội(14.10.2025),/2ta1847588t1cvn/chi-tiet-ban-an
https://congbobanan.toaan.gov.vn/2ta1847594t1cvn/chi-tiet-ban-an,Bản án:số 11 ngày 14/04/2025 của TAND TP. Hà Nội(14.10.2025),/2ta1847594t1cvn/chi-tiet-ban-an
https://congbobanan.toaan.gov.vn/2ta1847620t1cvn/chi-tiet-ban-an,Bản án:số 13 ngày 14/04/2025 của TAND TP. Hà Nội(14.10.2025),/2ta1847620t1cvn/chi-tiet-ban-an
https://congbobanan.toaan.gov.vn/2ta1977514t1cvn/chi-tiet-ban-an,"Bản án:số 12 ngày 04/08/2025 của  Tòa án nhân dân khu vực 10 - Hồ Chí Minh,  TP. Hồ Chí Minh(13.10.2025)",/2ta1977514t1cvn/chi-tiet-ban-an
https://congbobanan.toaan.gov.vn/2ta1977524t1cvn/chi-tiet-ban-an,"Bản án:số 11 ngày 04/08/2025 của  Tòa án nhân dân khu vực 10 - Hồ Chí Minh,  TP. Hồ Chí Minh(13.10.2025)",/2ta1977524t1cvn/chi-tiet-ban-an
https://congbobanan.toaan.gov.vn/2ta1977336t1cvn/chi-tiet-ban-an,Bản án:số 35 ngày 30/09/2025 của TAND TP Đà Nẵng(11.10.2025),/2ta1977336t1cvn/chi-tiet-ban-an
https://congbobanan.toaan.gov.vn/2ta1977005t1cvn/chi-tiet-ban-an,"Bản án:số 05 ngày 31/07/2025 của  Tòa án nhân dân khu vực 17 - Hồ Chí Minh,  TP. Hồ Chí Minh(10.10.2025)",/2ta1977005t1cvn/chi-tiet-ban-an
https://congbobanan.toaan.gov.vn/2ta1976605t1cvn/chi-tiet-ban-an,Bản án:số 01 ngày 25/08/2025 của TAND tỉnh Lâm Đồng(09.10.2025),/2ta1976605t1cvn/chi-tiet-ban-an
https://congbobanan.toaan.gov.vn/2ta1976413t1cvn/chi-tiet-ban-an,"Bản án:số 08 ngày 16/09/2025 của  Tòa án nhân dân khu vực 2 - Hà Nội,  TP. Hà Nội(09.10.2025)",/2ta1976413t1cvn/chi-tiet-ban-an
https://congbobanan.toaan.gov.vn/2ta1976139t1cvn/chi-tiet-ban-an,"Bản án:số 38 ngày 20/06/2025 của  Tòa án nhân dân khu vực 18 - Hồ Chí Minh,  TP. Hồ Chí Minh(08.10.2025)",/2ta1976139t1cvn/chi-tiet-ban-an
https://congbobanan.toaan.gov.vn/2ta1975618t1cvn/chi-tiet-ban-an,"Bản án:số 01 ngày 01/09/2025 của  Tòa án nhân dân khu vực 10 - Tây Ninh,  tỉnh Tây Ninh(07.10.2025)",/2ta1975618t1cvn/chi-tiet-ban-an
https://congbobanan.toaan.gov.vn/2ta1975540t1cvn/chi-tiet-ban-an,Bản án:số 03 ngày 24/09/2025 của TAND tỉnh Cà Mau(07.10.2025),/2ta1975540t1cvn/chi-tiet-ban-an
https://congbobanan.toaan.gov.vn/2ta1975383t1cvn/chi-tiet-ban-an,"Bản án:số 01 ngày 09/07/2025 của  Tòa án nhân dân khu vực 8 - Hồ Chí Minh,  TP. Hồ Chí Minh(07.10.2025)",/2ta1975383t1cvn/chi-tiet-ban-an
https://congbobanan.toaan.gov.vn/2ta1974662t1cvn/chi-tiet-ban-an,Bản án:số 69 ngày 23/07/2025 của TAND TP. Hồ Chí Minh(04.10.2025),/2ta1974662t1cvn/chi-tiet-ban-an
https://congbobanan.toaan.gov.vn/2ta1974440t1cvn/chi-tiet-ban-an,Bản án:số 03 ngày 24/09/2025 của TAND tỉnh Cà Mau(03.10.2025),/2ta1974440t1cvn/chi-tiet-ban-an
https://congbobanan.toaan.gov.vn/2ta1941921t1cvn/chi-tiet-ban-an,Bản án:số 51 ngày 26/05/2025 của TAND TP. Hồ Chí Minh(03.10.2025),/2ta1941921t1cvn/chi-tiet-ban-an
https://congbobanan.toaan.gov.vn/2ta1942166t1cvn/chi-tiet-ban-an,Bản án:số 08 ngày 17/02/2025 của TAND TP. Hồ Chí Minh(03.10.2025),/2ta1942166t1cvn/chi-tiet-ban-an
https://congbobanan.toaan.gov.vn/2ta1942203t1cvn/chi-tiet-ban-an,Bản án:số 21 ngày 20/03/2025 của TAND TP. Hồ Chí Minh(03.10.2025),/2ta1942203t1cvn/chi-tiet-ban-an
https://congbobanan.toaan.gov.vn/2ta1942224t1cvn/chi-tiet-ban-an,Bản án:số 38 ngày 18/04/2025 của TAND TP. Hồ Chí Minh(03.10.2025),/2ta1942224t1cvn/chi-tiet-ban-an
https://congbobanan.toaan.gov.vn/2ta1942237t1cvn/chi-tiet-ban-an,Bản án:số 39 ngày 21/04/2025 của TAND TP. Hồ Chí Minh(03.10.2025),/2ta1942237t1cvn/chi-tiet-ban-an
https://congbobanan.toaan.gov.vn/2ta1942291t1cvn/chi-tiet-ban-an,Bản án:số 52 ngày 30/05/2025 của TAND TP. Hồ Chí Minh(03.10.2025),/2ta1942291t1cvn/chi-tiet-ban-an
https://congbobanan.toaan.gov.vn/2ta1942389t1cvn/chi-tiet-ban-an,Bản án:số 66 ngày 16/07/2025 của TAND TP. Hồ Chí Minh(03.10.2025),/2ta1942389t1cvn/chi-tiet-ban-an
https://congbobanan.toaan.gov.vn/2ta1942447t1cvn/chi-tiet-ban-an,Bản án:số 75 ngày 15/08/2025 của TAND TP. Hồ Chí Minh(03.10.2025),/2ta1942447t1cvn/chi-tiet-ban-an
https://congbobanan.toaan.gov.vn/2ta1942693t1cvn/chi-tiet-ban-an,Bản án:số 110 ngày 29/11/2024 của TAND TP. Hồ Chí Minh(03.10.2025),/2ta1942693t1cvn/chi-tiet-ban-an
https://congbobanan.toaan.gov.vn/2ta1972888t1cvn/chi-tiet-ban-an,Bản án:số 02/2025/LĐ-PT ngày 11/09/2025 của TAND tỉnh Gia Lai(02.10.2025),/2ta1972888t1cvn/chi-tiet-ban-an
https://congbobanan.toaan.gov.vn/2ta1972736t1cvn/chi-tiet-ban-an,Bản án:số 02 ngày 09/09/2025 của TAND TP. Hải Phòng(01.10.2025),/2ta1972736t1cvn/chi-tiet-ban-an
https://congbobanan.toaan.gov.vn/2ta1620137t1cvn/chi-tiet-ban-an,Bản án:số 45 ngày 08/04/2024 của TAND TP. Hồ Chí Minh(01.10.2025),/2ta1620137t1cvn/chi-tiet-ban-an
https://congbobanan.toaan.gov.vn/2ta1971874t1cvn/chi-tiet-ban-an,Bản án:số 04 ngày 15/01/2025 của TAND TP. Hồ Chí Minh(01.10.2025),/2ta1971874t1cvn/chi-tiet-ban-an
https://congbobanan.toaan.gov.vn/2ta1971894t1cvn/chi-tiet-ban-an,Bản án:số 15 ngày 04/03/2025 của TAND TP. Hồ Chí Minh(01.10.2025),/2ta1971894t1cvn/chi-tiet-ban-an
https://congbobanan.toaan.gov.vn/2ta1971926t1cvn/chi-tiet-ban-an,Bản án:số 36 ngày 18/04/2025 của TAND TP. Hồ Chí Minh(01.10.2025),/2ta1971926t1cvn/chi-tiet-ban-an
https://congbobanan.toaan.gov.vn/2ta1971947t1cvn/chi-tiet-ban-an,Bản án:số 40 ngày 22/04/2025 của TAND TP. Hồ Chí Minh(01.10.2025),/2ta1971947t1cvn/chi-tiet-ban-an
https://congbobanan.toaan.gov.vn/2ta1971977t1cvn/chi-tiet-ban-an,Bản án:số 65 ngày 15/07/2025 của TAND TP. Hồ Chí Minh(01.10.2025),/2ta1971977t1cvn/chi-tiet-ban-an
https://congbobanan.toaan.gov.vn/2ta1971984t1cvn/chi-tiet-ban-an,Bản án:số 53 ngày 05/06/2025 của TAND TP. Hồ Chí Minh(01.10.2025),/2ta1971984t1cvn/chi-tiet-ban-an
https://congbobanan.toaan.gov.vn/2ta1972005t1cvn/chi-tiet-ban-an,Bản án:số 67 ngày 16/07/2025 của TAND TP. Hồ Chí Minh(01.10.2025),/2ta1972005t1cvn/chi-tiet-ban-an
https://congbobanan.toaan.gov.vn/2ta1971698t1cvn/chi-tiet-ban-an,"Bản án:số 74 ngày 25/04/2025 của  TAND huyện Đức Hòa,  tỉnh Long An(01.10.2025)",/2ta1971698t1cvn/chi-tiet-ban-an
https://congbobanan.toaan.gov.vn/2ta1971736t1cvn/chi-tiet-ban-an,"Bản án:số 72 ngày 25/04/2025 của  TAND huyện Đức Hòa,  tỉnh Long An(01.10.2025)",/2ta1971736t1cvn/chi-tiet-ban-an
https://congbobanan.toaan.gov.vn/2ta1971764t1cvn/chi-tiet-ban-an,"Bản án:số 39 ngày 25/03/2025 của  TAND huyện Đức Hòa,  tỉnh Long An(01.10.2025)",/2ta1971764t1cvn/chi-tiet-ban-an
https://congbobanan.toaan.gov.vn/2ta1971367t1cvn/chi-tiet-ban-an,"Bản án:số 222/2025/LĐ-ST ngày 30/07/2025 của  Tòa án nhân dân khu vực 5 - Hồ Chí Minh,  TP. Hồ Chí Minh(01.10.2025)",/2ta1971367t1cvn/chi-tiet-ban-an
https://congbobanan.toaan.gov.vn/2ta1970534t1cvn/chi-tiet-ban-an,Bản án:số 102 ngày 17/09/2024 của TAND TP. Hồ Chí Minh(01.10.2025),/2ta1970534t1cvn/chi-tiet-ban-an
https://congbobanan.toaan.gov.vn/2ta1970566t1cvn/chi-tiet-ban-an,Bản án:số 107 ngày 26/09/2024 của TAND TP. Hồ Chí Minh(01.10.2025),/2ta1970566t1cvn/chi-tiet-ban-an
https://congbobanan.toaan.gov.vn/2ta1970318t1cvn/chi-tiet-ban-an,"Bản án:số 1985 ngày 19/09/2024 của  Tòa án nhân dân khu vực 5 - Hồ Chí Minh,  TP. Hồ Chí Minh(01.10.2025)",/2ta1970318t1cvn/chi-tiet-ban-an
https://congbobanan.toaan.gov.vn/2ta1970349t1cvn/chi-tiet-ban-an,"Bản án:số 1977 ngày 18/09/2024 của  Tòa án nhân dân khu vực 5 - Hồ Chí Minh,  TP. Hồ Chí Minh(01.10.2025)",/2ta1970349t1cvn/chi-tiet-ban-an
https://congbobanan.toaan.gov.vn/2ta1970363t1cvn/chi-tiet-ban-an,"Bản án:số 1988 ngày 19/09/2024 của  Tòa án nhân dân khu vực 5 - Hồ Chí Minh,  TP. Hồ Chí Minh(01.10.2025)",/2ta1970363t1cvn/chi-tiet-ban-an
https://congbobanan.toaan.gov.vn/2ta1970367t1cvn/chi-tiet-ban-an,"Bản án:số 1974 ngày 17/09/2024 của  Tòa án nhân dân khu vực 5 - Hồ Chí Minh,  TP. Hồ Chí Minh(01.10.2025)",/2ta1970367t1cvn/chi-tiet-ban-an
https://congbobanan.toaan.gov.vn/2ta1970143t1cvn/chi-tiet-ban-an,Bản án:số 97 ngày 16/09/2024 của TAND TP. Hồ Chí Minh(01.10.2025),/2ta1970143t1cvn/chi-tiet-ban-an
https://congbobanan.toaan.gov.vn/2ta1970141t1cvn/chi-tiet-ban-an,"Bản án:số 333 ngày 14/08/2025 của  Tòa án nhân dân khu vực 5 - Hồ Chí Minh,  TP. Hồ Chí Minh(01.10.2025)",/2ta1970141t1cvn/chi-tiet-ban-an
https://congbobanan.toaan.gov.vn/2ta1969888t1cvn/chi-tiet-ban-an,"Bản án:số 1976 ngày 18/09/2024 của  Tòa án nhân dân khu vực 5 - Hồ Chí Minh,  TP. Hồ Chí Minh(01.10.2025)",/2ta1969888t1cvn/chi-tiet-ban-an
https://congbobanan.toaan.gov.vn/2ta1969933t1cvn/chi-tiet-ban-an,"Bản án:số 2056 ngày 24/09/2024 của  Tòa án nhân dân khu vực 5 - Hồ Chí Minh,  TP. Hồ Chí Minh(01.10.2025)",/2ta1969933t1cvn/chi-tiet-ban-an
https://congbobanan.toaan.gov.vn/2ta1969965t1cvn/chi-tiet-ban-an,"Bản án:số 2000 ngày 19/09/2024 của  Tòa án nhân dân khu vực 5 - Hồ Chí Minh,  TP. Hồ Chí Minh(01.10.2025)",/2ta1969965t1cvn/chi-tiet-ban-an
https://congbobanan.toaan.gov.vn/2ta1969983t1cvn/chi-tiet-ban-an,"Bản án:số 2028 ngày 23/09/2024 của  Tòa án nhân dân khu vực 5 - Hồ Chí Minh,  TP. Hồ Chí Minh(01.10.2025)",/2ta1969983t1cvn/chi-tiet-ban-an
https://congbobanan.toaan.gov.vn/2ta1969849t1cvn/chi-tiet-ban-an,"Bản án:số Lâm Thị Xà Phe - Cty JingJuan ngày 28/08/2025 của  Tòa án nhân dân khu vực 16 - Hồ Chí Minh,  TP. Hồ Chí Minh(01.10.2025)",/2ta1969849t1cvn/chi-tiet-ban-an
https://congbobanan.toaan.gov.vn/2ta1969817t1cvn/chi-tiet-ban-an,"Bản án:số 58 ngày 28/08/2025 của  Tòa án nhân dân khu vực 16 - Hồ Chí Minh,  TP. Hồ Chí Minh(01.10.2025)",/2ta1969817t1cvn/chi-tiet-ban-an
https://congbobanan.toaan.gov.vn/2ta1969821t1cvn/chi-tiet-ban-an,"Bản án:số 56 ngày 28/08/2025 của  Tòa án nhân dân khu vực 16 - Hồ Chí Minh,  TP. Hồ Chí Minh(01.10.2025)",/2ta1969821t1cvn/chi-tiet-ban-an
https://congbobanan.toaan.gov.vn/2ta1895852t1cvn/chi-tiet-ban-an,Bản án:số 89 ngày 13/08/2024 của TAND TP. Hồ Chí Minh(01.10.2025),/2ta1895852t1cvn/chi-tiet-ban-an
https://congbobanan.toaan.gov.vn/2ta1909739t1cvn/chi-tiet-ban-an,Bản án:số 99 ngày 17/09/2024 của TAND TP. Hồ Chí Minh(01.10.2025),/2ta1909739t1cvn/chi-tiet-ban-an
https://congbobanan.toaan.gov.vn/2ta1911569t1cvn/chi-tiet-ban-an,Bản án:số 94 ngày 29/08/2024 của TAND TP. Hồ Chí Minh(01.10.2025),/2ta1911569t1cvn/chi-tiet-ban-an
https://congbobanan.toaan.gov.vn/2ta1969783t1cvn/chi-tiet-ban-an,"Bản án:số 55 ngày 28/08/2025 của  Tòa án nhân dân khu vực 16 - Hồ Chí Minh,  TP. Hồ Chí Minh(01.10.2025)",/2ta1969783t1cvn/chi-tiet-ban-an
https://congbobanan.toaan.gov.vn/2ta1911640t1cvn/chi-tiet-ban-an,Bản án:số 04 ngày 09/01/2024 của TAND TP. Hồ Chí Minh(01.10.2025),/2ta1911640t1cvn/chi-tiet-ban-an
https://congbobanan.toaan.gov.vn/2ta1911674t1cvn/chi-tiet-ban-an,Bản án:số 109 ngày 25/11/2024 của TAND TP. Hồ Chí Minh(01.10.2025),/2ta1911674t1cvn/chi-tiet-ban-an
https://congbobanan.toaan.gov.vn/2ta1969759t1cvn/chi-tiet-ban-an,"Bản án:số 54 ngày 28/08/2025 của  Tòa án nhân dân khu vực 16 - Hồ Chí Minh,  TP. Hồ Chí Minh(01.10.2025)",/2ta1969759t1cvn/chi-tiet-ban-an
https://congbobanan.toaan.gov.vn/2ta1969679t1cvn/chi-tiet-ban-an,"Bản án:số 53 ngày 28/08/2025 của  Tòa án nhân dân khu vực 16 - Hồ Chí Minh,  TP. Hồ Chí Minh(01.10.2025)",/2ta1969679t1cvn/chi-tiet-ban-an
https://congbobanan.toaan.gov.vn/2ta1969215t1cvn/chi-tiet-ban-an,"Bản án:số 03 ngày 20/06/2025 của  Tòa án nhân dân khu vực 3 - Đồng Nai,  tỉnh Đồng Nai(01.10.2025)",/2ta1969215t1cvn/chi-tiet-ban-an
https://congbobanan.toaan.gov.vn/2ta1969201t1cvn/chi-tiet-ban-an,"Bản án:số 01 ngày 28/08/2025 của  Tòa án nhân dân khu vực 7 - Đồng Tháp,  tỉnh Đồng Tháp(01.10.2025)",/2ta1969201t1cvn/chi-tiet-ban-an
https://congbobanan.toaan.gov.vn/2ta1969013t1cvn/chi-tiet-ban-an,"Bản án:số 18/2025/LĐ-ST ngày 29/05/2025 của  Tòa án nhân dân khu vực 4 - Hồ Chí Minh,  TP. Hồ Chí Minh(01.10.2025)",/2ta1969013t1cvn/chi-tiet-ban-an
https://congbobanan.toaan.gov.vn/2ta1967714t1cvn/chi-tiet-ban-an,"Bản án:số 644 ngày 09/09/2025 của  Tòa án nhân dân khu vực 5 - Hồ Chí Minh,  TP. Hồ Chí Minh(30.09.2025)",/2ta1967714t1cvn/chi-tiet-ban-an
https://congbobanan.toaan.gov.vn/2ta1967449t1cvn/chi-tiet-ban-an,"Bản án:số 644 ngày 09/09/2025 của  Tòa án nhân dân khu vực 5 - Hồ Chí Minh,  TP. Hồ Chí Minh(30.09.2025)",/2ta1967449t1cvn/chi-tiet-ban-an
https://congbobanan.toaan.gov.vn/2ta1966639t1cvn/chi-tiet-ban-an,Bản án:số Bản án số: 02/2025/LĐPT ngày 13/02/2025 của TAND tỉnh Bắc Ninh(30.09.2025),/2ta1966639t1cvn/chi-tiet-ban-an
https://congbobanan.toaan.gov.vn/2ta1966304t1cvn/chi-tiet-ban-an,"Bản án:số 05 ngày 18/06/2025 của  Tòa án nhân dân khu vực 1 - Hồ Chí Minh,  TP. Hồ Chí Minh(30.09.2025)",/2ta1966304t1cvn/chi-tiet-ban-an
https://congbobanan.toaan.gov.vn/2ta1965968t1cvn/chi-tiet-ban-an,"Bản án:số 17 ngày 25/07/2025 của  Tòa án nhân dân khu vực 16 - Hồ Chí Minh,  TP. Hồ Chí Minh(30.09.2025)",/2ta1965968t1cvn/chi-tiet-ban-an
https://congbobanan.toaan.gov.vn/2ta1965912t1cvn/chi-tiet-ban-an,"Bản án:số 08 ngày 06/07/2025 của  Tòa án nhân dân khu vực 16 - Hồ Chí Minh,  TP. Hồ Chí Minh(30.09.2025)",/2ta1965912t1cvn/chi-tiet-ban-an
https://congbobanan.toaan.gov.vn/2ta1965804t1cvn/chi-tiet-ban-an,"Bản án:số 43 ngày 08/08/2025 của  Tòa án nhân dân khu vực 16 - Hồ Chí Minh,  TP. Hồ Chí Minh(30.09.2025)",/2ta1965804t1cvn/chi-tiet-ban-an
https://congbobanan.toaan.gov.vn/2ta1964943t1cvn/chi-tiet-ban-an,"Bản án:số 02 ngày 25/07/2025 của  Tòa án nhân dân khu vực 3 - Đồng Nai,  tỉnh Đồng Nai(30.09.2025)",/2ta1964943t1cvn/chi-tiet-ban-an
https://congbobanan.toaan.gov.vn/2ta1964187t1cvn/chi-tiet-ban-an,"Bản án:số 13 ngày 23/12/2024 của  Tòa án nhân dân khu vực 1 - Hồ Chí Minh,  TP. Hồ Chí Minh(30.09.2025)",/2ta1964187t1cvn/chi-tiet-ban-an
https://congbobanan.toaan.gov.vn/2ta1964073t1cvn/chi-tiet-ban-an,Bản án:số 01 ngày 03/01/2025 của TAND tỉnh Tây Ninh(30.09.2025),/2ta1964073t1cvn/chi-tiet-ban-an
https://congbobanan.toaan.gov.vn/2ta1963990t1cvn/chi-tiet-ban-an,"Bản án:số 2 ngày 09/07/2025 của  Tòa án nhân dân khu vực 6 - Cần Thơ,  TP. Cần Thơ(30.09.2025)",/2ta1963990t1cvn/chi-tiet-ban-an
https://congbobanan.toaan.gov.vn/2ta1963759t1cvn/chi-tiet-ban-an,Bản án:số 87 ngày 05/09/2025 của TAND TP. Hồ Chí Minh(30.09.2025),/2ta1963759t1cvn/chi-tiet-ban-an
https://congbobanan.toaan.gov.vn/2ta1963466t1cvn/chi-tiet-ban-an,Bản án:số 98 ngày 24/09/2025 của TAND TP. Hồ Chí Minh(30.09.2025),/2ta1963466t1cvn/chi-tiet-ban-an
https://congbobanan.toaan.gov.vn/2ta1962105t1cvn/chi-tiet-ban-an,"Bản án:số 09 ngày 22/07/2025 của  TAND huyện Củ Chi,  TP. Hồ Chí Minh(30.09.2025)",/2ta1962105t1cvn/chi-tiet-ban-an
https://congbobanan.toaan.gov.vn/2ta1962083t1cvn/chi-tiet-ban-an,"Bản án:số 32 ngày 27/05/2025 của  TAND huyện Củ Chi,  TP. Hồ Chí Minh(30.09.2025)",/2ta1962083t1cvn/chi-tiet-ban-an
https://congbobanan.toaan.gov.vn/2ta1962060t1cvn/chi-tiet-ban-an,Bản án:số 03 ngày 29/09/2025 của TAND TP. Cần Thơ(30.09.2025),/2ta1962060t1cvn/chi-tiet-ban-an
https://congbobanan.toaan.gov.vn/2ta1961950t1cvn/chi-tiet-ban-an,"Bản án:số 2027 ngày 23/09/2024 của  Tòa án nhân dân khu vực 5 - Hồ Chí Minh,  TP. Hồ Chí Minh(30.09.2025)",/2ta1961950t1cvn/chi-tiet-ban-an
https://congbobanan.toaan.gov.vn/2ta1961579t1cvn/chi-tiet-ban-an,"Bản án:số 1975 ngày 18/09/2024 của  Tòa án nhân dân khu vực 5 - Hồ Chí Minh,  TP. Hồ Chí Minh(30.09.2025)",/2ta1961579t1cvn/chi-tiet-ban-an
https://congbobanan.toaan.gov.vn/2ta1961982t1cvn/chi-tiet-ban-an,Bản án:số 09/2025/LĐ-PT ngày 25/08/2025 của TAND tỉnh Đồng Nai(30.09.2025),/2ta1961982t1cvn/chi-tiet-ban-an
https://congbobanan.toaan.gov.vn/2ta1961757t1cvn/chi-tiet-ban-an,"Bản án:số 418/2025/LĐ-ST ngày 28/05/2025 của  Tòa án nhân dân khu vực 5 - Hồ Chí Minh,  TP. Hồ Chí Minh(30.09.2025)",/2ta1961757t1cvn/chi-tiet-ban-an
https://congbobanan.toaan.gov.vn/2ta1961722t1cvn/chi-tiet-ban-an,"Bản án:số 61 ngày 29/08/2025 của  Tòa án nhân dân khu vực 16 - Hồ Chí Minh,  TP. Hồ Chí Minh(30.09.2025)",/2ta1961722t1cvn/chi-tiet-ban-an
https://congbobanan.toaan.gov.vn/2ta1960863t1cvn/chi-tiet-ban-an,"Bản án:số 08 ngày 14/08/2025 của  Tòa án nhân dân khu vực 3 - Đồng Nai,  tỉnh Đồng Nai(30.09.2025)",/2ta1960863t1cvn/chi-tiet-ban-an
https://congbobanan.toaan.gov.vn/2ta1960577t1cvn/chi-tiet-ban-an,"Bản án:số 04 ngày 28/07/2025 của  Tòa án nhân dân khu vực 3 - Đồng Nai,  tỉnh Đồng Nai(30.09.2025)",/2ta1960577t1cvn/chi-tiet-ban-an
https://congbobanan.toaan.gov.vn/2ta1959495t1cvn/chi-tiet-ban-an,Bản án:số 112 ngày 10/12/2024 của TAND TP. Hồ Chí Minh(30.09.2025),/2ta1959495t1cvn/chi-tiet-ban-an
https://congbobanan.toaan.gov.vn/2ta1959537t1cvn/chi-tiet-ban-an,Bản án:số 23 ngày 25/03/2025 của TAND TP. Hồ Chí Minh(30.09.2025),/2ta1959537t1cvn/chi-tiet-ban-an
https://congbobanan.toaan.gov.vn/2ta1957997t1cvn/chi-tiet-ban-an,Bản án:số 13 ngày 27/02/2025 của TAND TP. Hồ Chí Minh(30.09.2025),/2ta1957997t1cvn/chi-tiet-ban-an
https://congbobanan.toaan.gov.vn/2ta1958218t1cvn/chi-tiet-ban-an,Bản án:số 11 ngày 20/02/2025 của TAND TP. Hồ Chí Minh(30.09.2025),/2ta1958218t1cvn/chi-tiet-ban-an
https://congbobanan.toaan.gov.vn/2ta1958279t1cvn/chi-tiet-ban-an,Bản án:số 34 ngày 16/04/2025 của TAND TP. Hồ Chí Minh(30.09.2025),/2ta1958279t1cvn/chi-tiet-ban-an
https://congbobanan.toaan.gov.vn/2ta1958382t1cvn/chi-tiet-ban-an,Bản án:số 9 ngày 19/02/2025 của TAND TP. Hồ Chí Minh(30.09.2025),/2ta1958382t1cvn/chi-tiet-ban-an
https://congbobanan.toaan.gov.vn/2ta1958443t1cvn/chi-tiet-ban-an,Bản án:số 50 ngày 23/05/2025 của TAND TP. Hồ Chí Minh(30.09.2025),/2ta1958443t1cvn/chi-tiet-ban-an
https://congbobanan.toaan.gov.vn/2ta1957918t1cvn/chi-tiet-ban-an,Bản án:số 01/2025/LĐ-PT ngày 09/05/2025 của TAND TP. Hồ Chí Minh(30.09.2025),/2ta1957918t1cvn/chi-tiet-ban-an
https://congbobanan.toaan.gov.vn/2ta1958115t1cvn/chi-tiet-ban-an,"Bản án:số 10/2025/LĐ-ST ngày 19/08/2025 của  Tòa án nhân dân khu vực 3 - Đồng Nai,  tỉnh Đồng Nai(30.09.2025)",/2ta1958115t1cvn/chi-tiet-ban-an
https://congbobanan.toaan.gov.vn/2ta1957875t1cvn/chi-tiet-ban-an,Bản án:số 01 ngày 17/12/2024 của TAND tỉnh Ninh Bình(30.09.2025),/2ta1957875t1cvn/chi-tiet-ban-an
https://congbobanan.toaan.gov.vn/2ta1957817t1cvn/chi-tiet-ban-an,"Bản án:số 271 ngày 09/06/2025 của  Tòa án nhân dân khu vực 16 - Hồ Chí Minh,  TP. Hồ Chí Minh(30.09.2025)",/2ta1957817t1cvn/chi-tiet-ban-an
https://congbobanan.toaan.gov.vn/2ta1957809t1cvn/chi-tiet-ban-an,"Bản án:số 60 ngày 29/08/2025 của  Tòa án nhân dân khu vực 16 - Hồ Chí Minh,  TP. Hồ Chí Minh(30.09.2025)",/2ta1957809t1cvn/chi-tiet-ban-an
https://congbobanan.toaan.gov.vn/2ta1883918t1cvn/chi-tiet-ban-an,"Bản án:số 07 ngày 13/08/2025 của  Tòa án nhân dân khu vực 3 - Đồng Nai,  tỉnh Đồng Nai(30.09.2025)",/2ta1883918t1cvn/chi-tiet-ban-an
https://congbobanan.toaan.gov.vn/2ta1883928t1cvn/chi-tiet-ban-an,"Bản án:số 07 ngày 13/08/2025 của  Tòa án nhân dân khu vực 3 - Đồng Nai,  tỉnh Đồng Nai(30.09.2025)",/2ta1883928t1cvn/chi-tiet-ban-an
https://congbobanan.toaan.gov.vn/2ta1956939t1cvn/chi-tiet-ban-an,"Bản án:số 182 ngày 20/05/2025 của  Tòa án nhân dân khu vực 2 - Hồ Chí Minh,  TP. Hồ Chí Minh(30.09.2025)",/2ta1956939t1cvn/chi-tiet-ban-an
https://congbobanan.toaan.gov.vn/2ta1956928t1cvn/chi-tiet-ban-an,"Bản án:số 181 ngày 20/05/2025 của  Tòa án nhân dân khu vực 2 - Hồ Chí Minh,  TP. Hồ Chí Minh(30.09.2025)",/2ta1956928t1cvn/chi-tiet-ban-an
https://congbobanan.toaan.gov.vn/2ta1956870t1cvn/chi-tiet-ban-an,"Bản án:số 180 ngày 20/05/2025 của  Tòa án nhân dân khu vực 2 - Hồ Chí Minh,  TP. Hồ Chí Minh(30.09.2025)",/2ta1956870t1cvn/chi-tiet-ban-an
https://congbobanan.toaan.gov.vn/2ta1956419t1cvn/chi-tiet-ban-an,"Bản án:số 307 ngày 20/06/2025 của  Tòa án nhân dân khu vực 16 - Hồ Chí Minh,  TP. Hồ Chí Minh(30.09.2025)",/2ta1956419t1cvn/chi-tiet-ban-an
https://congbobanan.toaan.gov.vn/2ta1956456t1cvn/chi-tiet-ban-an,"Bản án:số 174 ngày 31/03/2025 của  Tòa án nhân dân khu vực 16 - Hồ Chí Minh,  TP. Hồ Chí Minh(30.09.2025)",/2ta1956456t1cvn/chi-tiet-ban-an
https://congbobanan.toaan.gov.vn/2ta1956706t1cvn/chi-tiet-ban-an,"Bản án:số 290 ngày 13/06/2025 của  Tòa án nhân dân khu vực 16 - Hồ Chí Minh,  TP. Hồ Chí Minh(30.09.2025)",/2ta1956706t1cvn/chi-tiet-ban-an
https://congbobanan.toaan.gov.vn/2ta1956751t1cvn/chi-tiet-ban-an,"Bản án:số 308 ngày 20/06/2025 của  Tòa án nhân dân khu vực 16 - Hồ Chí Minh,  TP. Hồ Chí Minh(30.09.2025)",/2ta1956751t1cvn/chi-tiet-ban-an
https://congbobanan.toaan.gov.vn/2ta1956798t1cvn/chi-tiet-ban-an,"Bản án:số 176 ngày 31/03/2025 của  Tòa án nhân dân khu vực 16 - Hồ Chí Minh,  TP. Hồ Chí Minh(30.09.2025)",/2ta1956798t1cvn/chi-tiet-ban-an
https://congbobanan.toaan.gov.vn/2ta1956839t1cvn/chi-tiet-ban-an,"Bản án:số 175 ngày 31/03/2025 của  Tòa án nhân dân khu vực 16 - Hồ Chí Minh,  TP. Hồ Chí Minh(30.09.2025)",/2ta1956839t1cvn/chi-tiet-ban-an
https://congbobanan.toaan.gov.vn/2ta1956890t1cvn/chi-tiet-ban-an,"Bản án:số 52 ngày 25/08/2025 của  Tòa án nhân dân khu vực 16 - Hồ Chí Minh,  TP. Hồ Chí Minh(30.09.2025)",/2ta1956890t1cvn/chi-tiet-ban-an
https://congbobanan.toaan.gov.vn/2ta1956840t1cvn/chi-tiet-ban-an,"Bản án:số 269 ngày 06/06/2025 của  Tòa án nhân dân khu vực 16 - Hồ Chí Minh,  TP. Hồ Chí Minh(30.09.2025)",/2ta1956840t1cvn/chi-tiet-ban-an
https://congbobanan.toaan.gov.vn/2ta1956908t1cvn/chi-tiet-ban-an,"Bản án:số 177 ngày 31/03/2025 của  Tòa án nhân dân khu vực 16 - Hồ Chí Minh,  TP. Hồ Chí Minh(30.09.2025)",/2ta1956908t1cvn/chi-tiet-ban-an
https://congbobanan.toaan.gov.vn/2ta1956914t1cvn/chi-tiet-ban-an,"Bản án:số 309 ngày 20/06/2025 của  Tòa án nhân dân khu vực 16 - Hồ Chí Minh,  TP. Hồ Chí Minh(30.09.2025)",/2ta1956914t1cvn/chi-tiet-ban-an
https://congbobanan.toaan.gov.vn/2ta1956967t1cvn/chi-tiet-ban-an,"Bản án:số 231 ngày 28/05/2025 của  Tòa án nhân dân khu vực 16 - Hồ Chí Minh,  TP. Hồ Chí Minh(30.09.2025)",/2ta1956967t1cvn/chi-tiet-ban-an
https://congbobanan.toaan.gov.vn/2ta1956950t1cvn/chi-tiet-ban-an,"Bản án:số 178 ngày 31/03/2025 của  Tòa án nhân dân khu vực 16 - Hồ Chí Minh,  TP. Hồ Chí Minh(30.09.2025)",/2ta1956950t1cvn/chi-tiet-ban-an
https://congbobanan.toaan.gov.vn/2ta1956979t1cvn/chi-tiet-ban-an,"Bản án:số 179 ngày 31/03/2025 của  Tòa án nhân dân khu vực 16 - Hồ Chí Minh,  TP. Hồ Chí Minh(30.09.2025)",/2ta1956979t1cvn/chi-tiet-ban-an
https://congbobanan.toaan.gov.vn/2ta1956699t1cvn/chi-tiet-ban-an,Bản án:số 86 ngày 05/09/2025 của TAND TP. Hồ Chí Minh(30.09.2025),/2ta1956699t1cvn/chi-tiet-ban-an
https://congbobanan.toaan.gov.vn/2ta1956562t1cvn/chi-tiet-ban-an,"Bản án:số 04 ngày 07/08/2025 của  Tòa án nhân dân khu vực 18 - Hồ Chí Minh,  TP. Hồ Chí Minh(30.09.2025)",/2ta1956562t1cvn/chi-tiet-ban-an
https://congbobanan.toaan.gov.vn/2ta1944456t1cvn/chi-tiet-ban-an,"Bản án:số 03/2025/LĐ-ST ngày 21/04/2025 của  Tòa án nhân dân khu vực 1 - Hồ Chí Minh,  TP. Hồ Chí Minh(30.09.2025)",/2ta1944456t1cvn/chi-tiet-ban-an
https://congbobanan.toaan.gov.vn/2ta1944549t1cvn/chi-tiet-ban-an,"Bản án:số 04/2025/LĐ-ST ngày 21/04/2025 của  Tòa án nhân dân khu vực 1 - Hồ Chí Minh,  TP. Hồ Chí Minh(30.09.2025)",/2ta1944549t1cvn/chi-tiet-ban-an
https://congbobanan.toaan.gov.vn/2ta1956196t1cvn/chi-tiet-ban-an,"Bản án:số 12 ngày 28/08/2025 của  Tòa án nhân dân khu vực 17 - Hồ Chí Minh,  TP. Hồ Chí Minh(30.09.2025)",/2ta1956196t1cvn/chi-tiet-ban-an
https://congbobanan.toaan.gov.vn/2ta1954664t1cvn/chi-tiet-ban-an,Bản án:số 83 ngày 04/09/2025 của TAND TP. Hồ Chí Minh(30.09.2025),/2ta1954664t1cvn/chi-tiet-ban-an
https://congbobanan.toaan.gov.vn/2ta1954699t1cvn/chi-tiet-ban-an,Bản án:số 84 ngày 04/09/2025 của TAND TP. Hồ Chí Minh(30.09.2025),/2ta1954699t1cvn/chi-tiet-ban-an
https://congbobanan.toaan.gov.vn/2ta1954803t1cvn/chi-tiet-ban-an,Bản án:số 83 ngày 04/09/2025 của TAND TP. Hồ Chí Minh(30.09.2025),/2ta1954803t1cvn/chi-tiet-ban-an
https://congbobanan.toaan.gov.vn/2ta1953698t1cvn/chi-tiet-ban-an,"Bản án:số 12 ngày 29/08/2025 của  Tòa án nhân dân khu vực 3 - Đồng Nai,  tỉnh Đồng Nai(30.09.2025)",/2ta1953698t1cvn/chi-tiet-ban-an
https://congbobanan.toaan.gov.vn/2ta1948391t1cvn/chi-tiet-ban-an,Bản án:số 60 ngày 18/04/2025 của TAND TP. Hồ Chí Minh(30.09.2025),/2ta1948391t1cvn/chi-tiet-ban-an
https://congbobanan.toaan.gov.vn/2ta1948446t1cvn/chi-tiet-ban-an,Bản án:số 115 ngày 20/12/2024 của TAND TP. Hồ Chí Minh(30.09.2025),/2ta1948446t1cvn/chi-tiet-ban-an
https://congbobanan.toaan.gov.vn/2ta1953600t1cvn/chi-tiet-ban-an,Bản án:số 60 ngày 27/06/2025 của TAND TP. Hồ Chí Minh(30.09.2025),/2ta1953600t1cvn/chi-tiet-ban-an
https://congbobanan.toaan.gov.vn/2ta1953561t1cvn/chi-tiet-ban-an,"Bản án:số 24 ngày 25/07/2025 của  Tòa án nhân dân khu vực 16 - Hồ Chí Minh,  TP. Hồ Chí Minh(30.09.2025)",/2ta1953561t1cvn/chi-tiet-ban-an
https://congbobanan.toaan.gov.vn/2ta1953536t1cvn/chi-tiet-ban-an,"Bản án:số 20 ngày 25/07/2025 của  Tòa án nhân dân khu vực 16 - Hồ Chí Minh,  TP. Hồ Chí Minh(30.09.2025)",/2ta1953536t1cvn/chi-tiet-ban-an
https://congbobanan.toaan.gov.vn/2ta1953523t1cvn/chi-tiet-ban-an,"Bản án:số 23 ngày 25/07/2025 của  Tòa án nhân dân khu vực 16 - Hồ Chí Minh,  TP. Hồ Chí Minh(30.09.2025)",/2ta1953523t1cvn/chi-tiet-ban-an
https://congbobanan.toaan.gov.vn/2ta1953495t1cvn/chi-tiet-ban-an,"Bản án:số 33 ngày 29/07/2025 của  Tòa án nhân dân khu vực 16 - Hồ Chí Minh,  TP. Hồ Chí Minh(30.09.2025)",/2ta1953495t1cvn/chi-tiet-ban-an
https://congbobanan.toaan.gov.vn/2ta1953485t1cvn/chi-tiet-ban-an,"Bản án:số 22 ngày 25/07/2025 của  Tòa án nhân dân khu vực 16 - Hồ Chí Minh,  TP. Hồ Chí Minh(30.09.2025)",/2ta1953485t1cvn/chi-tiet-ban-an
https://congbobanan.toaan.gov.vn/2ta1953464t1cvn/chi-tiet-ban-an,"Bản án:số 21 ngày 25/07/2025 của  Tòa án nhân dân khu vực 16 - Hồ Chí Minh,  TP. Hồ Chí Minh(30.09.2025)",/2ta1953464t1cvn/chi-tiet-ban-an
https://congbobanan.toaan.gov.vn/2ta1953435t1cvn/chi-tiet-ban-an,"Bản án:số 30 ngày 29/07/2025 của  Tòa án nhân dân khu vực 16 - Hồ Chí Minh,  TP. Hồ Chí Minh(30.09.2025)",/2ta1953435t1cvn/chi-tiet-ban-an
https://congbobanan.toaan.gov.vn/2ta1953416t1cvn/chi-tiet-ban-an,"Bản án:số 28 ngày 29/07/2025 của  Tòa án nhân dân khu vực 16 - Hồ Chí Minh,  TP. Hồ Chí Minh(30.09.2025)",/2ta1953416t1cvn/chi-tiet-ban-an
https://congbobanan.toaan.gov.vn/2ta1953389t1cvn/chi-tiet-ban-an,"Bản án:số 34 ngày 29/07/2025 của  Tòa án nhân dân khu vực 16 - Hồ Chí Minh,  TP. Hồ Chí Minh(30.09.2025)",/2ta1953389t1cvn/chi-tiet-ban-an
https://congbobanan.toaan.gov.vn/2ta1953359t1cvn/chi-tiet-ban-an,"Bản án:số 32 ngày 29/07/2025 của  Tòa án nhân dân khu vực 16 - Hồ Chí Minh,  TP. Hồ Chí Minh(30.09.2025)",/2ta1953359t1cvn/chi-tiet-ban-an
https://congbobanan.toaan.gov.vn/2ta1953353t1cvn/chi-tiet-ban-an,"Bản án:số 29 ngày 29/07/2025 của  Tòa án nhân dân khu vực 16 - Hồ Chí Minh,  TP. Hồ Chí Minh(30.09.2025)",/2ta1953353t1cvn/chi-tiet-ban-an
https://congbobanan.toaan.gov.vn/2ta1953276t1cvn/chi-tiet-ban-an,"Bản án:số 31 ngày 29/07/2025 của  Tòa án nhân dân khu vực 16 - Hồ Chí Minh,  TP. Hồ Chí Minh(30.09.2025)",/2ta1953276t1cvn/chi-tiet-ban-an
https://congbobanan.toaan.gov.vn/2ta1952028t1cvn/chi-tiet-ban-an,"Bản án:số 14 ngày 28/08/2025 của  Tòa án nhân dân khu vực 4 - Hồ Chí Minh,  TP. Hồ Chí Minh(29.09.2025)",/2ta1952028t1cvn/chi-tiet-ban-an
https://congbobanan.toaan.gov.vn/2ta1950928t1cvn/chi-tiet-ban-an,"Bản án:số 01 ngày 02/04/2025 của  Tòa án nhân dân khu vực 10 - Lâm Đồng,  tỉnh Lâm Đồng(29.09.2025)",/2ta1950928t1cvn/chi-tiet-ban-an
https://congbobanan.toaan.gov.vn/2ta1950811t1cvn/chi-tiet-ban-an,"Bản án:số 94 ngày 16/04/2025 của  Tòa án nhân dân khu vực 2 - Hồ Chí Minh,  TP. Hồ Chí Minh(29.09.2025)",/2ta1950811t1cvn/chi-tiet-ban-an
https://congbobanan.toaan.gov.vn/2ta1950852t1cvn/chi-tiet-ban-an,"Bản án:số 95 ngày 16/04/2025 của  Tòa án nhân dân khu vực 2 - Hồ Chí Minh,  TP. Hồ Chí Minh(29.09.2025)",/2ta1950852t1cvn/chi-tiet-ban-an
https://congbobanan.toaan.gov.vn/2ta1950888t1cvn/chi-tiet-ban-an,"Bản án:số 97 ngày 16/04/2025 của  Tòa án nhân dân khu vực 2 - Hồ Chí Minh,  TP. Hồ Chí Minh(29.09.2025)",/2ta1950888t1cvn/chi-tiet-ban-an
https://congbobanan.toaan.gov.vn/2ta1950943t1cvn/chi-tiet-ban-an,"Bản án:số 96 ngày 16/04/2025 của  Tòa án nhân dân khu vực 2 - Hồ Chí Minh,  TP. Hồ Chí Minh(29.09.2025)",/2ta1950943t1cvn/chi-tiet-ban-an
https://congbobanan.toaan.gov.vn/2ta1949491t1cvn/chi-tiet-ban-an,"Bản án:số 13 ngày 25/03/2025 của  Tòa án nhân dân khu vực 18 - Hồ Chí Minh,  TP. Hồ Chí Minh(29.09.2025)",/2ta1949491t1cvn/chi-tiet-ban-an
https://congbobanan.toaan.gov.vn/2ta1949586t1cvn/chi-tiet-ban-an,"Bản án:số 41 ngày 27/06/2025 của  Tòa án nhân dân khu vực 18 - Hồ Chí Minh,  TP. Hồ Chí Minh(29.09.2025)",/2ta1949586t1cvn/chi-tiet-ban-an
https://congbobanan.toaan.gov.vn/2ta1949565t1cvn/chi-tiet-ban-an,"Bản án:số 01/2025/DS-ST ngày 21/07/2025 của  Tòa án nhân dân khu vực 4 - Đà Nẵng,  TP Đà Nẵng(29.09.2025)",/2ta1949565t1cvn/chi-tiet-ban-an
https://congbobanan.toaan.gov.vn/2ta1949264t1cvn/chi-tiet-ban-an,"Bản án:số 01 ngày 21/08/2025 của  Tòa án nhân dân khu vực 3 - Đà Nẵng,  TP Đà Nẵng(29.09.2025)",/2ta1949264t1cvn/chi-tiet-ban-an
https://congbobanan.toaan.gov.vn/2ta1948942t1cvn/chi-tiet-ban-an,"Bản án:số 01 ngày 24/07/2025 của  Tòa án nhân dân khu vực 3 - Đồng Nai,  tỉnh Đồng Nai(29.09.2025)",/2ta1948942t1cvn/chi-tiet-ban-an
https://congbobanan.toaan.gov.vn/2ta1948671t1cvn/chi-tiet-ban-an,"Bản án:số 05/2025 ngày 10/09/2025 của  Tòa án nhân dân khu vực 7 - Hà Nội,  TP. Hà Nội(29.09.2025)",/2ta1948671t1cvn/chi-tiet-ban-an
https://congbobanan.toaan.gov.vn/2ta1948126t1cvn/chi-tiet-ban-an,"Bản án:số 01 ngày 17/07/2025 của  Tòa án nhân dân khu vực 2 - Đồng Nai,  tỉnh Đồng Nai(29.09.2025)",/2ta1948126t1cvn/chi-tiet-ban-an
https://congbobanan.toaan.gov.vn/2ta1852331t1cvn/chi-tiet-ban-an,"Bản án:số 05 ngày 06/05/2025 của  Tòa án nhân dân khu vực 4 - Hồ Chí Minh,  TP. Hồ Chí Minh(29.09.2025)",/2ta1852331t1cvn/chi-tiet-ban-an
https://congbobanan.toaan.gov.vn/2ta1947107t1cvn/chi-tiet-ban-an,"Bản án:số 05 ngày 26/06/2025 của  Tòa án nhân dân khu vực 6 - Hồ Chí Minh,  TP. Hồ Chí Minh(29.09.2025)",/2ta1947107t1cvn/chi-tiet-ban-an
https://congbobanan.toaan.gov.vn/2ta1947832t1cvn/chi-tiet-ban-an,"Bản án:số 07 ngày 24/02/2025 của  Tòa án nhân dân khu vực 18 - Hồ Chí Minh,  TP. Hồ Chí Minh(29.09.2025)",/2ta1947832t1cvn/chi-tiet-ban-an
https://congbobanan.toaan.gov.vn/2ta1947862t1cvn/chi-tiet-ban-an,"Bản án:số 06 ngày 24/02/2025 của  Tòa án nhân dân khu vực 18 - Hồ Chí Minh,  TP. Hồ Chí Minh(29.09.2025)",/2ta1947862t1cvn/chi-tiet-ban-an
https://congbobanan.toaan.gov.vn/2ta1947123t1cvn/chi-tiet-ban-an,"Bản án:số 20/2025/LĐ-ST ngày 06/06/2025 của  Tòa án nhân dân khu vực 4 - Hồ Chí Minh,  TP. Hồ Chí Minh(29.09.2025)",/2ta1947123t1cvn/chi-tiet-ban-an
https://congbobanan.toaan.gov.vn/2ta1945256t1cvn/chi-tiet-ban-an,Bản án:số 116 ngày 20/12/2024 của TAND TP. Hồ Chí Minh(29.09.2025),/2ta1945256t1cvn/chi-tiet-ban-an
https://congbobanan.toaan.gov.vn/2ta1944916t1cvn/chi-tiet-ban-an,Bản án:số 07 ngày 21/01/2025 của TAND TP. Hồ Chí Minh(29.09.2025),/2ta1944916t1cvn/chi-tiet-ban-an
https://congbobanan.toaan.gov.vn/2ta1944868t1cvn/chi-tiet-ban-an,Bản án:số 06 ngày 21/01/2025 của TAND TP. Hồ Chí Minh(29.09.2025),/2ta1944868t1cvn/chi-tiet-ban-an
https://congbobanan.toaan.gov.vn/2ta1946823t1cvn/chi-tiet-ban-an,Bản án:số 06 ngày 22/08/2025 của TAND tỉnh Vĩnh Long(29.09.2025),/2ta1946823t1cvn/chi-tiet-ban-an
https://congbobanan.toaan.gov.vn/2ta1946078t1cvn/chi-tiet-ban-an,"Bản án:số 01 ngày 26/05/2025 của  Tòa án nhân dân khu vực 6 - Hải Phòng,  TP. Hải Phòng(29.09.2025)",/2ta1946078t1cvn/chi-tiet-ban-an
https://congbobanan.toaan.gov.vn/2ta1945468t1cvn/chi-tiet-ban-an,Bản án:số 02 ngày 04/09/2025 của TAND tỉnh Phú Thọ(29.09.2025),/2ta1945468t1cvn/chi-tiet-ban-an
https://congbobanan.toaan.gov.vn/2ta1945127t1cvn/chi-tiet-ban-an,"Bản án:số 33 ngày 23/05/2025 của  Tòa án nhân dân khu vực 18 - Hồ Chí Minh,  TP. Hồ Chí Minh(29.09.2025)",/2ta1945127t1cvn/chi-tiet-ban-an
https://congbobanan.toaan.gov.vn/2ta1945001t1cvn/chi-tiet-ban-an,"Bản án:số 167 ngày 12/05/2025 của  Tòa án nhân dân khu vực 2 - Hồ Chí Minh,  TP. Hồ Chí Minh(29.09.2025)",/2ta1945001t1cvn/chi-tiet-ban-an
https://congbobanan.toaan.gov.vn/2ta1944952t1cvn/chi-tiet-ban-an,"Bản án:số 133 ngày 28/04/2025 của  Tòa án nhân dân khu vực 2 - Hồ Chí Minh,  TP. Hồ Chí Minh(29.09.2025)",/2ta1944952t1cvn/chi-tiet-ban-an
https://congbobanan.toaan.gov.vn/2ta1944872t1cvn/chi-tiet-ban-an,"Bản án:số 63 ngày 12/05/2025 của  Tòa án nhân dân khu vực 18 - Hồ Chí Minh,  TP. Hồ Chí Minh(29.09.2025)",/2ta1944872t1cvn/chi-tiet-ban-an
https://congbobanan.toaan.gov.vn/2ta1944882t1cvn/chi-tiet-ban-an,"Bản án:số 131 ngày 28/04/2025 của  Tòa án nhân dân khu vực 2 - Hồ Chí Minh,  TP. Hồ Chí Minh(29.09.2025)",/2ta1944882t1cvn/chi-tiet-ban-an
https://congbobanan.toaan.gov.vn/2ta1944839t1cvn/chi-tiet-ban-an,"Bản án:số 34 ngày 23/05/2025 của  Tòa án nhân dân khu vực 18 - Hồ Chí Minh,  TP. Hồ Chí Minh(29.09.2025)",/2ta1944839t1cvn/chi-tiet-ban-an
https://congbobanan.toaan.gov.vn/2ta1944826t1cvn/chi-tiet-ban-an,"Bản án:số 134 ngày 28/04/2025 của  Tòa án nhân dân khu vực 2 - Hồ Chí Minh,  TP. Hồ Chí Minh(29.09.2025)",/2ta1944826t1cvn/chi-tiet-ban-an
https://congbobanan.toaan.gov.vn/2ta1941793t1cvn/chi-tiet-ban-an,"Bản án:số 02 ngày 21/08/2025 của  Tòa án nhân dân khu vực 1 - Cần Thơ,  TP. Cần Thơ(28.09.2025)",/2ta1941793t1cvn/chi-tiet-ban-an
https://congbobanan.toaan.gov.vn/2ta1940818t1cvn/chi-tiet-ban-an,"Bản án:số 07 ngày 15/08/2025 của  Tòa án nhân dân khu vực 18 - Hồ Chí Minh,  TP. Hồ Chí Minh(28.09.2025)",/2ta1940818t1cvn/chi-tiet-ban-an
https://congbobanan.toaan.gov.vn/2ta1940518t1cvn/chi-tiet-ban-an,Bản án:số 26 ngày 09/05/2025 của TAND TP. Hà Nội(28.09.2025),/2ta1940518t1cvn/chi-tiet-ban-an
https://congbobanan.toaan.gov.vn/2ta1940337t1cvn/chi-tiet-ban-an,"Bản án:số 31 ngày 24/02/2025 của  Tòa án nhân dân khu vực 3 - Tây Ninh,  tỉnh Tây Ninh(28.09.2025)",/2ta1940337t1cvn/chi-tiet-ban-an
https://congbobanan.toaan.gov.vn/2ta1940338t1cvn/chi-tiet-ban-an,"Bản án:số 28 ngày 29/07/2025 của  Tòa án nhân dân khu vực 3 - Tây Ninh,  tỉnh Tây Ninh(28.09.2025)",/2ta1940338t1cvn/chi-tiet-ban-an
https://congbobanan.toaan.gov.vn/2ta1940339t1cvn/chi-tiet-ban-an,"Bản án:số 45 ngày 15/08/2025 của  Tòa án nhân dân khu vực 3 - Tây Ninh,  tỉnh Tây Ninh(28.09.2025)",/2ta1940339t1cvn/chi-tiet-ban-an
https://congbobanan.toaan.gov.vn/2ta1940358t1cvn/chi-tiet-ban-an,"Bản án:số 36 ngày 31/07/2025 của  Tòa án nhân dân khu vực 3 - Tây Ninh,  tỉnh Tây Ninh(28.09.2025)",/2ta1940358t1cvn/chi-tiet-ban-an
https://congbobanan.toaan.gov.vn/2ta1940361t1cvn/chi-tiet-ban-an,"Bản án:số 26 ngày 29/07/2025 của  Tòa án nhân dân khu vực 3 - Tây Ninh,  tỉnh Tây Ninh(28.09.2025)",/2ta1940361t1cvn/chi-tiet-ban-an
https://congbobanan.toaan.gov.vn/2ta1940362t1cvn/chi-tiet-ban-an,"Bản án:số 52 ngày 19/08/2025 của  Tòa án nhân dân khu vực 3 - Tây Ninh,  tỉnh Tây Ninh(28.09.2025)",/2ta1940362t1cvn/chi-tiet-ban-an
https://congbobanan.toaan.gov.vn/2ta1940382t1cvn/chi-tiet-ban-an,"Bản án:số 35 ngày 31/07/2025 của  Tòa án nhân dân khu vực 3 - Tây Ninh,  tỉnh Tây Ninh(28.09.2025)",/2ta1940382t1cvn/chi-tiet-ban-an
https://congbobanan.toaan.gov.vn/2ta1939409t1cvn/chi-tiet-ban-an,Bản án:số 01 ngày 19/09/2025 của TAND tỉnh Lào Cai(27.09.2025),/2ta1939409t1cvn/chi-tiet-ban-an
https://congbobanan.toaan.gov.vn/2ta1939385t1cvn/chi-tiet-ban-an,Bản án:số 02 ngày 08/09/2025 của TAND tỉnh Cà Mau(27.09.2025),/2ta1939385t1cvn/chi-tiet-ban-an
https://congbobanan.toaan.gov.vn/2ta1939346t1cvn/chi-tiet-ban-an,Bản án:số 02/2025/LĐ-PT ngày 16/09/2025 của TAND tỉnh An Giang(27.09.2025),/2ta1939346t1cvn/chi-tiet-ban-an
https://congbobanan.toaan.gov.vn/2ta1939267t1cvn/chi-tiet-ban-an,"Bản án:số 7/2025/LD-ST ngày 14/08/2025 của  Tòa án nhân dân khu vực 1 - Hồ Chí Minh,  TP. Hồ Chí Minh(27.09.2025)",/2ta1939267t1cvn/chi-tiet-ban-an
https://congbobanan.toaan.gov.vn/2ta1935934t1cvn/chi-tiet-ban-an,Bản án:số 17/2025/LĐ-PT ngày 14/04/2025 của TAND TP. Hà Nội(27.09.2025),/2ta1935934t1cvn/chi-tiet-ban-an
https://congbobanan.toaan.gov.vn/2ta1938950t1cvn/chi-tiet-ban-an,Bản án:số 03 ngày 20/08/2025 của TAND tỉnh Tây Ninh(27.09.2025),/2ta1938950t1cvn/chi-tiet-ban-an
https://congbobanan.toaan.gov.vn/2ta1937786t1cvn/chi-tiet-ban-an,"Bản án:số 11 ngày 26/08/2025 của  Tòa án nhân dân khu vực 1 - Hồ Chí Minh,  TP. Hồ Chí Minh(27.09.2025)",/2ta1937786t1cvn/chi-tiet-ban-an
https://congbobanan.toaan.gov.vn/2ta1937549t1cvn/chi-tiet-ban-an,"Bản án:số 08 ngày 25/08/2025 của  Tòa án nhân dân khu vực 2 - Đồng Nai,  tỉnh Đồng Nai(27.09.2025)",/2ta1937549t1cvn/chi-tiet-ban-an
https://congbobanan.toaan.gov.vn/2ta1937478t1cvn/chi-tiet-ban-an,"Bản án:số 03 ngày 11/08/2025 của  Tòa án nhân dân khu vực 2 - Đồng Nai,  tỉnh Đồng Nai(27.09.2025)",/2ta1937478t1cvn/chi-tiet-ban-an
https://congbobanan.toaan.gov.vn/2ta1937483t1cvn/chi-tiet-ban-an,"Bản án:số 02 ngày 11/08/2025 của  Tòa án nhân dân khu vực 2 - Đồng Nai,  tỉnh Đồng Nai(27.09.2025)",/2ta1937483t1cvn/chi-tiet-ban-an
https://congbobanan.toaan.gov.vn/2ta1936986t1cvn/chi-tiet-ban-an,"Bản án:số 36 ngày 31/07/2025 của  Tòa án nhân dân khu vực 3 - Tây Ninh,  tỉnh Tây Ninh(27.09.2025)",/2ta1936986t1cvn/chi-tiet-ban-an
https://congbobanan.toaan.gov.vn/2ta1935798t1cvn/chi-tiet-ban-an,"Bản án:số 44 ngày 31/03/2025 của  Tòa án nhân dân khu vực 3 - Tây Ninh,  tỉnh Tây Ninh(26.09.2025)",/2ta1935798t1cvn/chi-tiet-ban-an
https://congbobanan.toaan.gov.vn/2ta1935769t1cvn/chi-tiet-ban-an,"Bản án:số 25 ngày 20/02/2025 của  Tòa án nhân dân khu vực 3 - Tây Ninh,  tỉnh Tây Ninh(26.09.2025)",/2ta1935769t1cvn/chi-tiet-ban-an
https://congbobanan.toaan.gov.vn/2ta1935788t1cvn/chi-tiet-ban-an,"Bản án:số 42 ngày 31/03/2025 của  Tòa án nhân dân khu vực 3 - Tây Ninh,  tỉnh Tây Ninh(26.09.2025)",/2ta1935788t1cvn/chi-tiet-ban-an
https://congbobanan.toaan.gov.vn/2ta1935785t1cvn/chi-tiet-ban-an,"Bản án:số 45 ngày 31/03/2025 của  Tòa án nhân dân khu vực 3 - Tây Ninh,  tỉnh Tây Ninh(26.09.2025)",/2ta1935785t1cvn/chi-tiet-ban-an
https://congbobanan.toaan.gov.vn/2ta1935760t1cvn/chi-tiet-ban-an,"Bản án:số 43 ngày 31/03/2025 của  Tòa án nhân dân khu vực 3 - Tây Ninh,  tỉnh Tây Ninh(26.09.2025)",/2ta1935760t1cvn/chi-tiet-ban-an
https://congbobanan.toaan.gov.vn/2ta1931764t1cvn/chi-tiet-ban-an,"Bản án:số 79 ngày 31/03/2025 của  Tòa án nhân dân khu vực 2 - Hồ Chí Minh,  TP. Hồ Chí Minh(26.09.2025)",/2ta1931764t1cvn/chi-tiet-ban-an
https://congbobanan.toaan.gov.vn/2ta1931768t1cvn/chi-tiet-ban-an,"Bản án:số 81 ngày 31/03/2025 của  Tòa án nhân dân khu vực 2 - Hồ Chí Minh,  TP. Hồ Chí Minh(26.09.2025)",/2ta1931768t1cvn/chi-tiet-ban-an
https://congbobanan.toaan.gov.vn/2ta1931770t1cvn/chi-tiet-ban-an,"Bản án:số 78 ngày 31/03/2025 của  Tòa án nhân dân khu vực 2 - Hồ Chí Minh,  TP. Hồ Chí Minh(26.09.2025)",/2ta1931770t1cvn/chi-tiet-ban-an
https://congbobanan.toaan.gov.vn/2ta1931774t1cvn/chi-tiet-ban-an,"Bản án:số 80 ngày 31/03/2025 của  Tòa án nhân dân khu vực 2 - Hồ Chí Minh,  TP. Hồ Chí Minh(26.09.2025)",/2ta1931774t1cvn/chi-tiet-ban-an
https://congbobanan.toaan.gov.vn/2ta1932996t1cvn/chi-tiet-ban-an,"Bản án:số 69 ngày 27/03/2025 của  Tòa án nhân dân khu vực 2 - Hồ Chí Minh,  TP. Hồ Chí Minh(26.09.2025)",/2ta1932996t1cvn/chi-tiet-ban-an
https://congbobanan.toaan.gov.vn/2ta1933202t1cvn/chi-tiet-ban-an,"Bản án:số 68 ngày 27/03/2025 của  Tòa án nhân dân khu vực 2 - Hồ Chí Minh,  TP. Hồ Chí Minh(26.09.2025)",/2ta1933202t1cvn/chi-tiet-ban-an
https://congbobanan.toaan.gov.vn/2ta1935474t1cvn/chi-tiet-ban-an,"Bản án:số 24 ngày 09/09/2025 của  Tòa án nhân dân khu vực 1 - Đồng Nai,  tỉnh Đồng Nai(26.09.2025)",/2ta1935474t1cvn/chi-tiet-ban-an
https://congbobanan.toaan.gov.vn/2ta1934786t1cvn/chi-tiet-ban-an,"Bản án:số 08 ngày 19/08/2025 của  Tòa án nhân dân khu vực 18 - Hồ Chí Minh,  TP. Hồ Chí Minh(26.09.2025)",/2ta1934786t1cvn/chi-tiet-ban-an
https://congbobanan.toaan.gov.vn/2ta1934555t1cvn/chi-tiet-ban-an,Bản án:số 08/2025/LĐ-PT ngày 08/04/2025 của TAND TP. Hà Nội(26.09.2025),/2ta1934555t1cvn/chi-tiet-ban-an
https://congbobanan.toaan.gov.vn/2ta1934496t1cvn/chi-tiet-ban-an,"Bản án:số 17 ngày 12/08/2025 của  Tòa án nhân dân khu vực 2 - Hồ Chí Minh,  TP. Hồ Chí Minh(26.09.2025)",/2ta1934496t1cvn/chi-tiet-ban-an
https://congbobanan.toaan.gov.vn/2ta1934488t1cvn/chi-tiet-ban-an,"Bản án:số 15 ngày 12/08/2025 của  Tòa án nhân dân khu vực 2 - Hồ Chí Minh,  TP. Hồ Chí Minh(26.09.2025)",/2ta1934488t1cvn/chi-tiet-ban-an
https://congbobanan.toaan.gov.vn/2ta1934464t1cvn/chi-tiet-ban-an,"Bản án:số 16 ngày 12/08/2025 của  Tòa án nhân dân khu vực 2 - Hồ Chí Minh,  TP. Hồ Chí Minh(26.09.2025)",/2ta1934464t1cvn/chi-tiet-ban-an
https://congbobanan.toaan.gov.vn/2ta1934356t1cvn/chi-tiet-ban-an,"Bản án:số 49 ngày 13/08/2025 của  Tòa án nhân dân khu vực 16 - Hồ Chí Minh,  TP. Hồ Chí Minh(26.09.2025)",/2ta1934356t1cvn/chi-tiet-ban-an
https://congbobanan.toaan.gov.vn/2ta1934357t1cvn/chi-tiet-ban-an,"Bản án:số 48 ngày 13/08/2025 của  Tòa án nhân dân khu vực 16 - Hồ Chí Minh,  TP. Hồ Chí Minh(26.09.2025)",/2ta1934357t1cvn/chi-tiet-ban-an
https://congbobanan.toaan.gov.vn/2ta1933438t1cvn/chi-tiet-ban-an,"Bản án:số 08 ngày 21/08/2025 của  Tòa án nhân dân khu vực 17 - Hồ Chí Minh,  TP. Hồ Chí Minh(26.09.2025)",/2ta1933438t1cvn/chi-tiet-ban-an
https://congbobanan.toaan.gov.vn/2ta1932941t1cvn/chi-tiet-ban-an,Bản án:số 19/2025/LĐ-PT ngày 14/04/2025 của TAND TP. Hà Nội(26.09.2025),/2ta1932941t1cvn/chi-tiet-ban-an
https://congbobanan.toaan.gov.vn/2ta1932675t1cvn/chi-tiet-ban-an,Bản án:số 25/2025/LÐ - PT ngày 09/05/2025 của TAND TP. Hà Nội(26.09.2025),/2ta1932675t1cvn/chi-tiet-ban-an
https://congbobanan.toaan.gov.vn/2ta1932603t1cvn/chi-tiet-ban-an,"Bản án:số 67/2025/LĐ-ST ngày 29/08/2025 của  Tòa án nhân dân khu vực 3 - Tây Ninh,  tỉnh Tây Ninh(26.09.2025)",/2ta1932603t1cvn/chi-tiet-ban-an
https://congbobanan.toaan.gov.vn/2ta1932572t1cvn/chi-tiet-ban-an,"Bản án:số 42/2025/LĐ-ST ngày 14/08/2025 của  Tòa án nhân dân khu vực 3 - Tây Ninh,  tỉnh Tây Ninh(26.09.2025)",/2ta1932572t1cvn/chi-tiet-ban-an
https://congbobanan.toaan.gov.vn/2ta1932489t1cvn/chi-tiet-ban-an,Bản án:số 20/2025/LĐ-PT ngày 14/04/2025 của TAND TP. Hà Nội(26.09.2025),/2ta1932489t1cvn/chi-tiet-ban-an
https://congbobanan.toaan.gov.vn/2ta1932153t1cvn/chi-tiet-ban-an,"Bản án:số 01 ngày 06/08/2025 của  Tòa án nhân dân khu vực 7 - Quảng Ngãi,  tỉnh Quảng Ngãi(26.09.2025)",/2ta1932153t1cvn/chi-tiet-ban-an
https://congbobanan.toaan.gov.vn/2ta1931690t1cvn/chi-tiet-ban-an,"Bản án:số 01/2025/LĐ-ST ngày 21/07/2025 của  Tòa án nhân dân khu vực 15 - Hồ Chí Minh,  TP. Hồ Chí Minh(25.09.2025)",/2ta1931690t1cvn/chi-tiet-ban-an
https://congbobanan.toaan.gov.vn/2ta1931687t1cvn/chi-tiet-ban-an,"Bản án:số 02/2025/LĐ-ST ngày 23/07/2025 của  Tòa án nhân dân khu vực 15 - Hồ Chí Minh,  TP. Hồ Chí Minh(25.09.2025)",/2ta1931687t1cvn/chi-tiet-ban-an
https://congbobanan.toaan.gov.vn/2ta1931665t1cvn/chi-tiet-ban-an,Bản án:số 18/2025/LĐ-PT ngày 14/04/2025 của TAND TP. Hà Nội(25.09.2025),/2ta1931665t1cvn/chi-tiet-ban-an
https://congbobanan.toaan.gov.vn/2ta1930738t1cvn/chi-tiet-ban-an,Bản án:số 22/2025/LĐ-PT ngày 06/05/2025 của TAND TP. Hà Nội(25.09.2025),/2ta1930738t1cvn/chi-tiet-ban-an
https://congbobanan.toaan.gov.vn/2ta1930909t1cvn/chi-tiet-ban-an,Bản án:số 14/2025/LĐ-PT ngày 14/04/2025 của TAND TP. Hà Nội(25.09.2025),/2ta1930909t1cvn/chi-tiet-ban-an
https://congbobanan.toaan.gov.vn/2ta1930978t1cvn/chi-tiet-ban-an,Bản án:số 23/2025/LĐ-PT ngày 07/05/2025 của TAND TP. Hà Nội(25.09.2025),/2ta1930978t1cvn/chi-tiet-ban-an
https://congbobanan.toaan.gov.vn/2ta1931038t1cvn/chi-tiet-ban-an,Bản án:số 16/2025/LĐ-PT ngày 14/04/2025 của TAND TP. Hà Nội(25.09.2025),/2ta1931038t1cvn/chi-tiet-ban-an
https://congbobanan.toaan.gov.vn/2ta1931102t1cvn/chi-tiet-ban-an,Bản án:số 15/2025/LĐ-PT ngày 14/04/2025 của TAND TP. Hà Nội(25.09.2025),/2ta1931102t1cvn/chi-tiet-ban-an
https://congbobanan.toaan.gov.vn/2ta1931117t1cvn/chi-tiet-ban-an,Bản án:số 27/2025/LĐ-PT ngày 09/05/2025 của TAND TP. Hà Nội(25.09.2025),/2ta1931117t1cvn/chi-tiet-ban-an
https://congbobanan.toaan.gov.vn/2ta1931473t1cvn/chi-tiet-ban-an,"Bản án:số 05 ngày 30/07/2025 của  Tòa án nhân dân khu vực 3 - Đồng Nai,  tỉnh Đồng Nai(25.09.2025)",/2ta1931473t1cvn/chi-tiet-ban-an
https://congbobanan.toaan.gov.vn/2ta1931423t1cvn/chi-tiet-ban-an,"Bản án:số 39 ngày 20/06/2025 của  Tòa án nhân dân khu vực 18 - Hồ Chí Minh,  TP. Hồ Chí Minh(25.09.2025)",/2ta1931423t1cvn/chi-tiet-ban-an
https://congbobanan.toaan.gov.vn/2ta1930503t1cvn/chi-tiet-ban-an,"Bản án:số 14 ngày 27/03/2025 của  Tòa án nhân dân khu vực 18 - Hồ Chí Minh,  TP. Hồ Chí Minh(25.09.2025)",/2ta1930503t1cvn/chi-tiet-ban-an
https://congbobanan.toaan.gov.vn/2ta1930244t1cvn/chi-tiet-ban-an,"Bản án:số 13 ngày 08/08/2025 của  Tòa án nhân dân khu vực 1 - Đồng Nai,  tỉnh Đồng Nai(25.09.2025)",/2ta1930244t1cvn/chi-tiet-ban-an
https://congbobanan.toaan.gov.vn/2ta1929951t1cvn/chi-tiet-ban-an,"Bản án:số 253 ngày 30/06/2025 của  Tòa án nhân dân khu vực 2 - Hồ Chí Minh,  TP. Hồ Chí Minh(25.09.2025)",/2ta1929951t1cvn/chi-tiet-ban-an
https://congbobanan.toaan.gov.vn/2ta1929308t1cvn/chi-tiet-ban-an,"Bản án:số 185 ngày 22/05/2025 của  Tòa án nhân dân khu vực 2 - Hồ Chí Minh,  TP. Hồ Chí Minh(25.09.2025)",/2ta1929308t1cvn/chi-tiet-ban-an
https://congbobanan.toaan.gov.vn/2ta1929360t1cvn/chi-tiet-ban-an,"Bản án:số 186 ngày 22/05/2025 của  Tòa án nhân dân khu vực 2 - Hồ Chí Minh,  TP. Hồ Chí Minh(25.09.2025)",/2ta1929360t1cvn/chi-tiet-ban-an
https://congbobanan.toaan.gov.vn/2ta1929369t1cvn/chi-tiet-ban-an,"Bản án:số 187 ngày 22/05/2025 của  Tòa án nhân dân khu vực 2 - Hồ Chí Minh,  TP. Hồ Chí Minh(25.09.2025)",/2ta1929369t1cvn/chi-tiet-ban-an
https://congbobanan.toaan.gov.vn/2ta1929599t1cvn/chi-tiet-ban-an,Bản án:số 03/2025/LĐPT ngày 03/09/2025 của TAND tỉnh Đồng Tháp(25.09.2025),/2ta1929599t1cvn/chi-tiet-ban-an
https://congbobanan.toaan.gov.vn/2ta1929286t1cvn/chi-tiet-ban-an,"Bản án:số 06/2025/LĐ-ST ngày 04/07/2025 của  Tòa án nhân dân khu vực 3 - Tây Ninh,  tỉnh Tây Ninh(25.09.2025)",/2ta1929286t1cvn/chi-tiet-ban-an
https://congbobanan.toaan.gov.vn/2ta1929328t1cvn/chi-tiet-ban-an,"Bản án:số 16/2025/LĐ-ST ngày 17/07/2025 của  Tòa án nhân dân khu vực 3 - Tây Ninh,  tỉnh Tây Ninh(25.09.2025)",/2ta1929328t1cvn/chi-tiet-ban-an
https://congbobanan.toaan.gov.vn/2ta1928576t1cvn/chi-tiet-ban-an,"Bản án:số 08 ngày 16/09/2025 của  Tòa án nhân dân khu vực 2 - Hà Nội,  TP. Hà Nội(25.09.2025)",/2ta1928576t1cvn/chi-tiet-ban-an
https://congbobanan.toaan.gov.vn/2ta1928318t1cvn/chi-tiet-ban-an,"Bản án:số 109 ngày 21/04/2025 của  Tòa án nhân dân khu vực 2 - Hồ Chí Minh,  TP. Hồ Chí Minh(25.09.2025)",/2ta1928318t1cvn/chi-tiet-ban-an
https://congbobanan.toaan.gov.vn/2ta1928310t1cvn/chi-tiet-ban-an,"Bản án:số 108 ngày 21/04/2025 của  Tòa án nhân dân khu vực 2 - Hồ Chí Minh,  TP. Hồ Chí Minh(25.09.2025)",/2ta1928310t1cvn/chi-tiet-ban-an
https://congbobanan.toaan.gov.vn/2ta1928304t1cvn/chi-tiet-ban-an,"Bản án:số 110 ngày 21/04/2025 của  Tòa án nhân dân khu vực 2 - Hồ Chí Minh,  TP. Hồ Chí Minh(25.09.2025)",/2ta1928304t1cvn/chi-tiet-ban-an
https://congbobanan.toaan.gov.vn/2ta1928280t1cvn/chi-tiet-ban-an,"Bản án:số 111 ngày 21/04/2025 của  Tòa án nhân dân khu vực 2 - Hồ Chí Minh,  TP. Hồ Chí Minh(25.09.2025)",/2ta1928280t1cvn/chi-tiet-ban-an
https://congbobanan.toaan.gov.vn/2ta1927291t1cvn/chi-tiet-ban-an,Bản án:số 21 ngày 22/04/2025 của TAND TP. Hà Nội(25.09.2025),/2ta1927291t1cvn/chi-tiet-ban-an
https://congbobanan.toaan.gov.vn/2ta1994495t1cvn/chi-tiet-ban-an,Bản án:số 04/2025/LĐ-PT ngày 25/09/2025 của Tòa Phúc thẩm Tòa án nhân dân tối cao tại Thành phố Hồ Chí Minh(20.11.2025),/2ta1994495t1cvn/chi-tiet-ban-an
https://congbobanan.toaan.gov.vn/2ta1924070t1cvn/chi-tiet-ban-an,Bản án:số 28 ngày 09/05/2025 của TAND TP. Hà Nội(24.09.2025),/2ta1924070t1cvn/chi-tiet-ban-an
https://congbobanan.toaan.gov.vn/2ta1925952t1cvn/chi-tiet-ban-an,"Bản án:số 05 ngày 20/01/2025 của  Tòa án nhân dân khu vực 2 - Hồ Chí Minh,  TP. Hồ Chí Minh(24.09.2025)",/2ta1925952t1cvn/chi-tiet-ban-an
https://congbobanan.toaan.gov.vn/2ta1925201t1cvn/chi-tiet-ban-an,Bản án:số 61 ngày 27/06/2025 của TAND TP. Hồ Chí Minh(24.09.2025),/2ta1925201t1cvn/chi-tiet-ban-an
https://congbobanan.toaan.gov.vn/2ta1925163t1cvn/chi-tiet-ban-an,"Bản án:số 05 ngày 13/08/2025 của  Tòa án nhân dân khu vực 6 - Hồ Chí Minh,  TP. Hồ Chí Minh(24.09.2025)",/2ta1925163t1cvn/chi-tiet-ban-an
https://congbobanan.toaan.gov.vn/2ta1924732t1cvn/chi-tiet-ban-an,"Bản án:số 24/2025/LĐ-ST ngày 24/07/2025 của  Tòa án nhân dân khu vực 3 - Tây Ninh,  tỉnh Tây Ninh(24.09.2025)",/2ta1924732t1cvn/chi-tiet-ban-an
https://congbobanan.toaan.gov.vn/2ta1924086t1cvn/chi-tiet-ban-an,"Bản án:số 07 ngày 26/06/2025 của  Tòa án nhân dân khu vực 1 - Hồ Chí Minh,  TP. Hồ Chí Minh(23.09.2025)",/2ta1924086t1cvn/chi-tiet-ban-an
https://congbobanan.toaan.gov.vn/2ta1923507t1cvn/chi-tiet-ban-an,"Bản án:số 23 ngày 26/02/2025 của  Tòa án nhân dân khu vực 2 - Hồ Chí Minh,  TP. Hồ Chí Minh(23.09.2025)",/2ta1923507t1cvn/chi-tiet-ban-an
https://congbobanan.toaan.gov.vn/2ta1922922t1cvn/chi-tiet-ban-an,"Bản án:số 01/2025/LĐ-ST ngày 08/08/2025 của  Tòa án nhân dân khu vực 1 - Tây Ninh,  tỉnh Tây Ninh(23.09.2025)",/2ta1922922t1cvn/chi-tiet-ban-an
https://congbobanan.toaan.gov.vn/2ta1922376t1cvn/chi-tiet-ban-an,"Bản án:số 08 ngày 31/07/2025 của  Tòa án nhân dân khu vực 1 - Đồng Nai,  tỉnh Đồng Nai(23.09.2025)",/2ta1922376t1cvn/chi-tiet-ban-an
https://congbobanan.toaan.gov.vn/2ta1922240t1cvn/chi-tiet-ban-an,"Bản án:số 16 ngày 11/08/2025 của  Tòa án nhân dân khu vực 8 - Hồ Chí Minh,  TP. Hồ Chí Minh(23.09.2025)",/2ta1922240t1cvn/chi-tiet-ban-an
https://congbobanan.toaan.gov.vn/2ta1922035t1cvn/chi-tiet-ban-an,Bản án:số 88 ngày 08/09/2025 của TAND TP. Hồ Chí Minh(23.09.2025),/2ta1922035t1cvn/chi-tiet-ban-an
https://congbobanan.toaan.gov.vn/2ta1921653t1cvn/chi-tiet-ban-an,"Bản án:số 04 ngày 23/06/2025 của  TAND huyện Nhơn Trạch,  tỉnh Đồng Nai(23.09.2025)",/2ta1921653t1cvn/chi-tiet-ban-an
https://congbobanan.toaan.gov.vn/2ta1921517t1cvn/chi-tiet-ban-an,"Bản án:số 31 ngày 26/05/2025 của  Tòa án nhân dân khu vực 8 - Hồ Chí Minh,  TP. Hồ Chí Minh(23.09.2025)",/2ta1921517t1cvn/chi-tiet-ban-an
https://congbobanan.toaan.gov.vn/2ta1920891t1cvn/chi-tiet-ban-an,"Bản án:số 04/2025/LĐ-ST ngày 18/08/2025 của  Tòa án nhân dân khu vực 2 - Đồng Nai,  tỉnh Đồng Nai(22.09.2025)",/2ta1920891t1cvn/chi-tiet-ban-an
https://congbobanan.toaan.gov.vn/2ta1920840t1cvn/chi-tiet-ban-an,"Bản án:số 08 ngày 23/06/2025 của  Tòa án nhân dân khu vực 1 - Hồ Chí Minh,  TP. Hồ Chí Minh(22.09.2025)",/2ta1920840t1cvn/chi-tiet-ban-an
https://congbobanan.toaan.gov.vn/2ta1920209t1cvn/chi-tiet-ban-an,"Bản án:số 3 ngày 17/07/2025 của  Tòa án nhân dân khu vực 1 - Đồng Nai,  tỉnh Đồng Nai(22.09.2025)",/2ta1920209t1cvn/chi-tiet-ban-an
https://congbobanan.toaan.gov.vn/2ta1920223t1cvn/chi-tiet-ban-an,"Bản án:số 5 ngày 30/07/2025 của  Tòa án nhân dân khu vực 1 - Đồng Nai,  tỉnh Đồng Nai(22.09.2025)",/2ta1920223t1cvn/chi-tiet-ban-an
https://congbobanan.toaan.gov.vn/2ta1919704t1cvn/chi-tiet-ban-an,"Bản án:số 14/2025/LĐ-ST ngày 13/08/2025 của  Tòa án nhân dân khu vực 1 - Đồng Nai,  tỉnh Đồng Nai(22.09.2025)",/2ta1919704t1cvn/chi-tiet-ban-an
https://congbobanan.toaan.gov.vn/2ta1919040t1cvn/chi-tiet-ban-an,"Bản án:số 01 ngày 11/07/2025 của  Tòa án nhân dân khu vực 5 - Cần Thơ,  TP. Cần Thơ(22.09.2025)",/2ta1919040t1cvn/chi-tiet-ban-an
https://congbobanan.toaan.gov.vn/2ta1919071t1cvn/chi-tiet-ban-an,"Bản án:số 15/2024/LĐST ngày 29/11/2024 của  Tòa án nhân dân khu vực 1 - Đồng Nai,  tỉnh Đồng Nai(22.09.2025)",/2ta1919071t1cvn/chi-tiet-ban-an
https://congbobanan.toaan.gov.vn/2ta1918978t1cvn/chi-tiet-ban-an,"Bản án:số 23/2025/LĐST ngày 30/06/2025 của  Tòa án nhân dân khu vực 1 - Đồng Nai,  tỉnh Đồng Nai(22.09.2025)",/2ta1918978t1cvn/chi-tiet-ban-an
https://congbobanan.toaan.gov.vn/2ta1918954t1cvn/chi-tiet-ban-an,"Bản án:số 01 ngày 07/02/2024 của  Tòa án nhân dân khu vực 2 - Hà Nội,  TP. Hà Nội(22.09.2025)",/2ta1918954t1cvn/chi-tiet-ban-an
https://congbobanan.toaan.gov.vn/2ta1918944t1cvn/chi-tiet-ban-an,"Bản án:số 01 ngày 21/03/2025 của  Tòa án nhân dân khu vực 2 - Hà Nội,  TP. Hà Nội(22.09.2025)",/2ta1918944t1cvn/chi-tiet-ban-an
https://congbobanan.toaan.gov.vn/2ta1918914t1cvn/chi-tiet-ban-an,"Bản án:số 16 ngày 15/08/2025 của  Tòa án nhân dân khu vực 1 - Đồng Nai,  tỉnh Đồng Nai(22.09.2025)",/2ta1918914t1cvn/chi-tiet-ban-an
https://congbobanan.toaan.gov.vn/2ta1918748t1cvn/chi-tiet-ban-an,"Bản án:số 50 ngày 18/08/2025 của  Tòa án nhân dân khu vực 16 - Hồ Chí Minh,  TP. Hồ Chí Minh(22.09.2025)",/2ta1918748t1cvn/chi-tiet-ban-an
https://congbobanan.toaan.gov.vn/2ta1918299t1cvn/chi-tiet-ban-an,"Bản án:số 15 ngày 15/08/2025 của  Tòa án nhân dân khu vực 2 - Bắc Ninh,  tỉnh Bắc Ninh(21.09.2025)",/2ta1918299t1cvn/chi-tiet-ban-an
https://congbobanan.toaan.gov.vn/2ta1918310t1cvn/chi-tiet-ban-an,"Bản án:số 14 ngày 15/08/2025 của  Tòa án nhân dân khu vực 2 - Bắc Ninh,  tỉnh Bắc Ninh(21.09.2025)",/2ta1918310t1cvn/chi-tiet-ban-an
https://congbobanan.toaan.gov.vn/2ta1918311t1cvn/chi-tiet-ban-an,"Bản án:số 17 ngày 15/08/2025 của  Tòa án nhân dân khu vực 2 - Bắc Ninh,  tỉnh Bắc Ninh(21.09.2025)",/2ta1918311t1cvn/chi-tiet-ban-an
https://congbobanan.toaan.gov.vn/2ta1918320t1cvn/chi-tiet-ban-an,"Bản án:số 16 ngày 15/08/2025 của  Tòa án nhân dân khu vực 2 - Bắc Ninh,  tỉnh Bắc Ninh(21.09.2025)",/2ta1918320t1cvn/chi-tiet-ban-an
https://congbobanan.toaan.gov.vn/2ta1917772t1cvn/chi-tiet-ban-an,"Bản án:số 06 ngày 08/08/2025 của  Tòa án nhân dân khu vực 3 - Đồng Nai,  tỉnh Đồng Nai(21.09.2025)",/2ta1917772t1cvn/chi-tiet-ban-an
https://congbobanan.toaan.gov.vn/2ta1917774t1cvn/chi-tiet-ban-an,"Bản án:số 03 ngày 28/07/2025 của  Tòa án nhân dân khu vực 3 - Đồng Nai,  tỉnh Đồng Nai(21.09.2025)",/2ta1917774t1cvn/chi-tiet-ban-an
https://congbobanan.toaan.gov.vn/2ta1917650t1cvn/chi-tiet-ban-an,"Bản án:số 11 ngày 07/08/2025 của  Tòa án nhân dân khu vực 16 - Hồ Chí Minh,  TP. Hồ Chí Minh(21.09.2025)",/2ta1917650t1cvn/chi-tiet-ban-an
https://congbobanan.toaan.gov.vn/2ta1917660t1cvn/chi-tiet-ban-an,"Bản án:số 12 ngày 12/08/2025 của  Tòa án nhân dân khu vực 16 - Hồ Chí Minh,  TP. Hồ Chí Minh(21.09.2025)",/2ta1917660t1cvn/chi-tiet-ban-an
https://congbobanan.toaan.gov.vn/2ta1917647t1cvn/chi-tiet-ban-an,"Bản án:số 115 ngày 28/08/2025 của  Tòa án nhân dân khu vực 16 - Hồ Chí Minh,  TP. Hồ Chí Minh(21.09.2025)",/2ta1917647t1cvn/chi-tiet-ban-an
https://congbobanan.toaan.gov.vn/2ta1917282t1cvn/chi-tiet-ban-an,"Bản án:số 09/2025/LĐ-ST ngày 31/07/2025 của  Tòa án nhân dân khu vực 1 - Đồng Nai,  tỉnh Đồng Nai(21.09.2025)",/2ta1917282t1cvn/chi-tiet-ban-an
https://congbobanan.toaan.gov.vn/2ta1917280t1cvn/chi-tiet-ban-an,"Bản án:số 04/2025/LĐ-ST ngày 29/07/2025 của  Tòa án nhân dân khu vực 1 - Đồng Nai,  tỉnh Đồng Nai(21.09.2025)",/2ta1917280t1cvn/chi-tiet-ban-an
https://congbobanan.toaan.gov.vn/2ta1917253t1cvn/chi-tiet-ban-an,"Bản án:số 08/2025/LĐ-ST ngày 22/04/2025 của  Tòa án nhân dân khu vực 1 - Đồng Nai,  tỉnh Đồng Nai(21.09.2025)",/2ta1917253t1cvn/chi-tiet-ban-an
https://congbobanan.toaan.gov.vn/2ta1917038t1cvn/chi-tiet-ban-an,"Bản án:số 15 ngày 13/08/2025 của  Tòa án nhân dân khu vực 16 - Hồ Chí Minh,  TP. Hồ Chí Minh(20.09.2025)",/2ta1917038t1cvn/chi-tiet-ban-an
https://congbobanan.toaan.gov.vn/2ta1916000t1cvn/chi-tiet-ban-an,"Bản án:số 09 ngày 14/07/2025 của  Tòa án nhân dân khu vực 3 - Tây Ninh,  tỉnh Tây Ninh(20.09.2025)",/2ta1916000t1cvn/chi-tiet-ban-an
https://congbobanan.toaan.gov.vn/2ta1916249t1cvn/chi-tiet-ban-an,"Bản án:số 18 ngày 10/02/2025 của  Tòa án nhân dân khu vực 3 - Tây Ninh,  tỉnh Tây Ninh(20.09.2025)",/2ta1916249t1cvn/chi-tiet-ban-an
https://congbobanan.toaan.gov.vn/2ta1916276t1cvn/chi-tiet-ban-an,"Bản án:số 31 ngày 04/03/2025 của  Tòa án nhân dân khu vực 3 - Tây Ninh,  tỉnh Tây Ninh(20.09.2025)",/2ta1916276t1cvn/chi-tiet-ban-an
https://congbobanan.toaan.gov.vn/2ta1916280t1cvn/chi-tiet-ban-an,"Bản án:số 46 ngày 31/03/2025 của  Tòa án nhân dân khu vực 3 - Tây Ninh,  tỉnh Tây Ninh(20.09.2025)",/2ta1916280t1cvn/chi-tiet-ban-an
https://congbobanan.toaan.gov.vn/2ta1916505t1cvn/chi-tiet-ban-an,"Bản án:số 19/2025/LĐ-ST ngày 12/02/2025 của  Tòa án nhân dân khu vực 3 - Tây Ninh,  tỉnh Tây Ninh(20.09.2025)",/2ta1916505t1cvn/chi-tiet-ban-an
https://congbobanan.toaan.gov.vn/2ta1916518t1cvn/chi-tiet-ban-an,"Bản án:số 20/2025/LĐ-ST ngày 12/02/2025 của  Tòa án nhân dân khu vực 3 - Tây Ninh,  tỉnh Tây Ninh(20.09.2025)",/2ta1916518t1cvn/chi-tiet-ban-an
https://congbobanan.toaan.gov.vn/2ta1916533t1cvn/chi-tiet-ban-an,"Bản án:số 21/2025/LĐ-ST ngày 12/02/2025 của  Tòa án nhân dân khu vực 3 - Tây Ninh,  tỉnh Tây Ninh(20.09.2025)",/2ta1916533t1cvn/chi-tiet-ban-an
https://congbobanan.toaan.gov.vn/2ta1916535t1cvn/chi-tiet-ban-an,"Bản án:số 29/2025/LĐ-ST ngày 03/03/2025 của  Tòa án nhân dân khu vực 3 - Tây Ninh,  tỉnh Tây Ninh(20.09.2025)",/2ta1916535t1cvn/chi-tiet-ban-an
https://congbobanan.toaan.gov.vn/2ta1916539t1cvn/chi-tiet-ban-an,"Bản án:số 28/2025/LĐ-ST ngày 03/03/2025 của  Tòa án nhân dân khu vực 3 - Tây Ninh,  tỉnh Tây Ninh(20.09.2025)",/2ta1916539t1cvn/chi-tiet-ban-an
https://congbobanan.toaan.gov.vn/2ta1916573t1cvn/chi-tiet-ban-an,"Bản án:số 80/2025/LĐ-ST ngày 05/05/2025 của  Tòa án nhân dân khu vực 3 - Tây Ninh,  tỉnh Tây Ninh(20.09.2025)",/2ta1916573t1cvn/chi-tiet-ban-an
https://congbobanan.toaan.gov.vn/2ta1916579t1cvn/chi-tiet-ban-an,"Bản án:số 76/2025/LĐ-ST ngày 29/04/2025 của  Tòa án nhân dân khu vực 3 - Tây Ninh,  tỉnh Tây Ninh(20.09.2025)",/2ta1916579t1cvn/chi-tiet-ban-an
https://congbobanan.toaan.gov.vn/2ta1916580t1cvn/chi-tiet-ban-an,"Bản án:số 32/2025/LĐ-ST ngày 10/03/2025 của  Tòa án nhân dân khu vực 3 - Tây Ninh,  tỉnh Tây Ninh(20.09.2025)",/2ta1916580t1cvn/chi-tiet-ban-an
https://congbobanan.toaan.gov.vn/2ta1916589t1cvn/chi-tiet-ban-an,"Bản án:số 55/2025/LĐ-ST ngày 08/04/2025 của  Tòa án nhân dân khu vực 3 - Tây Ninh,  tỉnh Tây Ninh(20.09.2025)",/2ta1916589t1cvn/chi-tiet-ban-an
https://congbobanan.toaan.gov.vn/2ta1916597t1cvn/chi-tiet-ban-an,"Bản án:số 79/2025/LĐ-ST ngày 05/05/2025 của  Tòa án nhân dân khu vực 3 - Tây Ninh,  tỉnh Tây Ninh(20.09.2025)",/2ta1916597t1cvn/chi-tiet-ban-an
https://congbobanan.toaan.gov.vn/2ta1916487t1cvn/chi-tiet-ban-an,"Bản án:số 11 ngày 06/08/2025 của  Tòa án nhân dân khu vực 1 - Đồng Nai,  tỉnh Đồng Nai(20.09.2025)",/2ta1916487t1cvn/chi-tiet-ban-an
https://congbobanan.toaan.gov.vn/2ta1916400t1cvn/chi-tiet-ban-an,"Bản án:số 03 ngày 24/07/2025 của  Tòa án nhân dân khu vực 17 - Hồ Chí Minh,  TP. Hồ Chí Minh(20.09.2025)",/2ta1916400t1cvn/chi-tiet-ban-an
https://congbobanan.toaan.gov.vn/2ta1916177t1cvn/chi-tiet-ban-an,"Bản án:số 05 ngày 25/07/2025 của  Tòa án nhân dân khu vực 17 - Hồ Chí Minh,  TP. Hồ Chí Minh(20.09.2025)",/2ta1916177t1cvn/chi-tiet-ban-an
https://congbobanan.toaan.gov.vn/2ta1915957t1cvn/chi-tiet-ban-an,"Bản án:số 33/2025/QĐST-LĐ ngày 15/08/2025 của  Tòa án nhân dân khu vực 16 - Hồ Chí Minh,  TP. Hồ Chí Minh(20.09.2025)",/2ta1915957t1cvn/chi-tiet-ban-an
https://congbobanan.toaan.gov.vn/2ta1915856t1cvn/chi-tiet-ban-an,"Bản án:số 03 ngày 25/07/2025 của  Tòa án nhân dân khu vực 15 - Hồ Chí Minh,  TP. Hồ Chí Minh(20.09.2025)",/2ta1915856t1cvn/chi-tiet-ban-an
https://congbobanan.toaan.gov.vn/2ta1915748t1cvn/chi-tiet-ban-an,"Bản án:số 44/2025/LĐ-ST ngày 11/08/2025 của  Tòa án nhân dân khu vực 16 - Hồ Chí Minh,  TP. Hồ Chí Minh(20.09.2025)",/2ta1915748t1cvn/chi-tiet-ban-an
https://congbobanan.toaan.gov.vn/2ta1915749t1cvn/chi-tiet-ban-an,"Bản án:số 46/2025/LĐ-ST ngày 11/08/2025 của  Tòa án nhân dân khu vực 16 - Hồ Chí Minh,  TP. Hồ Chí Minh(20.09.2025)",/2ta1915749t1cvn/chi-tiet-ban-an
https://congbobanan.toaan.gov.vn/2ta1915764t1cvn/chi-tiet-ban-an,"Bản án:số 45/2025/LĐ-ST ngày 11/08/2025 của  Tòa án nhân dân khu vực 16 - Hồ Chí Minh,  TP. Hồ Chí Minh(20.09.2025)",/2ta1915764t1cvn/chi-tiet-ban-an
https://congbobanan.toaan.gov.vn/2ta1915694t1cvn/chi-tiet-ban-an,"Bản án:số 42 ngày 08/08/2025 của  Tòa án nhân dân khu vực 16 - Hồ Chí Minh,  TP. Hồ Chí Minh(20.09.2025)",/2ta1915694t1cvn/chi-tiet-ban-an
https://congbobanan.toaan.gov.vn/2ta1915719t1cvn/chi-tiet-ban-an,"Bản án:số 41 ngày 08/08/2025 của  Tòa án nhân dân khu vực 16 - Hồ Chí Minh,  TP. Hồ Chí Minh(20.09.2025)",/2ta1915719t1cvn/chi-tiet-ban-an
https://congbobanan.toaan.gov.vn/2ta1915443t1cvn/chi-tiet-ban-an,Bản án:số 01 ngày 28/05/2025 của TAND tỉnh Đồng Nai(20.09.2025),/2ta1915443t1cvn/chi-tiet-ban-an
https://congbobanan.toaan.gov.vn/2ta1914821t1cvn/chi-tiet-ban-an,"Bản án:số 10 ngày 28/04/2025 của  TAND TP. Biên Hòa,  tỉnh Đồng Nai(19.09.2025)",/2ta1914821t1cvn/chi-tiet-ban-an
https://congbobanan.toaan.gov.vn/2ta1914775t1cvn/chi-tiet-ban-an,"Bản án:số 20 ngày 19/06/2025 của  TAND TP. Biên Hòa,  tỉnh Đồng Nai(19.09.2025)",/2ta1914775t1cvn/chi-tiet-ban-an
https://congbobanan.toaan.gov.vn/2ta1914459t1cvn/chi-tiet-ban-an,Bản án:số 05 ngày 06/12/2024 của TAND tỉnh Tây Ninh(19.09.2025),/2ta1914459t1cvn/chi-tiet-ban-an
https://congbobanan.toaan.gov.vn/2ta1914441t1cvn/chi-tiet-ban-an,"Bản án:số 02 ngày 20/06/2025 của  Tòa án nhân dân khu vực 7 - Hà Nội,  TP. Hà Nội(19.09.2025)",/2ta1914441t1cvn/chi-tiet-ban-an
https://congbobanan.toaan.gov.vn/2ta1914444t1cvn/chi-tiet-ban-an,"Bản án:số 06 ngày 30/07/2025 của  Tòa án nhân dân khu vực 1 - Đồng Nai,  tỉnh Đồng Nai(19.09.2025)",/2ta1914444t1cvn/chi-tiet-ban-an
https://congbobanan.toaan.gov.vn/2ta1914122t1cvn/chi-tiet-ban-an,"Bản án:số 17 ngày 18/07/2025 của  Tòa án nhân dân khu vực 3 - Tây Ninh,  tỉnh Tây Ninh(19.09.2025)",/2ta1914122t1cvn/chi-tiet-ban-an
https://congbobanan.toaan.gov.vn/2ta1910976t1cvn/chi-tiet-ban-an,Bản án:số 4 ngày 19/08/2025 của TAND tỉnh Vĩnh Long(18.09.2025),/2ta1910976t1cvn/chi-tiet-ban-an
https://congbobanan.toaan.gov.vn/2ta1910331t1cvn/chi-tiet-ban-an,Bản án:số 10/2025/DS-PT ngày 11/08/2025 của TAND TP. Cần Thơ(17.09.2025),/2ta1910331t1cvn/chi-tiet-ban-an
https://congbobanan.toaan.gov.vn/2ta1910334t1cvn/chi-tiet-ban-an,Bản án:số 11/2025/DS-PT ngày 11/08/2025 của TAND TP. Cần Thơ(17.09.2025),/2ta1910334t1cvn/chi-tiet-ban-an
https://congbobanan.toaan.gov.vn/2ta1976052t1cvn/chi-tiet-ban-an,Bản án:số 03 ngày 17/09/2025 của Tòa Phúc thẩm Tòa án nhân dân tối cao tại Thành phố Hồ Chí Minh(08.10.2025),/2ta1976052t1cvn/chi-tiet-ban-an
https://congbobanan.toaan.gov.vn/2ta1889082t1cvn/chi-tiet-ban-an,"Bản án:số 144 ngày 29/04/2025 của  Tòa án nhân dân khu vực 2 - Hồ Chí Minh,  TP. Hồ Chí Minh(16.09.2025)",/2ta1889082t1cvn/chi-tiet-ban-an
https://congbobanan.toaan.gov.vn/2ta1889081t1cvn/chi-tiet-ban-an,"Bản án:số 146 ngày 29/04/2025 của  Tòa án nhân dân khu vực 2 - Hồ Chí Minh,  TP. Hồ Chí Minh(16.09.2025)",/2ta1889081t1cvn/chi-tiet-ban-an
https://congbobanan.toaan.gov.vn/2ta1889065t1cvn/chi-tiet-ban-an,"Bản án:số 145 ngày 29/05/2025 của  Tòa án nhân dân khu vực 2 - Hồ Chí Minh,  TP. Hồ Chí Minh(16.09.2025)",/2ta1889065t1cvn/chi-tiet-ban-an
https://congbobanan.toaan.gov.vn/2ta1906702t1cvn/chi-tiet-ban-an,"Bản án:số 38 ngày 30/05/2025 của  Tòa án nhân dân khu vực 8 - Hồ Chí Minh,  TP. Hồ Chí Minh(15.09.2025)",/2ta1906702t1cvn/chi-tiet-ban-an
https://congbobanan.toaan.gov.vn/2ta1906695t1cvn/chi-tiet-ban-an,"Bản án:số 37 ngày 30/05/2025 của  Tòa án nhân dân khu vực 8 - Hồ Chí Minh,  TP. Hồ Chí Minh(15.09.2025)",/2ta1906695t1cvn/chi-tiet-ban-an
https://congbobanan.toaan.gov.vn/2ta1906690t1cvn/chi-tiet-ban-an,"Bản án:số 02 ngày 15/08/2025 của  Tòa án nhân dân khu vực 3 - Quảng Ninh,  tỉnh Quảng Ninh(15.09.2025)",/2ta1906690t1cvn/chi-tiet-ban-an
https://congbobanan.toaan.gov.vn/2ta1906676t1cvn/chi-tiet-ban-an,"Bản án:số 01 ngày 05/08/2025 của  Tòa án nhân dân khu vực 3 - Quảng Ninh,  tỉnh Quảng Ninh(15.09.2025)",/2ta1906676t1cvn/chi-tiet-ban-an
https://congbobanan.toaan.gov.vn/2ta1903923t1cvn/chi-tiet-ban-an,Bản án:số 03 ngày 30/06/2025 của TAND TP. Hải Phòng(14.09.2025),/2ta1903923t1cvn/chi-tiet-ban-an
https://congbobanan.toaan.gov.vn/2ta1903884t1cvn/chi-tiet-ban-an,"Bản án:số 02 ngày 22/04/2025 của  Tòa án nhân dân khu vực 1 - Quảng Ninh,  tỉnh Quảng Ninh(13.09.2025)",/2ta1903884t1cvn/chi-tiet-ban-an
https://congbobanan.toaan.gov.vn/2ta1903900t1cvn/chi-tiet-ban-an,"Bản án:số 01 ngày 22/04/2025 của  Tòa án nhân dân khu vực 1 - Quảng Ninh,  tỉnh Quảng Ninh(13.09.2025)",/2ta1903900t1cvn/chi-tiet-ban-an
https://congbobanan.toaan.gov.vn/2ta1903609t1cvn/chi-tiet-ban-an,"Bản án:số 254 ngày 30/06/2025 của  Tòa án nhân dân khu vực 2 - Hồ Chí Minh,  TP. Hồ Chí Minh(13.09.2025)",/2ta1903609t1cvn/chi-tiet-ban-an
https://congbobanan.toaan.gov.vn/2ta1902923t1cvn/chi-tiet-ban-an,"Bản án:số 05 ngày 11/08/2025 của  Tòa án nhân dân khu vực 18 - Hồ Chí Minh,  TP. Hồ Chí Minh(12.09.2025)",/2ta1902923t1cvn/chi-tiet-ban-an
https://congbobanan.toaan.gov.vn/2ta1901935t1cvn/chi-tiet-ban-an,Bản án:số 03 ngày 19/06/2025 của TAND tỉnh Đồng Nai(11.09.2025),/2ta1901935t1cvn/chi-tiet-ban-an
https://congbobanan.toaan.gov.vn/2ta1901051t1cvn/chi-tiet-ban-an,"Bản án:số 25 ngày 25/07/2025 của  Tòa án nhân dân khu vực 16 - Hồ Chí Minh,  TP. Hồ Chí Minh(11.09.2025)",/2ta1901051t1cvn/chi-tiet-ban-an
https://congbobanan.toaan.gov.vn/2ta1899718t1cvn/chi-tiet-ban-an,"Bản án:số 200 ngày 28/05/2025 của  Tòa án nhân dân khu vực 2 - Hồ Chí Minh,  TP. Hồ Chí Minh(11.09.2025)",/2ta1899718t1cvn/chi-tiet-ban-an
https://congbobanan.toaan.gov.vn/2ta1899781t1cvn/chi-tiet-ban-an,"Bản án:số 198 ngày 28/05/2025 của  Tòa án nhân dân khu vực 2 - Hồ Chí Minh,  TP. Hồ Chí Minh(11.09.2025)",/2ta1899781t1cvn/chi-tiet-ban-an
https://congbobanan.toaan.gov.vn/2ta1899786t1cvn/chi-tiet-ban-an,"Bản án:số 199 ngày 28/05/2025 của  Tòa án nhân dân khu vực 2 - Hồ Chí Minh,  TP. Hồ Chí Minh(11.09.2025)",/2ta1899786t1cvn/chi-tiet-ban-an
https://congbobanan.toaan.gov.vn/2ta1899788t1cvn/chi-tiet-ban-an,"Bản án:số 201 ngày 28/05/2025 của  Tòa án nhân dân khu vực 2 - Hồ Chí Minh,  TP. Hồ Chí Minh(11.09.2025)",/2ta1899788t1cvn/chi-tiet-ban-an
https://congbobanan.toaan.gov.vn/2ta1900218t1cvn/chi-tiet-ban-an,"Bản án:số 31 ngày 30/07/2025 của  Tòa án nhân dân khu vực 3 - Tây Ninh,  tỉnh Tây Ninh(10.09.2025)",/2ta1900218t1cvn/chi-tiet-ban-an
https://congbobanan.toaan.gov.vn/2ta1899941t1cvn/chi-tiet-ban-an,"Bản án:số 11/2025/ST-LĐ ngày 12/08/2025 của  Tòa án nhân dân khu vực 7 - Hồ Chí Minh,  TP. Hồ Chí Minh(10.09.2025)",/2ta1899941t1cvn/chi-tiet-ban-an
https://congbobanan.toaan.gov.vn/2ta1898620t1cvn/chi-tiet-ban-an,"Bản án:số 01 ngày 28/04/2025 của  Tòa án nhân dân khu vực 10 - Đồng Tháp,  tỉnh Đồng Tháp(09.09.2025)",/2ta1898620t1cvn/chi-tiet-ban-an
https://congbobanan.toaan.gov.vn/2ta1898700t1cvn/chi-tiet-ban-an,"Bản án:số 02 ngày 18/03/2025 của  Tòa án nhân dân khu vực 9 - Hồ Chí Minh,  TP. Hồ Chí Minh(09.09.2025)",/2ta1898700t1cvn/chi-tiet-ban-an
https://congbobanan.toaan.gov.vn/2ta1894002t1cvn/chi-tiet-ban-an,"Bản án:số 01/2025/LĐ-ST ngày 14/07/2025 của  Tòa án nhân dân khu vực 1 - Đồng Nai,  tỉnh Đồng Nai(05.09.2025)",/2ta1894002t1cvn/chi-tiet-ban-an
https://congbobanan.toaan.gov.vn/2ta1893894t1cvn/chi-tiet-ban-an,"Bản án:số 12 ngày 18/07/2025 của  Tòa án nhân dân khu vực 16 - Hồ Chí Minh,  TP. Hồ Chí Minh(05.09.2025)",/2ta1893894t1cvn/chi-tiet-ban-an
https://congbobanan.toaan.gov.vn/2ta1893876t1cvn/chi-tiet-ban-an,"Bản án:số 19 ngày 25/07/2025 của  Tòa án nhân dân khu vực 16 - Hồ Chí Minh,  TP. Hồ Chí Minh(05.09.2025)",/2ta1893876t1cvn/chi-tiet-ban-an
https://congbobanan.toaan.gov.vn/2ta1893875t1cvn/chi-tiet-ban-an,"Bản án:số 40 ngày 31/07/2025 của  Tòa án nhân dân khu vực 16 - Hồ Chí Minh,  TP. Hồ Chí Minh(05.09.2025)",/2ta1893875t1cvn/chi-tiet-ban-an
https://congbobanan.toaan.gov.vn/2ta1892266t1cvn/chi-tiet-ban-an,"Bản án:số 27 ngày 29/07/2025 của  Tòa án nhân dân khu vực 16 - Hồ Chí Minh,  TP. Hồ Chí Minh(04.09.2025)",/2ta1892266t1cvn/chi-tiet-ban-an
https://congbobanan.toaan.gov.vn/2ta1892130t1cvn/chi-tiet-ban-an,"Bản án:số 12 ngày 31/07/2025 của  Tòa án nhân dân khu vực 7 - Tây Ninh,  tỉnh Tây Ninh(04.09.2025)",/2ta1892130t1cvn/chi-tiet-ban-an
https://congbobanan.toaan.gov.vn/2ta1892135t1cvn/chi-tiet-ban-an,"Bản án:số 03 ngày 25/07/2025 của  Tòa án nhân dân khu vực 1 - Bắc Ninh,  tỉnh Bắc Ninh(04.09.2025)",/2ta1892135t1cvn/chi-tiet-ban-an
https://congbobanan.toaan.gov.vn/2ta1892113t1cvn/chi-tiet-ban-an,"Bản án:số 155 ngày 11/09/2024 của  TAND huyện Đức Hòa,  tỉnh Long An(04.09.2025)",/2ta1892113t1cvn/chi-tiet-ban-an
https://congbobanan.toaan.gov.vn/2ta1892140t1cvn/chi-tiet-ban-an,"Bản án:số 159 ngày 12/09/2024 của  TAND huyện Đức Hòa,  tỉnh Long An(04.09.2025)",/2ta1892140t1cvn/chi-tiet-ban-an
https://congbobanan.toaan.gov.vn/2ta1891634t1cvn/chi-tiet-ban-an,"Bản án:số 158 ngày 11/09/2024 của  TAND huyện Đức Hòa,  tỉnh Long An(04.09.2025)",/2ta1891634t1cvn/chi-tiet-ban-an
https://congbobanan.toaan.gov.vn/2ta1891638t1cvn/chi-tiet-ban-an,"Bản án:số 161 ngày 11/09/2024 của  TAND huyện Đức Hòa,  tỉnh Long An(04.09.2025)",/2ta1891638t1cvn/chi-tiet-ban-an
https://congbobanan.toaan.gov.vn/2ta1891648t1cvn/chi-tiet-ban-an,"Bản án:số 162 ngày 12/09/2024 của  TAND huyện Đức Hòa,  tỉnh Long An(04.09.2025)",/2ta1891648t1cvn/chi-tiet-ban-an
https://congbobanan.toaan.gov.vn/2ta1891076t1cvn/chi-tiet-ban-an,"Bản án:số 35 ngày 30/07/2025 của  Tòa án nhân dân khu vực 16 - Hồ Chí Minh,  TP. Hồ Chí Minh(04.09.2025)",/2ta1891076t1cvn/chi-tiet-ban-an
https://congbobanan.toaan.gov.vn/2ta1966166t1cvn/chi-tiet-ban-an,Bản án:số 02 ngày 04/09/2025 của Tòa Phúc thẩm Tòa án nhân dân tối cao tại Thành phố Hồ Chí Minh(30.09.2025),/2ta1966166t1cvn/chi-tiet-ban-an
https://congbobanan.toaan.gov.vn/2ta1890672t1cvn/chi-tiet-ban-an,"Bản án:số 41 ngày 19/06/2025 của  Tòa án nhân dân khu vực 8 - Hồ Chí Minh,  TP. Hồ Chí Minh(03.09.2025)",/2ta1890672t1cvn/chi-tiet-ban-an
https://congbobanan.toaan.gov.vn/2ta1888919t1cvn/chi-tiet-ban-an,"Bản án:số 67 ngày 22/04/2025 của  Tòa án nhân dân khu vực 3 - Tây Ninh,  tỉnh Tây Ninh(01.09.2025)",/2ta1888919t1cvn/chi-tiet-ban-an
https://congbobanan.toaan.gov.vn/2ta1888933t1cvn/chi-tiet-ban-an,"Bản án:số 70 ngày 24/04/2025 của  Tòa án nhân dân khu vực 3 - Tây Ninh,  tỉnh Tây Ninh(01.09.2025)",/2ta1888933t1cvn/chi-tiet-ban-an
https://congbobanan.toaan.gov.vn/2ta1888934t1cvn/chi-tiet-ban-an,"Bản án:số 48 ngày 31/03/2025 của  Tòa án nhân dân khu vực 3 - Tây Ninh,  tỉnh Tây Ninh(01.09.2025)",/2ta1888934t1cvn/chi-tiet-ban-an
https://congbobanan.toaan.gov.vn/2ta1888935t1cvn/chi-tiet-ban-an,"Bản án:số 71 ngày 24/04/2025 của  Tòa án nhân dân khu vực 3 - Tây Ninh,  tỉnh Tây Ninh(01.09.2025)",/2ta1888935t1cvn/chi-tiet-ban-an
https://congbobanan.toaan.gov.vn/2ta1888936t1cvn/chi-tiet-ban-an,"Bản án:số 86 ngày 12/05/2025 của  Tòa án nhân dân khu vực 3 - Tây Ninh,  tỉnh Tây Ninh(01.09.2025)",/2ta1888936t1cvn/chi-tiet-ban-an
https://congbobanan.toaan.gov.vn/2ta1888937t1cvn/chi-tiet-ban-an,"Bản án:số 53 ngày 31/03/2025 của  Tòa án nhân dân khu vực 3 - Tây Ninh,  tỉnh Tây Ninh(01.09.2025)",/2ta1888937t1cvn/chi-tiet-ban-an
https://congbobanan.toaan.gov.vn/2ta1888938t1cvn/chi-tiet-ban-an,"Bản án:số 68 ngày 22/04/2025 của  Tòa án nhân dân khu vực 3 - Tây Ninh,  tỉnh Tây Ninh(01.09.2025)",/2ta1888938t1cvn/chi-tiet-ban-an
https://congbobanan.toaan.gov.vn/2ta1888940t1cvn/chi-tiet-ban-an,"Bản án:số 35 ngày 11/03/2025 của  Tòa án nhân dân khu vực 3 - Tây Ninh,  tỉnh Tây Ninh(01.09.2025)",/2ta1888940t1cvn/chi-tiet-ban-an
https://congbobanan.toaan.gov.vn/2ta1888941t1cvn/chi-tiet-ban-an,"Bản án:số 51 ngày 31/03/2025 của  Tòa án nhân dân khu vực 3 - Tây Ninh,  tỉnh Tây Ninh(01.09.2025)",/2ta1888941t1cvn/chi-tiet-ban-an
https://congbobanan.toaan.gov.vn/2ta1888942t1cvn/chi-tiet-ban-an,"Bản án:số 34 ngày 31/03/2025 của  Tòa án nhân dân khu vực 3 - Tây Ninh,  tỉnh Tây Ninh(01.09.2025)",/2ta1888942t1cvn/chi-tiet-ban-an
https://congbobanan.toaan.gov.vn/2ta1888943t1cvn/chi-tiet-ban-an,"Bản án:số 50 ngày 31/03/2025 của  Tòa án nhân dân khu vực 3 - Tây Ninh,  tỉnh Tây Ninh(01.09.2025)",/2ta1888943t1cvn/chi-tiet-ban-an
https://congbobanan.toaan.gov.vn/2ta1888944t1cvn/chi-tiet-ban-an,"Bản án:số 47 ngày 31/03/2025 của  Tòa án nhân dân khu vực 3 - Tây Ninh,  tỉnh Tây Ninh(01.09.2025)",/2ta1888944t1cvn/chi-tiet-ban-an
https://congbobanan.toaan.gov.vn/2ta1888945t1cvn/chi-tiet-ban-an,"Bản án:số 87 ngày 12/05/2025 của  Tòa án nhân dân khu vực 3 - Tây Ninh,  tỉnh Tây Ninh(01.09.2025)",/2ta1888945t1cvn/chi-tiet-ban-an
https://congbobanan.toaan.gov.vn/2ta1888946t1cvn/chi-tiet-ban-an,"Bản án:số 85 ngày 12/05/2025 của  Tòa án nhân dân khu vực 3 - Tây Ninh,  tỉnh Tây Ninh(01.09.2025)",/2ta1888946t1cvn/chi-tiet-ban-an
https://congbobanan.toaan.gov.vn/2ta1888947t1cvn/chi-tiet-ban-an,"Bản án:số 33 ngày 10/03/2025 của  Tòa án nhân dân khu vực 3 - Tây Ninh,  tỉnh Tây Ninh(01.09.2025)",/2ta1888947t1cvn/chi-tiet-ban-an
https://congbobanan.toaan.gov.vn/2ta1888525t1cvn/chi-tiet-ban-an,"Bản án:số 05/2024/LĐ-ST ngày 17/12/2024 của  Tòa án nhân dân khu vực 8 - Đồng Tháp,  tỉnh Đồng Tháp(01.09.2025)",/2ta1888525t1cvn/chi-tiet-ban-an
https://congbobanan.toaan.gov.vn/2ta1887823t1cvn/chi-tiet-ban-an,"Bản án:số 02 ngày 25/07/2025 của  Tòa án nhân dân khu vực 2 - Bắc Ninh,  tỉnh Bắc Ninh(31.08.2025)",/2ta1887823t1cvn/chi-tiet-ban-an
https://congbobanan.toaan.gov.vn/2ta1887799t1cvn/chi-tiet-ban-an,"Bản án:số 01 ngày 25/07/2025 của  Tòa án nhân dân khu vực 2 - Bắc Ninh,  tỉnh Bắc Ninh(31.08.2025)",/2ta1887799t1cvn/chi-tiet-ban-an
https://congbobanan.toaan.gov.vn/2ta1887801t1cvn/chi-tiet-ban-an,"Bản án:số 05 ngày 25/07/2025 của  Tòa án nhân dân khu vực 2 - Bắc Ninh,  tỉnh Bắc Ninh(31.08.2025)",/2ta1887801t1cvn/chi-tiet-ban-an
https://congbobanan.toaan.gov.vn/2ta1887820t1cvn/chi-tiet-ban-an,"Bản án:số 03 ngày 25/07/2025 của  Tòa án nhân dân khu vực 2 - Bắc Ninh,  tỉnh Bắc Ninh(31.08.2025)",/2ta1887820t1cvn/chi-tiet-ban-an
https://congbobanan.toaan.gov.vn/2ta1887821t1cvn/chi-tiet-ban-an,"Bản án:số 04 ngày 25/07/2025 của  Tòa án nhân dân khu vực 2 - Bắc Ninh,  tỉnh Bắc Ninh(31.08.2025)",/2ta1887821t1cvn/chi-tiet-ban-an
https://congbobanan.toaan.gov.vn/2ta1887822t1cvn/chi-tiet-ban-an,"Bản án:số 06 ngày 25/07/2025 của  Tòa án nhân dân khu vực 2 - Bắc Ninh,  tỉnh Bắc Ninh(31.08.2025)",/2ta1887822t1cvn/chi-tiet-ban-an
https://congbobanan.toaan.gov.vn/2ta1886131t1cvn/chi-tiet-ban-an,"Bản án:số 123 ngày 24/04/2025 của  Tòa án nhân dân khu vực 2 - Hồ Chí Minh,  TP. Hồ Chí Minh(29.08.2025)",/2ta1886131t1cvn/chi-tiet-ban-an
https://congbobanan.toaan.gov.vn/2ta1886132t1cvn/chi-tiet-ban-an,"Bản án:số 124 ngày 24/04/2025 của  Tòa án nhân dân khu vực 2 - Hồ Chí Minh,  TP. Hồ Chí Minh(29.08.2025)",/2ta1886132t1cvn/chi-tiet-ban-an
https://congbobanan.toaan.gov.vn/2ta1886140t1cvn/chi-tiet-ban-an,"Bản án:số 125 ngày 24/04/2025 của  Tòa án nhân dân khu vực 2 - Hồ Chí Minh,  TP. Hồ Chí Minh(29.08.2025)",/2ta1886140t1cvn/chi-tiet-ban-an
https://congbobanan.toaan.gov.vn/2ta1880915t1cvn/chi-tiet-ban-an,"Bản án:số 216 ngày 03/06/2025 của  Tòa án nhân dân khu vực 2 - Hồ Chí Minh,  TP. Hồ Chí Minh(29.08.2025)",/2ta1880915t1cvn/chi-tiet-ban-an
https://congbobanan.toaan.gov.vn/2ta1884955t1cvn/chi-tiet-ban-an,"Bản án:số 25/2025/LĐ-ST ngày 28/07/2025 của  Tòa án nhân dân khu vực 3 - Tây Ninh,  tỉnh Tây Ninh(29.08.2025)",/2ta1884955t1cvn/chi-tiet-ban-an
https://congbobanan.toaan.gov.vn/2ta1884828t1cvn/chi-tiet-ban-an,"Bản án:số 01 ngày 11/06/2025 của  Tòa án nhân dân khu vực 1 - Đồng Tháp,  tỉnh Đồng Tháp(29.08.2025)",/2ta1884828t1cvn/chi-tiet-ban-an
https://congbobanan.toaan.gov.vn/2ta1884716t1cvn/chi-tiet-ban-an,"Bản án:số 01 ngày 17/07/2025 của  Tòa án nhân dân khu vực 7 - Tây Ninh,  tỉnh Tây Ninh(29.08.2025)",/2ta1884716t1cvn/chi-tiet-ban-an
https://congbobanan.toaan.gov.vn/2ta1884732t1cvn/chi-tiet-ban-an,"Bản án:số 06 ngày 17/07/2025 của  Tòa án nhân dân khu vực 7 - Tây Ninh,  tỉnh Tây Ninh(29.08.2025)",/2ta1884732t1cvn/chi-tiet-ban-an
https://congbobanan.toaan.gov.vn/2ta1884733t1cvn/chi-tiet-ban-an,"Bản án:số 07 ngày 17/07/2025 của  Tòa án nhân dân khu vực 7 - Tây Ninh,  tỉnh Tây Ninh(29.08.2025)",/2ta1884733t1cvn/chi-tiet-ban-an
https://congbobanan.toaan.gov.vn/2ta1884737t1cvn/chi-tiet-ban-an,"Bản án:số 08 ngày 17/07/2025 của  Tòa án nhân dân khu vực 7 - Tây Ninh,  tỉnh Tây Ninh(29.08.2025)",/2ta1884737t1cvn/chi-tiet-ban-an
https://congbobanan.toaan.gov.vn/2ta1884740t1cvn/chi-tiet-ban-an,"Bản án:số 02 ngày 17/07/2025 của  Tòa án nhân dân khu vực 7 - Tây Ninh,  tỉnh Tây Ninh(29.08.2025)",/2ta1884740t1cvn/chi-tiet-ban-an
https://congbobanan.toaan.gov.vn/2ta1884742t1cvn/chi-tiet-ban-an,"Bản án:số 03 ngày 17/07/2025 của  Tòa án nhân dân khu vực 7 - Tây Ninh,  tỉnh Tây Ninh(29.08.2025)",/2ta1884742t1cvn/chi-tiet-ban-an
https://congbobanan.toaan.gov.vn/2ta1884745t1cvn/chi-tiet-ban-an,"Bản án:số 04 ngày 17/07/2025 của  Tòa án nhân dân khu vực 7 - Tây Ninh,  tỉnh Tây Ninh(29.08.2025)",/2ta1884745t1cvn/chi-tiet-ban-an
https://congbobanan.toaan.gov.vn/2ta1884747t1cvn/chi-tiet-ban-an,"Bản án:số 05 ngày 17/07/2025 của  Tòa án nhân dân khu vực 7 - Tây Ninh,  tỉnh Tây Ninh(29.08.2025)",/2ta1884747t1cvn/chi-tiet-ban-an
https://congbobanan.toaan.gov.vn/2ta1884760t1cvn/chi-tiet-ban-an,"Bản án:số 09 ngày 17/07/2025 của  Tòa án nhân dân khu vực 7 - Tây Ninh,  tỉnh Tây Ninh(29.08.2025)",/2ta1884760t1cvn/chi-tiet-ban-an
https://congbobanan.toaan.gov.vn/2ta1884764t1cvn/chi-tiet-ban-an,"Bản án:số 11 ngày 13/06/2025 của  Tòa án nhân dân khu vực 7 - Tây Ninh,  tỉnh Tây Ninh(29.08.2025)",/2ta1884764t1cvn/chi-tiet-ban-an
https://congbobanan.toaan.gov.vn/2ta1868809t1cvn/chi-tiet-ban-an,"Bản án:số 89 ngày 19/05/2025 của  Tòa án nhân dân khu vực 3 - Tây Ninh,  tỉnh Tây Ninh(28.08.2025)",/2ta1868809t1cvn/chi-tiet-ban-an
https://congbobanan.toaan.gov.vn/2ta1869080t1cvn/chi-tiet-ban-an,"Bản án:số 82 ngày 07/05/2025 của  Tòa án nhân dân khu vực 3 - Tây Ninh,  tỉnh Tây Ninh(28.08.2025)",/2ta1869080t1cvn/chi-tiet-ban-an
https://congbobanan.toaan.gov.vn/2ta1883152t1cvn/chi-tiet-ban-an,Bản án:số 73/2025/LĐ-PT ngày 12/08/2025 của TAND TP. Hồ Chí Minh(28.08.2025),/2ta1883152t1cvn/chi-tiet-ban-an
https://congbobanan.toaan.gov.vn/2ta1880714t1cvn/chi-tiet-ban-an,"Bản án:số 4924 ngày 30/09/2024 của  Tòa án nhân dân khu vực 2 - Hồ Chí Minh,  TP. Hồ Chí Minh(26.08.2025)",/2ta1880714t1cvn/chi-tiet-ban-an
https://congbobanan.toaan.gov.vn/2ta1880712t1cvn/chi-tiet-ban-an,"Bản án:số 21 ngày 21/02/2025 của  Tòa án nhân dân khu vực 2 - Hồ Chí Minh,  TP. Hồ Chí Minh(26.08.2025)",/2ta1880712t1cvn/chi-tiet-ban-an
https://congbobanan.toaan.gov.vn/2ta1880690t1cvn/chi-tiet-ban-an,"Bản án:số 20 ngày 21/02/2025 của  Tòa án nhân dân khu vực 2 - Hồ Chí Minh,  TP. Hồ Chí Minh(26.08.2025)",/2ta1880690t1cvn/chi-tiet-ban-an
https://congbobanan.toaan.gov.vn/2ta1880688t1cvn/chi-tiet-ban-an,"Bản án:số 19 ngày 21/02/2025 của  Tòa án nhân dân khu vực 2 - Hồ Chí Minh,  TP. Hồ Chí Minh(26.08.2025)",/2ta1880688t1cvn/chi-tiet-ban-an
https://congbobanan.toaan.gov.vn/2ta1880684t1cvn/chi-tiet-ban-an,"Bản án:số 18 ngày 21/02/2025 của  Tòa án nhân dân khu vực 2 - Hồ Chí Minh,  TP. Hồ Chí Minh(26.08.2025)",/2ta1880684t1cvn/chi-tiet-ban-an
https://congbobanan.toaan.gov.vn/2ta1880627t1cvn/chi-tiet-ban-an,"Bản án:số 2539 ngày 18/06/2024 của  Tòa án nhân dân khu vực 2 - Hồ Chí Minh,  TP. Hồ Chí Minh(26.08.2025)",/2ta1880627t1cvn/chi-tiet-ban-an
https://congbobanan.toaan.gov.vn/2ta1879195t1cvn/chi-tiet-ban-an,"Bản án:số 37 ngày 07/03/2025 của  Tòa án nhân dân khu vực 2 - Hồ Chí Minh,  TP. Hồ Chí Minh(25.08.2025)",/2ta1879195t1cvn/chi-tiet-ban-an
https://congbobanan.toaan.gov.vn/2ta1879197t1cvn/chi-tiet-ban-an,"Bản án:số 40 ngày 07/03/2025 của  Tòa án nhân dân khu vực 2 - Hồ Chí Minh,  TP. Hồ Chí Minh(25.08.2025)",/2ta1879197t1cvn/chi-tiet-ban-an
https://congbobanan.toaan.gov.vn/2ta1879228t1cvn/chi-tiet-ban-an,"Bản án:số 39 ngày 07/03/2025 của  Tòa án nhân dân khu vực 2 - Hồ Chí Minh,  TP. Hồ Chí Minh(25.08.2025)",/2ta1879228t1cvn/chi-tiet-ban-an
https://congbobanan.toaan.gov.vn/2ta1879243t1cvn/chi-tiet-ban-an,"Bản án:số 38 ngày 07/03/2025 của  Tòa án nhân dân khu vực 2 - Hồ Chí Minh,  TP. Hồ Chí Minh(25.08.2025)",/2ta1879243t1cvn/chi-tiet-ban-an
https://congbobanan.toaan.gov.vn/2ta1879507t1cvn/chi-tiet-ban-an,Bản án:số 07/2025/LĐ-PT ngày 29/07/2025 của TAND TP. Cần Thơ(25.08.2025),/2ta1879507t1cvn/chi-tiet-ban-an
https://congbobanan.toaan.gov.vn/2ta1879135t1cvn/chi-tiet-ban-an,"Bản án:số 249 ngày 30/06/2025 của  Tòa án nhân dân khu vực 2 - Hồ Chí Minh,  TP. Hồ Chí Minh(25.08.2025)",/2ta1879135t1cvn/chi-tiet-ban-an
https://congbobanan.toaan.gov.vn/2ta1878799t1cvn/chi-tiet-ban-an,"Bản án:số 02 ngày 25/07/2025 của  Tòa án nhân dân khu vực 18 - Hồ Chí Minh,  TP. Hồ Chí Minh(25.08.2025)",/2ta1878799t1cvn/chi-tiet-ban-an
https://congbobanan.toaan.gov.vn/2ta1878809t1cvn/chi-tiet-ban-an,Bản án:số 06/2025/LĐ-PT ngày 28/07/2025 của TAND TP. Cần Thơ(25.08.2025),/2ta1878809t1cvn/chi-tiet-ban-an
https://congbobanan.toaan.gov.vn/2ta1877826t1cvn/chi-tiet-ban-an,"Bản án:số 02 ngày 03/06/2025 của  Tòa án nhân dân khu vực 2 - Đồng Nai,  tỉnh Đồng Nai(23.08.2025)",/2ta1877826t1cvn/chi-tiet-ban-an
https://congbobanan.toaan.gov.vn/2ta1877781t1cvn/chi-tiet-ban-an,"Bản án:số 91 ngày 30/05/2025 của  Tòa án nhân dân khu vực 3 - Tây Ninh,  tỉnh Tây Ninh(23.08.2025)",/2ta1877781t1cvn/chi-tiet-ban-an
https://congbobanan.toaan.gov.vn/2ta1877783t1cvn/chi-tiet-ban-an,"Bản án:số 02/2025/LĐ-ST ngày 30/05/2025 của  Tòa án nhân dân khu vực 6 - Tây Ninh,  tỉnh Tây Ninh(23.08.2025)",/2ta1877783t1cvn/chi-tiet-ban-an
https://congbobanan.toaan.gov.vn/2ta1877758t1cvn/chi-tiet-ban-an,"Bản án:số 01 ngày 17/07/2025 của  Tòa án nhân dân khu vực 18 - Hồ Chí Minh,  TP. Hồ Chí Minh(23.08.2025)",/2ta1877758t1cvn/chi-tiet-ban-an
https://congbobanan.toaan.gov.vn/2ta1877400t1cvn/chi-tiet-ban-an,"Bản án:số 05 ngày 20/06/2024 của  Tòa án nhân dân khu vực 1 - Tây Ninh,  tỉnh Tây Ninh(22.08.2025)",/2ta1877400t1cvn/chi-tiet-ban-an
https://congbobanan.toaan.gov.vn/2ta1877402t1cvn/chi-tiet-ban-an,"Bản án:số 04 ngày 30/05/2025 của  Tòa án nhân dân khu vực 1 - Tây Ninh,  tỉnh Tây Ninh(22.08.2025)",/2ta1877402t1cvn/chi-tiet-ban-an
https://congbobanan.toaan.gov.vn/2ta1876894t1cvn/chi-tiet-ban-an,Bản án:số 04/2025/LĐ-PT ngày 28/07/2025 của TAND TP. Cần Thơ(22.08.2025),/2ta1876894t1cvn/chi-tiet-ban-an
https://congbobanan.toaan.gov.vn/2ta1876193t1cvn/chi-tiet-ban-an,"Bản án:số 15/2025/LĐ-ST ngày 18/07/2025 của  Tòa án nhân dân khu vực 16 - Hồ Chí Minh,  TP. Hồ Chí Minh(21.08.2025)",/2ta1876193t1cvn/chi-tiet-ban-an
https://congbobanan.toaan.gov.vn/2ta1876173t1cvn/chi-tiet-ban-an,"Bản án:số 13/2025/LĐ-ST ngày 18/07/2025 của  Tòa án nhân dân khu vực 16 - Hồ Chí Minh,  TP. Hồ Chí Minh(21.08.2025)",/2ta1876173t1cvn/chi-tiet-ban-an
https://congbobanan.toaan.gov.vn/2ta1876170t1cvn/chi-tiet-ban-an,"Bản án:số 14/2025/LĐ-ST ngày 18/07/2025 của  Tòa án nhân dân khu vực 16 - Hồ Chí Minh,  TP. Hồ Chí Minh(21.08.2025)",/2ta1876170t1cvn/chi-tiet-ban-an
https://congbobanan.toaan.gov.vn/2ta1875511t1cvn/chi-tiet-ban-an,"Bản án:số 05 ngày 30/05/2025 của  Tòa án nhân dân khu vực 3 - Đồng Nai,  tỉnh Đồng Nai(20.08.2025)",/2ta1875511t1cvn/chi-tiet-ban-an
https://congbobanan.toaan.gov.vn/2ta1875512t1cvn/chi-tiet-ban-an,"Bản án:số 04 ngày 30/05/2025 của  Tòa án nhân dân khu vực 3 - Đồng Nai,  tỉnh Đồng Nai(20.08.2025)",/2ta1875512t1cvn/chi-tiet-ban-an
https://congbobanan.toaan.gov.vn/2ta1875095t1cvn/chi-tiet-ban-an,"Bản án:số 09 ngày 17/07/2025 của  Tòa án nhân dân khu vực 16 - Hồ Chí Minh,  TP. Hồ Chí Minh(20.08.2025)",/2ta1875095t1cvn/chi-tiet-ban-an
https://congbobanan.toaan.gov.vn/2ta1873924t1cvn/chi-tiet-ban-an,"Bản án:số 01 ngày 24/01/2025 của  Tòa án nhân dân khu vực 1 - Tây Ninh,  tỉnh Tây Ninh(19.08.2025)",/2ta1873924t1cvn/chi-tiet-ban-an
https://congbobanan.toaan.gov.vn/2ta1873486t1cvn/chi-tiet-ban-an,"Bản án:số 03 ngày 12/06/2025 của  Tòa án nhân dân khu vực 2 - Đồng Nai,  tỉnh Đồng Nai(18.08.2025)",/2ta1873486t1cvn/chi-tiet-ban-an
https://congbobanan.toaan.gov.vn/2ta1873172t1cvn/chi-tiet-ban-an,Bản án:số 05/2025/LĐ-PT ngày 28/07/2025 của TAND TP. Cần Thơ(18.08.2025),/2ta1873172t1cvn/chi-tiet-ban-an
https://congbobanan.toaan.gov.vn/2ta1873132t1cvn/chi-tiet-ban-an,"Bản án:số 335/2025/BA-ST ngày 30/06/2025 của  Tòa án nhân dân khu vực 16 - Hồ Chí Minh,  TP. Hồ Chí Minh(18.08.2025)",/2ta1873132t1cvn/chi-tiet-ban-an
https://congbobanan.toaan.gov.vn/2ta1873091t1cvn/chi-tiet-ban-an,"Bản án:số 209 ngày 30/05/2025 của  Tòa án nhân dân khu vực 2 - Hồ Chí Minh,  TP. Hồ Chí Minh(18.08.2025)",/2ta1873091t1cvn/chi-tiet-ban-an
https://congbobanan.toaan.gov.vn/2ta1872888t1cvn/chi-tiet-ban-an,"Bản án:số 10 ngày 17/07/2025 của  Tòa án nhân dân khu vực 16 - Hồ Chí Minh,  TP. Hồ Chí Minh(18.08.2025)",/2ta1872888t1cvn/chi-tiet-ban-an
https://congbobanan.toaan.gov.vn/2ta1872886t1cvn/chi-tiet-ban-an,"Bản án:số 11 ngày 17/07/2025 của  Tòa án nhân dân khu vực 16 - Hồ Chí Minh,  TP. Hồ Chí Minh(18.08.2025)",/2ta1872886t1cvn/chi-tiet-ban-an
https://congbobanan.toaan.gov.vn/2ta1915036t1cvn/chi-tiet-ban-an,Bản án:số 01 ngày 18/08/2025 của Tòa Phúc thẩm Tòa án nhân dân tối cao tại Thành phố Hồ Chí Minh(19.09.2025),/2ta1915036t1cvn/chi-tiet-ban-an
https://congbobanan.toaan.gov.vn/2ta1872676t1cvn/chi-tiet-ban-an,"Bản án:số 01 ngày 30/05/2025 của  Tòa án nhân dân khu vực 12 - Hà Nội,  TP. Hà Nội(17.08.2025)",/2ta1872676t1cvn/chi-tiet-ban-an
https://congbobanan.toaan.gov.vn/2ta1871878t1cvn/chi-tiet-ban-an,"Bản án:số 01/2025/LĐ-ST ngày 25/06/2025 của  Tòa án nhân dân khu vực 1 - Đà Nẵng ,  TP Đà Nẵng(15.08.2025)",/2ta1871878t1cvn/chi-tiet-ban-an
https://congbobanan.toaan.gov.vn/2ta1871866t1cvn/chi-tiet-ban-an,"Bản án:số 06 ngày 11/07/2025 của  Tòa án nhân dân khu vực 16 - Hồ Chí Minh,  TP. Hồ Chí Minh(15.08.2025)",/2ta1871866t1cvn/chi-tiet-ban-an
https://congbobanan.toaan.gov.vn/2ta1871865t1cvn/chi-tiet-ban-an,"Bản án:số 05 ngày 11/07/2025 của  Tòa án nhân dân khu vực 16 - Hồ Chí Minh,  TP. Hồ Chí Minh(15.08.2025)",/2ta1871865t1cvn/chi-tiet-ban-an
https://congbobanan.toaan.gov.vn/2ta1871346t1cvn/chi-tiet-ban-an,"Bản án:số 310 ngày 20/06/2025 của  Tòa án nhân dân khu vực 16 - Hồ Chí Minh,  TP. Hồ Chí Minh(14.08.2025)",/2ta1871346t1cvn/chi-tiet-ban-an
https://congbobanan.toaan.gov.vn/2ta1871345t1cvn/chi-tiet-ban-an,"Bản án:số 311 ngày 20/06/2025 của  Tòa án nhân dân khu vực 16 - Hồ Chí Minh,  TP. Hồ Chí Minh(14.08.2025)",/2ta1871345t1cvn/chi-tiet-ban-an
https://congbobanan.toaan.gov.vn/2ta1871344t1cvn/chi-tiet-ban-an,"Bản án:số 312 ngày 20/06/2025 của  Tòa án nhân dân khu vực 16 - Hồ Chí Minh,  TP. Hồ Chí Minh(14.08.2025)",/2ta1871344t1cvn/chi-tiet-ban-an
https://congbobanan.toaan.gov.vn/2ta1871283t1cvn/chi-tiet-ban-an,"Bản án:số 336 ngày 30/06/2025 của  Tòa án nhân dân khu vực 16 - Hồ Chí Minh,  TP. Hồ Chí Minh(14.08.2025)",/2ta1871283t1cvn/chi-tiet-ban-an
https://congbobanan.toaan.gov.vn/2ta1871281t1cvn/chi-tiet-ban-an,"Bản án:số 01 ngày 11/04/2025 của  TAND huyện Lạc Dương,  tỉnh Lâm Đồng(14.08.2025)",/2ta1871281t1cvn/chi-tiet-ban-an
https://congbobanan.toaan.gov.vn/2ta1870081t1cvn/chi-tiet-ban-an,"Bản án:số 01 ngày 07/07/2025 của  Tòa án nhân dân khu vực 16 - Hồ Chí Minh,  TP. Hồ Chí Minh(13.08.2025)",/2ta1870081t1cvn/chi-tiet-ban-an
https://congbobanan.toaan.gov.vn/2ta1870080t1cvn/chi-tiet-ban-an,"Bản án:số 02 ngày 07/07/2025 của  Tòa án nhân dân khu vực 16 - Hồ Chí Minh,  TP. Hồ Chí Minh(13.08.2025)",/2ta1870080t1cvn/chi-tiet-ban-an
https://congbobanan.toaan.gov.vn/2ta1870076t1cvn/chi-tiet-ban-an,"Bản án:số 03 ngày 07/07/2025 của  Tòa án nhân dân khu vực 16 - Hồ Chí Minh,  TP. Hồ Chí Minh(13.08.2025)",/2ta1870076t1cvn/chi-tiet-ban-an
https://congbobanan.toaan.gov.vn/2ta1870074t1cvn/chi-tiet-ban-an,"Bản án:số 04 ngày 07/07/2025 của  Tòa án nhân dân khu vực 16 - Hồ Chí Minh,  TP. Hồ Chí Minh(13.08.2025)",/2ta1870074t1cvn/chi-tiet-ban-an
https://congbobanan.toaan.gov.vn/2ta1868390t1cvn/chi-tiet-ban-an,"Bản án:số 78 ngày 29/04/2025 của  Tòa án nhân dân khu vực 3 - Tây Ninh,  tỉnh Tây Ninh(11.08.2025)",/2ta1868390t1cvn/chi-tiet-ban-an
https://congbobanan.toaan.gov.vn/2ta1868384t1cvn/chi-tiet-ban-an,"Bản án:số 29 ngày 29/04/2025 của  Tòa án nhân dân khu vực 3 - Tây Ninh,  tỉnh Tây Ninh(11.08.2025)",/2ta1868384t1cvn/chi-tiet-ban-an
https://congbobanan.toaan.gov.vn/2ta1867881t1cvn/chi-tiet-ban-an,Bản án:số 02 ngày 21/05/2025 của TAND tỉnh Hưng Yên(10.08.2025),/2ta1867881t1cvn/chi-tiet-ban-an
https://congbobanan.toaan.gov.vn/2ta1867866t1cvn/chi-tiet-ban-an,Bản án:số 03 ngày 27/06/2025 của TAND tỉnh Hưng Yên(10.08.2025),/2ta1867866t1cvn/chi-tiet-ban-an
https://congbobanan.toaan.gov.vn/2ta1866370t1cvn/chi-tiet-ban-an,"Bản án:số 08 ngày 12/06/2025 của  Tòa án nhân dân khu vực 16 - Hồ Chí Minh,  TP. Hồ Chí Minh(07.08.2025)",/2ta1866370t1cvn/chi-tiet-ban-an
https://congbobanan.toaan.gov.vn/2ta1866354t1cvn/chi-tiet-ban-an,"Bản án:số 09 ngày 12/06/2025 của  Tòa án nhân dân khu vực 16 - Hồ Chí Minh,  TP. Hồ Chí Minh(07.08.2025)",/2ta1866354t1cvn/chi-tiet-ban-an
https://congbobanan.toaan.gov.vn/2ta1866125t1cvn/chi-tiet-ban-an,"Bản án:số 11 ngày 28/04/2025 của  Tòa án nhân dân khu vực 1 - Đồng Nai,  tỉnh Đồng Nai(07.08.2025)",/2ta1866125t1cvn/chi-tiet-ban-an
https://congbobanan.toaan.gov.vn/2ta1865968t1cvn/chi-tiet-ban-an,"Bản án:số 304 ngày 19/06/2025 của  Tòa án nhân dân khu vực 16 - Hồ Chí Minh,  TP. Hồ Chí Minh(07.08.2025)",/2ta1865968t1cvn/chi-tiet-ban-an
https://congbobanan.toaan.gov.vn/2ta1865970t1cvn/chi-tiet-ban-an,"Bản án:số 229 ngày 28/05/2025 của  Tòa án nhân dân khu vực 16 - Hồ Chí Minh,  TP. Hồ Chí Minh(07.08.2025)",/2ta1865970t1cvn/chi-tiet-ban-an
https://congbobanan.toaan.gov.vn/2ta1865972t1cvn/chi-tiet-ban-an,"Bản án:số 228 ngày 28/05/2025 của  Tòa án nhân dân khu vực 16 - Hồ Chí Minh,  TP. Hồ Chí Minh(07.08.2025)",/2ta1865972t1cvn/chi-tiet-ban-an
https://congbobanan.toaan.gov.vn/2ta1865975t1cvn/chi-tiet-ban-an,"Bản án:số 223 ngày 27/05/2025 của  Tòa án nhân dân khu vực 16 - Hồ Chí Minh,  TP. Hồ Chí Minh(07.08.2025)",/2ta1865975t1cvn/chi-tiet-ban-an
https://congbobanan.toaan.gov.vn/2ta1865983t1cvn/chi-tiet-ban-an,"Bản án:số 212 ngày 14/05/2025 của  Tòa án nhân dân khu vực 16 - Hồ Chí Minh,  TP. Hồ Chí Minh(07.08.2025)",/2ta1865983t1cvn/chi-tiet-ban-an
https://congbobanan.toaan.gov.vn/2ta1865985t1cvn/chi-tiet-ban-an,"Bản án:số 220 ngày 26/05/2025 của  Tòa án nhân dân khu vực 16 - Hồ Chí Minh,  TP. Hồ Chí Minh(07.08.2025)",/2ta1865985t1cvn/chi-tiet-ban-an
https://congbobanan.toaan.gov.vn/2ta1865990t1cvn/chi-tiet-ban-an,"Bản án:số 223 ngày 27/05/2025 của  Tòa án nhân dân khu vực 16 - Hồ Chí Minh,  TP. Hồ Chí Minh(07.08.2025)",/2ta1865990t1cvn/chi-tiet-ban-an
https://congbobanan.toaan.gov.vn/2ta1865995t1cvn/chi-tiet-ban-an,"Bản án:số 328 ngày 30/06/2025 của  Tòa án nhân dân khu vực 16 - Hồ Chí Minh,  TP. Hồ Chí Minh(07.08.2025)",/2ta1865995t1cvn/chi-tiet-ban-an
https://congbobanan.toaan.gov.vn/2ta1865999t1cvn/chi-tiet-ban-an,"Bản án:số 230 ngày 20/05/2025 của  Tòa án nhân dân khu vực 16 - Hồ Chí Minh,  TP. Hồ Chí Minh(07.08.2025)",/2ta1865999t1cvn/chi-tiet-ban-an
https://congbobanan.toaan.gov.vn/2ta1865714t1cvn/chi-tiet-ban-an,"Bản án:số 120 ngày 30/09/2024 của  Tòa án nhân dân khu vực 7 - Hồ Chí Minh,  TP. Hồ Chí Minh(06.08.2025)",/2ta1865714t1cvn/chi-tiet-ban-an
https://congbobanan.toaan.gov.vn/2ta1865139t1cvn/chi-tiet-ban-an,"Bản án:số 05 ngày 26/02/2025 của  Tòa án nhân dân khu vực 15 - Hồ Chí Minh,  TP. Hồ Chí Minh(06.08.2025)",/2ta1865139t1cvn/chi-tiet-ban-an
https://congbobanan.toaan.gov.vn/2ta1865035t1cvn/chi-tiet-ban-an,"Bản án:số 295 ngày 17/06/2025 của  Tòa án nhân dân khu vực 16 - Hồ Chí Minh,  TP. Hồ Chí Minh(06.08.2025)",/2ta1865035t1cvn/chi-tiet-ban-an
https://congbobanan.toaan.gov.vn/2ta1865036t1cvn/chi-tiet-ban-an,"Bản án:số 297 ngày 17/06/2025 của  Tòa án nhân dân khu vực 16 - Hồ Chí Minh,  TP. Hồ Chí Minh(06.08.2025)",/2ta1865036t1cvn/chi-tiet-ban-an
https://congbobanan.toaan.gov.vn/2ta1865068t1cvn/chi-tiet-ban-an,"Bản án:số 294 ngày 17/06/2025 của  Tòa án nhân dân khu vực 16 - Hồ Chí Minh,  TP. Hồ Chí Minh(06.08.2025)",/2ta1865068t1cvn/chi-tiet-ban-an
https://congbobanan.toaan.gov.vn/2ta1865069t1cvn/chi-tiet-ban-an,"Bản án:số 296 ngày 17/06/2025 của  Tòa án nhân dân khu vực 16 - Hồ Chí Minh,  TP. Hồ Chí Minh(06.08.2025)",/2ta1865069t1cvn/chi-tiet-ban-an
https://congbobanan.toaan.gov.vn/2ta1864292t1cvn/chi-tiet-ban-an,"Bản án:số 334 ngày 30/06/2025 của  Tòa án nhân dân khu vực 16 - Hồ Chí Minh,  TP. Hồ Chí Minh(05.08.2025)",/2ta1864292t1cvn/chi-tiet-ban-an
https://congbobanan.toaan.gov.vn/2ta1863888t1cvn/chi-tiet-ban-an,"Bản án:số 268 ngày 06/06/2025 của  Tòa án nhân dân khu vực 16 - Hồ Chí Minh,  TP. Hồ Chí Minh(05.08.2025)",/2ta1863888t1cvn/chi-tiet-ban-an
https://congbobanan.toaan.gov.vn/2ta1863891t1cvn/chi-tiet-ban-an,"Bản án:số 298 ngày 19/06/2025 của  Tòa án nhân dân khu vực 16 - Hồ Chí Minh,  TP. Hồ Chí Minh(05.08.2025)",/2ta1863891t1cvn/chi-tiet-ban-an
https://congbobanan.toaan.gov.vn/2ta1862733t1cvn/chi-tiet-ban-an,"Bản án:số 331 ngày 30/06/2025 của  Tòa án nhân dân khu vực 16 - Hồ Chí Minh,  TP. Hồ Chí Minh(04.08.2025)",/2ta1862733t1cvn/chi-tiet-ban-an
https://congbobanan.toaan.gov.vn/2ta1862754t1cvn/chi-tiet-ban-an,"Bản án:số 333 ngày 30/06/2025 của  Tòa án nhân dân khu vực 16 - Hồ Chí Minh,  TP. Hồ Chí Minh(04.08.2025)",/2ta1862754t1cvn/chi-tiet-ban-an
https://congbobanan.toaan.gov.vn/2ta1862082t1cvn/chi-tiet-ban-an,"Bản án:số 02 ngày 29/04/2025 của  Tòa án nhân dân khu vực 1 - Cần Thơ,  TP. Cần Thơ(02.08.2025)",/2ta1862082t1cvn/chi-tiet-ban-an
https://congbobanan.toaan.gov.vn/2ta1862100t1cvn/chi-tiet-ban-an,"Bản án:số 01 ngày 03/01/2025 của  Tòa án nhân dân khu vực 1 - Cần Thơ,  TP. Cần Thơ(02.08.2025)",/2ta1862100t1cvn/chi-tiet-ban-an
https://congbobanan.toaan.gov.vn/2ta1861958t1cvn/chi-tiet-ban-an,"Bản án:số 301 ngày 19/06/2025 của  Tòa án nhân dân khu vực 16 - Hồ Chí Minh,  TP. Hồ Chí Minh(02.08.2025)",/2ta1861958t1cvn/chi-tiet-ban-an
https://congbobanan.toaan.gov.vn/2ta1861965t1cvn/chi-tiet-ban-an,"Bản án:số 302 ngày 19/06/2025 của  Tòa án nhân dân khu vực 16 - Hồ Chí Minh,  TP. Hồ Chí Minh(02.08.2025)",/2ta1861965t1cvn/chi-tiet-ban-an
https://congbobanan.toaan.gov.vn/2ta1861962t1cvn/chi-tiet-ban-an,"Bản án:số 320 ngày 26/06/2025 của  Tòa án nhân dân khu vực 16 - Hồ Chí Minh,  TP. Hồ Chí Minh(02.08.2025)",/2ta1861962t1cvn/chi-tiet-ban-an
https://congbobanan.toaan.gov.vn/2ta1861956t1cvn/chi-tiet-ban-an,"Bản án:số 319 ngày 25/06/2025 của  Tòa án nhân dân khu vực 16 - Hồ Chí Minh,  TP. Hồ Chí Minh(02.08.2025)",/2ta1861956t1cvn/chi-tiet-ban-an
https://congbobanan.toaan.gov.vn/2ta1861961t1cvn/chi-tiet-ban-an,"Bản án:số 300 ngày 19/06/2025 của  Tòa án nhân dân khu vực 16 - Hồ Chí Minh,  TP. Hồ Chí Minh(02.08.2025)",/2ta1861961t1cvn/chi-tiet-ban-an
https://congbobanan.toaan.gov.vn/2ta1861959t1cvn/chi-tiet-ban-an,"Bản án:số 334 ngày 30/06/2025 của  Tòa án nhân dân khu vực 16 - Hồ Chí Minh,  TP. Hồ Chí Minh(02.08.2025)",/2ta1861959t1cvn/chi-tiet-ban-an
https://congbobanan.toaan.gov.vn/2ta1861923t1cvn/chi-tiet-ban-an,"Bản án:số 224 ngày 27/05/2025 của  Tòa án nhân dân khu vực 16 - Hồ Chí Minh,  TP. Hồ Chí Minh(01.08.2025)",/2ta1861923t1cvn/chi-tiet-ban-an
https://congbobanan.toaan.gov.vn/2ta1861941t1cvn/chi-tiet-ban-an,"Bản án:số 217 ngày 22/05/2025 của  Tòa án nhân dân khu vực 16 - Hồ Chí Minh,  TP. Hồ Chí Minh(01.08.2025)",/2ta1861941t1cvn/chi-tiet-ban-an
https://congbobanan.toaan.gov.vn/2ta1861942t1cvn/chi-tiet-ban-an,"Bản án:số 222 ngày 26/05/2025 của  Tòa án nhân dân khu vực 16 - Hồ Chí Minh,  TP. Hồ Chí Minh(01.08.2025)",/2ta1861942t1cvn/chi-tiet-ban-an
https://congbobanan.toaan.gov.vn/2ta1861389t1cvn/chi-tiet-ban-an,Bản án:số 05 ngày 17/01/2025 của TAND TP. Hồ Chí Minh(01.08.2025),/2ta1861389t1cvn/chi-tiet-ban-an
https://congbobanan.toaan.gov.vn/2ta1861412t1cvn/chi-tiet-ban-an,Bản án:số 24 ngày 25/03/2025 của TAND TP. Hồ Chí Minh(01.08.2025),/2ta1861412t1cvn/chi-tiet-ban-an
https://congbobanan.toaan.gov.vn/2ta1861420t1cvn/chi-tiet-ban-an,Bản án:số 64 ngày 28/05/2024 của TAND TP. Hồ Chí Minh(01.08.2025),/2ta1861420t1cvn/chi-tiet-ban-an
https://congbobanan.toaan.gov.vn/2ta1861425t1cvn/chi-tiet-ban-an,Bản án:số 66 ngày 30/05/2024 của TAND TP. Hồ Chí Minh(01.08.2025),/2ta1861425t1cvn/chi-tiet-ban-an
https://congbobanan.toaan.gov.vn/2ta1860486t1cvn/chi-tiet-ban-an,"Bản án:số 325 ngày 27/06/2025 của  Tòa án nhân dân khu vực 16 - Hồ Chí Minh,  TP. Hồ Chí Minh(31.07.2025)",/2ta1860486t1cvn/chi-tiet-ban-an
https://congbobanan.toaan.gov.vn/2ta1860180t1cvn/chi-tiet-ban-an,"Bản án:số 02/2025/LĐ-ST ngày 23/06/2025 của  Tòa án nhân dân khu vực 3 - Hải Phòng,  TP. Hải Phòng(31.07.2025)",/2ta1860180t1cvn/chi-tiet-ban-an
https://congbobanan.toaan.gov.vn/2ta1860195t1cvn/chi-tiet-ban-an,"Bản án:số 01/2025/LĐ-ST ngày 23/06/2025 của  Tòa án nhân dân khu vực 3 - Hải Phòng,  TP. Hải Phòng(31.07.2025)",/2ta1860195t1cvn/chi-tiet-ban-an
https://congbobanan.toaan.gov.vn/2ta1860000t1cvn/chi-tiet-ban-an,"Bản án:số 03 ngày 27/06/2025 của  Tòa án nhân dân khu vực 3 - Hải Phòng,  TP. Hải Phòng(31.07.2025)",/2ta1860000t1cvn/chi-tiet-ban-an
https://congbobanan.toaan.gov.vn/2ta1858448t1cvn/chi-tiet-ban-an,"Bản án:số 21 ngày 19/06/2025 của  Tòa án nhân dân khu vực 1 - Đồng Nai,  tỉnh Đồng Nai(30.07.2025)",/2ta1858448t1cvn/chi-tiet-ban-an
https://congbobanan.toaan.gov.vn/2ta1857732t1cvn/chi-tiet-ban-an,"Bản án:số 322 ngày 27/06/2025 của  Tòa án nhân dân khu vực 16 - Hồ Chí Minh,  TP. Hồ Chí Minh(30.07.2025)",/2ta1857732t1cvn/chi-tiet-ban-an
https://congbobanan.toaan.gov.vn/2ta1857730t1cvn/chi-tiet-ban-an,"Bản án:số 321 ngày 27/06/2025 của  Tòa án nhân dân khu vực 16 - Hồ Chí Minh,  TP. Hồ Chí Minh(30.07.2025)",/2ta1857730t1cvn/chi-tiet-ban-an
https://congbobanan.toaan.gov.vn/2ta1856225t1cvn/chi-tiet-ban-an,"Bản án:số 270 ngày 09/06/2025 của  Tòa án nhân dân khu vực 16 - Hồ Chí Minh,  TP. Hồ Chí Minh(28.07.2025)",/2ta1856225t1cvn/chi-tiet-ban-an
https://congbobanan.toaan.gov.vn/2ta1856215t1cvn/chi-tiet-ban-an,"Bản án:số 324 ngày 27/06/2025 của  Tòa án nhân dân khu vực 16 - Hồ Chí Minh,  TP. Hồ Chí Minh(28.07.2025)",/2ta1856215t1cvn/chi-tiet-ban-an
https://congbobanan.toaan.gov.vn/2ta1856197t1cvn/chi-tiet-ban-an,"Bản án:số 318 ngày 25/06/2025 của  Tòa án nhân dân khu vực 16 - Hồ Chí Minh,  TP. Hồ Chí Minh(28.07.2025)",/2ta1856197t1cvn/chi-tiet-ban-an
https://congbobanan.toaan.gov.vn/2ta1856206t1cvn/chi-tiet-ban-an,"Bản án:số 40 ngày 26/06/2025 của  Tòa án nhân dân khu vực 18 - Hồ Chí Minh,  TP. Hồ Chí Minh(28.07.2025)",/2ta1856206t1cvn/chi-tiet-ban-an
https://congbobanan.toaan.gov.vn/2ta1856090t1cvn/chi-tiet-ban-an,"Bản án:số 258/2025/LĐ-ST ngày 05/06/2025 của  Tòa án nhân dân khu vực 16 - Hồ Chí Minh,  TP. Hồ Chí Minh(28.07.2025)",/2ta1856090t1cvn/chi-tiet-ban-an
https://congbobanan.toaan.gov.vn/2ta1856105t1cvn/chi-tiet-ban-an,"Bản án:số 257/2025/LĐ-ST ngày 05/06/2025 của  Tòa án nhân dân khu vực 16 - Hồ Chí Minh,  TP. Hồ Chí Minh(28.07.2025)",/2ta1856105t1cvn/chi-tiet-ban-an
https://congbobanan.toaan.gov.vn/2ta1856112t1cvn/chi-tiet-ban-an,"Bản án:số 259/2025/LĐ-ST ngày 05/06/2025 của  Tòa án nhân dân khu vực 16 - Hồ Chí Minh,  TP. Hồ Chí Minh(28.07.2025)",/2ta1856112t1cvn/chi-tiet-ban-an
https://congbobanan.toaan.gov.vn/2ta1856117t1cvn/chi-tiet-ban-an,"Bản án:số 260/2025/LĐ-ST ngày 05/06/2025 của  Tòa án nhân dân khu vực 16 - Hồ Chí Minh,  TP. Hồ Chí Minh(28.07.2025)",/2ta1856117t1cvn/chi-tiet-ban-an
https://congbobanan.toaan.gov.vn/2ta1855450t1cvn/chi-tiet-ban-an,"Bản án:số 281 ngày 12/06/2025 của  Tòa án nhân dân khu vực 16 - Hồ Chí Minh,  TP. Hồ Chí Minh(27.07.2025)",/2ta1855450t1cvn/chi-tiet-ban-an
https://congbobanan.toaan.gov.vn/2ta1855451t1cvn/chi-tiet-ban-an,"Bản án:số 313 ngày 23/06/2025 của  Tòa án nhân dân khu vực 16 - Hồ Chí Minh,  TP. Hồ Chí Minh(27.07.2025)",/2ta1855451t1cvn/chi-tiet-ban-an
https://congbobanan.toaan.gov.vn/2ta1855452t1cvn/chi-tiet-ban-an,"Bản án:số 314 ngày 23/06/2025 của  Tòa án nhân dân khu vực 16 - Hồ Chí Minh,  TP. Hồ Chí Minh(27.07.2025)",/2ta1855452t1cvn/chi-tiet-ban-an
https://congbobanan.toaan.gov.vn/2ta1855460t1cvn/chi-tiet-ban-an,"Bản án:số 280 ngày 12/06/2025 của  Tòa án nhân dân khu vực 16 - Hồ Chí Minh,  TP. Hồ Chí Minh(27.07.2025)",/2ta1855460t1cvn/chi-tiet-ban-an
https://congbobanan.toaan.gov.vn/2ta1854745t1cvn/chi-tiet-ban-an,"Bản án:số 197 ngày 22/04/2025 của  Tòa án nhân dân khu vực 16 - Hồ Chí Minh,  TP. Hồ Chí Minh(26.07.2025)",/2ta1854745t1cvn/chi-tiet-ban-an
https://congbobanan.toaan.gov.vn/2ta1854728t1cvn/chi-tiet-ban-an,"Bản án:số 297 ngày 10/06/2025 của  Tòa án nhân dân khu vực 16 - Hồ Chí Minh,  TP. Hồ Chí Minh(26.07.2025)",/2ta1854728t1cvn/chi-tiet-ban-an
https://congbobanan.toaan.gov.vn/2ta1854464t1cvn/chi-tiet-ban-an,"Bản án:số 274 ngày 10/06/2025 của  Tòa án nhân dân khu vực 16 - Hồ Chí Minh,  TP. Hồ Chí Minh(25.07.2025)",/2ta1854464t1cvn/chi-tiet-ban-an
https://congbobanan.toaan.gov.vn/2ta1854463t1cvn/chi-tiet-ban-an,"Bản án:số 253 ngày 05/06/2025 của  Tòa án nhân dân khu vực 16 - Hồ Chí Minh,  TP. Hồ Chí Minh(25.07.2025)",/2ta1854463t1cvn/chi-tiet-ban-an
https://congbobanan.toaan.gov.vn/2ta1854458t1cvn/chi-tiet-ban-an,"Bản án:số 255 ngày 05/06/2025 của  Tòa án nhân dân khu vực 16 - Hồ Chí Minh,  TP. Hồ Chí Minh(25.07.2025)",/2ta1854458t1cvn/chi-tiet-ban-an
https://congbobanan.toaan.gov.vn/2ta1854457t1cvn/chi-tiet-ban-an,"Bản án:số 254 ngày 05/06/2025 của  Tòa án nhân dân khu vực 16 - Hồ Chí Minh,  TP. Hồ Chí Minh(25.07.2025)",/2ta1854457t1cvn/chi-tiet-ban-an
https://congbobanan.toaan.gov.vn/2ta1854424t1cvn/chi-tiet-ban-an,"Bản án:số 256 ngày 05/06/2025 của  Tòa án nhân dân khu vực 16 - Hồ Chí Minh,  TP. Hồ Chí Minh(25.07.2025)",/2ta1854424t1cvn/chi-tiet-ban-an
https://congbobanan.toaan.gov.vn/2ta1854040t1cvn/chi-tiet-ban-an,Bản án:số 68 ngày 18/07/2025 của TAND TP. Hồ Chí Minh(24.07.2025),/2ta1854040t1cvn/chi-tiet-ban-an
https://congbobanan.toaan.gov.vn/2ta1853463t1cvn/chi-tiet-ban-an,"Bản án:số 09 ngày 30/05/2025 của  Tòa án nhân dân khu vực 17 - Hồ Chí Minh,  TP. Hồ Chí Minh(23.07.2025)",/2ta1853463t1cvn/chi-tiet-ban-an
https://congbobanan.toaan.gov.vn/2ta1853137t1cvn/chi-tiet-ban-an,"Bản án:số 01 ngày 12/06/2025 của  Tòa án nhân dân khu vực 11 - Phú Thọ,  tỉnh Phú Thọ(23.07.2025)",/2ta1853137t1cvn/chi-tiet-ban-an
https://congbobanan.toaan.gov.vn/2ta1852401t1cvn/chi-tiet-ban-an,"Bản án:số 05 ngày 18/06/2025 của  Tòa án nhân dân khu vực 1 - Hà Nội,  TP. Hà Nội(22.07.2025)",/2ta1852401t1cvn/chi-tiet-ban-an
https://congbobanan.toaan.gov.vn/2ta1851598t1cvn/chi-tiet-ban-an,"Bản án:số 37 ngày 19/06/2025 của  Tòa án nhân dân khu vực 18 - Hồ Chí Minh,  TP. Hồ Chí Minh(21.07.2025)",/2ta1851598t1cvn/chi-tiet-ban-an
https://congbobanan.toaan.gov.vn/2ta1851427t1cvn/chi-tiet-ban-an,"Bản án:số 04 ngày 12/09/2024 của  Tòa án nhân dân khu vực 17 - Hồ Chí Minh,  TP. Hồ Chí Minh(21.07.2025)",/2ta1851427t1cvn/chi-tiet-ban-an
https://congbobanan.toaan.gov.vn/2ta1850911t1cvn/chi-tiet-ban-an,Bản án:số 100/2024/LĐ-PT ngày 18/09/2024 của TAND TP. Hồ Chí Minh(19.07.2025),/2ta1850911t1cvn/chi-tiet-ban-an
https://congbobanan.toaan.gov.vn/2ta1850921t1cvn/chi-tiet-ban-an,Bản án:số 02/2025/LĐ-PT ngày 08/01/2025 của TAND TP. Hồ Chí Minh(19.07.2025),/2ta1850921t1cvn/chi-tiet-ban-an
https://congbobanan.toaan.gov.vn/2ta1850902t1cvn/chi-tiet-ban-an,Bản án:số 100 ngày 18/09/2024 của TAND TP. Hồ Chí Minh(19.07.2025),/2ta1850902t1cvn/chi-tiet-ban-an
https://congbobanan.toaan.gov.vn/2ta1850919t1cvn/chi-tiet-ban-an,Bản án:số 02 ngày 08/01/2025 của TAND TP. Hồ Chí Minh(19.07.2025),/2ta1850919t1cvn/chi-tiet-ban-an
https://congbobanan.toaan.gov.vn/2ta1850769t1cvn/chi-tiet-ban-an,"Bản án:số 291 ngày 16/06/2025 của  Tòa án nhân dân khu vực 16 - Hồ Chí Minh,  TP. Hồ Chí Minh(19.07.2025)",/2ta1850769t1cvn/chi-tiet-ban-an
https://congbobanan.toaan.gov.vn/2ta1850662t1cvn/chi-tiet-ban-an,"Bản án:số 248 ngày 03/06/2025 của  Tòa án nhân dân khu vực 16 - Hồ Chí Minh,  TP. Hồ Chí Minh(18.07.2025)",/2ta1850662t1cvn/chi-tiet-ban-an
https://congbobanan.toaan.gov.vn/2ta1850175t1cvn/chi-tiet-ban-an,"Bản án:số 283 ngày 13/06/2025 của  Tòa án nhân dân khu vực 16 - Hồ Chí Minh,  TP. Hồ Chí Minh(18.07.2025)",/2ta1850175t1cvn/chi-tiet-ban-an
https://congbobanan.toaan.gov.vn/2ta1850177t1cvn/chi-tiet-ban-an,"Bản án:số 282 ngày 13/06/2025 của  Tòa án nhân dân khu vực 16 - Hồ Chí Minh,  TP. Hồ Chí Minh(18.07.2025)",/2ta1850177t1cvn/chi-tiet-ban-an
https://congbobanan.toaan.gov.vn/2ta1850039t1cvn/chi-tiet-ban-an,"Bản án:số 07 ngày 04/06/2025 của  Tòa án nhân dân khu vực 16 - Hồ Chí Minh,  TP. Hồ Chí Minh(17.07.2025)",/2ta1850039t1cvn/chi-tiet-ban-an
https://congbobanan.toaan.gov.vn/2ta1850034t1cvn/chi-tiet-ban-an,"Bản án:số 06 ngày 04/06/2025 của  Tòa án nhân dân khu vực 16 - Hồ Chí Minh,  TP. Hồ Chí Minh(17.07.2025)",/2ta1850034t1cvn/chi-tiet-ban-an
https://congbobanan.toaan.gov.vn/2ta1850031t1cvn/chi-tiet-ban-an,"Bản án:số 05 ngày 30/05/2025 của  Tòa án nhân dân khu vực 16 - Hồ Chí Minh,  TP. Hồ Chí Minh(17.07.2025)",/2ta1850031t1cvn/chi-tiet-ban-an
https://congbobanan.toaan.gov.vn/2ta1850029t1cvn/chi-tiet-ban-an,"Bản án:số 04 ngày 30/05/2025 của  Tòa án nhân dân khu vực 16 - Hồ Chí Minh,  TP. Hồ Chí Minh(17.07.2025)",/2ta1850029t1cvn/chi-tiet-ban-an
https://congbobanan.toaan.gov.vn/2ta1849706t1cvn/chi-tiet-ban-an,"Bản án:số 279 ngày 12/06/2025 của  TAND TX. Thuận An,  tỉnh Bình Dương(17.07.2025)",/2ta1849706t1cvn/chi-tiet-ban-an
https://congbobanan.toaan.gov.vn/2ta1849719t1cvn/chi-tiet-ban-an,"Bản án:số 277 ngày 12/06/2025 của  TAND TX. Thuận An,  tỉnh Bình Dương(17.07.2025)",/2ta1849719t1cvn/chi-tiet-ban-an
https://congbobanan.toaan.gov.vn/2ta1849728t1cvn/chi-tiet-ban-an,"Bản án:số 289 ngày 13/06/2025 của  TAND TX. Thuận An,  tỉnh Bình Dương(17.07.2025)",/2ta1849728t1cvn/chi-tiet-ban-an
https://congbobanan.toaan.gov.vn/2ta1849741t1cvn/chi-tiet-ban-an,"Bản án:số 278 ngày 12/06/2025 của  TAND TX. Thuận An,  tỉnh Bình Dương(17.07.2025)",/2ta1849741t1cvn/chi-tiet-ban-an
https://congbobanan.toaan.gov.vn/2ta1849582t1cvn/chi-tiet-ban-an,"Bản án:số 02 ngày 18/03/2025 của  TAND Q. Tân Phú,  TP. Hồ Chí Minh(16.07.2025)",/2ta1849582t1cvn/chi-tiet-ban-an
https://congbobanan.toaan.gov.vn/2ta1849559t1cvn/chi-tiet-ban-an,"Bản án:số 07 ngày 21/04/2025 của  Tòa án nhân dân khu vực 1 - Đồng Nai,  tỉnh Đồng Nai(16.07.2025)",/2ta1849559t1cvn/chi-tiet-ban-an
https://congbobanan.toaan.gov.vn/2ta1849014t1cvn/chi-tiet-ban-an,"Bản án:số 52 ngày 31/03/2025 của  TAND huyện Đức Hòa,  tỉnh Long An(15.07.2025)",/2ta1849014t1cvn/chi-tiet-ban-an
https://congbobanan.toaan.gov.vn/2ta1849015t1cvn/chi-tiet-ban-an,"Bản án:số 49 ngày 31/03/2025 của  TAND huyện Đức Hòa,  tỉnh Long An(15.07.2025)",/2ta1849015t1cvn/chi-tiet-ban-an
https://congbobanan.toaan.gov.vn/2ta1849027t1cvn/chi-tiet-ban-an,"Bản án:số 69 ngày 22/04/2025 của  TAND huyện Đức Hòa,  tỉnh Long An(15.07.2025)",/2ta1849027t1cvn/chi-tiet-ban-an
https://congbobanan.toaan.gov.vn/2ta1848911t1cvn/chi-tiet-ban-an,"Bản án:số 284 ngày 13/06/2025 của  Tòa án nhân dân khu vực 16 - Hồ Chí Minh,  TP. Hồ Chí Minh(15.07.2025)",/2ta1848911t1cvn/chi-tiet-ban-an
https://congbobanan.toaan.gov.vn/2ta1848908t1cvn/chi-tiet-ban-an,"Bản án:số 285 ngày 13/06/2025 của  Tòa án nhân dân khu vực 16 - Hồ Chí Minh,  TP. Hồ Chí Minh(15.07.2025)",/2ta1848908t1cvn/chi-tiet-ban-an
https://congbobanan.toaan.gov.vn/2ta1848409t1cvn/chi-tiet-ban-an,"Bản án:số 02 ngày 22/05/2025 của  Tòa án nhân dân khu vực 1 - Thanh Hóa,  tỉnh Thanh Hóa(15.07.2025)",/2ta1848409t1cvn/chi-tiet-ban-an
https://congbobanan.toaan.gov.vn/2ta1848298t1cvn/chi-tiet-ban-an,"Bản án:số 286 ngày 13/06/2025 của  Tòa án nhân dân khu vực 16 - Hồ Chí Minh,  TP. Hồ Chí Minh(15.07.2025)",/2ta1848298t1cvn/chi-tiet-ban-an
https://congbobanan.toaan.gov.vn/2ta1848291t1cvn/chi-tiet-ban-an,"Bản án:số 287 ngày 13/06/2025 của  Tòa án nhân dân khu vực 16 - Hồ Chí Minh,  TP. Hồ Chí Minh(15.07.2025)",/2ta1848291t1cvn/chi-tiet-ban-an
https://congbobanan.toaan.gov.vn/2ta1848289t1cvn/chi-tiet-ban-an,"Bản án:số 288 ngày 13/06/2025 của  Tòa án nhân dân khu vực 16 - Hồ Chí Minh,  TP. Hồ Chí Minh(15.07.2025)",/2ta1848289t1cvn/chi-tiet-ban-an
https://congbobanan.toaan.gov.vn/2ta1847482t1cvn/chi-tiet-ban-an,"Bản án:số 61 ngày 16/04/2025 của  TAND huyện Đức Hòa,  tỉnh Long An(14.07.2025)",/2ta1847482t1cvn/chi-tiet-ban-an
https://congbobanan.toaan.gov.vn/2ta1847417t1cvn/chi-tiet-ban-an,"Bản án:số 09 ngày 25/04/2025 của  Tòa án nhân dân khu vực 1 - Đồng Nai,  tỉnh Đồng Nai(14.07.2025)",/2ta1847417t1cvn/chi-tiet-ban-an
https://congbobanan.toaan.gov.vn/2ta1847348t1cvn/chi-tiet-ban-an,"Bản án:số 275 ngày 11/06/2025 của  Tòa án nhân dân khu vực 16 - Hồ Chí Minh,  TP. Hồ Chí Minh(14.07.2025)",/2ta1847348t1cvn/chi-tiet-ban-an
https://congbobanan.toaan.gov.vn/2ta1847365t1cvn/chi-tiet-ban-an,"Bản án:số 276 ngày 11/06/2025 của  Tòa án nhân dân khu vực 16 - Hồ Chí Minh,  TP. Hồ Chí Minh(14.07.2025)",/2ta1847365t1cvn/chi-tiet-ban-an
https://congbobanan.toaan.gov.vn/2ta1847364t1cvn/chi-tiet-ban-an,"Bản án:số 266 ngày 06/06/2025 của  Tòa án nhân dân khu vực 16 - Hồ Chí Minh,  TP. Hồ Chí Minh(14.07.2025)",/2ta1847364t1cvn/chi-tiet-ban-an
https://congbobanan.toaan.gov.vn/2ta1846948t1cvn/chi-tiet-ban-an,"Bản án:số 219 ngày 23/05/2025 của  Tòa án nhân dân khu vực 16 - Hồ Chí Minh,  TP. Hồ Chí Minh(12.07.2025)",/2ta1846948t1cvn/chi-tiet-ban-an
https://congbobanan.toaan.gov.vn/2ta1846947t1cvn/chi-tiet-ban-an,"Bản án:số 218 ngày 23/05/2025 của  Tòa án nhân dân khu vực 16 - Hồ Chí Minh,  TP. Hồ Chí Minh(12.07.2025)",/2ta1846947t1cvn/chi-tiet-ban-an
https://congbobanan.toaan.gov.vn/2ta1846688t1cvn/chi-tiet-ban-an,"Bản án:số 246 ngày 02/06/2025 của  Tòa án nhân dân khu vực 16 - Hồ Chí Minh,  TP. Hồ Chí Minh(11.07.2025)",/2ta1846688t1cvn/chi-tiet-ban-an
https://congbobanan.toaan.gov.vn/2ta1846689t1cvn/chi-tiet-ban-an,"Bản án:số 247 ngày 02/06/2025 của  Tòa án nhân dân khu vực 16 - Hồ Chí Minh,  TP. Hồ Chí Minh(11.07.2025)",/2ta1846689t1cvn/chi-tiet-ban-an
https://congbobanan.toaan.gov.vn/2ta1846690t1cvn/chi-tiet-ban-an,"Bản án:số 262 ngày 06/06/2025 của  Tòa án nhân dân khu vực 16 - Hồ Chí Minh,  TP. Hồ Chí Minh(11.07.2025)",/2ta1846690t1cvn/chi-tiet-ban-an
https://congbobanan.toaan.gov.vn/2ta1846706t1cvn/chi-tiet-ban-an,"Bản án:số 262 ngày 06/06/2025 của  Tòa án nhân dân khu vực 16 - Hồ Chí Minh,  TP. Hồ Chí Minh(11.07.2025)",/2ta1846706t1cvn/chi-tiet-ban-an
https://congbobanan.toaan.gov.vn/2ta1846684t1cvn/chi-tiet-ban-an,"Bản án:số 168 ngày 31/03/2025 của  Tòa án nhân dân khu vực 16 - Hồ Chí Minh,  TP. Hồ Chí Minh(11.07.2025)",/2ta1846684t1cvn/chi-tiet-ban-an
https://congbobanan.toaan.gov.vn/2ta1846686t1cvn/chi-tiet-ban-an,"Bản án:số 172 ngày 31/03/2025 của  Tòa án nhân dân khu vực 16 - Hồ Chí Minh,  TP. Hồ Chí Minh(11.07.2025)",/2ta1846686t1cvn/chi-tiet-ban-an
https://congbobanan.toaan.gov.vn/2ta1846687t1cvn/chi-tiet-ban-an,"Bản án:số 173 ngày 31/03/2025 của  Tòa án nhân dân khu vực 16 - Hồ Chí Minh,  TP. Hồ Chí Minh(11.07.2025)",/2ta1846687t1cvn/chi-tiet-ban-an
https://congbobanan.toaan.gov.vn/2ta1846704t1cvn/chi-tiet-ban-an,"Bản án:số 170 ngày 31/03/2025 của  Tòa án nhân dân khu vực 16 - Hồ Chí Minh,  TP. Hồ Chí Minh(11.07.2025)",/2ta1846704t1cvn/chi-tiet-ban-an
https://congbobanan.toaan.gov.vn/2ta1846705t1cvn/chi-tiet-ban-an,"Bản án:số 171 ngày 31/03/2025 của  Tòa án nhân dân khu vực 16 - Hồ Chí Minh,  TP. Hồ Chí Minh(11.07.2025)",/2ta1846705t1cvn/chi-tiet-ban-an
https://congbobanan.toaan.gov.vn/2ta1846685t1cvn/chi-tiet-ban-an,"Bản án:số 148 ngày 28/03/2025 của  Tòa án nhân dân khu vực 16 - Hồ Chí Minh,  TP. Hồ Chí Minh(11.07.2025)",/2ta1846685t1cvn/chi-tiet-ban-an
https://congbobanan.toaan.gov.vn/2ta1846683t1cvn/chi-tiet-ban-an,"Bản án:số 187 ngày 11/04/2025 của  Tòa án nhân dân khu vực 16 - Hồ Chí Minh,  TP. Hồ Chí Minh(11.07.2025)",/2ta1846683t1cvn/chi-tiet-ban-an
https://congbobanan.toaan.gov.vn/2ta1846682t1cvn/chi-tiet-ban-an,"Bản án:số 102 ngày 06/03/2025 của  Tòa án nhân dân khu vực 16 - Hồ Chí Minh,  TP. Hồ Chí Minh(11.07.2025)",/2ta1846682t1cvn/chi-tiet-ban-an
https://congbobanan.toaan.gov.vn/2ta1846702t1cvn/chi-tiet-ban-an,"Bản án:số 101 ngày 06/03/2025 của  Tòa án nhân dân khu vực 16 - Hồ Chí Minh,  TP. Hồ Chí Minh(11.07.2025)",/2ta1846702t1cvn/chi-tiet-ban-an
https://congbobanan.toaan.gov.vn/2ta1846701t1cvn/chi-tiet-ban-an,"Bản án:số 199 ngày 24/04/2025 của  Tòa án nhân dân khu vực 16 - Hồ Chí Minh,  TP. Hồ Chí Minh(11.07.2025)",/2ta1846701t1cvn/chi-tiet-ban-an
https://congbobanan.toaan.gov.vn/2ta1846678t1cvn/chi-tiet-ban-an,"Bản án:số 118 ngày 11/04/2025 của  Tòa án nhân dân khu vực 16 - Hồ Chí Minh,  TP. Hồ Chí Minh(11.07.2025)",/2ta1846678t1cvn/chi-tiet-ban-an
https://congbobanan.toaan.gov.vn/2ta1846677t1cvn/chi-tiet-ban-an,"Bản án:số 38 ngày 10/02/2025 của  Tòa án nhân dân khu vực 16 - Hồ Chí Minh,  TP. Hồ Chí Minh(11.07.2025)",/2ta1846677t1cvn/chi-tiet-ban-an
https://congbobanan.toaan.gov.vn/2ta1846681t1cvn/chi-tiet-ban-an,"Bản án:số 100 ngày 10/03/2025 của  Tòa án nhân dân khu vực 16 - Hồ Chí Minh,  TP. Hồ Chí Minh(11.07.2025)",/2ta1846681t1cvn/chi-tiet-ban-an
https://congbobanan.toaan.gov.vn/2ta1846676t1cvn/chi-tiet-ban-an,"Bản án:số 103 ngày 06/03/2025 của  Tòa án nhân dân khu vực 16 - Hồ Chí Minh,  TP. Hồ Chí Minh(11.07.2025)",/2ta1846676t1cvn/chi-tiet-ban-an
https://congbobanan.toaan.gov.vn/2ta1846680t1cvn/chi-tiet-ban-an,"Bản án:số 211 ngày 13/05/2025 của  Tòa án nhân dân khu vực 16 - Hồ Chí Minh,  TP. Hồ Chí Minh(11.07.2025)",/2ta1846680t1cvn/chi-tiet-ban-an
https://congbobanan.toaan.gov.vn/2ta1846256t1cvn/chi-tiet-ban-an,"Bản án:số 245 ngày 30/05/2025 của  Tòa án nhân dân khu vực 16 - Hồ Chí Minh,  TP. Hồ Chí Minh(11.07.2025)",/2ta1846256t1cvn/chi-tiet-ban-an
https://congbobanan.toaan.gov.vn/2ta1846236t1cvn/chi-tiet-ban-an,"Bản án:số 244 ngày 30/05/2025 của  Tòa án nhân dân khu vực 16 - Hồ Chí Minh,  TP. Hồ Chí Minh(11.07.2025)",/2ta1846236t1cvn/chi-tiet-ban-an
https://congbobanan.toaan.gov.vn/2ta1846233t1cvn/chi-tiet-ban-an,"Bản án:số 243 ngày 30/05/2025 của  Tòa án nhân dân khu vực 16 - Hồ Chí Minh,  TP. Hồ Chí Minh(11.07.2025)",/2ta1846233t1cvn/chi-tiet-ban-an
https://congbobanan.toaan.gov.vn/2ta1846246t1cvn/chi-tiet-ban-an,"Bản án:số 242 ngày 30/05/2025 của  Tòa án nhân dân khu vực 16 - Hồ Chí Minh,  TP. Hồ Chí Minh(11.07.2025)",/2ta1846246t1cvn/chi-tiet-ban-an
https://congbobanan.toaan.gov.vn/2ta1845949t1cvn/chi-tiet-ban-an,Bản án:số 06/2025/LĐ-PT ngày 15/05/2025 của TAND cấp cao tại TP Hồ Chí Minh(11.07.2025),/2ta1845949t1cvn/chi-tiet-ban-an
https://congbobanan.toaan.gov.vn/2ta1845811t1cvn/chi-tiet-ban-an,"Bản án:số 207 ngày 08/05/2025 của  TAND TX. Thuận An,  tỉnh Bình Dương(10.07.2025)",/2ta1845811t1cvn/chi-tiet-ban-an
https://congbobanan.toaan.gov.vn/2ta1845822t1cvn/chi-tiet-ban-an,"Bản án:số 206 ngày 08/05/2025 của  TAND TX. Thuận An,  tỉnh Bình Dương(10.07.2025)",/2ta1845822t1cvn/chi-tiet-ban-an
https://congbobanan.toaan.gov.vn/2ta1844757t1cvn/chi-tiet-ban-an,"Bản án:số 191 ngày 15/05/2025 của  TAND TX. Thuận An,  tỉnh Bình Dương(09.07.2025)",/2ta1844757t1cvn/chi-tiet-ban-an
https://congbobanan.toaan.gov.vn/2ta1844736t1cvn/chi-tiet-ban-an,"Bản án:số 183 ngày 06/06/2025 của  TAND TX. Thuận An,  tỉnh Bình Dương(09.07.2025)",/2ta1844736t1cvn/chi-tiet-ban-an
https://congbobanan.toaan.gov.vn/2ta1844751t1cvn/chi-tiet-ban-an,"Bản án:số 182 ngày 06/06/2025 của  TAND TX. Thuận An,  tỉnh Bình Dương(09.07.2025)",/2ta1844751t1cvn/chi-tiet-ban-an
https://congbobanan.toaan.gov.vn/2ta1844709t1cvn/chi-tiet-ban-an,"Bản án:số 237 ngày 30/05/2025 của  TAND TX. Thuận An,  tỉnh Bình Dương(09.07.2025)",/2ta1844709t1cvn/chi-tiet-ban-an
https://congbobanan.toaan.gov.vn/2ta1844717t1cvn/chi-tiet-ban-an,"Bản án:số 237 ngày 30/05/2025 của  TAND TX. Thuận An,  tỉnh Bình Dương(09.07.2025)",/2ta1844717t1cvn/chi-tiet-ban-an
https://congbobanan.toaan.gov.vn/2ta1844742t1cvn/chi-tiet-ban-an,"Bản án:số 250 ngày 03/06/2025 của  TAND TX. Thuận An,  tỉnh Bình Dương(09.07.2025)",/2ta1844742t1cvn/chi-tiet-ban-an
https://congbobanan.toaan.gov.vn/2ta1844704t1cvn/chi-tiet-ban-an,"Bản án:số 249 ngày 03/06/2025 của  TAND TX. Thuận An,  tỉnh Bình Dương(09.07.2025)",/2ta1844704t1cvn/chi-tiet-ban-an
https://congbobanan.toaan.gov.vn/2ta1844616t1cvn/chi-tiet-ban-an,"Bản án:số 251 ngày 05/06/2025 của  TAND TX. Thuận An,  tỉnh Bình Dương(09.07.2025)",/2ta1844616t1cvn/chi-tiet-ban-an
https://congbobanan.toaan.gov.vn/2ta1843795t1cvn/chi-tiet-ban-an,"Bản án:số 318 ngày 25/06/2025 của  TAND TX. Thuận An,  tỉnh Bình Dương(08.07.2025)",/2ta1843795t1cvn/chi-tiet-ban-an
https://congbobanan.toaan.gov.vn/2ta1843793t1cvn/chi-tiet-ban-an,"Bản án:số 264 ngày 06/06/2025 của  TAND TX. Thuận An,  tỉnh Bình Dương(08.07.2025)",/2ta1843793t1cvn/chi-tiet-ban-an
https://congbobanan.toaan.gov.vn/2ta1843791t1cvn/chi-tiet-ban-an,"Bản án:số 265 ngày 06/06/2025 của  TAND TX. Thuận An,  tỉnh Bình Dương(08.07.2025)",/2ta1843791t1cvn/chi-tiet-ban-an
https://congbobanan.toaan.gov.vn/2ta1843790t1cvn/chi-tiet-ban-an,"Bản án:số 225 ngày 28/05/2025 của  TAND TX. Thuận An,  tỉnh Bình Dương(08.07.2025)",/2ta1843790t1cvn/chi-tiet-ban-an
https://congbobanan.toaan.gov.vn/2ta1843788t1cvn/chi-tiet-ban-an,"Bản án:số 227 ngày 28/05/2025 của  TAND TX. Thuận An,  tỉnh Bình Dương(08.07.2025)",/2ta1843788t1cvn/chi-tiet-ban-an
https://congbobanan.toaan.gov.vn/2ta1843787t1cvn/chi-tiet-ban-an,"Bản án:số 205 ngày 06/05/2025 của  TAND TX. Thuận An,  tỉnh Bình Dương(08.07.2025)",/2ta1843787t1cvn/chi-tiet-ban-an
https://congbobanan.toaan.gov.vn/2ta1843785t1cvn/chi-tiet-ban-an,"Bản án:số 226 ngày 28/05/2025 của  TAND TX. Thuận An,  tỉnh Bình Dương(08.07.2025)",/2ta1843785t1cvn/chi-tiet-ban-an
https://congbobanan.toaan.gov.vn/2ta1843782t1cvn/chi-tiet-ban-an,"Bản án:số 204 ngày 05/05/2025 của  TAND TX. Thuận An,  tỉnh Bình Dương(08.07.2025)",/2ta1843782t1cvn/chi-tiet-ban-an
https://congbobanan.toaan.gov.vn/2ta1843773t1cvn/chi-tiet-ban-an,"Bản án:số 241 ngày 30/05/2025 của  TAND TX. Thuận An,  tỉnh Bình Dương(08.07.2025)",/2ta1843773t1cvn/chi-tiet-ban-an
https://congbobanan.toaan.gov.vn/2ta1843772t1cvn/chi-tiet-ban-an,"Bản án:số 240 ngày 30/05/2025 của  TAND TX. Thuận An,  tỉnh Bình Dương(08.07.2025)",/2ta1843772t1cvn/chi-tiet-ban-an
https://congbobanan.toaan.gov.vn/2ta1843770t1cvn/chi-tiet-ban-an,"Bản án:số 266 ngày 06/06/2025 của  TAND TX. Thuận An,  tỉnh Bình Dương(08.07.2025)",/2ta1843770t1cvn/chi-tiet-ban-an
https://congbobanan.toaan.gov.vn/2ta1843747t1cvn/chi-tiet-ban-an,"Bản án:số 239 ngày 30/05/2025 của  TAND TX. Thuận An,  tỉnh Bình Dương(08.07.2025)",/2ta1843747t1cvn/chi-tiet-ban-an
https://congbobanan.toaan.gov.vn/2ta1843424t1cvn/chi-tiet-ban-an,"Bản án:số 25 ngày 30/05/2025 của  TAND huyện Bình Chánh,  TP. Hồ Chí Minh(07.07.2025)",/2ta1843424t1cvn/chi-tiet-ban-an
https://congbobanan.toaan.gov.vn/2ta1843390t1cvn/chi-tiet-ban-an,"Bản án:số 24 ngày 30/05/2025 của  TAND huyện Bình Chánh,  TP. Hồ Chí Minh(07.07.2025)",/2ta1843390t1cvn/chi-tiet-ban-an
https://congbobanan.toaan.gov.vn/2ta1843179t1cvn/chi-tiet-ban-an,Bản án:số 09/2024/LĐ-PT ngày 20/12/2024 của TAND tỉnh Sóc Trăng(07.07.2025),/2ta1843179t1cvn/chi-tiet-ban-an
https://congbobanan.toaan.gov.vn/2ta1840365t1cvn/chi-tiet-ban-an,"Bản án:số 02 ngày 29/05/2025 của  TAND TP. Buôn Ma Thuột,  tỉnh Đắk Lắk(02.07.2025)",/2ta1840365t1cvn/chi-tiet-ban-an
https://congbobanan.toaan.gov.vn/2ta1839960t1cvn/chi-tiet-ban-an,"Bản án:số 35 ngày 28/05/2025 của  TAND TX. Bến Cát,  tỉnh Bình Dương(02.07.2025)",/2ta1839960t1cvn/chi-tiet-ban-an
https://congbobanan.toaan.gov.vn/2ta1839121t1cvn/chi-tiet-ban-an,"Bản án:số 01 ngày 30/12/2024 của  TAND huyện Yên Mỹ,  tỉnh Hưng Yên(01.07.2025)",/2ta1839121t1cvn/chi-tiet-ban-an
https://congbobanan.toaan.gov.vn/2ta1839063t1cvn/chi-tiet-ban-an,"Bản án:số 28 ngày 29/04/2025 của  TAND TX. Bến Cát,  tỉnh Bình Dương(01.07.2025)",/2ta1839063t1cvn/chi-tiet-ban-an
https://congbobanan.toaan.gov.vn/2ta1839041t1cvn/chi-tiet-ban-an,"Bản án:số 31 ngày 16/05/2025 của  TAND TX. Bến Cát,  tỉnh Bình Dương(01.07.2025)",/2ta1839041t1cvn/chi-tiet-ban-an
https://congbobanan.toaan.gov.vn/2ta1838983t1cvn/chi-tiet-ban-an,"Bản án:số 01 ngày 06/02/2025 của  TAND TP. Rạch Giá,  tỉnh Kiên Giang(01.07.2025)",/2ta1838983t1cvn/chi-tiet-ban-an
https://congbobanan.toaan.gov.vn/2ta1837522t1cvn/chi-tiet-ban-an,"Bản án:số 05 ngày 16/05/2025 của  TAND Q. Liên Chiểu,  TP Đà Nẵng(30.06.2025)",/2ta1837522t1cvn/chi-tiet-ban-an
https://congbobanan.toaan.gov.vn/2ta1836531t1cvn/chi-tiet-ban-an,"Bản án:số 216 ngày 20/05/2025 của  TAND TX. Thuận An,  tỉnh Bình Dương(30.06.2025)",/2ta1836531t1cvn/chi-tiet-ban-an
https://congbobanan.toaan.gov.vn/2ta1835455t1cvn/chi-tiet-ban-an,"Bản án:số 128 ngày 11/03/2025 của  TAND TX. Thuận An,  tỉnh Bình Dương(30.06.2025)",/2ta1835455t1cvn/chi-tiet-ban-an
https://congbobanan.toaan.gov.vn/2ta1835190t1cvn/chi-tiet-ban-an,"Bản án:số 08 ngày 28/02/2025 của  TAND TX. Bến Cát,  tỉnh Bình Dương(30.06.2025)",/2ta1835190t1cvn/chi-tiet-ban-an
https://congbobanan.toaan.gov.vn/2ta1835167t1cvn/chi-tiet-ban-an,"Bản án:số 127 ngày 11/03/2025 của  TAND TX. Thuận An,  tỉnh Bình Dương(30.06.2025)",/2ta1835167t1cvn/chi-tiet-ban-an
https://congbobanan.toaan.gov.vn/2ta1835141t1cvn/chi-tiet-ban-an,"Bản án:số 123 ngày 10/03/2025 của  TAND TX. Thuận An,  tỉnh Bình Dương(30.06.2025)",/2ta1835141t1cvn/chi-tiet-ban-an
https://congbobanan.toaan.gov.vn/2ta1835138t1cvn/chi-tiet-ban-an,"Bản án:số 118 ngày 07/03/2025 của  TAND TX. Thuận An,  tỉnh Bình Dương(30.06.2025)",/2ta1835138t1cvn/chi-tiet-ban-an
https://congbobanan.toaan.gov.vn/2ta1835133t1cvn/chi-tiet-ban-an,"Bản án:số 121 ngày 10/03/2025 của  TAND TX. Thuận An,  tỉnh Bình Dương(30.06.2025)",/2ta1835133t1cvn/chi-tiet-ban-an
https://congbobanan.toaan.gov.vn/2ta1835129t1cvn/chi-tiet-ban-an,"Bản án:số 129 ngày 11/03/2025 của  TAND TX. Thuận An,  tỉnh Bình Dương(30.06.2025)",/2ta1835129t1cvn/chi-tiet-ban-an
https://congbobanan.toaan.gov.vn/2ta1835125t1cvn/chi-tiet-ban-an,"Bản án:số 122 ngày 10/03/2025 của  TAND TX. Thuận An,  tỉnh Bình Dương(30.06.2025)",/2ta1835125t1cvn/chi-tiet-ban-an
https://congbobanan.toaan.gov.vn/2ta1835004t1cvn/chi-tiet-ban-an,"Bản án:số 119 ngày 07/03/2025 của  TAND TX. Thuận An,  tỉnh Bình Dương(30.06.2025)",/2ta1835004t1cvn/chi-tiet-ban-an
https://congbobanan.toaan.gov.vn/2ta1834639t1cvn/chi-tiet-ban-an,"Bản án:số 01 ngày 29/05/2025 của  TAND TX. Dĩ An,  tỉnh Bình Dương(30.06.2025)",/2ta1834639t1cvn/chi-tiet-ban-an
https://congbobanan.toaan.gov.vn/2ta1834612t1cvn/chi-tiet-ban-an,"Bản án:số 03 ngày 29/05/2025 của  TAND TX. Dĩ An,  tỉnh Bình Dương(30.06.2025)",/2ta1834612t1cvn/chi-tiet-ban-an
https://congbobanan.toaan.gov.vn/2ta1834608t1cvn/chi-tiet-ban-an,"Bản án:số 02 ngày 29/05/2025 của  TAND TX. Dĩ An,  tỉnh Bình Dương(30.06.2025)",/2ta1834608t1cvn/chi-tiet-ban-an
https://congbobanan.toaan.gov.vn/2ta1834466t1cvn/chi-tiet-ban-an,"Bản án:số 01 ngày 18/03/2025 của  TAND huyện Gò Dầu,  tỉnh Tây Ninh(30.06.2025)",/2ta1834466t1cvn/chi-tiet-ban-an
https://congbobanan.toaan.gov.vn/2ta1833834t1cvn/chi-tiet-ban-an,"Bản án:số 193 ngày 18/04/2025 của  TAND TX. Thuận An,  tỉnh Bình Dương(29.06.2025)",/2ta1833834t1cvn/chi-tiet-ban-an
https://congbobanan.toaan.gov.vn/2ta1833833t1cvn/chi-tiet-ban-an,"Bản án:số 192 ngày 18/04/2025 của  TAND TX. Thuận An,  tỉnh Bình Dương(29.06.2025)",/2ta1833833t1cvn/chi-tiet-ban-an
https://congbobanan.toaan.gov.vn/2ta1833041t1cvn/chi-tiet-ban-an,"Bản án:số 01 ngày 14/03/2025 của  TAND TP. Buôn Ma Thuột,  tỉnh Đắk Lắk(29.06.2025)",/2ta1833041t1cvn/chi-tiet-ban-an
https://congbobanan.toaan.gov.vn/2ta1832811t1cvn/chi-tiet-ban-an,"Bản án:số 01 ngày 20/05/2025 của  TAND TP. Cà Mau,  tỉnh Cà Mau(29.06.2025)",/2ta1832811t1cvn/chi-tiet-ban-an
https://congbobanan.toaan.gov.vn/2ta1831454t1cvn/chi-tiet-ban-an,"Bản án:số 10 ngày 22/05/2025 của  TAND huyện Cần Giuộc,  tỉnh Long An(28.06.2025)",/2ta1831454t1cvn/chi-tiet-ban-an
https://congbobanan.toaan.gov.vn/2ta1830610t1cvn/chi-tiet-ban-an,"Bản án:số 01 ngày 20/01/2025 của  TAND TX. Bình Long,  tỉnh Bình Phước(27.06.2025)",/2ta1830610t1cvn/chi-tiet-ban-an
https://congbobanan.toaan.gov.vn/2ta1829690t1cvn/chi-tiet-ban-an,"Bản án:số 63 ngày 17/04/2025 của  TAND huyện Đức Hòa,  tỉnh Long An(27.06.2025)",/2ta1829690t1cvn/chi-tiet-ban-an
https://congbobanan.toaan.gov.vn/2ta1829706t1cvn/chi-tiet-ban-an,"Bản án:số 60 ngày 15/04/2025 của  TAND huyện Đức Hòa,  tỉnh Long An(27.06.2025)",/2ta1829706t1cvn/chi-tiet-ban-an
https://congbobanan.toaan.gov.vn/2ta1829708t1cvn/chi-tiet-ban-an,"Bản án:số 59 ngày 15/04/2025 của  TAND huyện Đức Hòa,  tỉnh Long An(27.06.2025)",/2ta1829708t1cvn/chi-tiet-ban-an
https://congbobanan.toaan.gov.vn/2ta1829709t1cvn/chi-tiet-ban-an,"Bản án:số 62 ngày 17/04/2025 của  TAND huyện Đức Hòa,  tỉnh Long An(27.06.2025)",/2ta1829709t1cvn/chi-tiet-ban-an
https://congbobanan.toaan.gov.vn/2ta1829710t1cvn/chi-tiet-ban-an,"Bản án:số 83 ngày 09/05/2025 của  TAND huyện Đức Hòa,  tỉnh Long An(27.06.2025)",/2ta1829710t1cvn/chi-tiet-ban-an
https://congbobanan.toaan.gov.vn/2ta1829711t1cvn/chi-tiet-ban-an,"Bản án:số 84 ngày 09/05/2025 của  TAND huyện Đức Hòa,  tỉnh Long An(27.06.2025)",/2ta1829711t1cvn/chi-tiet-ban-an
https://congbobanan.toaan.gov.vn/2ta1829712t1cvn/chi-tiet-ban-an,"Bản án:số 88 ngày 16/05/2025 của  TAND huyện Đức Hòa,  tỉnh Long An(27.06.2025)",/2ta1829712t1cvn/chi-tiet-ban-an
https://congbobanan.toaan.gov.vn/2ta1829588t1cvn/chi-tiet-ban-an,"Bản án:số 01/2025/LĐ-ST ngày 25/02/2025 của  TAND Q. Cẩm Lệ,  TP Đà Nẵng(26.06.2025)",/2ta1829588t1cvn/chi-tiet-ban-an
https://congbobanan.toaan.gov.vn/2ta1829159t1cvn/chi-tiet-ban-an,"Bản án:số 203 ngày 25/04/2025 của  TAND TX. Thuận An,  tỉnh Bình Dương(26.06.2025)",/2ta1829159t1cvn/chi-tiet-ban-an
https://congbobanan.toaan.gov.vn/2ta1827309t1cvn/chi-tiet-ban-an,"Bản án:số 05 ngày 31/03/2025 của  TAND huyện Cần Giuộc,  tỉnh Long An(24.06.2025)",/2ta1827309t1cvn/chi-tiet-ban-an
https://congbobanan.toaan.gov.vn/2ta1827310t1cvn/chi-tiet-ban-an,"Bản án:số 06 ngày 23/04/2025 của  TAND huyện Cần Giuộc,  tỉnh Long An(24.06.2025)",/2ta1827310t1cvn/chi-tiet-ban-an
https://congbobanan.toaan.gov.vn/2ta1827333t1cvn/chi-tiet-ban-an,"Bản án:số 02 ngày 08/01/2025 của  TAND huyện Cần Giuộc,  tỉnh Long An(24.06.2025)",/2ta1827333t1cvn/chi-tiet-ban-an
https://congbobanan.toaan.gov.vn/2ta1827337t1cvn/chi-tiet-ban-an,"Bản án:số 07 ngày 23/04/2025 của  TAND huyện Cần Giuộc,  tỉnh Long An(24.06.2025)",/2ta1827337t1cvn/chi-tiet-ban-an
https://congbobanan.toaan.gov.vn/2ta1827065t1cvn/chi-tiet-ban-an,"Bản án:số 08 ngày 28/04/2025 của  TAND TX. Tân Uyên,  tỉnh Bình Dương(24.06.2025)",/2ta1827065t1cvn/chi-tiet-ban-an
https://congbobanan.toaan.gov.vn/2ta1827001t1cvn/chi-tiet-ban-an,"Bản án:số 13 ngày 23/05/2025 của  TAND TP. Biên Hòa,  tỉnh Đồng Nai(24.06.2025)",/2ta1827001t1cvn/chi-tiet-ban-an
https://congbobanan.toaan.gov.vn/2ta1826990t1cvn/chi-tiet-ban-an,"Bản án:số 25 ngày 30/09/2024 của  TAND Quận 3,  TP. Hồ Chí Minh(24.06.2025)",/2ta1826990t1cvn/chi-tiet-ban-an
https://congbobanan.toaan.gov.vn/2ta1826846t1cvn/chi-tiet-ban-an,Bản án:số 02/2025/LĐ-ST ngày 22/05/2025 của TAND tỉnh Hải Dương(24.06.2025),/2ta1826846t1cvn/chi-tiet-ban-an
https://congbobanan.toaan.gov.vn/2ta1826816t1cvn/chi-tiet-ban-an,Bản án:số 01/2025/LĐ-ST ngày 22/05/2025 của TAND tỉnh Hải Dương(24.06.2025),/2ta1826816t1cvn/chi-tiet-ban-an
https://congbobanan.toaan.gov.vn/2ta1826823t1cvn/chi-tiet-ban-an,Bản án:số 03/2025/LĐ-ST ngày 22/05/2025 của TAND tỉnh Hải Dương(24.06.2025),/2ta1826823t1cvn/chi-tiet-ban-an
https://congbobanan.toaan.gov.vn/2ta1826517t1cvn/chi-tiet-ban-an,"Bản án:số 01/2025 ngày 02/04/2025 của  TAND TP. Phan Thiết,  tỉnh Bình Thuận(23.06.2025)",/2ta1826517t1cvn/chi-tiet-ban-an
https://congbobanan.toaan.gov.vn/2ta1826214t1cvn/chi-tiet-ban-an,"Bản án:số 78 ngày 29/04/2025 của  TAND huyện Đức Hòa,  tỉnh Long An(23.06.2025)",/2ta1826214t1cvn/chi-tiet-ban-an
https://congbobanan.toaan.gov.vn/2ta1826198t1cvn/chi-tiet-ban-an,"Bản án:số 77 ngày 29/04/2025 của  TAND huyện Đức Hòa,  tỉnh Long An(23.06.2025)",/2ta1826198t1cvn/chi-tiet-ban-an
https://congbobanan.toaan.gov.vn/2ta1825466t1cvn/chi-tiet-ban-an,Bản án:số 20/2024/LĐ-PT ngày 24/12/2024 của TAND TP. Hà Nội(21.06.2025),/2ta1825466t1cvn/chi-tiet-ban-an
https://congbobanan.toaan.gov.vn/2ta1825442t1cvn/chi-tiet-ban-an,Bản án:số 30/2025/LĐ-PT ngày 14/05/2025 của TAND TP. Hà Nội(21.06.2025),/2ta1825442t1cvn/chi-tiet-ban-an
https://congbobanan.toaan.gov.vn/2ta1824525t1cvn/chi-tiet-ban-an,"Bản án:số 214 ngày 15/05/2025 của  TAND TX. Thuận An,  tỉnh Bình Dương(20.06.2025)",/2ta1824525t1cvn/chi-tiet-ban-an
https://congbobanan.toaan.gov.vn/2ta1824542t1cvn/chi-tiet-ban-an,"Bản án:số 213 ngày 15/05/2025 của  TAND TX. Thuận An,  tỉnh Bình Dương(20.06.2025)",/2ta1824542t1cvn/chi-tiet-ban-an
https://congbobanan.toaan.gov.vn/2ta1824002t1cvn/chi-tiet-ban-an,"Bản án:số 04 ngày 12/05/2025 của  TAND Q. Liên Chiểu,  TP Đà Nẵng(19.06.2025)",/2ta1824002t1cvn/chi-tiet-ban-an
https://congbobanan.toaan.gov.vn/2ta1823786t1cvn/chi-tiet-ban-an,"Bản án:số 01 ngày 21/04/2025 của  TAND Q. Cái Răng,  TP. Cần Thơ(19.06.2025)",/2ta1823786t1cvn/chi-tiet-ban-an
https://congbobanan.toaan.gov.vn/2ta1823073t1cvn/chi-tiet-ban-an,"Bản án:số 59/2025/LĐ-ST ngày 25/02/2025 của  TAND TX. Thuận An,  tỉnh Bình Dương(18.06.2025)",/2ta1823073t1cvn/chi-tiet-ban-an
https://congbobanan.toaan.gov.vn/2ta1823086t1cvn/chi-tiet-ban-an,"Bản án:số 53/2025/LĐ-ST ngày 25/02/2025 của  TAND TX. Thuận An,  tỉnh Bình Dương(18.06.2025)",/2ta1823086t1cvn/chi-tiet-ban-an
https://congbobanan.toaan.gov.vn/2ta1823105t1cvn/chi-tiet-ban-an,"Bản án:số 54/2025/LĐ-ST ngày 25/02/2025 của  TAND TX. Thuận An,  tỉnh Bình Dương(18.06.2025)",/2ta1823105t1cvn/chi-tiet-ban-an
https://congbobanan.toaan.gov.vn/2ta1823109t1cvn/chi-tiet-ban-an,"Bản án:số 56/2025/LĐ-ST ngày 25/02/2025 của  TAND TX. Thuận An,  tỉnh Bình Dương(18.06.2025)",/2ta1823109t1cvn/chi-tiet-ban-an
https://congbobanan.toaan.gov.vn/2ta1823118t1cvn/chi-tiet-ban-an,"Bản án:số 201/2025/LĐ-ST ngày 25/04/2025 của  TAND TX. Thuận An,  tỉnh Bình Dương(18.06.2025)",/2ta1823118t1cvn/chi-tiet-ban-an
https://congbobanan.toaan.gov.vn/2ta1823120t1cvn/chi-tiet-ban-an,"Bản án:số 60/2025/LĐ-ST ngày 25/02/2025 của  TAND TX. Thuận An,  tỉnh Bình Dương(18.06.2025)",/2ta1823120t1cvn/chi-tiet-ban-an
https://congbobanan.toaan.gov.vn/2ta1823122t1cvn/chi-tiet-ban-an,"Bản án:số 58/2025/LĐ-ST ngày 25/02/2025 của  TAND TX. Thuận An,  tỉnh Bình Dương(18.06.2025)",/2ta1823122t1cvn/chi-tiet-ban-an
https://congbobanan.toaan.gov.vn/2ta1823128t1cvn/chi-tiet-ban-an,"Bản án:số 57/2025/LĐ-ST ngày 25/02/2025 của  TAND TX. Thuận An,  tỉnh Bình Dương(18.06.2025)",/2ta1823128t1cvn/chi-tiet-ban-an
https://congbobanan.toaan.gov.vn/2ta1823129t1cvn/chi-tiet-ban-an,"Bản án:số 55/2025/LĐ-ST ngày 25/02/2025 của  TAND TX. Thuận An,  tỉnh Bình Dương(18.06.2025)",/2ta1823129t1cvn/chi-tiet-ban-an
https://congbobanan.toaan.gov.vn/2ta1823139t1cvn/chi-tiet-ban-an,"Bản án:số 131/2025/LĐ-ST ngày 13/03/2025 của  TAND TX. Thuận An,  tỉnh Bình Dương(18.06.2025)",/2ta1823139t1cvn/chi-tiet-ban-an
https://congbobanan.toaan.gov.vn/2ta1823141t1cvn/chi-tiet-ban-an,"Bản án:số 130/2025/LĐ-ST ngày 13/03/2025 của  TAND TX. Thuận An,  tỉnh Bình Dương(18.06.2025)",/2ta1823141t1cvn/chi-tiet-ban-an
https://congbobanan.toaan.gov.vn/2ta1823145t1cvn/chi-tiet-ban-an,"Bản án:số 200/2025/LĐ-ST ngày 25/04/2025 của  TAND TX. Thuận An,  tỉnh Bình Dương(18.06.2025)",/2ta1823145t1cvn/chi-tiet-ban-an
https://congbobanan.toaan.gov.vn/2ta1823161t1cvn/chi-tiet-ban-an,"Bản án:số 202/2025/LĐ-ST ngày 25/04/2025 của  TAND TX. Thuận An,  tỉnh Bình Dương(18.06.2025)",/2ta1823161t1cvn/chi-tiet-ban-an
https://congbobanan.toaan.gov.vn/2ta1821604t1cvn/chi-tiet-ban-an,"Bản án:số 03 ngày 07/08/2024 của  TAND huyện Bắc Tân Uyên,  tỉnh Bình Dương(16.06.2025)",/2ta1821604t1cvn/chi-tiet-ban-an
https://congbobanan.toaan.gov.vn/2ta1821063t1cvn/chi-tiet-ban-an,"Bản án:số 01 ngày 27/03/2025 của  TAND huyện An Lão,  TP. Hải Phòng(15.06.2025)",/2ta1821063t1cvn/chi-tiet-ban-an
https://congbobanan.toaan.gov.vn/2ta1820960t1cvn/chi-tiet-ban-an,"Bản án:số 78/2025/QĐST-LĐ ngày 06/05/2025 của  TAND TX. Dĩ An,  tỉnh Bình Dương(15.06.2025)",/2ta1820960t1cvn/chi-tiet-ban-an
https://congbobanan.toaan.gov.vn/2ta1820774t1cvn/chi-tiet-ban-an,Bản án:số 02 ngày 10/03/2025 của TAND tỉnh Sóc Trăng(14.06.2025),/2ta1820774t1cvn/chi-tiet-ban-an
https://congbobanan.toaan.gov.vn/2ta1820609t1cvn/chi-tiet-ban-an,Bản án:số 282 ngày 17/01/2025 của TAND TP. Hà Nội(14.06.2025),/2ta1820609t1cvn/chi-tiet-ban-an
https://congbobanan.toaan.gov.vn/2ta1820460t1cvn/chi-tiet-ban-an,Bản án:số 03 ngày 12/05/2025 của TAND tỉnh Bà Rịa_Vũng Tàu(13.06.2025),/2ta1820460t1cvn/chi-tiet-ban-an
https://congbobanan.toaan.gov.vn/2ta1820448t1cvn/chi-tiet-ban-an,Bản án:số 02 ngày 12/05/2025 của TAND tỉnh Bà Rịa_Vũng Tàu(13.06.2025),/2ta1820448t1cvn/chi-tiet-ban-an
https://congbobanan.toaan.gov.vn/2ta1820333t1cvn/chi-tiet-ban-an,Bản án:số 09/2025/LĐ-PT ngày 09/04/2025 của TAND TP. Hà Nội(13.06.2025),/2ta1820333t1cvn/chi-tiet-ban-an
https://congbobanan.toaan.gov.vn/2ta1820282t1cvn/chi-tiet-ban-an,Bản án:số 01 ngày 26/05/2025 của TAND tỉnh Thái Bình(13.06.2025),/2ta1820282t1cvn/chi-tiet-ban-an
https://congbobanan.toaan.gov.vn/2ta1820094t1cvn/chi-tiet-ban-an,"Bản án:số 103/2025/QĐST-VLĐ ngày 27/05/2025 của  TAND TX. Dĩ An,  tỉnh Bình Dương(13.06.2025)",/2ta1820094t1cvn/chi-tiet-ban-an
https://congbobanan.toaan.gov.vn/2ta1819816t1cvn/chi-tiet-ban-an,"Bản án:số 11/2025/LĐ-ST ngày 29/04/2025 của  TAND Q. Tân Bình,  TP. Hồ Chí Minh(13.06.2025)",/2ta1819816t1cvn/chi-tiet-ban-an
https://congbobanan.toaan.gov.vn/2ta1819659t1cvn/chi-tiet-ban-an,"Bản án:số 01/2025/LĐ-St ngày 24/03/2025 của  TAND TX. Kiến Tường,  tỉnh Long An(13.06.2025)",/2ta1819659t1cvn/chi-tiet-ban-an
https://congbobanan.toaan.gov.vn/2ta1819026t1cvn/chi-tiet-ban-an,Bản án:số 03 ngày 23/05/2025 của TAND cấp cao tại TP Hồ Chí Minh(12.06.2025),/2ta1819026t1cvn/chi-tiet-ban-an
https://congbobanan.toaan.gov.vn/2ta1819041t1cvn/chi-tiet-ban-an,Bản án:số 02 ngày 23/05/2025 của TAND cấp cao tại TP Hồ Chí Minh(12.06.2025),/2ta1819041t1cvn/chi-tiet-ban-an
https://congbobanan.toaan.gov.vn/2ta1817816t1cvn/chi-tiet-ban-an,Bản án:số 02 ngày 14/05/2025 của TAND tỉnh Đồng Tháp(10.06.2025),/2ta1817816t1cvn/chi-tiet-ban-an
https://congbobanan.toaan.gov.vn/2ta1817830t1cvn/chi-tiet-ban-an,Bản án:số 01 ngày 09/05/2025 của TAND tỉnh Đồng Tháp(10.06.2025),/2ta1817830t1cvn/chi-tiet-ban-an
https://congbobanan.toaan.gov.vn/2ta1817585t1cvn/chi-tiet-ban-an,"Bản án:số 03 ngày 27/03/2025 của  TAND Quận 6,  TP. Hồ Chí Minh(10.06.2025)",/2ta1817585t1cvn/chi-tiet-ban-an
https://congbobanan.toaan.gov.vn/2ta1816092t1cvn/chi-tiet-ban-an,"Bản án:số 12 ngày 07/05/2025 của  TAND Q. Tân Bình,  TP. Hồ Chí Minh(09.06.2025)",/2ta1816092t1cvn/chi-tiet-ban-an
https://congbobanan.toaan.gov.vn/2ta1815884t1cvn/chi-tiet-ban-an,"Bản án:số 27 ngày 20/01/2025 của  TAND TX. Thuận An,  tỉnh Bình Dương(08.06.2025)",/2ta1815884t1cvn/chi-tiet-ban-an
https://congbobanan.toaan.gov.vn/2ta1815885t1cvn/chi-tiet-ban-an,"Bản án:số 152 ngày 25/03/2025 của  TAND TX. Thuận An,  tỉnh Bình Dương(08.06.2025)",/2ta1815885t1cvn/chi-tiet-ban-an
https://congbobanan.toaan.gov.vn/2ta1815886t1cvn/chi-tiet-ban-an,"Bản án:số 194 ngày 21/04/2025 của  TAND TX. Thuận An,  tỉnh Bình Dương(08.06.2025)",/2ta1815886t1cvn/chi-tiet-ban-an
https://congbobanan.toaan.gov.vn/2ta1815906t1cvn/chi-tiet-ban-an,"Bản án:số 153 ngày 25/03/2025 của  TAND TX. Thuận An,  tỉnh Bình Dương(08.06.2025)",/2ta1815906t1cvn/chi-tiet-ban-an
https://congbobanan.toaan.gov.vn/2ta1815907t1cvn/chi-tiet-ban-an,"Bản án:số 154 ngày 25/03/2025 của  TAND TX. Thuận An,  tỉnh Bình Dương(08.06.2025)",/2ta1815907t1cvn/chi-tiet-ban-an
https://congbobanan.toaan.gov.vn/2ta1815908t1cvn/chi-tiet-ban-an,"Bản án:số 195 ngày 21/04/2025 của  TAND TX. Thuận An,  tỉnh Bình Dương(08.06.2025)",/2ta1815908t1cvn/chi-tiet-ban-an
https://congbobanan.toaan.gov.vn/2ta1815909t1cvn/chi-tiet-ban-an,"Bản án:số 196 ngày 21/04/2025 của  TAND TX. Thuận An,  tỉnh Bình Dương(08.06.2025)",/2ta1815909t1cvn/chi-tiet-ban-an
https://congbobanan.toaan.gov.vn/2ta1808780t1cvn/chi-tiet-ban-an,"Bản án:số 117 ngày 23/04/2025 của  Thành phố Thủ Đức,  TP. Hồ Chí Minh(07.06.2025)",/2ta1808780t1cvn/chi-tiet-ban-an
https://congbobanan.toaan.gov.vn/2ta1808781t1cvn/chi-tiet-ban-an,"Bản án:số 118 ngày 23/04/2025 của  Thành phố Thủ Đức,  TP. Hồ Chí Minh(07.06.2025)",/2ta1808781t1cvn/chi-tiet-ban-an
https://congbobanan.toaan.gov.vn/2ta1808782t1cvn/chi-tiet-ban-an,"Bản án:số 120 ngày 23/04/2025 của  Thành phố Thủ Đức,  TP. Hồ Chí Minh(07.06.2025)",/2ta1808782t1cvn/chi-tiet-ban-an
https://congbobanan.toaan.gov.vn/2ta1808783t1cvn/chi-tiet-ban-an,"Bản án:số 116 ngày 23/04/2025 của  Thành phố Thủ Đức,  TP. Hồ Chí Minh(07.06.2025)",/2ta1808783t1cvn/chi-tiet-ban-an
https://congbobanan.toaan.gov.vn/2ta1808800t1cvn/chi-tiet-ban-an,"Bản án:số 119 ngày 23/04/2025 của  Thành phố Thủ Đức,  TP. Hồ Chí Minh(07.06.2025)",/2ta1808800t1cvn/chi-tiet-ban-an
https://congbobanan.toaan.gov.vn/2ta1814993t1cvn/chi-tiet-ban-an,"Bản án:số 32 ngày 20/05/2025 của  TAND TX. Bến Cát,  tỉnh Bình Dương(06.06.2025)",/2ta1814993t1cvn/chi-tiet-ban-an
https://congbobanan.toaan.gov.vn/2ta1814496t1cvn/chi-tiet-ban-an,"Bản án:số 02 ngày 24/04/2025 của  TAND huyện Thuận Thành,  tỉnh Bắc Ninh(06.06.2025)",/2ta1814496t1cvn/chi-tiet-ban-an
https://congbobanan.toaan.gov.vn/2ta1813858t1cvn/chi-tiet-ban-an,Bản án:số 02/2025/LĐ-ST ngày 31/03/2025 của TAND TP. Hải Phòng(05.06.2025),/2ta1813858t1cvn/chi-tiet-ban-an
https://congbobanan.toaan.gov.vn/2ta1813852t1cvn/chi-tiet-ban-an,Bản án:số 01/2025/LĐ-ST ngày 31/03/2025 của TAND TP. Hải Phòng(05.06.2025),/2ta1813852t1cvn/chi-tiet-ban-an
https://congbobanan.toaan.gov.vn/2ta1813574t1cvn/chi-tiet-ban-an,"Bản án:số 13 ngày 31/03/2025 của  TAND TP. Thủ Dầu Một,  tỉnh Bình Dương(04.06.2025)",/2ta1813574t1cvn/chi-tiet-ban-an
https://congbobanan.toaan.gov.vn/2ta1813589t1cvn/chi-tiet-ban-an,"Bản án:số 01 ngày 20/01/2025 của  TAND TX. Bình Long,  tỉnh Bình Phước(04.06.2025)",/2ta1813589t1cvn/chi-tiet-ban-an
https://congbobanan.toaan.gov.vn/2ta1812236t1cvn/chi-tiet-ban-an,Bản án:số 04/2025/LĐ-PT ngày 24/04/2025 của TAND cấp cao tại TP Hồ Chí Minh(03.06.2025),/2ta1812236t1cvn/chi-tiet-ban-an
https://congbobanan.toaan.gov.vn/2ta1811489t1cvn/chi-tiet-ban-an,Bản án:số 01/2025/LĐ-PT ngày 12/03/2025 của TAND tỉnh Ninh Thuận(02.06.2025),/2ta1811489t1cvn/chi-tiet-ban-an
https://congbobanan.toaan.gov.vn/2ta1811126t1cvn/chi-tiet-ban-an,"Bản án:số 07/2025/QĐST-LĐ ngày 17/04/2025 của  TAND Q. Tân Bình,  TP. Hồ Chí Minh(02.06.2025)",/2ta1811126t1cvn/chi-tiet-ban-an
https://congbobanan.toaan.gov.vn/2ta1810944t1cvn/chi-tiet-ban-an,"Bản án:số 01 ngày 31/03/2025 của  TAND huyện Hồng Ngự,  tỉnh Đồng Tháp(02.06.2025)",/2ta1810944t1cvn/chi-tiet-ban-an
https://congbobanan.toaan.gov.vn/2ta1810666t1cvn/chi-tiet-ban-an,Bản án:số 24 ngày 09/05/2025 của TAND TP. Hà Nội(01.06.2025),/2ta1810666t1cvn/chi-tiet-ban-an
https://congbobanan.toaan.gov.vn/2ta1810658t1cvn/chi-tiet-ban-an,Bản án:số 31 ngày 22/05/2025 của TAND TP. Hà Nội(01.06.2025),/2ta1810658t1cvn/chi-tiet-ban-an
https://congbobanan.toaan.gov.vn/2ta1810455t1cvn/chi-tiet-ban-an,"Bản án:số Số 01/2025/LĐ ngày 18/04/2025 của  TAND huyện Thuận Thành,  tỉnh Bắc Ninh(01.06.2025)",/2ta1810455t1cvn/chi-tiet-ban-an
https://congbobanan.toaan.gov.vn/2ta1810287t1cvn/chi-tiet-ban-an,"Bản án:số 03 ngày 21/01/2025 của  TAND TP. Biên Hòa,  tỉnh Đồng Nai(01.06.2025)",/2ta1810287t1cvn/chi-tiet-ban-an
https://congbobanan.toaan.gov.vn/2ta1809443t1cvn/chi-tiet-ban-an,Bản án:số 08 ngày 23/08/2024 của TAND tỉnh Đồng Nai(31.05.2025),/2ta1809443t1cvn/chi-tiet-ban-an
https://congbobanan.toaan.gov.vn/2ta1809446t1cvn/chi-tiet-ban-an,Bản án:số 09 ngày 26/08/2024 của TAND tỉnh Đồng Nai(31.05.2025),/2ta1809446t1cvn/chi-tiet-ban-an
https://congbobanan.toaan.gov.vn/2ta1808862t1cvn/chi-tiet-ban-an,"Bản án:số 07/2024/LĐ-ST ngày 16/07/2024 của  TAND TP. Biên Hòa,  tỉnh Đồng Nai(30.05.2025)",/2ta1808862t1cvn/chi-tiet-ban-an
https://congbobanan.toaan.gov.vn/2ta1791785t1cvn/chi-tiet-ban-an,Bản án:số 18 ngày 07/03/2025 của TAND TP. Hồ Chí Minh(30.05.2025),/2ta1791785t1cvn/chi-tiet-ban-an
https://congbobanan.toaan.gov.vn/2ta1792654t1cvn/chi-tiet-ban-an,Bản án:số 114 ngày 19/12/2024 của TAND TP. Hồ Chí Minh(30.05.2025),/2ta1792654t1cvn/chi-tiet-ban-an
https://congbobanan.toaan.gov.vn/2ta1807148t1cvn/chi-tiet-ban-an,Bản án:số 05 ngày 17/01/2025 của TAND TP. Hồ Chí Minh(30.05.2025),/2ta1807148t1cvn/chi-tiet-ban-an
https://congbobanan.toaan.gov.vn/2ta1807155t1cvn/chi-tiet-ban-an,Bản án:số 24 ngày 25/03/2025 của TAND TP. Hồ Chí Minh(30.05.2025),/2ta1807155t1cvn/chi-tiet-ban-an
https://congbobanan.toaan.gov.vn/2ta1804998t1cvn/chi-tiet-ban-an,Bản án:số 01 ngày 28/04/2025 của TAND tỉnh Cà Mau(28.05.2025),/2ta1804998t1cvn/chi-tiet-ban-an
https://congbobanan.toaan.gov.vn/2ta1804982t1cvn/chi-tiet-ban-an,"Bản án:số 01 ngày 15/04/2025 của  TAND huyện Vĩnh Bảo,  TP. Hải Phòng(28.05.2025)",/2ta1804982t1cvn/chi-tiet-ban-an
https://congbobanan.toaan.gov.vn/2ta1804859t1cvn/chi-tiet-ban-an,"Bản án:số 1884/2024/LĐ-ST ngày 13/09/2024 của  TAND Q. Bình Thạnh,  TP. Hồ Chí Minh(28.05.2025)",/2ta1804859t1cvn/chi-tiet-ban-an
https://congbobanan.toaan.gov.vn/2ta1804843t1cvn/chi-tiet-ban-an,"Bản án:số 1879/2024/LĐ-ST ngày 12/09/2024 của  TAND Q. Bình Thạnh,  TP. Hồ Chí Minh(28.05.2025)",/2ta1804843t1cvn/chi-tiet-ban-an
https://congbobanan.toaan.gov.vn/2ta1804836t1cvn/chi-tiet-ban-an,"Bản án:số 1880/2024/LĐ-ST ngày 12/09/2024 của  TAND Q. Bình Thạnh,  TP. Hồ Chí Minh(28.05.2025)",/2ta1804836t1cvn/chi-tiet-ban-an
https://congbobanan.toaan.gov.vn/2ta1804830t1cvn/chi-tiet-ban-an,"Bản án:số 1878/2024/LĐ-ST ngày 12/09/2024 của  TAND Q. Bình Thạnh,  TP. Hồ Chí Minh(28.05.2025)",/2ta1804830t1cvn/chi-tiet-ban-an
https://congbobanan.toaan.gov.vn/2ta1804820t1cvn/chi-tiet-ban-an,"Bản án:số 1873/2024/LĐ-ST ngày 11/09/2024 của  TAND Q. Bình Thạnh,  TP. Hồ Chí Minh(28.05.2025)",/2ta1804820t1cvn/chi-tiet-ban-an
https://congbobanan.toaan.gov.vn/2ta1804803t1cvn/chi-tiet-ban-an,"Bản án:số 1863/2024/LĐ-ST ngày 10/09/2024 của  TAND Q. Bình Thạnh,  TP. Hồ Chí Minh(28.05.2025)",/2ta1804803t1cvn/chi-tiet-ban-an
https://congbobanan.toaan.gov.vn/2ta1804795t1cvn/chi-tiet-ban-an,"Bản án:số 1872/2024/LĐ-ST ngày 11/09/2024 của  TAND Q. Bình Thạnh,  TP. Hồ Chí Minh(28.05.2025)",/2ta1804795t1cvn/chi-tiet-ban-an
https://congbobanan.toaan.gov.vn/2ta1804777t1cvn/chi-tiet-ban-an,"Bản án:số 1864/2024/LĐ-ST ngày 10/09/2024 của  TAND Q. Bình Thạnh,  TP. Hồ Chí Minh(28.05.2025)",/2ta1804777t1cvn/chi-tiet-ban-an
https://congbobanan.toaan.gov.vn/2ta1804764t1cvn/chi-tiet-ban-an,"Bản án:số 1852/2024/LĐ-ST ngày 09/09/2024 của  TAND Q. Bình Thạnh,  TP. Hồ Chí Minh(28.05.2025)",/2ta1804764t1cvn/chi-tiet-ban-an
https://congbobanan.toaan.gov.vn/2ta1804012t1cvn/chi-tiet-ban-an,"Bản án:số 01/2025/LĐ-ST ngày 22/04/2025 của  TAND huyện Đồng Xuân,  tỉnh Phú Yên(27.05.2025)",/2ta1804012t1cvn/chi-tiet-ban-an
https://congbobanan.toaan.gov.vn/2ta1803979t1cvn/chi-tiet-ban-an,"Bản án:số 1853/2024/LĐ-ST ngày 10/09/2024 của  TAND Q. Bình Thạnh,  TP. Hồ Chí Minh(27.05.2025)",/2ta1803979t1cvn/chi-tiet-ban-an
https://congbobanan.toaan.gov.vn/2ta1803993t1cvn/chi-tiet-ban-an,"Bản án:số 1843/2024/LĐ-ST ngày 06/09/2024 của  TAND Q. Bình Thạnh,  TP. Hồ Chí Minh(27.05.2025)",/2ta1803993t1cvn/chi-tiet-ban-an
https://congbobanan.toaan.gov.vn/2ta1804011t1cvn/chi-tiet-ban-an,"Bản án:số 07 ngày 16/04/2025 của  TAND TX. Tân Uyên,  tỉnh Bình Dương(27.05.2025)",/2ta1804011t1cvn/chi-tiet-ban-an
https://congbobanan.toaan.gov.vn/2ta1803813t1cvn/chi-tiet-ban-an,"Bản án:số 75 ngày 28/02/2025 của  TAND TX. Thuận An,  tỉnh Bình Dương(27.05.2025)",/2ta1803813t1cvn/chi-tiet-ban-an
https://congbobanan.toaan.gov.vn/2ta1803808t1cvn/chi-tiet-ban-an,"Bản án:số 151 ngày 24/03/2025 của  TAND TX. Thuận An,  tỉnh Bình Dương(27.05.2025)",/2ta1803808t1cvn/chi-tiet-ban-an
https://congbobanan.toaan.gov.vn/2ta1803805t1cvn/chi-tiet-ban-an,"Bản án:số 150 ngày 24/03/2025 của  TAND TX. Thuận An,  tỉnh Bình Dương(27.05.2025)",/2ta1803805t1cvn/chi-tiet-ban-an
https://congbobanan.toaan.gov.vn/2ta1803802t1cvn/chi-tiet-ban-an,"Bản án:số 51 ngày 21/02/2025 của  TAND TX. Thuận An,  tỉnh Bình Dương(27.05.2025)",/2ta1803802t1cvn/chi-tiet-ban-an
https://congbobanan.toaan.gov.vn/2ta1803791t1cvn/chi-tiet-ban-an,"Bản án:số 52 ngày 21/02/2025 của  TAND TX. Thuận An,  tỉnh Bình Dương(27.05.2025)",/2ta1803791t1cvn/chi-tiet-ban-an
https://congbobanan.toaan.gov.vn/2ta1803787t1cvn/chi-tiet-ban-an,"Bản án:số 149 ngày 24/04/2025 của  TAND TX. Thuận An,  tỉnh Bình Dương(27.05.2025)",/2ta1803787t1cvn/chi-tiet-ban-an
https://congbobanan.toaan.gov.vn/2ta1803781t1cvn/chi-tiet-ban-an,"Bản án:số 03 ngày 06/03/2025 của  TAND TX. Thuận An,  tỉnh Bình Dương(27.05.2025)",/2ta1803781t1cvn/chi-tiet-ban-an
https://congbobanan.toaan.gov.vn/2ta1803726t1cvn/chi-tiet-ban-an,"Bản án:số 26 ngày 19/09/2024 của  TAND TX. Bến Cát,  tỉnh Bình Dương(27.05.2025)",/2ta1803726t1cvn/chi-tiet-ban-an
https://congbobanan.toaan.gov.vn/2ta1803417t1cvn/chi-tiet-ban-an,"Bản án:số 91/2025/LĐST ngày 06/03/2025 của  TAND TX. Thuận An,  tỉnh Bình Dương(27.05.2025)",/2ta1803417t1cvn/chi-tiet-ban-an
https://congbobanan.toaan.gov.vn/2ta1803441t1cvn/chi-tiet-ban-an,"Bản án:số 94/2025/LĐST ngày 06/03/2025 của  TAND TX. Thuận An,  tỉnh Bình Dương(27.05.2025)",/2ta1803441t1cvn/chi-tiet-ban-an
https://congbobanan.toaan.gov.vn/2ta1803446t1cvn/chi-tiet-ban-an,"Bản án:số 88/2025/LĐST ngày 06/03/2025 của  TAND TX. Thuận An,  tỉnh Bình Dương(27.05.2025)",/2ta1803446t1cvn/chi-tiet-ban-an
https://congbobanan.toaan.gov.vn/2ta1803452t1cvn/chi-tiet-ban-an,"Bản án:số 93/2025/LĐST ngày 06/03/2025 của  TAND TX. Thuận An,  tỉnh Bình Dương(27.05.2025)",/2ta1803452t1cvn/chi-tiet-ban-an
https://congbobanan.toaan.gov.vn/2ta1803455t1cvn/chi-tiet-ban-an,"Bản án:số 92/2025/LĐST ngày 06/03/2025 của  TAND TX. Thuận An,  tỉnh Bình Dương(27.05.2025)",/2ta1803455t1cvn/chi-tiet-ban-an
https://congbobanan.toaan.gov.vn/2ta1803456t1cvn/chi-tiet-ban-an,"Bản án:số 89/2025/LĐST ngày 06/03/2025 của  TAND TX. Thuận An,  tỉnh Bình Dương(27.05.2025)",/2ta1803456t1cvn/chi-tiet-ban-an
https://congbobanan.toaan.gov.vn/2ta1803457t1cvn/chi-tiet-ban-an,"Bản án:số 90/2025/LĐST ngày 06/03/2025 của  TAND TX. Thuận An,  tỉnh Bình Dương(27.05.2025)",/2ta1803457t1cvn/chi-tiet-ban-an
https://congbobanan.toaan.gov.vn/2ta1801503t1cvn/chi-tiet-ban-an,"Bản án:số 80 ngày 07/08/2024 của  TAND Quận 12,  TP. Hồ Chí Minh(25.05.2025)",/2ta1801503t1cvn/chi-tiet-ban-an
https://congbobanan.toaan.gov.vn/2ta1800954t1cvn/chi-tiet-ban-an,"Bản án:số 01 ngày 31/03/2025 của  TAND huyện Cư M'Gar,  tỉnh Đắk Lắk(24.05.2025)",/2ta1800954t1cvn/chi-tiet-ban-an
https://congbobanan.toaan.gov.vn/2ta1800503t1cvn/chi-tiet-ban-an,"Bản án:số 26 ngày 28/02/2025 của  TAND huyện Đức Hòa,  tỉnh Long An(23.05.2025)",/2ta1800503t1cvn/chi-tiet-ban-an
https://congbobanan.toaan.gov.vn/2ta1800522t1cvn/chi-tiet-ban-an,"Bản án:số 66 ngày 17/04/2025 của  TAND huyện Đức Hòa,  tỉnh Long An(23.05.2025)",/2ta1800522t1cvn/chi-tiet-ban-an
https://congbobanan.toaan.gov.vn/2ta1800477t1cvn/chi-tiet-ban-an,"Bản án:số 37 ngày 14/03/2025 của  TAND huyện Đức Hòa,  tỉnh Long An(23.05.2025)",/2ta1800477t1cvn/chi-tiet-ban-an
https://congbobanan.toaan.gov.vn/2ta1800489t1cvn/chi-tiet-ban-an,"Bản án:số 65 ngày 17/04/2025 của  TAND huyện Đức Hòa,  tỉnh Long An(23.05.2025)",/2ta1800489t1cvn/chi-tiet-ban-an
https://congbobanan.toaan.gov.vn/2ta1800400t1cvn/chi-tiet-ban-an,"Bản án:số 01/2024/LĐ-ST ngày 24/09/2024 của  TAND Q. Ô Môn,  TP. Cần Thơ(23.05.2025)",/2ta1800400t1cvn/chi-tiet-ban-an
https://congbobanan.toaan.gov.vn/2ta1799976t1cvn/chi-tiet-ban-an,Bản án:số 03/2024/LĐPT ngày 21/03/2024 của TAND tỉnh Tiền Giang(23.05.2025),/2ta1799976t1cvn/chi-tiet-ban-an
https://congbobanan.toaan.gov.vn/2ta1799124t1cvn/chi-tiet-ban-an,"Bản án:số 12 ngày 28/03/2025 của  TAND TP. Thủ Dầu Một,  tỉnh Bình Dương(21.05.2025)",/2ta1799124t1cvn/chi-tiet-ban-an
https://congbobanan.toaan.gov.vn/2ta1799057t1cvn/chi-tiet-ban-an,"Bản án:số 95 ngày 06/03/2025 của  TAND TX. Thuận An,  tỉnh Bình Dương(21.05.2025)",/2ta1799057t1cvn/chi-tiet-ban-an
https://congbobanan.toaan.gov.vn/2ta1799056t1cvn/chi-tiet-ban-an,"Bản án:số 155 ngày 26/03/2025 của  TAND TX. Thuận An,  tỉnh Bình Dương(21.05.2025)",/2ta1799056t1cvn/chi-tiet-ban-an
https://congbobanan.toaan.gov.vn/2ta1799055t1cvn/chi-tiet-ban-an,"Bản án:số 98 ngày 06/03/2025 của  TAND TX. Thuận An,  tỉnh Bình Dương(21.05.2025)",/2ta1799055t1cvn/chi-tiet-ban-an
https://congbobanan.toaan.gov.vn/2ta1799072t1cvn/chi-tiet-ban-an,"Bản án:số 167 ngày 31/03/2025 của  TAND TX. Thuận An,  tỉnh Bình Dương(21.05.2025)",/2ta1799072t1cvn/chi-tiet-ban-an
https://congbobanan.toaan.gov.vn/2ta1799071t1cvn/chi-tiet-ban-an,"Bản án:số 166 ngày 31/03/2025 của  TAND TX. Thuận An,  tỉnh Bình Dương(21.05.2025)",/2ta1799071t1cvn/chi-tiet-ban-an
https://congbobanan.toaan.gov.vn/2ta1799070t1cvn/chi-tiet-ban-an,"Bản án:số 165 ngày 31/03/2025 của  TAND TX. Thuận An,  tỉnh Bình Dương(21.05.2025)",/2ta1799070t1cvn/chi-tiet-ban-an
https://congbobanan.toaan.gov.vn/2ta1799069t1cvn/chi-tiet-ban-an,"Bản án:số 97 ngày 06/03/2025 của  TAND TX. Thuận An,  tỉnh Bình Dương(21.05.2025)",/2ta1799069t1cvn/chi-tiet-ban-an
https://congbobanan.toaan.gov.vn/2ta1799068t1cvn/chi-tiet-ban-an,"Bản án:số 164 ngày 31/03/2025 của  TAND TX. Thuận An,  tỉnh Bình Dương(21.05.2025)",/2ta1799068t1cvn/chi-tiet-ban-an
https://congbobanan.toaan.gov.vn/2ta1799054t1cvn/chi-tiet-ban-an,"Bản án:số 156 ngày 26/03/2025 của  TAND TX. Thuận An,  tỉnh Bình Dương(21.05.2025)",/2ta1799054t1cvn/chi-tiet-ban-an
https://congbobanan.toaan.gov.vn/2ta1799053t1cvn/chi-tiet-ban-an,"Bản án:số 33 ngày 12/02/2025 của  TAND TX. Thuận An,  tỉnh Bình Dương(21.05.2025)",/2ta1799053t1cvn/chi-tiet-ban-an
https://congbobanan.toaan.gov.vn/2ta1799067t1cvn/chi-tiet-ban-an,"Bản án:số 96 ngày 06/03/2025 của  TAND TX. Thuận An,  tỉnh Bình Dương(21.05.2025)",/2ta1799067t1cvn/chi-tiet-ban-an
https://congbobanan.toaan.gov.vn/2ta1799021t1cvn/chi-tiet-ban-an,"Bản án:số 15 ngày 26/03/2025 của  TAND TX. Bến Cát,  tỉnh Bình Dương(21.05.2025)",/2ta1799021t1cvn/chi-tiet-ban-an
https://congbobanan.toaan.gov.vn/2ta1799022t1cvn/chi-tiet-ban-an,"Bản án:số 17 ngày 28/03/2025 của  TAND TX. Bến Cát,  tỉnh Bình Dương(21.05.2025)",/2ta1799022t1cvn/chi-tiet-ban-an
https://congbobanan.toaan.gov.vn/2ta1799026t1cvn/chi-tiet-ban-an,"Bản án:số 27 ngày 08/04/2025 của  TAND TX. Bến Cát,  tỉnh Bình Dương(21.05.2025)",/2ta1799026t1cvn/chi-tiet-ban-an
https://congbobanan.toaan.gov.vn/2ta1798529t1cvn/chi-tiet-ban-an,"Bản án:số 22 ngày 31/03/2025 của  TAND TX. Bến Cát,  tỉnh Bình Dương(21.05.2025)",/2ta1798529t1cvn/chi-tiet-ban-an
https://congbobanan.toaan.gov.vn/2ta1798527t1cvn/chi-tiet-ban-an,"Bản án:số 21 ngày 31/03/2025 của  TAND TX. Bến Cát,  tỉnh Bình Dương(21.05.2025)",/2ta1798527t1cvn/chi-tiet-ban-an
https://congbobanan.toaan.gov.vn/2ta1798512t1cvn/chi-tiet-ban-an,"Bản án:số 20 ngày 31/03/2025 của  TAND TX. Bến Cát,  tỉnh Bình Dương(21.05.2025)",/2ta1798512t1cvn/chi-tiet-ban-an
https://congbobanan.toaan.gov.vn/2ta1797297t1cvn/chi-tiet-ban-an,"Bản án:số 11/2025/LĐ-ST ngày 26/03/2025 của  TAND TP. Thủ Dầu Một,  tỉnh Bình Dương(19.05.2025)",/2ta1797297t1cvn/chi-tiet-ban-an
https://congbobanan.toaan.gov.vn/2ta1797296t1cvn/chi-tiet-ban-an,"Bản án:số 09/2025/LĐ-ST ngày 07/03/2025 của  TAND TP. Thủ Dầu Một,  tỉnh Bình Dương(19.05.2025)",/2ta1797296t1cvn/chi-tiet-ban-an
https://congbobanan.toaan.gov.vn/2ta1797275t1cvn/chi-tiet-ban-an,"Bản án:số 04 ngày 02/04/2025 của  TAND TX. Tân Uyên,  tỉnh Bình Dương(19.05.2025)",/2ta1797275t1cvn/chi-tiet-ban-an
https://congbobanan.toaan.gov.vn/2ta1797146t1cvn/chi-tiet-ban-an,"Bản án:số 18 ngày 30/12/2024 của  TAND huyện Bắc Tân Uyên,  tỉnh Bình Dương(19.05.2025)",/2ta1797146t1cvn/chi-tiet-ban-an
https://congbobanan.toaan.gov.vn/2ta1796843t1cvn/chi-tiet-ban-an,"Bản án:số 02 ngày 20/01/2025 của  TAND TX. Tân Uyên,  tỉnh Bình Dương(19.05.2025)",/2ta1796843t1cvn/chi-tiet-ban-an
https://congbobanan.toaan.gov.vn/2ta1796622t1cvn/chi-tiet-ban-an,"Bản án:số 180 ngày 04/04/2025 của  TAND TX. Thuận An,  tỉnh Bình Dương(19.05.2025)",/2ta1796622t1cvn/chi-tiet-ban-an
https://congbobanan.toaan.gov.vn/2ta1795910t1cvn/chi-tiet-ban-an,"Bản án:số 11 ngày 21/03/2025 của  TAND TX. Bến Cát,  tỉnh Bình Dương(17.05.2025)",/2ta1795910t1cvn/chi-tiet-ban-an
https://congbobanan.toaan.gov.vn/2ta1795836t1cvn/chi-tiet-ban-an,"Bản án:số 18 ngày 31/03/2025 của  TAND TX. Bến Cát,  tỉnh Bình Dương(17.05.2025)",/2ta1795836t1cvn/chi-tiet-ban-an
https://congbobanan.toaan.gov.vn/2ta1795301t1cvn/chi-tiet-ban-an,"Bản án:số 01 ngày 02/04/2025 của  TAND huyện Việt Yên,  tỉnh Bắc Giang(16.05.2025)",/2ta1795301t1cvn/chi-tiet-ban-an
https://congbobanan.toaan.gov.vn/2ta1793558t1cvn/chi-tiet-ban-an,"Bản án:số 145 ngày 18/03/2025 của  TAND TX. Thuận An,  tỉnh Bình Dương(14.05.2025)",/2ta1793558t1cvn/chi-tiet-ban-an
https://congbobanan.toaan.gov.vn/2ta1793557t1cvn/chi-tiet-ban-an,"Bản án:số 145 ngày 18/03/2025 của  TAND TX. Thuận An,  tỉnh Bình Dương(14.05.2025)",/2ta1793557t1cvn/chi-tiet-ban-an
https://congbobanan.toaan.gov.vn/2ta1793467t1cvn/chi-tiet-ban-an,Bản án:số 02/2025/LĐPT ngày 24/04/2025 của TAND tỉnh Quảng Bình(14.05.2025),/2ta1793467t1cvn/chi-tiet-ban-an
https://congbobanan.toaan.gov.vn/2ta1793556t1cvn/chi-tiet-ban-an,"Bản án:số 144 ngày 18/03/2025 của  TAND TX. Thuận An,  tỉnh Bình Dương(14.05.2025)",/2ta1793556t1cvn/chi-tiet-ban-an
https://congbobanan.toaan.gov.vn/2ta1793577t1cvn/chi-tiet-ban-an,"Bản án:số 143 ngày 18/03/2025 của  TAND TX. Thuận An,  tỉnh Bình Dương(14.05.2025)",/2ta1793577t1cvn/chi-tiet-ban-an
https://congbobanan.toaan.gov.vn/2ta1793576t1cvn/chi-tiet-ban-an,"Bản án:số 142 ngày 18/03/2025 của  TAND TX. Thuận An,  tỉnh Bình Dương(14.05.2025)",/2ta1793576t1cvn/chi-tiet-ban-an
https://congbobanan.toaan.gov.vn/2ta1793549t1cvn/chi-tiet-ban-an,"Bản án:số 141 ngày 18/03/2025 của  TAND TX. Thuận An,  tỉnh Bình Dương(14.05.2025)",/2ta1793549t1cvn/chi-tiet-ban-an
https://congbobanan.toaan.gov.vn/2ta1793523t1cvn/chi-tiet-ban-an,"Bản án:số 140 ngày 18/03/2025 của  TAND TX. Thuận An,  tỉnh Bình Dương(14.05.2025)",/2ta1793523t1cvn/chi-tiet-ban-an
https://congbobanan.toaan.gov.vn/2ta1793522t1cvn/chi-tiet-ban-an,"Bản án:số 139 ngày 18/03/2025 của  TAND TX. Thuận An,  tỉnh Bình Dương(14.05.2025)",/2ta1793522t1cvn/chi-tiet-ban-an
https://congbobanan.toaan.gov.vn/2ta1792897t1cvn/chi-tiet-ban-an,"Bản án:số 06 ngày 04/04/2024 của  TAND TX. Tân Uyên,  tỉnh Bình Dương(13.05.2025)",/2ta1792897t1cvn/chi-tiet-ban-an
https://congbobanan.toaan.gov.vn/2ta1792322t1cvn/chi-tiet-ban-an,"Bản án:số 28 ngày 20/01/2025 của  TAND TX. Thuận An,  tỉnh Bình Dương(12.05.2025)",/2ta1792322t1cvn/chi-tiet-ban-an
https://congbobanan.toaan.gov.vn/2ta1792321t1cvn/chi-tiet-ban-an,"Bản án:số 183 ngày 04/12/2024 của  TAND TX. Thuận An,  tỉnh Bình Dương(12.05.2025)",/2ta1792321t1cvn/chi-tiet-ban-an
https://congbobanan.toaan.gov.vn/2ta1791791t1cvn/chi-tiet-ban-an,"Bản án:số 26 ngày 10/04/2025 của  TAND TX. Bến Cát,  tỉnh Bình Dương(12.05.2025)",/2ta1791791t1cvn/chi-tiet-ban-an
https://congbobanan.toaan.gov.vn/2ta1791294t1cvn/chi-tiet-ban-an,"Bản án:số 23 ngày 31/03/2025 của  TAND TX. Bến Cát,  tỉnh Bình Dương(10.05.2025)",/2ta1791294t1cvn/chi-tiet-ban-an
https://congbobanan.toaan.gov.vn/2ta1791292t1cvn/chi-tiet-ban-an,"Bản án:số 24 ngày 31/03/2025 của  TAND TX. Bến Cát,  tỉnh Bình Dương(10.05.2025)",/2ta1791292t1cvn/chi-tiet-ban-an
https://congbobanan.toaan.gov.vn/2ta1790539t1cvn/chi-tiet-ban-an,"Bản án:số 30 ngày 06/12/2024 của  TAND TX. Bến Cát,  tỉnh Bình Dương(09.05.2025)",/2ta1790539t1cvn/chi-tiet-ban-an
https://congbobanan.toaan.gov.vn/2ta1789716t1cvn/chi-tiet-ban-an,"Bản án:số 01 ngày 17/03/2025 của  TAND huyện Bắc Tân Uyên,  tỉnh Bình Dương(08.05.2025)",/2ta1789716t1cvn/chi-tiet-ban-an
https://congbobanan.toaan.gov.vn/2ta1970272t1cvn/chi-tiet-ban-an,Bản án:số 05/2025/LĐ-PT ngày 08/05/2025 của Tòa Phúc thẩm Tòa án nhân dân tối cao tại Thành phố Hồ Chí Minh(01.10.2025),/2ta1970272t1cvn/chi-tiet-ban-an
https://congbobanan.toaan.gov.vn/2ta1787141t1cvn/chi-tiet-ban-an,"Bản án:số 04/2025/LĐ-ST ngày 24/01/2025 của  TAND TP. Biên Hòa,  tỉnh Đồng Nai(05.05.2025)",/2ta1787141t1cvn/chi-tiet-ban-an
https://congbobanan.toaan.gov.vn/2ta1785851t1cvn/chi-tiet-ban-an,"Bản án:số 08/2023/LĐ-ST ngày 31/08/2023 của  TAND TP. Biên Hòa,  tỉnh Đồng Nai(05.05.2025)",/2ta1785851t1cvn/chi-tiet-ban-an
https://congbobanan.toaan.gov.vn/2ta1784165t1cvn/chi-tiet-ban-an,"Bản án:số 01 ngày 07/01/2025 của  TAND TP. Biên Hòa,  tỉnh Đồng Nai(30.04.2025)",/2ta1784165t1cvn/chi-tiet-ban-an
https://congbobanan.toaan.gov.vn/2ta1783048t1cvn/chi-tiet-ban-an,"Bản án:số 05 ngày 23/07/2024 của  TAND Q. Hải Châu,  TP Đà Nẵng(29.04.2025)",/2ta1783048t1cvn/chi-tiet-ban-an
https://congbobanan.toaan.gov.vn/2ta1782315t1cvn/chi-tiet-ban-an,"Bản án:số 159 ngày 27/03/2025 của  TAND TX. Thuận An,  tỉnh Bình Dương(29.04.2025)",/2ta1782315t1cvn/chi-tiet-ban-an
https://congbobanan.toaan.gov.vn/2ta1782313t1cvn/chi-tiet-ban-an,"Bản án:số 158 ngày 27/03/2025 của  TAND TX. Thuận An,  tỉnh Bình Dương(29.04.2025)",/2ta1782313t1cvn/chi-tiet-ban-an
https://congbobanan.toaan.gov.vn/2ta1779915t1cvn/chi-tiet-ban-an,"Bản án:số 05/2024/LĐST ngày 12/11/2024 của  TAND huyện Mỹ Hào,  tỉnh Hưng Yên(26.04.2025)",/2ta1779915t1cvn/chi-tiet-ban-an
https://congbobanan.toaan.gov.vn/2ta1778644t1cvn/chi-tiet-ban-an,Bản án:số 117 ngày 23/12/2024 của TAND TP. Hồ Chí Minh(25.04.2025),/2ta1778644t1cvn/chi-tiet-ban-an
https://congbobanan.toaan.gov.vn/2ta1778649t1cvn/chi-tiet-ban-an,Bản án:số 118 ngày 24/12/2024 của TAND TP. Hồ Chí Minh(25.04.2025),/2ta1778649t1cvn/chi-tiet-ban-an
https://congbobanan.toaan.gov.vn/2ta1777997t1cvn/chi-tiet-ban-an,Bản án:số 02 ngày 20/03/2025 của TAND tỉnh Ninh Thuận(25.04.2025),/2ta1777997t1cvn/chi-tiet-ban-an
https://congbobanan.toaan.gov.vn/2ta1777821t1cvn/chi-tiet-ban-an,Bản án:số 01 ngày 27/03/2025 của TAND tỉnh Quảng Bình(24.04.2025),/2ta1777821t1cvn/chi-tiet-ban-an
https://congbobanan.toaan.gov.vn/2ta1777076t1cvn/chi-tiet-ban-an,"Bản án:số 03 ngày 01/03/2025 của  TAND Q. Liên Chiểu,  TP Đà Nẵng(23.04.2025)",/2ta1777076t1cvn/chi-tiet-ban-an
https://congbobanan.toaan.gov.vn/2ta1777093t1cvn/chi-tiet-ban-an,"Bản án:số 68 ngày 26/12/2024 của  TAND Q. Liên Chiểu,  TP Đà Nẵng(23.04.2025)",/2ta1777093t1cvn/chi-tiet-ban-an
https://congbobanan.toaan.gov.vn/2ta1775706t1cvn/chi-tiet-ban-an,"Bản án:số 147 ngày 20/03/2025 của  TAND TX. Thuận An,  tỉnh Bình Dương(22.04.2025)",/2ta1775706t1cvn/chi-tiet-ban-an
https://congbobanan.toaan.gov.vn/2ta1775705t1cvn/chi-tiet-ban-an,"Bản án:số 146 ngày 20/03/2025 của  TAND TX. Thuận An,  tỉnh Bình Dương(22.04.2025)",/2ta1775705t1cvn/chi-tiet-ban-an
https://congbobanan.toaan.gov.vn/2ta1773515t1cvn/chi-tiet-ban-an,"Bản án:số 10 ngày 14/03/2025 của  TAND TX. Bến Cát,  tỉnh Bình Dương(18.04.2025)",/2ta1773515t1cvn/chi-tiet-ban-an
https://congbobanan.toaan.gov.vn/2ta1772234t1cvn/chi-tiet-ban-an,Bản án:số 09/2025/LĐ-PT ngày 15/04/2025 của TAND tỉnh Bình Dương(16.04.2025),/2ta1772234t1cvn/chi-tiet-ban-an
https://congbobanan.toaan.gov.vn/2ta1771750t1cvn/chi-tiet-ban-an,"Bản án:số 138 ngày 14/03/2025 của  TAND TX. Thuận An,  tỉnh Bình Dương(15.04.2025)",/2ta1771750t1cvn/chi-tiet-ban-an
https://congbobanan.toaan.gov.vn/2ta1771749t1cvn/chi-tiet-ban-an,"Bản án:số 137 ngày 14/03/2025 của  TAND TX. Thuận An,  tỉnh Bình Dương(15.04.2025)",/2ta1771749t1cvn/chi-tiet-ban-an
https://congbobanan.toaan.gov.vn/2ta1770838t1cvn/chi-tiet-ban-an,"Bản án:số 2275/2024/LĐ-ST ngày 14/10/2024 của  TAND Q. Bình Thạnh,  TP. Hồ Chí Minh(15.04.2025)",/2ta1770838t1cvn/chi-tiet-ban-an
https://congbobanan.toaan.gov.vn/2ta1770745t1cvn/chi-tiet-ban-an,"Bản án:số 03 ngày 06/03/2025 của  TAND Q. Liên Chiểu,  TP Đà Nẵng(14.04.2025)",/2ta1770745t1cvn/chi-tiet-ban-an
https://congbobanan.toaan.gov.vn/2ta1770431t1cvn/chi-tiet-ban-an,"Bản án:số 1891/2024/LĐ-ST ngày 08/11/2024 của  TAND Q. Bình Thạnh,  TP. Hồ Chí Minh(14.04.2025)",/2ta1770431t1cvn/chi-tiet-ban-an
https://congbobanan.toaan.gov.vn/2ta1768124t1cvn/chi-tiet-ban-an,Bản án:số 01/2025/LĐ-PT ngày 28/02/2025 của TAND tỉnh Phú Thọ(10.04.2025),/2ta1768124t1cvn/chi-tiet-ban-an
https://congbobanan.toaan.gov.vn/2ta1768059t1cvn/chi-tiet-ban-an,Bản án:số 02/2025/LĐ-PT ngày 04/03/2025 của TAND tỉnh Vĩnh Long(10.04.2025),/2ta1768059t1cvn/chi-tiet-ban-an
https://congbobanan.toaan.gov.vn/2ta1766949t1cvn/chi-tiet-ban-an,"Bản án:số 04 ngày 09/01/2025 của  TAND Quận 12,  TP. Hồ Chí Minh(09.04.2025)",/2ta1766949t1cvn/chi-tiet-ban-an
https://congbobanan.toaan.gov.vn/2ta1766438t1cvn/chi-tiet-ban-an,"Bản án:số 09 ngày 07/03/2025 của  TAND TX. Bến Cát,  tỉnh Bình Dương(08.04.2025)",/2ta1766438t1cvn/chi-tiet-ban-an
https://congbobanan.toaan.gov.vn/2ta1766437t1cvn/chi-tiet-ban-an,"Bản án:số 01 ngày 07/01/2025 của  TAND TX. Bến Cát,  tỉnh Bình Dương(08.04.2025)",/2ta1766437t1cvn/chi-tiet-ban-an
https://congbobanan.toaan.gov.vn/2ta1181213t1cvn/chi-tiet-ban-an,"Bản án:số 06 ngày 04/06/2020 của  TAND Quận 12,  TP. Hồ Chí Minh(08.04.2025)",/2ta1181213t1cvn/chi-tiet-ban-an
https://congbobanan.toaan.gov.vn/2ta1766378t1cvn/chi-tiet-ban-an,"Bản án:số 01 ngày 08/01/2025 của  TAND huyện Cần Giuộc,  tỉnh Long An(08.04.2025)",/2ta1766378t1cvn/chi-tiet-ban-an
https://congbobanan.toaan.gov.vn/2ta1765445t1cvn/chi-tiet-ban-an,"Bản án:số 03 ngày 22/01/2025 của  TAND huyện Phú Tân,  tỉnh An Giang(07.04.2025)",/2ta1765445t1cvn/chi-tiet-ban-an
https://congbobanan.toaan.gov.vn/2ta1765446t1cvn/chi-tiet-ban-an,"Bản án:số 04 ngày 22/01/2025 của  TAND huyện Phú Tân,  tỉnh An Giang(07.04.2025)",/2ta1765446t1cvn/chi-tiet-ban-an
https://congbobanan.toaan.gov.vn/2ta1765447t1cvn/chi-tiet-ban-an,"Bản án:số 07 ngày 22/01/2025 của  TAND huyện Phú Tân,  tỉnh An Giang(07.04.2025)",/2ta1765447t1cvn/chi-tiet-ban-an
https://congbobanan.toaan.gov.vn/2ta1765449t1cvn/chi-tiet-ban-an,"Bản án:số 08 ngày 22/01/2025 của  TAND huyện Phú Tân,  tỉnh An Giang(07.04.2025)",/2ta1765449t1cvn/chi-tiet-ban-an
https://congbobanan.toaan.gov.vn/2ta1765450t1cvn/chi-tiet-ban-an,"Bản án:số 10 ngày 22/01/2025 của  TAND huyện Phú Tân,  tỉnh An Giang(07.04.2025)",/2ta1765450t1cvn/chi-tiet-ban-an
https://congbobanan.toaan.gov.vn/2ta1765462t1cvn/chi-tiet-ban-an,"Bản án:số 01 ngày 22/01/2025 của  TAND huyện Phú Tân,  tỉnh An Giang(07.04.2025)",/2ta1765462t1cvn/chi-tiet-ban-an
https://congbobanan.toaan.gov.vn/2ta1765463t1cvn/chi-tiet-ban-an,"Bản án:số 02 ngày 22/01/2025 của  TAND huyện Phú Tân,  tỉnh An Giang(07.04.2025)",/2ta1765463t1cvn/chi-tiet-ban-an
https://congbobanan.toaan.gov.vn/2ta1765465t1cvn/chi-tiet-ban-an,"Bản án:số 05 ngày 22/01/2025 của  TAND huyện Phú Tân,  tỉnh An Giang(07.04.2025)",/2ta1765465t1cvn/chi-tiet-ban-an
https://congbobanan.toaan.gov.vn/2ta1765466t1cvn/chi-tiet-ban-an,"Bản án:số 06 ngày 22/01/2025 của  TAND huyện Phú Tân,  tỉnh An Giang(07.04.2025)",/2ta1765466t1cvn/chi-tiet-ban-an
https://congbobanan.toaan.gov.vn/2ta1765467t1cvn/chi-tiet-ban-an,"Bản án:số 09 ngày 22/01/2025 của  TAND huyện Phú Tân,  tỉnh An Giang(07.04.2025)",/2ta1765467t1cvn/chi-tiet-ban-an
https://congbobanan.toaan.gov.vn/2ta1765069t1cvn/chi-tiet-ban-an,Bản án:số 14/2025/LĐ-PT ngày 28/02/2025 của TAND TP. Hồ Chí Minh(06.04.2025),/2ta1765069t1cvn/chi-tiet-ban-an
https://congbobanan.toaan.gov.vn/2ta1765070t1cvn/chi-tiet-ban-an,Bản án:số 94/2024/LĐ-PT ngày 29/08/2024 của TAND TP. Hồ Chí Minh(06.04.2025),/2ta1765070t1cvn/chi-tiet-ban-an
https://congbobanan.toaan.gov.vn/2ta1765072t1cvn/chi-tiet-ban-an,Bản án:số 98/2024/LĐ-PT ngày 16/09/2024 của TAND TP. Hồ Chí Minh(06.04.2025),/2ta1765072t1cvn/chi-tiet-ban-an
https://congbobanan.toaan.gov.vn/2ta1765176t1cvn/chi-tiet-ban-an,Bản án:số 99/2024/LĐ-PT ngày 17/09/2024 của TAND TP. Hồ Chí Minh(06.04.2025),/2ta1765176t1cvn/chi-tiet-ban-an
https://congbobanan.toaan.gov.vn/2ta1765178t1cvn/chi-tiet-ban-an,Bản án:số 109/2024/LĐ-PT ngày 25/11/2024 của TAND TP. Hồ Chí Minh(06.04.2025),/2ta1765178t1cvn/chi-tiet-ban-an
https://congbobanan.toaan.gov.vn/2ta1765061t1cvn/chi-tiet-ban-an,"Bản án:số 22 ngày 06/09/2024 của  TAND TX. Bến Cát,  tỉnh Bình Dương(04.04.2025)",/2ta1765061t1cvn/chi-tiet-ban-an
https://congbobanan.toaan.gov.vn/2ta1765062t1cvn/chi-tiet-ban-an,"Bản án:số 27 ngày 30/10/2024 của  TAND TX. Bến Cát,  tỉnh Bình Dương(04.04.2025)",/2ta1765062t1cvn/chi-tiet-ban-an
https://congbobanan.toaan.gov.vn/2ta1765063t1cvn/chi-tiet-ban-an,"Bản án:số 39 ngày 31/12/2024 của  TAND TX. Bến Cát,  tỉnh Bình Dương(04.04.2025)",/2ta1765063t1cvn/chi-tiet-ban-an
https://congbobanan.toaan.gov.vn/2ta1765064t1cvn/chi-tiet-ban-an,"Bản án:số 34 ngày 23/12/2024 của  TAND TX. Bến Cát,  tỉnh Bình Dương(04.04.2025)",/2ta1765064t1cvn/chi-tiet-ban-an
https://congbobanan.toaan.gov.vn/2ta1765080t1cvn/chi-tiet-ban-an,"Bản án:số 33 ngày 23/12/2024 của  TAND TX. Bến Cát,  tỉnh Bình Dương(04.04.2025)",/2ta1765080t1cvn/chi-tiet-ban-an
https://congbobanan.toaan.gov.vn/2ta1765037t1cvn/chi-tiet-ban-an,"Bản án:số 03 ngày 21/02/2025 của  TAND TX. Tân Uyên,  tỉnh Bình Dương(04.04.2025)",/2ta1765037t1cvn/chi-tiet-ban-an
https://congbobanan.toaan.gov.vn/2ta1764509t1cvn/chi-tiet-ban-an,"Bản án:số 21 ngày 22/01/2025 của  TAND huyện Phú Tân,  tỉnh An Giang(04.04.2025)",/2ta1764509t1cvn/chi-tiet-ban-an
https://congbobanan.toaan.gov.vn/2ta1764511t1cvn/chi-tiet-ban-an,"Bản án:số 22 ngày 22/01/2025 của  TAND huyện Phú Tân,  tỉnh An Giang(04.04.2025)",/2ta1764511t1cvn/chi-tiet-ban-an
https://congbobanan.toaan.gov.vn/2ta1764513t1cvn/chi-tiet-ban-an,"Bản án:số 23 ngày 22/01/2025 của  TAND huyện Phú Tân,  tỉnh An Giang(04.04.2025)",/2ta1764513t1cvn/chi-tiet-ban-an
https://congbobanan.toaan.gov.vn/2ta1764537t1cvn/chi-tiet-ban-an,"Bản án:số 24 ngày 22/01/2025 của  TAND huyện Phú Tân,  tỉnh An Giang(04.04.2025)",/2ta1764537t1cvn/chi-tiet-ban-an
https://congbobanan.toaan.gov.vn/2ta1764550t1cvn/chi-tiet-ban-an,"Bản án:số 27 ngày 22/01/2025 của  TAND huyện Phú Tân,  tỉnh An Giang(04.04.2025)",/2ta1764550t1cvn/chi-tiet-ban-an
https://congbobanan.toaan.gov.vn/2ta1764539t1cvn/chi-tiet-ban-an,"Bản án:số 25 ngày 22/01/2025 của  TAND huyện Phú Tân,  tỉnh An Giang(04.04.2025)",/2ta1764539t1cvn/chi-tiet-ban-an
https://congbobanan.toaan.gov.vn/2ta1764551t1cvn/chi-tiet-ban-an,"Bản án:số 29 ngày 22/01/2025 của  TAND huyện Phú Tân,  tỉnh An Giang(04.04.2025)",/2ta1764551t1cvn/chi-tiet-ban-an
https://congbobanan.toaan.gov.vn/2ta1764552t1cvn/chi-tiet-ban-an,"Bản án:số 30 ngày 22/01/2025 của  TAND huyện Phú Tân,  tỉnh An Giang(04.04.2025)",/2ta1764552t1cvn/chi-tiet-ban-an
https://congbobanan.toaan.gov.vn/2ta1764562t1cvn/chi-tiet-ban-an,"Bản án:số 26 ngày 22/01/2025 của  TAND huyện Phú Tân,  tỉnh An Giang(04.04.2025)",/2ta1764562t1cvn/chi-tiet-ban-an
https://congbobanan.toaan.gov.vn/2ta1764565t1cvn/chi-tiet-ban-an,"Bản án:số 28 ngày 22/01/2025 của  TAND huyện Phú Tân,  tỉnh An Giang(04.04.2025)",/2ta1764565t1cvn/chi-tiet-ban-an
https://congbobanan.toaan.gov.vn/2ta1764480t1cvn/chi-tiet-ban-an,"Bản án:số 06 ngày 26/02/2025 của  TAND TP. Thủ Dầu Một,  tỉnh Bình Dương(04.04.2025)",/2ta1764480t1cvn/chi-tiet-ban-an
https://congbobanan.toaan.gov.vn/2ta1762415t1cvn/chi-tiet-ban-an,"Bản án:số 03 ngày 23/01/2025 của  TAND huyện Cần Giuộc,  tỉnh Long An(04.04.2025)",/2ta1762415t1cvn/chi-tiet-ban-an
https://congbobanan.toaan.gov.vn/2ta1763325t1cvn/chi-tiet-ban-an,Bản án:số 3/2024/LĐ-PT ngày 08/01/2024 của TAND TP. Hồ Chí Minh(03.04.2025),/2ta1763325t1cvn/chi-tiet-ban-an
https://congbobanan.toaan.gov.vn/2ta1763394t1cvn/chi-tiet-ban-an,Bản án:số 101/2024/LĐ-PT ngày 18/09/2024 của TAND TP. Hồ Chí Minh(03.04.2025),/2ta1763394t1cvn/chi-tiet-ban-an
https://congbobanan.toaan.gov.vn/2ta1764064t1cvn/chi-tiet-ban-an,Bản án:số 89/2024/LĐ-PT ngày 13/08/2024 của TAND TP. Hồ Chí Minh(03.04.2025),/2ta1764064t1cvn/chi-tiet-ban-an
https://congbobanan.toaan.gov.vn/2ta1762923t1cvn/chi-tiet-ban-an,"Bản án:số 32 ngày 22/01/2025 của  TAND huyện Phú Tân,  tỉnh An Giang(02.04.2025)",/2ta1762923t1cvn/chi-tiet-ban-an
https://congbobanan.toaan.gov.vn/2ta1762904t1cvn/chi-tiet-ban-an,"Bản án:số 31 ngày 22/01/2025 của  TAND huyện Phú Tân,  tỉnh An Giang(02.04.2025)",/2ta1762904t1cvn/chi-tiet-ban-an
https://congbobanan.toaan.gov.vn/2ta1762903t1cvn/chi-tiet-ban-an,"Bản án:số 37 ngày 22/01/2025 của  TAND huyện Phú Tân,  tỉnh An Giang(02.04.2025)",/2ta1762903t1cvn/chi-tiet-ban-an
https://congbobanan.toaan.gov.vn/2ta1762921t1cvn/chi-tiet-ban-an,"Bản án:số 38 ngày 22/01/2025 của  TAND huyện Phú Tân,  tỉnh An Giang(02.04.2025)",/2ta1762921t1cvn/chi-tiet-ban-an
https://congbobanan.toaan.gov.vn/2ta1762899t1cvn/chi-tiet-ban-an,"Bản án:số 42 ngày 22/01/2025 của  TAND huyện Phú Tân,  tỉnh An Giang(02.04.2025)",/2ta1762899t1cvn/chi-tiet-ban-an
https://congbobanan.toaan.gov.vn/2ta1762898t1cvn/chi-tiet-ban-an,"Bản án:số 39 ngày 22/01/2025 của  TAND huyện Phú Tân,  tỉnh An Giang(02.04.2025)",/2ta1762898t1cvn/chi-tiet-ban-an
https://congbobanan.toaan.gov.vn/2ta1762896t1cvn/chi-tiet-ban-an,"Bản án:số 34 ngày 22/01/2025 của  TAND huyện Phú Tân,  tỉnh An Giang(02.04.2025)",/2ta1762896t1cvn/chi-tiet-ban-an
https://congbobanan.toaan.gov.vn/2ta1762893t1cvn/chi-tiet-ban-an,"Bản án:số 36 ngày 22/01/2025 của  TAND huyện Phú Tân,  tỉnh An Giang(02.04.2025)",/2ta1762893t1cvn/chi-tiet-ban-an
https://congbobanan.toaan.gov.vn/2ta1762879t1cvn/chi-tiet-ban-an,"Bản án:số 40 ngày 22/01/2025 của  TAND huyện Phú Tân,  tỉnh An Giang(02.04.2025)",/2ta1762879t1cvn/chi-tiet-ban-an
https://congbobanan.toaan.gov.vn/2ta1762892t1cvn/chi-tiet-ban-an,"Bản án:số 43 ngày 22/01/2025 của  TAND huyện Phú Tân,  tỉnh An Giang(02.04.2025)",/2ta1762892t1cvn/chi-tiet-ban-an
https://congbobanan.toaan.gov.vn/2ta1762877t1cvn/chi-tiet-ban-an,"Bản án:số 41 ngày 22/01/2025 của  TAND huyện Phú Tân,  tỉnh An Giang(02.04.2025)",/2ta1762877t1cvn/chi-tiet-ban-an
https://congbobanan.toaan.gov.vn/2ta1762881t1cvn/chi-tiet-ban-an,"Bản án:số 35 ngày 22/01/2025 của  TAND huyện Phú Tân,  tỉnh An Giang(02.04.2025)",/2ta1762881t1cvn/chi-tiet-ban-an
https://congbobanan.toaan.gov.vn/2ta1762662t1cvn/chi-tiet-ban-an,"Bản án:số 4958 ngày 30/09/2024 của  Thành phố Thủ Đức,  TP. Hồ Chí Minh(02.04.2025)",/2ta1762662t1cvn/chi-tiet-ban-an
https://congbobanan.toaan.gov.vn/2ta1762666t1cvn/chi-tiet-ban-an,"Bản án:số 4512 ngày 20/09/2024 của  Thành phố Thủ Đức,  TP. Hồ Chí Minh(02.04.2025)",/2ta1762666t1cvn/chi-tiet-ban-an
https://congbobanan.toaan.gov.vn/2ta1761730t1cvn/chi-tiet-ban-an,"Bản án:số 05 ngày 14/02/2025 của  TAND TX. Bến Cát,  tỉnh Bình Dương(01.04.2025)",/2ta1761730t1cvn/chi-tiet-ban-an
https://congbobanan.toaan.gov.vn/2ta1761721t1cvn/chi-tiet-ban-an,"Bản án:số 36 ngày 23/12/2024 của  TAND TX. Bến Cát,  tỉnh Bình Dương(01.04.2025)",/2ta1761721t1cvn/chi-tiet-ban-an
https://congbobanan.toaan.gov.vn/2ta1761694t1cvn/chi-tiet-ban-an,"Bản án:số 35 ngày 23/12/2024 của  TAND TX. Bến Cát,  tỉnh Bình Dương(01.04.2025)",/2ta1761694t1cvn/chi-tiet-ban-an
https://congbobanan.toaan.gov.vn/2ta1761693t1cvn/chi-tiet-ban-an,"Bản án:số 33 ngày 22/01/2025 của  TAND huyện Phú Tân,  tỉnh An Giang(01.04.2025)",/2ta1761693t1cvn/chi-tiet-ban-an
https://congbobanan.toaan.gov.vn/2ta1761683t1cvn/chi-tiet-ban-an,"Bản án:số 35 ngày 22/01/2025 của  TAND huyện Phú Tân,  tỉnh An Giang(01.04.2025)",/2ta1761683t1cvn/chi-tiet-ban-an
https://congbobanan.toaan.gov.vn/2ta1759108t1cvn/chi-tiet-ban-an,"Bản án:số 03 ngày 16/01/2025 của  TAND TX. Bến Cát,  tỉnh Bình Dương(31.03.2025)",/2ta1759108t1cvn/chi-tiet-ban-an
https://congbobanan.toaan.gov.vn/2ta1759070t1cvn/chi-tiet-ban-an,"Bản án:số 04 ngày 24/01/2025 của  TAND TX. Bến Cát,  tỉnh Bình Dương(31.03.2025)",/2ta1759070t1cvn/chi-tiet-ban-an
https://congbobanan.toaan.gov.vn/2ta1758102t1cvn/chi-tiet-ban-an,"Bản án:số 149/2024/LĐ-ST ngày 30/08/2024 của  TAND huyện Đức Hòa,  tỉnh Long An(31.03.2025)",/2ta1758102t1cvn/chi-tiet-ban-an
https://congbobanan.toaan.gov.vn/2ta1758092t1cvn/chi-tiet-ban-an,"Bản án:số 148/2024/LĐ-ST ngày 30/08/2024 của  TAND huyện Đức Hòa,  tỉnh Long An(31.03.2025)",/2ta1758092t1cvn/chi-tiet-ban-an
https://congbobanan.toaan.gov.vn/2ta1758064t1cvn/chi-tiet-ban-an,"Bản án:số 38 ngày 18/07/2024 của  TAND Quận 1,  TP. Hồ Chí Minh(31.03.2025)",/2ta1758064t1cvn/chi-tiet-ban-an
https://congbobanan.toaan.gov.vn/2ta1756367t1cvn/chi-tiet-ban-an,Bản án:số 83 ngày 30/07/2024 của TAND TP. Hồ Chí Minh(31.03.2025),/2ta1756367t1cvn/chi-tiet-ban-an
https://congbobanan.toaan.gov.vn/2ta1756403t1cvn/chi-tiet-ban-an,Bản án:số 105 ngày 25/09/2024 của TAND TP. Hồ Chí Minh(31.03.2025),/2ta1756403t1cvn/chi-tiet-ban-an
https://congbobanan.toaan.gov.vn/2ta1756411t1cvn/chi-tiet-ban-an,Bản án:số 110 ngày 29/11/2024 của TAND TP. Hồ Chí Minh(31.03.2025),/2ta1756411t1cvn/chi-tiet-ban-an
https://congbobanan.toaan.gov.vn/2ta1756680t1cvn/chi-tiet-ban-an,"Bản án:số 02 ngày 07/02/2025 của  TAND TP. Thủ Dầu Một,  tỉnh Bình Dương(31.03.2025)",/2ta1756680t1cvn/chi-tiet-ban-an
https://congbobanan.toaan.gov.vn/2ta1755487t1cvn/chi-tiet-ban-an,"Bản án:số 1487/2024/LĐ-ST ngày 31/12/2024 của  TAND Q. Phú Nhuận,  TP. Hồ Chí Minh(31.03.2025)",/2ta1755487t1cvn/chi-tiet-ban-an
https://congbobanan.toaan.gov.vn/2ta1755410t1cvn/chi-tiet-ban-an,"Bản án:số 24 ngày 18/02/2025 của  TAND huyện Đức Hòa,  tỉnh Long An(31.03.2025)",/2ta1755410t1cvn/chi-tiet-ban-an
https://congbobanan.toaan.gov.vn/2ta1755378t1cvn/chi-tiet-ban-an,"Bản án:số 185 ngày 30/09/2024 của  TAND huyện Đức Hòa,  tỉnh Long An(31.03.2025)",/2ta1755378t1cvn/chi-tiet-ban-an
https://congbobanan.toaan.gov.vn/2ta1755257t1cvn/chi-tiet-ban-an,"Bản án:số 73 ngày 27/02/2025 của  TAND TX. Thuận An,  tỉnh Bình Dương(31.03.2025)",/2ta1755257t1cvn/chi-tiet-ban-an
https://congbobanan.toaan.gov.vn/2ta1755264t1cvn/chi-tiet-ban-an,"Bản án:số 71 ngày 27/02/2025 của  TAND TX. Thuận An,  tỉnh Bình Dương(31.03.2025)",/2ta1755264t1cvn/chi-tiet-ban-an
https://congbobanan.toaan.gov.vn/2ta1755263t1cvn/chi-tiet-ban-an,"Bản án:số 72 ngày 28/02/2025 của  TAND TX. Thuận An,  tỉnh Bình Dương(31.03.2025)",/2ta1755263t1cvn/chi-tiet-ban-an
https://congbobanan.toaan.gov.vn/2ta1753783t1cvn/chi-tiet-ban-an,"Bản án:số 18 ngày 06/12/2024 của  TAND huyện Cần Giuộc,  tỉnh Long An(31.03.2025)",/2ta1753783t1cvn/chi-tiet-ban-an
https://congbobanan.toaan.gov.vn/2ta1753846t1cvn/chi-tiet-ban-an,"Bản án:số 19 ngày 06/12/2024 của  TAND huyện Cần Giuộc,  tỉnh Long An(31.03.2025)",/2ta1753846t1cvn/chi-tiet-ban-an
https://congbobanan.toaan.gov.vn/2ta1753858t1cvn/chi-tiet-ban-an,"Bản án:số 20 ngày 25/12/2024 của  TAND huyện Cần Giuộc,  tỉnh Long An(31.03.2025)",/2ta1753858t1cvn/chi-tiet-ban-an
https://congbobanan.toaan.gov.vn/2ta1753863t1cvn/chi-tiet-ban-an,"Bản án:số 23 ngày 31/12/2024 của  TAND huyện Cần Giuộc,  tỉnh Long An(31.03.2025)",/2ta1753863t1cvn/chi-tiet-ban-an
https://congbobanan.toaan.gov.vn/2ta1753285t1cvn/chi-tiet-ban-an,"Bản án:số 25 ngày 17/01/2025 của  TAND TX. Thuận An,  tỉnh Bình Dương(30.03.2025)",/2ta1753285t1cvn/chi-tiet-ban-an
https://congbobanan.toaan.gov.vn/2ta1753278t1cvn/chi-tiet-ban-an,"Bản án:số 41 ngày 13/02/2025 của  TAND TX. Thuận An,  tỉnh Bình Dương(30.03.2025)",/2ta1753278t1cvn/chi-tiet-ban-an
https://congbobanan.toaan.gov.vn/2ta1753258t1cvn/chi-tiet-ban-an,"Bản án:số 37 ngày 13/02/2025 của  TAND TX. Thuận An,  tỉnh Bình Dương(30.03.2025)",/2ta1753258t1cvn/chi-tiet-ban-an
https://congbobanan.toaan.gov.vn/2ta1753274t1cvn/chi-tiet-ban-an,"Bản án:số 39 ngày 13/02/2025 của  TAND TX. Thuận An,  tỉnh Bình Dương(30.03.2025)",/2ta1753274t1cvn/chi-tiet-ban-an
https://congbobanan.toaan.gov.vn/2ta1753256t1cvn/chi-tiet-ban-an,"Bản án:số 40 ngày 13/02/2025 của  TAND TX. Thuận An,  tỉnh Bình Dương(30.03.2025)",/2ta1753256t1cvn/chi-tiet-ban-an
https://congbobanan.toaan.gov.vn/2ta1753240t1cvn/chi-tiet-ban-an,"Bản án:số 132/2024/LĐ-ST ngày 15/08/2024 của  TAND huyện Đức Hòa,  tỉnh Long An(30.03.2025)",/2ta1753240t1cvn/chi-tiet-ban-an
https://congbobanan.toaan.gov.vn/2ta1753230t1cvn/chi-tiet-ban-an,"Bản án:số 133/2024/LĐ-ST ngày 15/08/2024 của  TAND huyện Đức Hòa,  tỉnh Long An(30.03.2025)",/2ta1753230t1cvn/chi-tiet-ban-an
https://congbobanan.toaan.gov.vn/2ta1753242t1cvn/chi-tiet-ban-an,"Bản án:số 131/2024/LĐ-ST ngày 15/08/2024 của  TAND huyện Đức Hòa,  tỉnh Long An(30.03.2025)",/2ta1753242t1cvn/chi-tiet-ban-an
https://congbobanan.toaan.gov.vn/2ta1753243t1cvn/chi-tiet-ban-an,"Bản án:số 134/2024/LĐ-ST ngày 15/08/2024 của  TAND huyện Đức Hòa,  tỉnh Long An(30.03.2025)",/2ta1753243t1cvn/chi-tiet-ban-an
https://congbobanan.toaan.gov.vn/2ta1753187t1cvn/chi-tiet-ban-an,"Bản án:số 38 ngày 13/02/2025 của  TAND TX. Thuận An,  tỉnh Bình Dương(30.03.2025)",/2ta1753187t1cvn/chi-tiet-ban-an
https://congbobanan.toaan.gov.vn/2ta1753186t1cvn/chi-tiet-ban-an,"Bản án:số 27 ngày 26/01/2025 của  TAND TX. Thuận An,  tỉnh Bình Dương(30.03.2025)",/2ta1753186t1cvn/chi-tiet-ban-an
https://congbobanan.toaan.gov.vn/2ta1752695t1cvn/chi-tiet-ban-an,"Bản án:số 47 ngày 17/02/2025 của  TAND TX. Thuận An,  tỉnh Bình Dương(30.03.2025)",/2ta1752695t1cvn/chi-tiet-ban-an
https://congbobanan.toaan.gov.vn/2ta1752689t1cvn/chi-tiet-ban-an,"Bản án:số 44 ngày 17/02/2025 của  TAND TX. Thuận An,  tỉnh Bình Dương(30.03.2025)",/2ta1752689t1cvn/chi-tiet-ban-an
https://congbobanan.toaan.gov.vn/2ta1752686t1cvn/chi-tiet-ban-an,"Bản án:số 46 ngày 17/02/2025 của  TAND TX. Thuận An,  tỉnh Bình Dương(30.03.2025)",/2ta1752686t1cvn/chi-tiet-ban-an
https://congbobanan.toaan.gov.vn/2ta1752680t1cvn/chi-tiet-ban-an,"Bản án:số 45 ngày 17/02/2025 của  TAND TX. Thuận An,  tỉnh Bình Dương(30.03.2025)",/2ta1752680t1cvn/chi-tiet-ban-an
https://congbobanan.toaan.gov.vn/2ta1752652t1cvn/chi-tiet-ban-an,"Bản án:số 48 ngày 17/02/2025 của  TAND TX. Thuận An,  tỉnh Bình Dương(30.03.2025)",/2ta1752652t1cvn/chi-tiet-ban-an
https://congbobanan.toaan.gov.vn/2ta1752649t1cvn/chi-tiet-ban-an,"Bản án:số 43 ngày 17/02/2025 của  TAND TX. Thuận An,  tỉnh Bình Dương(30.03.2025)",/2ta1752649t1cvn/chi-tiet-ban-an
https://congbobanan.toaan.gov.vn/2ta1752647t1cvn/chi-tiet-ban-an,"Bản án:số 50 ngày 17/02/2025 của  TAND TX. Thuận An,  tỉnh Bình Dương(30.03.2025)",/2ta1752647t1cvn/chi-tiet-ban-an
https://congbobanan.toaan.gov.vn/2ta1752644t1cvn/chi-tiet-ban-an,"Bản án:số 49 ngày 17/02/2025 của  TAND TX. Thuận An,  tỉnh Bình Dương(30.03.2025)",/2ta1752644t1cvn/chi-tiet-ban-an
https://congbobanan.toaan.gov.vn/2ta1752456t1cvn/chi-tiet-ban-an,"Bản án:số 23 ngày 21/02/2025 của  TAND TX. Thuận An,  tỉnh Bình Dương(30.03.2025)",/2ta1752456t1cvn/chi-tiet-ban-an
https://congbobanan.toaan.gov.vn/2ta1752457t1cvn/chi-tiet-ban-an,"Bản án:số 24 ngày 21/02/2025 của  TAND TX. Thuận An,  tỉnh Bình Dương(30.03.2025)",/2ta1752457t1cvn/chi-tiet-ban-an
https://congbobanan.toaan.gov.vn/2ta1752459t1cvn/chi-tiet-ban-an,"Bản án:số 17 ngày 21/02/2025 của  TAND TX. Thuận An,  tỉnh Bình Dương(30.03.2025)",/2ta1752459t1cvn/chi-tiet-ban-an
https://congbobanan.toaan.gov.vn/2ta1752461t1cvn/chi-tiet-ban-an,"Bản án:số 18 ngày 21/02/2025 của  TAND TX. Thuận An,  tỉnh Bình Dương(30.03.2025)",/2ta1752461t1cvn/chi-tiet-ban-an
https://congbobanan.toaan.gov.vn/2ta1752475t1cvn/chi-tiet-ban-an,"Bản án:số 61 ngày 25/02/2025 của  TAND TX. Thuận An,  tỉnh Bình Dương(30.03.2025)",/2ta1752475t1cvn/chi-tiet-ban-an
https://congbobanan.toaan.gov.vn/2ta1752477t1cvn/chi-tiet-ban-an,"Bản án:số 22 ngày 21/02/2025 của  TAND TX. Thuận An,  tỉnh Bình Dương(30.03.2025)",/2ta1752477t1cvn/chi-tiet-ban-an
https://congbobanan.toaan.gov.vn/2ta1752479t1cvn/chi-tiet-ban-an,"Bản án:số 19 ngày 21/02/2025 của  TAND TX. Thuận An,  tỉnh Bình Dương(30.03.2025)",/2ta1752479t1cvn/chi-tiet-ban-an
https://congbobanan.toaan.gov.vn/2ta1752482t1cvn/chi-tiet-ban-an,"Bản án:số 20 ngày 21/02/2025 của  TAND TX. Thuận An,  tỉnh Bình Dương(30.03.2025)",/2ta1752482t1cvn/chi-tiet-ban-an
https://congbobanan.toaan.gov.vn/2ta1752484t1cvn/chi-tiet-ban-an,"Bản án:số 21 ngày 21/02/2025 của  TAND TX. Thuận An,  tỉnh Bình Dương(30.03.2025)",/2ta1752484t1cvn/chi-tiet-ban-an
https://congbobanan.toaan.gov.vn/2ta1752500t1cvn/chi-tiet-ban-an,"Bản án:số 21 ngày 21/02/2025 của  TAND TX. Thuận An,  tỉnh Bình Dương(30.03.2025)",/2ta1752500t1cvn/chi-tiet-ban-an
https://congbobanan.toaan.gov.vn/2ta1751631t1cvn/chi-tiet-ban-an,"Bản án:số 70 ngày 27/02/2025 của  TAND TX. Thuận An,  tỉnh Bình Dương(29.03.2025)",/2ta1751631t1cvn/chi-tiet-ban-an
https://congbobanan.toaan.gov.vn/2ta1751644t1cvn/chi-tiet-ban-an,"Bản án:số 31 ngày 07/02/2025 của  TAND TX. Thuận An,  tỉnh Bình Dương(29.03.2025)",/2ta1751644t1cvn/chi-tiet-ban-an
https://congbobanan.toaan.gov.vn/2ta1751615t1cvn/chi-tiet-ban-an,"Bản án:số 30 ngày 07/02/2025 của  TAND TX. Thuận An,  tỉnh Bình Dương(29.03.2025)",/2ta1751615t1cvn/chi-tiet-ban-an
https://congbobanan.toaan.gov.vn/2ta1751606t1cvn/chi-tiet-ban-an,"Bản án:số 29 ngày 07/02/2025 của  TAND TX. Thuận An,  tỉnh Bình Dương(29.03.2025)",/2ta1751606t1cvn/chi-tiet-ban-an
https://congbobanan.toaan.gov.vn/2ta1751595t1cvn/chi-tiet-ban-an,"Bản án:số 69 ngày 26/02/2025 của  TAND TX. Thuận An,  tỉnh Bình Dương(29.03.2025)",/2ta1751595t1cvn/chi-tiet-ban-an
https://congbobanan.toaan.gov.vn/2ta1751568t1cvn/chi-tiet-ban-an,"Bản án:số 68 ngày 26/03/2025 của  TAND TX. Thuận An,  tỉnh Bình Dương(29.03.2025)",/2ta1751568t1cvn/chi-tiet-ban-an
https://congbobanan.toaan.gov.vn/2ta1751587t1cvn/chi-tiet-ban-an,"Bản án:số 67 ngày 26/02/2025 của  TAND TX. Thuận An,  tỉnh Bình Dương(29.03.2025)",/2ta1751587t1cvn/chi-tiet-ban-an
https://congbobanan.toaan.gov.vn/2ta1751562t1cvn/chi-tiet-ban-an,"Bản án:số 66 ngày 26/02/2025 của  TAND TX. Thuận An,  tỉnh Bình Dương(29.03.2025)",/2ta1751562t1cvn/chi-tiet-ban-an
https://congbobanan.toaan.gov.vn/2ta1751561t1cvn/chi-tiet-ban-an,"Bản án:số 66 ngày 26/02/2025 của  TAND TX. Thuận An,  tỉnh Bình Dương(29.03.2025)",/2ta1751561t1cvn/chi-tiet-ban-an
https://congbobanan.toaan.gov.vn/2ta1751536t1cvn/chi-tiet-ban-an,"Bản án:số 65 ngày 26/02/2025 của  TAND TX. Thuận An,  tỉnh Bình Dương(29.03.2025)",/2ta1751536t1cvn/chi-tiet-ban-an
https://congbobanan.toaan.gov.vn/2ta1751533t1cvn/chi-tiet-ban-an,"Bản án:số 64 ngày 26/02/2025 của  TAND TX. Thuận An,  tỉnh Bình Dương(29.03.2025)",/2ta1751533t1cvn/chi-tiet-ban-an
https://congbobanan.toaan.gov.vn/2ta1751545t1cvn/chi-tiet-ban-an,"Bản án:số 63 ngày 26/02/2025 của  TAND TX. Thuận An,  tỉnh Bình Dương(29.03.2025)",/2ta1751545t1cvn/chi-tiet-ban-an
https://congbobanan.toaan.gov.vn/2ta1751518t1cvn/chi-tiet-ban-an,"Bản án:số 62 ngày 07/02/2025 của  TAND TX. Thuận An,  tỉnh Bình Dương(29.03.2025)",/2ta1751518t1cvn/chi-tiet-ban-an
https://congbobanan.toaan.gov.vn/2ta1751206t1cvn/chi-tiet-ban-an,"Bản án:số 06/2025/LĐ-ST ngày 17/01/2025 của  TAND huyện Đức Hòa,  tỉnh Long An(29.03.2025)",/2ta1751206t1cvn/chi-tiet-ban-an
https://congbobanan.toaan.gov.vn/2ta1751207t1cvn/chi-tiet-ban-an,"Bản án:số 17/2025/LĐ-ST ngày 10/02/2025 của  TAND huyện Đức Hòa,  tỉnh Long An(29.03.2025)",/2ta1751207t1cvn/chi-tiet-ban-an
https://congbobanan.toaan.gov.vn/2ta1751220t1cvn/chi-tiet-ban-an,"Bản án:số 22/2025/LĐ-ST ngày 12/02/2025 của  TAND huyện Đức Hòa,  tỉnh Long An(29.03.2025)",/2ta1751220t1cvn/chi-tiet-ban-an
https://congbobanan.toaan.gov.vn/2ta1749932t1cvn/chi-tiet-ban-an,"Bản án:số 2139 ngày 24/09/2024 của  TAND Q. Bình Thạnh,  TP. Hồ Chí Minh(28.03.2025)",/2ta1749932t1cvn/chi-tiet-ban-an
https://congbobanan.toaan.gov.vn/2ta1749848t1cvn/chi-tiet-ban-an,"Bản án:số 2137 ngày 26/09/2024 của  TAND Q. Bình Thạnh,  TP. Hồ Chí Minh(28.03.2025)",/2ta1749848t1cvn/chi-tiet-ban-an
https://congbobanan.toaan.gov.vn/2ta1749822t1cvn/chi-tiet-ban-an,"Bản án:số 2136 ngày 26/09/2024 của  TAND Q. Bình Thạnh,  TP. Hồ Chí Minh(28.03.2025)",/2ta1749822t1cvn/chi-tiet-ban-an
https://congbobanan.toaan.gov.vn/2ta1749661t1cvn/chi-tiet-ban-an,"Bản án:số 2138 ngày 26/09/2024 của  TAND Q. Bình Thạnh,  TP. Hồ Chí Minh(28.03.2025)",/2ta1749661t1cvn/chi-tiet-ban-an
https://congbobanan.toaan.gov.vn/2ta1749205t1cvn/chi-tiet-ban-an,"Bản án:số 4380 ngày 17/09/2024 của  Thành phố Thủ Đức,  TP. Hồ Chí Minh(28.03.2025)",/2ta1749205t1cvn/chi-tiet-ban-an
https://congbobanan.toaan.gov.vn/2ta1748740t1cvn/chi-tiet-ban-an,"Bản án:số 15/2024/ST-LĐ ngày 27/09/2024 của  TAND Quận 8,  TP. Hồ Chí Minh(28.03.2025)",/2ta1748740t1cvn/chi-tiet-ban-an
https://congbobanan.toaan.gov.vn/2ta1748245t1cvn/chi-tiet-ban-an,"Bản án:số 01 ngày 21/02/2025 của  TAND TP. Lào Cai,  tỉnh Lào Cai(28.03.2025)",/2ta1748245t1cvn/chi-tiet-ban-an
https://congbobanan.toaan.gov.vn/2ta1747763t1cvn/chi-tiet-ban-an,"Bản án:số 14 ngày 04/02/2025 của  TAND huyện Đức Hòa,  tỉnh Long An(27.03.2025)",/2ta1747763t1cvn/chi-tiet-ban-an
https://congbobanan.toaan.gov.vn/2ta1747720t1cvn/chi-tiet-ban-an,"Bản án:số 23 ngày 14/02/2025 của  TAND huyện Đức Hòa,  tỉnh Long An(27.03.2025)",/2ta1747720t1cvn/chi-tiet-ban-an
https://congbobanan.toaan.gov.vn/2ta1745944t1cvn/chi-tiet-ban-an,Bản án:số 01/2024/LD-PT ngày 24/12/2024 của TAND tỉnh Bình Thuận(26.03.2025),/2ta1745944t1cvn/chi-tiet-ban-an
https://congbobanan.toaan.gov.vn/2ta1745477t1cvn/chi-tiet-ban-an,"Bản án:số 195/2024/LĐ-ST ngày 31/12/2024 của  TAND huyện Đức Hòa,  tỉnh Long An(26.03.2025)",/2ta1745477t1cvn/chi-tiet-ban-an
https://congbobanan.toaan.gov.vn/2ta1745495t1cvn/chi-tiet-ban-an,"Bản án:số 194/2024/LĐ-ST ngày 30/12/2024 của  TAND huyện Đức Hòa,  tỉnh Long An(26.03.2025)",/2ta1745495t1cvn/chi-tiet-ban-an
https://congbobanan.toaan.gov.vn/2ta1745498t1cvn/chi-tiet-ban-an,"Bản án:số 191/2024/LĐ-ST ngày 26/12/2024 của  TAND huyện Đức Hòa,  tỉnh Long An(26.03.2025)",/2ta1745498t1cvn/chi-tiet-ban-an
https://congbobanan.toaan.gov.vn/2ta1744558t1cvn/chi-tiet-ban-an,"Bản án:số 35 ngày 12/02/2025 của  TAND TX. Thuận An,  tỉnh Bình Dương(25.03.2025)",/2ta1744558t1cvn/chi-tiet-ban-an
https://congbobanan.toaan.gov.vn/2ta1744475t1cvn/chi-tiet-ban-an,"Bản án:số 36 ngày 12/02/2025 của  TAND TX. Thuận An,  tỉnh Bình Dương(25.03.2025)",/2ta1744475t1cvn/chi-tiet-ban-an
https://congbobanan.toaan.gov.vn/2ta1744473t1cvn/chi-tiet-ban-an,"Bản án:số 34 ngày 12/02/2025 của  TAND TX. Thuận An,  tỉnh Bình Dương(25.03.2025)",/2ta1744473t1cvn/chi-tiet-ban-an
https://congbobanan.toaan.gov.vn/2ta1744471t1cvn/chi-tiet-ban-an,"Bản án:số 32 ngày 12/02/2025 của  TAND TX. Thuận An,  tỉnh Bình Dương(25.03.2025)",/2ta1744471t1cvn/chi-tiet-ban-an
https://congbobanan.toaan.gov.vn/2ta1743773t1cvn/chi-tiet-ban-an,"Bản án:số 174 ngày 24/09/2024 của  TAND huyện Đức Hòa,  tỉnh Long An(24.03.2025)",/2ta1743773t1cvn/chi-tiet-ban-an
https://congbobanan.toaan.gov.vn/2ta1743780t1cvn/chi-tiet-ban-an,"Bản án:số 173 ngày 24/09/2024 của  TAND huyện Đức Hòa,  tỉnh Long An(24.03.2025)",/2ta1743780t1cvn/chi-tiet-ban-an
https://congbobanan.toaan.gov.vn/2ta1743679t1cvn/chi-tiet-ban-an,"Bản án:số 10 ngày 25/09/2024 của  TAND TP. Vũng Tàu,  tỉnh Bà Rịa_Vũng Tàu(24.03.2025)",/2ta1743679t1cvn/chi-tiet-ban-an
https://congbobanan.toaan.gov.vn/2ta1743722t1cvn/chi-tiet-ban-an,"Bản án:số 12 ngày 25/09/2024 của  TAND TP. Vũng Tàu,  tỉnh Bà Rịa_Vũng Tàu(24.03.2025)",/2ta1743722t1cvn/chi-tiet-ban-an
https://congbobanan.toaan.gov.vn/2ta1743515t1cvn/chi-tiet-ban-an,"Bản án:số 06 ngày 29/09/2024 của  TAND huyện Phú Quốc,  tỉnh Kiên Giang(24.03.2025)",/2ta1743515t1cvn/chi-tiet-ban-an
https://congbobanan.toaan.gov.vn/2ta1743518t1cvn/chi-tiet-ban-an,"Bản án:số 09 ngày 29/09/2024 của  TAND huyện Phú Quốc,  tỉnh Kiên Giang(24.03.2025)",/2ta1743518t1cvn/chi-tiet-ban-an
https://congbobanan.toaan.gov.vn/2ta1743520t1cvn/chi-tiet-ban-an,"Bản án:số 07 ngày 29/09/2024 của  TAND huyện Phú Quốc,  tỉnh Kiên Giang(24.03.2025)",/2ta1743520t1cvn/chi-tiet-ban-an
https://congbobanan.toaan.gov.vn/2ta1743527t1cvn/chi-tiet-ban-an,"Bản án:số 08 ngày 29/09/2024 của  TAND huyện Phú Quốc,  tỉnh Kiên Giang(24.03.2025)",/2ta1743527t1cvn/chi-tiet-ban-an
https://congbobanan.toaan.gov.vn/2ta1741038t1cvn/chi-tiet-ban-an,"Bản án:số 4586 ngày 24/09/2024 của  Thành phố Thủ Đức,  TP. Hồ Chí Minh(20.03.2025)",/2ta1741038t1cvn/chi-tiet-ban-an
https://congbobanan.toaan.gov.vn/2ta1740092t1cvn/chi-tiet-ban-an,Bản án:số 01 ngày 25/02/2025 của TAND tỉnh An Giang(20.03.2025),/2ta1740092t1cvn/chi-tiet-ban-an
https://congbobanan.toaan.gov.vn/2ta1740028t1cvn/chi-tiet-ban-an,"Bản án:số 02 ngày 20/02/2025 của  TAND Q. An Dương,  TP. Hải Phòng(20.03.2025)",/2ta1740028t1cvn/chi-tiet-ban-an
https://congbobanan.toaan.gov.vn/2ta1738102t1cvn/chi-tiet-ban-an,Bản án:số 01/2025/LĐ-PT ngày 19/02/2025 của TAND tỉnh Hà Nam(17.03.2025),/2ta1738102t1cvn/chi-tiet-ban-an
https://congbobanan.toaan.gov.vn/2ta1738024t1cvn/chi-tiet-ban-an,"Bản án:số 01 /2025/LĐ-ST ngày 09/01/2025 của  TAND huyện Chơn Thành,  tỉnh Bình Phước(17.03.2025)",/2ta1738024t1cvn/chi-tiet-ban-an
https://congbobanan.toaan.gov.vn/2ta1736590t1cvn/chi-tiet-ban-an,Bản án:số 08/2025/LĐ-PT ngày 05/03/2025 của TAND tỉnh Bình Dương(14.03.2025),/2ta1736590t1cvn/chi-tiet-ban-an
https://congbobanan.toaan.gov.vn/2ta1736588t1cvn/chi-tiet-ban-an,Bản án:số 06/2025/LĐ-PT ngày 21/02/2025 của TAND tỉnh Bình Dương(14.03.2025),/2ta1736588t1cvn/chi-tiet-ban-an
https://congbobanan.toaan.gov.vn/2ta1736583t1cvn/chi-tiet-ban-an,Bản án:số 04/2025/LĐ-PT ngày 19/02/2025 của TAND tỉnh Bình Dương(14.03.2025),/2ta1736583t1cvn/chi-tiet-ban-an
https://congbobanan.toaan.gov.vn/2ta1736437t1cvn/chi-tiet-ban-an,"Bản án:số 14 ngày 28/11/2024 của  TAND TX. Tân Uyên,  tỉnh Bình Dương(14.03.2025)",/2ta1736437t1cvn/chi-tiet-ban-an
https://congbobanan.toaan.gov.vn/2ta1736106t1cvn/chi-tiet-ban-an,Bản án:số 07/2025/LĐ-PT ngày 26/02/2025 của TAND tỉnh Bình Dương(13.03.2025),/2ta1736106t1cvn/chi-tiet-ban-an
https://congbobanan.toaan.gov.vn/2ta1735052t1cvn/chi-tiet-ban-an,"Bản án:số 04/2025/LĐ-ST ngày 13/01/2025 của  TAND huyện Đức Hòa,  tỉnh Long An(12.03.2025)",/2ta1735052t1cvn/chi-tiet-ban-an
https://congbobanan.toaan.gov.vn/2ta1734864t1cvn/chi-tiet-ban-an,"Bản án:số 03/2025/LĐ-ST ngày 13/01/2025 của  TAND huyện Đức Hòa,  tỉnh Long An(12.03.2025)",/2ta1734864t1cvn/chi-tiet-ban-an
https://congbobanan.toaan.gov.vn/2ta1734160t1cvn/chi-tiet-ban-an,"Bản án:số 14 ngày 07/02/2025 của  TAND TX. Thuận An,  tỉnh Bình Dương(11.03.2025)",/2ta1734160t1cvn/chi-tiet-ban-an
https://congbobanan.toaan.gov.vn/2ta1734159t1cvn/chi-tiet-ban-an,"Bản án:số 15 ngày 07/02/2025 của  TAND TX. Thuận An,  tỉnh Bình Dương(11.03.2025)",/2ta1734159t1cvn/chi-tiet-ban-an
https://congbobanan.toaan.gov.vn/2ta1734158t1cvn/chi-tiet-ban-an,"Bản án:số 16 ngày 07/02/2025 của  TAND TX. Thuận An,  tỉnh Bình Dương(11.03.2025)",/2ta1734158t1cvn/chi-tiet-ban-an
https://congbobanan.toaan.gov.vn/2ta1734137t1cvn/chi-tiet-ban-an,"Bản án:số 10 ngày 06/02/2025 của  TAND TX. Thuận An,  tỉnh Bình Dương(11.03.2025)",/2ta1734137t1cvn/chi-tiet-ban-an
https://congbobanan.toaan.gov.vn/2ta1734136t1cvn/chi-tiet-ban-an,"Bản án:số 11 ngày 06/02/2025 của  TAND TX. Thuận An,  tỉnh Bình Dương(11.03.2025)",/2ta1734136t1cvn/chi-tiet-ban-an
https://congbobanan.toaan.gov.vn/2ta1734135t1cvn/chi-tiet-ban-an,"Bản án:số 03 ngày 06/01/2025 của  TAND TX. Thuận An,  tỉnh Bình Dương(11.03.2025)",/2ta1734135t1cvn/chi-tiet-ban-an
https://congbobanan.toaan.gov.vn/2ta1734157t1cvn/chi-tiet-ban-an,"Bản án:số 09 ngày 06/02/2025 của  TAND TX. Thuận An,  tỉnh Bình Dương(11.03.2025)",/2ta1734157t1cvn/chi-tiet-ban-an
https://congbobanan.toaan.gov.vn/2ta1734134t1cvn/chi-tiet-ban-an,"Bản án:số 08 ngày 07/01/2025 của  TAND TX. Thuận An,  tỉnh Bình Dương(11.03.2025)",/2ta1734134t1cvn/chi-tiet-ban-an
https://congbobanan.toaan.gov.vn/2ta1734133t1cvn/chi-tiet-ban-an,"Bản án:số 13 ngày 06/02/2025 của  TAND TX. Thuận An,  tỉnh Bình Dương(11.03.2025)",/2ta1734133t1cvn/chi-tiet-ban-an
https://congbobanan.toaan.gov.vn/2ta1734132t1cvn/chi-tiet-ban-an,"Bản án:số 11 ngày 06/02/2025 của  TAND TX. Thuận An,  tỉnh Bình Dương(11.03.2025)",/2ta1734132t1cvn/chi-tiet-ban-an
https://congbobanan.toaan.gov.vn/2ta1734156t1cvn/chi-tiet-ban-an,"Bản án:số 01 ngày 07/01/2025 của  TAND TX. Thuận An,  tỉnh Bình Dương(11.03.2025)",/2ta1734156t1cvn/chi-tiet-ban-an
https://congbobanan.toaan.gov.vn/2ta1734130t1cvn/chi-tiet-ban-an,"Bản án:số 06 ngày 07/01/2025 của  TAND TX. Thuận An,  tỉnh Bình Dương(11.03.2025)",/2ta1734130t1cvn/chi-tiet-ban-an
https://congbobanan.toaan.gov.vn/2ta1734129t1cvn/chi-tiet-ban-an,"Bản án:số 07 ngày 07/01/2025 của  TAND TX. Thuận An,  tỉnh Bình Dương(11.03.2025)",/2ta1734129t1cvn/chi-tiet-ban-an
https://congbobanan.toaan.gov.vn/2ta1734128t1cvn/chi-tiet-ban-an,"Bản án:số 04 ngày 06/01/2025 của  TAND TX. Thuận An,  tỉnh Bình Dương(11.03.2025)",/2ta1734128t1cvn/chi-tiet-ban-an
https://congbobanan.toaan.gov.vn/2ta1734127t1cvn/chi-tiet-ban-an,"Bản án:số 02 ngày 06/01/2025 của  TAND TX. Thuận An,  tỉnh Bình Dương(11.03.2025)",/2ta1734127t1cvn/chi-tiet-ban-an
https://congbobanan.toaan.gov.vn/2ta1734153t1cvn/chi-tiet-ban-an,"Bản án:số 05 ngày 07/01/2025 của  TAND TX. Thuận An,  tỉnh Bình Dương(11.03.2025)",/2ta1734153t1cvn/chi-tiet-ban-an
https://congbobanan.toaan.gov.vn/2ta1733792t1cvn/chi-tiet-ban-an,"Bản án:số 184 ngày 13/12/2024 của  TAND TX. Thuận An,  tỉnh Bình Dương(11.03.2025)",/2ta1733792t1cvn/chi-tiet-ban-an
https://congbobanan.toaan.gov.vn/2ta1733625t1cvn/chi-tiet-ban-an,"Bản án:số 18 ngày 22/01/2025 của  TAND huyện Phú Tân,  tỉnh An Giang(10.03.2025)",/2ta1733625t1cvn/chi-tiet-ban-an
https://congbobanan.toaan.gov.vn/2ta1733627t1cvn/chi-tiet-ban-an,"Bản án:số 19 ngày 22/01/2025 của  TAND huyện Phú Tân,  tỉnh An Giang(10.03.2025)",/2ta1733627t1cvn/chi-tiet-ban-an
https://congbobanan.toaan.gov.vn/2ta1733629t1cvn/chi-tiet-ban-an,"Bản án:số 20 ngày 22/01/2025 của  TAND huyện Phú Tân,  tỉnh An Giang(10.03.2025)",/2ta1733629t1cvn/chi-tiet-ban-an
https://congbobanan.toaan.gov.vn/2ta1733599t1cvn/chi-tiet-ban-an,"Bản án:số 14 ngày 22/01/2025 của  TAND huyện Phú Tân,  tỉnh An Giang(10.03.2025)",/2ta1733599t1cvn/chi-tiet-ban-an
https://congbobanan.toaan.gov.vn/2ta1733601t1cvn/chi-tiet-ban-an,"Bản án:số 12 ngày 22/01/2025 của  TAND huyện Phú Tân,  tỉnh An Giang(10.03.2025)",/2ta1733601t1cvn/chi-tiet-ban-an
https://congbobanan.toaan.gov.vn/2ta1733604t1cvn/chi-tiet-ban-an,"Bản án:số 15 ngày 22/01/2025 của  TAND huyện Phú Tân,  tỉnh An Giang(10.03.2025)",/2ta1733604t1cvn/chi-tiet-ban-an
https://congbobanan.toaan.gov.vn/2ta1733608t1cvn/chi-tiet-ban-an,"Bản án:số 17 ngày 22/01/2025 của  TAND huyện Phú Tân,  tỉnh An Giang(10.03.2025)",/2ta1733608t1cvn/chi-tiet-ban-an
https://congbobanan.toaan.gov.vn/2ta1733621t1cvn/chi-tiet-ban-an,"Bản án:số 11 ngày 22/01/2025 của  TAND huyện Phú Tân,  tỉnh An Giang(10.03.2025)",/2ta1733621t1cvn/chi-tiet-ban-an
https://congbobanan.toaan.gov.vn/2ta1733622t1cvn/chi-tiet-ban-an,"Bản án:số 13 ngày 22/01/2025 của  TAND huyện Phú Tân,  tỉnh An Giang(10.03.2025)",/2ta1733622t1cvn/chi-tiet-ban-an
https://congbobanan.toaan.gov.vn/2ta1733624t1cvn/chi-tiet-ban-an,"Bản án:số 13 ngày 22/01/2025 của  TAND huyện Phú Tân,  tỉnh An Giang(10.03.2025)",/2ta1733624t1cvn/chi-tiet-ban-an
https://congbobanan.toaan.gov.vn/2ta1732425t1cvn/chi-tiet-ban-an,"Bản án:số 37 ngày 24/12/2024 của  TAND TX. Bến Cát,  tỉnh Bình Dương(07.03.2025)",/2ta1732425t1cvn/chi-tiet-ban-an
https://congbobanan.toaan.gov.vn/2ta1732405t1cvn/chi-tiet-ban-an,"Bản án:số 38 ngày 24/12/2024 của  TAND TX. Bến Cát,  tỉnh Bình Dương(07.03.2025)",/2ta1732405t1cvn/chi-tiet-ban-an
https://congbobanan.toaan.gov.vn/2ta1732423t1cvn/chi-tiet-ban-an,"Bản án:số 04 ngày 09/05/2024 của  TAND TX. Bến Cát,  tỉnh Bình Dương(07.03.2025)",/2ta1732423t1cvn/chi-tiet-ban-an
https://congbobanan.toaan.gov.vn/2ta1731513t1cvn/chi-tiet-ban-an,"Bản án:số 10 ngày 13/05/2024 của  TAND Q. Bình Tân,  TP. Hồ Chí Minh(06.03.2025)",/2ta1731513t1cvn/chi-tiet-ban-an
https://congbobanan.toaan.gov.vn/2ta1730040t1cvn/chi-tiet-ban-an,"Bản án:số 16 ngày 17/12/2024 của  TAND TX. Tân Uyên,  tỉnh Bình Dương(03.03.2025)",/2ta1730040t1cvn/chi-tiet-ban-an
https://congbobanan.toaan.gov.vn/2ta1729888t1cvn/chi-tiet-ban-an,"Bản án:số 01 ngày 07/01/2025 của  TAND huyện Đức Hòa,  tỉnh Long An(03.03.2025)",/2ta1729888t1cvn/chi-tiet-ban-an
https://congbobanan.toaan.gov.vn/2ta1729898t1cvn/chi-tiet-ban-an,"Bản án:số 09 ngày 20/01/2025 của  TAND huyện Đức Hòa,  tỉnh Long An(03.03.2025)",/2ta1729898t1cvn/chi-tiet-ban-an
https://congbobanan.toaan.gov.vn/2ta1729901t1cvn/chi-tiet-ban-an,"Bản án:số 10 ngày 21/01/2025 của  TAND huyện Đức Hòa,  tỉnh Long An(03.03.2025)",/2ta1729901t1cvn/chi-tiet-ban-an
https://congbobanan.toaan.gov.vn/2ta1729201t1cvn/chi-tiet-ban-an,"Bản án:số 17 ngày 30/12/2024 của  TAND TX. Tân Uyên,  tỉnh Bình Dương(02.03.2025)",/2ta1729201t1cvn/chi-tiet-ban-an
https://congbobanan.toaan.gov.vn/2ta1728737t1cvn/chi-tiet-ban-an,"Bản án:số 08 ngày 20/01/2025 của  TAND huyện Đức Hòa,  tỉnh Long An(28.02.2025)",/2ta1728737t1cvn/chi-tiet-ban-an
https://congbobanan.toaan.gov.vn/2ta1728749t1cvn/chi-tiet-ban-an,"Bản án:số 07 ngày 20/01/2025 của  TAND huyện Đức Hòa,  tỉnh Long An(28.02.2025)",/2ta1728749t1cvn/chi-tiet-ban-an
https://congbobanan.toaan.gov.vn/2ta1728118t1cvn/chi-tiet-ban-an,"Bản án:số 32 ngày 18/12/2024 của  TAND TX. Bến Cát,  tỉnh Bình Dương(28.02.2025)",/2ta1728118t1cvn/chi-tiet-ban-an
https://congbobanan.toaan.gov.vn/2ta1727948t1cvn/chi-tiet-ban-an,"Bản án:số 06 ngày 26/07/2024 của  TAND Q. Hải Châu,  TP Đà Nẵng(28.02.2025)",/2ta1727948t1cvn/chi-tiet-ban-an
https://congbobanan.toaan.gov.vn/2ta1727702t1cvn/chi-tiet-ban-an,"Bản án:số 02 ngày 15/01/2025 của  TAND TX. Bến Cát,  tỉnh Bình Dương(28.02.2025)",/2ta1727702t1cvn/chi-tiet-ban-an
https://congbobanan.toaan.gov.vn/2ta1727216t1cvn/chi-tiet-ban-an,Bản án:số 01 ngày 03/01/2025 của TAND tỉnh Sóc Trăng(28.02.2025),/2ta1727216t1cvn/chi-tiet-ban-an
https://congbobanan.toaan.gov.vn/2ta1692639t1cvn/chi-tiet-ban-an,"Bản án:số 1228/2024/LĐ-ST ngày 27/09/2024 của  TAND Q. Phú Nhuận,  TP. Hồ Chí Minh(28.02.2025)",/2ta1692639t1cvn/chi-tiet-ban-an
https://congbobanan.toaan.gov.vn/2ta1692926t1cvn/chi-tiet-ban-an,"Bản án:số 1265/2024/LĐ-ST ngày 30/09/2024 của  TAND Q. Phú Nhuận,  TP. Hồ Chí Minh(28.02.2025)",/2ta1692926t1cvn/chi-tiet-ban-an
https://congbobanan.toaan.gov.vn/2ta1692927t1cvn/chi-tiet-ban-an,"Bản án:số 1266/2024/LĐ-ST ngày 30/09/2024 của  TAND Q. Phú Nhuận,  TP. Hồ Chí Minh(28.02.2025)",/2ta1692927t1cvn/chi-tiet-ban-an
https://congbobanan.toaan.gov.vn/2ta1726803t1cvn/chi-tiet-ban-an,Bản án:số 05/2025/LĐ-PT ngày 19/02/2025 của TAND tỉnh Bình Dương(27.02.2025),/2ta1726803t1cvn/chi-tiet-ban-an
https://congbobanan.toaan.gov.vn/2ta1725178t1cvn/chi-tiet-ban-an,Bản án:số 03/2025/LĐ-PT ngày 17/02/2025 của TAND tỉnh Bình Dương(26.02.2025),/2ta1725178t1cvn/chi-tiet-ban-an
https://congbobanan.toaan.gov.vn/2ta1724522t1cvn/chi-tiet-ban-an,"Bản án:số 01 ngày 15/01/2025 của  TAND Q. An Dương,  TP. Hải Phòng(25.02.2025)",/2ta1724522t1cvn/chi-tiet-ban-an
https://congbobanan.toaan.gov.vn/2ta1723480t1cvn/chi-tiet-ban-an,"Bản án:số 01 ngày 08/01/2025 của  TAND huyện Long Phú,  tỉnh Sóc Trăng(23.02.2025)",/2ta1723480t1cvn/chi-tiet-ban-an
https://congbobanan.toaan.gov.vn/2ta1723001t1cvn/chi-tiet-ban-an,"Bản án:số 01/2025/LĐ-ST ngày 10/01/2025 của  TAND huyện Ea Súp,  tỉnh Đắk Lắk(21.02.2025)",/2ta1723001t1cvn/chi-tiet-ban-an
https://congbobanan.toaan.gov.vn/2ta1706087t1cvn/chi-tiet-ban-an,"Bản án:số 4003 ngày 27/08/2024 của  Thành phố Thủ Đức,  TP. Hồ Chí Minh(20.02.2025)",/2ta1706087t1cvn/chi-tiet-ban-an
https://congbobanan.toaan.gov.vn/2ta1706029t1cvn/chi-tiet-ban-an,"Bản án:số 4379 ngày 17/09/2024 của  Thành phố Thủ Đức,  TP. Hồ Chí Minh(20.02.2025)",/2ta1706029t1cvn/chi-tiet-ban-an
https://congbobanan.toaan.gov.vn/2ta1722180t1cvn/chi-tiet-ban-an,"Bản án:số 01 ngày 20/01/2025 của  TAND TP. Sóc Trăng,  tỉnh Sóc Trăng(20.02.2025)",/2ta1722180t1cvn/chi-tiet-ban-an
https://congbobanan.toaan.gov.vn/2ta1720000t1cvn/chi-tiet-ban-an,"Bản án:số 09/2025/QĐST-LĐ ngày 10/01/2025 của  TAND TX. Dĩ An,  tỉnh Bình Dương(15.02.2025)",/2ta1720000t1cvn/chi-tiet-ban-an
https://congbobanan.toaan.gov.vn/2ta1719379t1cvn/chi-tiet-ban-an,Bản án:số 20 ngày 15/01/2025 của TAND TP Đà Nẵng(14.02.2025),/2ta1719379t1cvn/chi-tiet-ban-an
https://congbobanan.toaan.gov.vn/2ta1719403t1cvn/chi-tiet-ban-an,Bản án:số 19 ngày 15/01/2025 của TAND TP Đà Nẵng(14.02.2025),/2ta1719403t1cvn/chi-tiet-ban-an
https://congbobanan.toaan.gov.vn/2ta1719378t1cvn/chi-tiet-ban-an,Bản án:số 18 ngày 15/01/2025 của TAND TP Đà Nẵng(14.02.2025),/2ta1719378t1cvn/chi-tiet-ban-an
https://congbobanan.toaan.gov.vn/2ta1719376t1cvn/chi-tiet-ban-an,Bản án:số 17 ngày 15/01/2025 của TAND TP Đà Nẵng(14.02.2025),/2ta1719376t1cvn/chi-tiet-ban-an
https://congbobanan.toaan.gov.vn/2ta1719400t1cvn/chi-tiet-ban-an,Bản án:số 16 ngày 15/01/2025 của TAND TP Đà Nẵng(14.02.2025),/2ta1719400t1cvn/chi-tiet-ban-an
https://congbobanan.toaan.gov.vn/2ta1719375t1cvn/chi-tiet-ban-an,Bản án:số 15 ngày 15/01/2025 của TAND TP Đà Nẵng(14.02.2025),/2ta1719375t1cvn/chi-tiet-ban-an
https://congbobanan.toaan.gov.vn/2ta1718466t1cvn/chi-tiet-ban-an,"Bản án:số 167 ngày 16/09/2024 của  TAND TX. Thuận An,  tỉnh Bình Dương(13.02.2025)",/2ta1718466t1cvn/chi-tiet-ban-an
https://congbobanan.toaan.gov.vn/2ta1718468t1cvn/chi-tiet-ban-an,"Bản án:số 83 ngày 03/06/2024 của  TAND TX. Thuận An,  tỉnh Bình Dương(13.02.2025)",/2ta1718468t1cvn/chi-tiet-ban-an
https://congbobanan.toaan.gov.vn/2ta1718469t1cvn/chi-tiet-ban-an,"Bản án:số 165 ngày 16/09/2024 của  TAND TX. Thuận An,  tỉnh Bình Dương(13.02.2025)",/2ta1718469t1cvn/chi-tiet-ban-an
https://congbobanan.toaan.gov.vn/2ta1718486t1cvn/chi-tiet-ban-an,"Bản án:số 166 ngày 16/09/2024 của  TAND TX. Thuận An,  tỉnh Bình Dương(13.02.2025)",/2ta1718486t1cvn/chi-tiet-ban-an
https://congbobanan.toaan.gov.vn/2ta1718487t1cvn/chi-tiet-ban-an,"Bản án:số 82 ngày 03/06/2024 của  TAND TX. Thuận An,  tỉnh Bình Dương(13.02.2025)",/2ta1718487t1cvn/chi-tiet-ban-an
https://congbobanan.toaan.gov.vn/2ta1718489t1cvn/chi-tiet-ban-an,"Bản án:số 164 ngày 16/09/2024 của  TAND TX. Thuận An,  tỉnh Bình Dương(13.02.2025)",/2ta1718489t1cvn/chi-tiet-ban-an
https://congbobanan.toaan.gov.vn/2ta1718494t1cvn/chi-tiet-ban-an,"Bản án:số 81 ngày 03/06/2024 của  TAND TX. Thuận An,  tỉnh Bình Dương(13.02.2025)",/2ta1718494t1cvn/chi-tiet-ban-an
https://congbobanan.toaan.gov.vn/2ta1718780t1cvn/chi-tiet-ban-an,Bản án:số 01 ngày 03/01/2025 của TAND tỉnh Sóc Trăng(13.02.2025),/2ta1718780t1cvn/chi-tiet-ban-an
https://congbobanan.toaan.gov.vn/2ta1718555t1cvn/chi-tiet-ban-an,Bản án:số 10 ngày 13/01/2025 của TAND TP Đà Nẵng(12.02.2025),/2ta1718555t1cvn/chi-tiet-ban-an
https://congbobanan.toaan.gov.vn/2ta1718554t1cvn/chi-tiet-ban-an,Bản án:số 11 ngày 13/01/2025 của TAND TP Đà Nẵng(12.02.2025),/2ta1718554t1cvn/chi-tiet-ban-an
https://congbobanan.toaan.gov.vn/2ta1718568t1cvn/chi-tiet-ban-an,Bản án:số 08 ngày 13/01/2025 của TAND TP Đà Nẵng(12.02.2025),/2ta1718568t1cvn/chi-tiet-ban-an
https://congbobanan.toaan.gov.vn/2ta1718565t1cvn/chi-tiet-ban-an,Bản án:số 14 ngày 13/01/2025 của TAND TP Đà Nẵng(12.02.2025),/2ta1718565t1cvn/chi-tiet-ban-an
https://congbobanan.toaan.gov.vn/2ta1718549t1cvn/chi-tiet-ban-an,Bản án:số 12 ngày 13/01/2025 của TAND TP Đà Nẵng(12.02.2025),/2ta1718549t1cvn/chi-tiet-ban-an
https://congbobanan.toaan.gov.vn/2ta1718560t1cvn/chi-tiet-ban-an,Bản án:số 09 ngày 13/01/2025 của TAND TP Đà Nẵng(12.02.2025),/2ta1718560t1cvn/chi-tiet-ban-an
https://congbobanan.toaan.gov.vn/2ta1718546t1cvn/chi-tiet-ban-an,Bản án:số 13 ngày 13/01/2025 của TAND TP Đà Nẵng(12.02.2025),/2ta1718546t1cvn/chi-tiet-ban-an
https://congbobanan.toaan.gov.vn/2ta1718539t1cvn/chi-tiet-ban-an,Bản án:số 07 ngày 13/01/2025 của TAND TP Đà Nẵng(12.02.2025),/2ta1718539t1cvn/chi-tiet-ban-an
https://congbobanan.toaan.gov.vn/2ta1716812t1cvn/chi-tiet-ban-an,Bản án:số 03/2024/LĐ-PT ngày 17/01/2025 của TAND TP Đà Nẵng(10.02.2025),/2ta1716812t1cvn/chi-tiet-ban-an
https://congbobanan.toaan.gov.vn/2ta1715415t1cvn/chi-tiet-ban-an,Bản án:số 21 ngày 30/12/2024 của TAND TP Đà Nẵng(07.02.2025),/2ta1715415t1cvn/chi-tiet-ban-an
https://congbobanan.toaan.gov.vn/2ta1715395t1cvn/chi-tiet-ban-an,Bản án:số 17 ngày 30/12/2024 của TAND TP Đà Nẵng(07.02.2025),/2ta1715395t1cvn/chi-tiet-ban-an
https://congbobanan.toaan.gov.vn/2ta1715412t1cvn/chi-tiet-ban-an,Bản án:số 24 ngày 30/12/2024 của TAND TP Đà Nẵng(07.02.2025),/2ta1715412t1cvn/chi-tiet-ban-an
https://congbobanan.toaan.gov.vn/2ta1715378t1cvn/chi-tiet-ban-an,Bản án:số 24 ngày 30/12/2024 của TAND TP Đà Nẵng(07.02.2025),/2ta1715378t1cvn/chi-tiet-ban-an
https://congbobanan.toaan.gov.vn/2ta1715354t1cvn/chi-tiet-ban-an,"Bản án:số 41 ngày 31/12/2024 của  TAND TX. Bến Cát,  tỉnh Bình Dương(07.02.2025)",/2ta1715354t1cvn/chi-tiet-ban-an
https://congbobanan.toaan.gov.vn/2ta1715367t1cvn/chi-tiet-ban-an,Bản án:số 23 ngày 30/12/2024 của TAND TP Đà Nẵng(07.02.2025),/2ta1715367t1cvn/chi-tiet-ban-an
https://congbobanan.toaan.gov.vn/2ta1715352t1cvn/chi-tiet-ban-an,"Bản án:số 42 ngày 31/12/2024 của  TAND TX. Bến Cát,  tỉnh Bình Dương(07.02.2025)",/2ta1715352t1cvn/chi-tiet-ban-an
https://congbobanan.toaan.gov.vn/2ta1715333t1cvn/chi-tiet-ban-an,Bản án:số 19 ngày 30/12/2024 của TAND TP Đà Nẵng(07.02.2025),/2ta1715333t1cvn/chi-tiet-ban-an
https://congbobanan.toaan.gov.vn/2ta1715238t1cvn/chi-tiet-ban-an,Bản án:số 22 ngày 30/12/2024 của TAND TP Đà Nẵng(07.02.2025),/2ta1715238t1cvn/chi-tiet-ban-an
https://congbobanan.toaan.gov.vn/2ta1715244t1cvn/chi-tiet-ban-an,Bản án:số 20 ngày 30/12/2024 của TAND TP Đà Nẵng(07.02.2025),/2ta1715244t1cvn/chi-tiet-ban-an
https://congbobanan.toaan.gov.vn/2ta1715227t1cvn/chi-tiet-ban-an,Bản án:số 18 ngày 30/12/2024 của TAND TP Đà Nẵng(07.02.2025),/2ta1715227t1cvn/chi-tiet-ban-an
https://congbobanan.toaan.gov.vn/2ta1714876t1cvn/chi-tiet-ban-an,Bản án:số 03/2024/LĐPT ngày 26/12/2024 của TAND tỉnh Tiền Giang(06.02.2025),/2ta1714876t1cvn/chi-tiet-ban-an
https://congbobanan.toaan.gov.vn/2ta1714541t1cvn/chi-tiet-ban-an,Bản án:số 01 ngày 10/01/2025 của TAND tỉnh Bạc Liêu(06.02.2025),/2ta1714541t1cvn/chi-tiet-ban-an
https://congbobanan.toaan.gov.vn/2ta1711966t1cvn/chi-tiet-ban-an,Bản án:số 22/2025/LĐ-PT ngày 16/01/2025 của TAND TP Đà Nẵng(03.02.2025),/2ta1711966t1cvn/chi-tiet-ban-an
https://congbobanan.toaan.gov.vn/2ta1711973t1cvn/chi-tiet-ban-an,Bản án:số 26/2025/LĐ-PT ngày 16/01/2025 của TAND TP Đà Nẵng(03.02.2025),/2ta1711973t1cvn/chi-tiet-ban-an
https://congbobanan.toaan.gov.vn/2ta1711981t1cvn/chi-tiet-ban-an,Bản án:số 27/2025/LĐ-PT ngày 16/01/2025 của TAND TP Đà Nẵng(03.02.2025),/2ta1711981t1cvn/chi-tiet-ban-an
https://congbobanan.toaan.gov.vn/2ta1711988t1cvn/chi-tiet-ban-an,Bản án:số 28/2025/LĐ-PT ngày 16/01/2025 của TAND TP Đà Nẵng(03.02.2025),/2ta1711988t1cvn/chi-tiet-ban-an
https://congbobanan.toaan.gov.vn/2ta1711993t1cvn/chi-tiet-ban-an,Bản án:số 25/2025/LĐ-PT ngày 16/01/2025 của TAND TP Đà Nẵng(03.02.2025),/2ta1711993t1cvn/chi-tiet-ban-an
https://congbobanan.toaan.gov.vn/2ta1711995t1cvn/chi-tiet-ban-an,Bản án:số 24/2025/LĐ-PT ngày 16/01/2025 của TAND TP Đà Nẵng(03.02.2025),/2ta1711995t1cvn/chi-tiet-ban-an
https://congbobanan.toaan.gov.vn/2ta1712004t1cvn/chi-tiet-ban-an,Bản án:số 23/2025/LĐ-PT ngày 16/01/2025 của TAND TP Đà Nẵng(03.02.2025),/2ta1712004t1cvn/chi-tiet-ban-an
https://congbobanan.toaan.gov.vn/2ta1712005t1cvn/chi-tiet-ban-an,Bản án:số 21/2025/LĐ-PT ngày 16/01/2025 của TAND TP Đà Nẵng(03.02.2025),/2ta1712005t1cvn/chi-tiet-ban-an
https://congbobanan.toaan.gov.vn/2ta1711553t1cvn/chi-tiet-ban-an,"Bản án:số 21 ngày 30/12/2024 của  TAND huyện Cần Giuộc,  tỉnh Long An(03.02.2025)",/2ta1711553t1cvn/chi-tiet-ban-an
https://congbobanan.toaan.gov.vn/2ta1711567t1cvn/chi-tiet-ban-an,"Bản án:số 22 ngày 30/12/2024 của  TAND huyện Cần Giuộc,  tỉnh Long An(03.02.2025)",/2ta1711567t1cvn/chi-tiet-ban-an
https://congbobanan.toaan.gov.vn/2ta1711102t1cvn/chi-tiet-ban-an,"Bản án:số 4229 ngày 10/09/2024 của  Thành phố Thủ Đức,  TP. Hồ Chí Minh(29.01.2025)",/2ta1711102t1cvn/chi-tiet-ban-an
https://congbobanan.toaan.gov.vn/2ta1710152t1cvn/chi-tiet-ban-an,Bản án:số 03 ngày 31/12/2024 của TAND tỉnh Đắk Lắk(24.01.2025),/2ta1710152t1cvn/chi-tiet-ban-an
https://congbobanan.toaan.gov.vn/2ta1709149t1cvn/chi-tiet-ban-an,"Bản án:số 01/2024/LĐ-ST ngày 25/09/2024 của  TAND Q. Hoàng Mai,  TP. Hà Nội(23.01.2025)",/2ta1709149t1cvn/chi-tiet-ban-an
https://congbobanan.toaan.gov.vn/2ta1708560t1cvn/chi-tiet-ban-an,Bản án:số 01/2025/LĐ-PT ngày 17/01/2025 của TAND tỉnh Đắk Lắk(23.01.2025),/2ta1708560t1cvn/chi-tiet-ban-an
https://congbobanan.toaan.gov.vn/2ta1708118t1cvn/chi-tiet-ban-an,"Bản án:số 12 ngày 18/12/2024 của  TAND huyện Long Phú,  tỉnh Sóc Trăng(22.01.2025)",/2ta1708118t1cvn/chi-tiet-ban-an
https://congbobanan.toaan.gov.vn/2ta1680896t1cvn/chi-tiet-ban-an,"Bản án:số 11/2024/LĐ-ST ngày 10/09/2024 của  TAND huyện Bình Chánh,  TP. Hồ Chí Minh(21.01.2025)",/2ta1680896t1cvn/chi-tiet-ban-an
https://congbobanan.toaan.gov.vn/2ta1707296t1cvn/chi-tiet-ban-an,Bản án:số 03 ngày 30/12/2024 của TAND tỉnh Gia Lai(21.01.2025),/2ta1707296t1cvn/chi-tiet-ban-an
https://congbobanan.toaan.gov.vn/2ta1703635t1cvn/chi-tiet-ban-an,"Bản án:số 19 ngày 16/08/2024 của  TAND huyện Tân Biên,  tỉnh Tây Ninh(12.01.2025)",/2ta1703635t1cvn/chi-tiet-ban-an
https://congbobanan.toaan.gov.vn/2ta1703618t1cvn/chi-tiet-ban-an,"Bản án:số 20 ngày 16/08/2024 của  TAND huyện Tân Biên,  tỉnh Tây Ninh(12.01.2025)",/2ta1703618t1cvn/chi-tiet-ban-an
https://congbobanan.toaan.gov.vn/2ta1703616t1cvn/chi-tiet-ban-an,"Bản án:số 21 ngày 16/08/2024 của  TAND huyện Tân Biên,  tỉnh Tây Ninh(12.01.2025)",/2ta1703616t1cvn/chi-tiet-ban-an
https://congbobanan.toaan.gov.vn/2ta1703073t1cvn/chi-tiet-ban-an,Bản án:số 18 ngày 20/12/2024 của TAND tỉnh Sóc Trăng(10.01.2025),/2ta1703073t1cvn/chi-tiet-ban-an
https://congbobanan.toaan.gov.vn/2ta1702946t1cvn/chi-tiet-ban-an,Bản án:số 02/2025/LĐ-PT ngày 09/01/2025 của TAND tỉnh Bình Dương(09.01.2025),/2ta1702946t1cvn/chi-tiet-ban-an
https://congbobanan.toaan.gov.vn/2ta1702944t1cvn/chi-tiet-ban-an,Bản án:số 01/2025/LĐ-PT ngày 06/01/2025 của TAND tỉnh Bình Dương(09.01.2025),/2ta1702944t1cvn/chi-tiet-ban-an
https://congbobanan.toaan.gov.vn/2ta1701990t1cvn/chi-tiet-ban-an,Bản án:số 15 ngày 19/12/2024 của TAND tỉnh Long An(07.01.2025),/2ta1701990t1cvn/chi-tiet-ban-an
https://congbobanan.toaan.gov.vn/2ta1702007t1cvn/chi-tiet-ban-an,Bản án:số 17 ngày 20/12/2024 của TAND tỉnh Long An(07.01.2025),/2ta1702007t1cvn/chi-tiet-ban-an
https://congbobanan.toaan.gov.vn/2ta1701989t1cvn/chi-tiet-ban-an,Bản án:số 16 ngày 19/12/2024 của TAND tỉnh Long An(07.01.2025),/2ta1701989t1cvn/chi-tiet-ban-an
https://congbobanan.toaan.gov.vn/2ta1702005t1cvn/chi-tiet-ban-an,Bản án:số 14 ngày 19/12/2024 của TAND tỉnh Long An(07.01.2025),/2ta1702005t1cvn/chi-tiet-ban-an
https://congbobanan.toaan.gov.vn/2ta1673308t1cvn/chi-tiet-ban-an,"Bản án:số 11/2024/LĐST ngày 16/09/2024 của  TAND Quận 4,  TP. Hồ Chí Minh(07.01.2025)",/2ta1673308t1cvn/chi-tiet-ban-an
https://congbobanan.toaan.gov.vn/2ta1700564t1cvn/chi-tiet-ban-an,"Bản án:số 02 ngày 13/08/2024 của  TAND huyện Tân Châu,  tỉnh Tây Ninh(04.01.2025)",/2ta1700564t1cvn/chi-tiet-ban-an
https://congbobanan.toaan.gov.vn/2ta1700383t1cvn/chi-tiet-ban-an,"Bản án:số 01 ngày 26/07/2024 của  TAND huyện Tân Biên,  tỉnh Tây Ninh(03.01.2025)",/2ta1700383t1cvn/chi-tiet-ban-an
https://congbobanan.toaan.gov.vn/2ta1700384t1cvn/chi-tiet-ban-an,"Bản án:số 05 ngày 30/07/2024 của  TAND huyện Tân Biên,  tỉnh Tây Ninh(03.01.2025)",/2ta1700384t1cvn/chi-tiet-ban-an
https://congbobanan.toaan.gov.vn/2ta1700404t1cvn/chi-tiet-ban-an,"Bản án:số 06 ngày 30/07/2024 của  TAND huyện Tân Biên,  tỉnh Tây Ninh(03.01.2025)",/2ta1700404t1cvn/chi-tiet-ban-an
https://congbobanan.toaan.gov.vn/2ta1697782t1cvn/chi-tiet-ban-an,"Bản án:số 22 ngày 28/11/2024 của  TAND TP. Tân An,  tỉnh Long An(31.12.2024)",/2ta1697782t1cvn/chi-tiet-ban-an
https://congbobanan.toaan.gov.vn/2ta1697695t1cvn/chi-tiet-ban-an,"Bản án:số 29 ngày 22/11/2024 của  TAND TX. Bến Cát,  tỉnh Bình Dương(31.12.2024)",/2ta1697695t1cvn/chi-tiet-ban-an
https://congbobanan.toaan.gov.vn/2ta1697505t1cvn/chi-tiet-ban-an,"Bản án:số 08 ngày 25/09/2024 của  TAND huyện Cần Giuộc,  tỉnh Long An(31.12.2024)",/2ta1697505t1cvn/chi-tiet-ban-an
https://congbobanan.toaan.gov.vn/2ta1697521t1cvn/chi-tiet-ban-an,"Bản án:số 09 ngày 25/09/2024 của  TAND huyện Cần Giuộc,  tỉnh Long An(31.12.2024)",/2ta1697521t1cvn/chi-tiet-ban-an
https://congbobanan.toaan.gov.vn/2ta1697527t1cvn/chi-tiet-ban-an,"Bản án:số 14 ngày 30/09/2024 của  TAND huyện Cần Giuộc,  tỉnh Long An(31.12.2024)",/2ta1697527t1cvn/chi-tiet-ban-an
https://congbobanan.toaan.gov.vn/2ta1697318t1cvn/chi-tiet-ban-an,"Bản án:số 18 ngày 30/09/2024 của  TAND TP. Thủ Dầu Một,  tỉnh Bình Dương(31.12.2024)",/2ta1697318t1cvn/chi-tiet-ban-an
https://congbobanan.toaan.gov.vn/2ta1694687t1cvn/chi-tiet-ban-an,"Bản án:số 48 ngày 18/09/2024 của  TAND TX. Tân Uyên,  tỉnh Bình Dương(28.12.2024)",/2ta1694687t1cvn/chi-tiet-ban-an
https://congbobanan.toaan.gov.vn/2ta1693256t1cvn/chi-tiet-ban-an,"Bản án:số 21 ngày 30/09/2024 của  TAND TP. Thủ Dầu Một,  tỉnh Bình Dương(25.12.2024)",/2ta1693256t1cvn/chi-tiet-ban-an
https://congbobanan.toaan.gov.vn/2ta1693255t1cvn/chi-tiet-ban-an,"Bản án:số 20 ngày 30/09/2024 của  TAND TP. Thủ Dầu Một,  tỉnh Bình Dương(25.12.2024)",/2ta1693255t1cvn/chi-tiet-ban-an
https://congbobanan.toaan.gov.vn/2ta1692906t1cvn/chi-tiet-ban-an,"Bản án:số 12 ngày 27/09/2024 của  TAND huyện Cần Giuộc,  tỉnh Long An(25.12.2024)",/2ta1692906t1cvn/chi-tiet-ban-an
https://congbobanan.toaan.gov.vn/2ta1692299t1cvn/chi-tiet-ban-an,"Bản án:số 28 ngày 20/11/2024 của  TAND TX. Bến Cát,  tỉnh Bình Dương(24.12.2024)",/2ta1692299t1cvn/chi-tiet-ban-an
https://congbobanan.toaan.gov.vn/2ta1691581t1cvn/chi-tiet-ban-an,"Bản án:số 3298 ngày 23/07/2024 của  Thành phố Thủ Đức,  TP. Hồ Chí Minh(23.12.2024)",/2ta1691581t1cvn/chi-tiet-ban-an
https://congbobanan.toaan.gov.vn/2ta1689565t1cvn/chi-tiet-ban-an,Bản án:số 05 ngày 12/11/2024 của TAND tỉnh Cà Mau(17.12.2024),/2ta1689565t1cvn/chi-tiet-ban-an
https://congbobanan.toaan.gov.vn/2ta1689284t1cvn/chi-tiet-ban-an,"Bản án:số 15 ngày 27/09/2024 của  TAND TP. Thủ Dầu Một,  tỉnh Bình Dương(17.12.2024)",/2ta1689284t1cvn/chi-tiet-ban-an
https://congbobanan.toaan.gov.vn/2ta1689269t1cvn/chi-tiet-ban-an,"Bản án:số 13 ngày 24/09/2024 của  TAND TP. Thủ Dầu Một,  tỉnh Bình Dương(17.12.2024)",/2ta1689269t1cvn/chi-tiet-ban-an
https://congbobanan.toaan.gov.vn/2ta1689084t1cvn/chi-tiet-ban-an,"Bản án:số 21 ngày 19/09/2024 của  TAND Quận 3,  TP. Hồ Chí Minh(16.12.2024)",/2ta1689084t1cvn/chi-tiet-ban-an
https://congbobanan.toaan.gov.vn/2ta1689106t1cvn/chi-tiet-ban-an,"Bản án:số 09 ngày 24/06/2024 của  TAND Quận 3,  TP. Hồ Chí Minh(16.12.2024)",/2ta1689106t1cvn/chi-tiet-ban-an
https://congbobanan.toaan.gov.vn/2ta1687057t1cvn/chi-tiet-ban-an,"Bản án:số 11 ngày 27/09/2024 của  TAND huyện Cần Giuộc,  tỉnh Long An(10.12.2024)",/2ta1687057t1cvn/chi-tiet-ban-an
https://congbobanan.toaan.gov.vn/2ta1687075t1cvn/chi-tiet-ban-an,"Bản án:số 10 ngày 26/09/2024 của  TAND huyện Cần Giuộc,  tỉnh Long An(10.12.2024)",/2ta1687075t1cvn/chi-tiet-ban-an
https://congbobanan.toaan.gov.vn/2ta1686033t1cvn/chi-tiet-ban-an,Bản án:số 10 ngày 07/11/2024 của TAND tỉnh Long An(06.12.2024),/2ta1686033t1cvn/chi-tiet-ban-an
https://congbobanan.toaan.gov.vn/2ta1686016t1cvn/chi-tiet-ban-an,Bản án:số 11 ngày 07/11/2024 của TAND tỉnh Long An(06.12.2024),/2ta1686016t1cvn/chi-tiet-ban-an
https://congbobanan.toaan.gov.vn/2ta1686014t1cvn/chi-tiet-ban-an,Bản án:số 13 ngày 12/11/2024 của TAND tỉnh Long An(06.12.2024),/2ta1686014t1cvn/chi-tiet-ban-an
https://congbobanan.toaan.gov.vn/2ta1685720t1cvn/chi-tiet-ban-an,"Bản án:số 06/2024/LĐST ngày 24/09/2024 của  TAND TP. Vũng Tàu,  tỉnh Bà Rịa_Vũng Tàu(06.12.2024)",/2ta1685720t1cvn/chi-tiet-ban-an
https://congbobanan.toaan.gov.vn/2ta1685278t1cvn/chi-tiet-ban-an,Bản án:số 17/2024/LĐ-PT ngày 28/11/2024 của TAND tỉnh Bình Dương(05.12.2024),/2ta1685278t1cvn/chi-tiet-ban-an
https://congbobanan.toaan.gov.vn/2ta1684910t1cvn/chi-tiet-ban-an,Bản án:số 2 ngày 19/11/2024 của TAND tỉnh Đắk Lắk(04.12.2024),/2ta1684910t1cvn/chi-tiet-ban-an
https://congbobanan.toaan.gov.vn/2ta1683929t1cvn/chi-tiet-ban-an,"Bản án:số 08 ngày 15/10/2024 của  TAND huyện Long Mỹ,  tỉnh Hậu Giang(02.12.2024)",/2ta1683929t1cvn/chi-tiet-ban-an
https://congbobanan.toaan.gov.vn/2ta1683461t1cvn/chi-tiet-ban-an,Bản án:số 01 ngày 21/09/2024 của TAND tỉnh Bắc Giang(01.12.2024),/2ta1683461t1cvn/chi-tiet-ban-an
https://congbobanan.toaan.gov.vn/2ta1680414t1cvn/chi-tiet-ban-an,"Bản án:số 4379 ngày 17/09/2024 của  Thành phố Thủ Đức,  TP. Hồ Chí Minh(29.11.2024)",/2ta1680414t1cvn/chi-tiet-ban-an
https://congbobanan.toaan.gov.vn/2ta1680424t1cvn/chi-tiet-ban-an,"Bản án:số 4003 ngày 27/08/2024 của  Thành phố Thủ Đức,  TP. Hồ Chí Minh(29.11.2024)",/2ta1680424t1cvn/chi-tiet-ban-an
https://congbobanan.toaan.gov.vn/2ta1680991t1cvn/chi-tiet-ban-an,"Bản án:số 81 ngày 25/09/2024 của  TAND huyện Bến Lức,  tỉnh Long An(27.11.2024)",/2ta1680991t1cvn/chi-tiet-ban-an
https://congbobanan.toaan.gov.vn/2ta1680575t1cvn/chi-tiet-ban-an,"Bản án:số 11 ngày 27/09/2024 của  TAND TP. Biên Hòa,  tỉnh Đồng Nai(26.11.2024)",/2ta1680575t1cvn/chi-tiet-ban-an
https://congbobanan.toaan.gov.vn/2ta1679777t1cvn/chi-tiet-ban-an,"Bản án:số 27 ngày 30/09/2024 của  TAND huyện Hóc Môn,  TP. Hồ Chí Minh(25.11.2024)",/2ta1679777t1cvn/chi-tiet-ban-an
https://congbobanan.toaan.gov.vn/2ta1679374t1cvn/chi-tiet-ban-an,"Bản án:số 11 ngày 19/09/2024 của  TAND huyện Long Phú,  tỉnh Sóc Trăng(23.11.2024)",/2ta1679374t1cvn/chi-tiet-ban-an
https://congbobanan.toaan.gov.vn/2ta1679306t1cvn/chi-tiet-ban-an,"Bản án:số 4249 ngày 10/09/2024 của  Thành phố Thủ Đức,  TP. Hồ Chí Minh(23.11.2024)",/2ta1679306t1cvn/chi-tiet-ban-an
https://congbobanan.toaan.gov.vn/2ta1678448t1cvn/chi-tiet-ban-an,"Bản án:số 23 ngày 06/09/2024 của  TAND TX. Bến Cát,  tỉnh Bình Dương(20.11.2024)",/2ta1678448t1cvn/chi-tiet-ban-an
https://congbobanan.toaan.gov.vn/2ta1678362t1cvn/chi-tiet-ban-an,"Bản án:số 09 ngày 04/09/2024 của  TAND TP. Sóc Trăng,  tỉnh Sóc Trăng(20.11.2024)",/2ta1678362t1cvn/chi-tiet-ban-an
https://congbobanan.toaan.gov.vn/2ta1678355t1cvn/chi-tiet-ban-an,"Bản án:số 08 ngày 04/09/2024 của  TAND TP. Sóc Trăng,  tỉnh Sóc Trăng(20.11.2024)",/2ta1678355t1cvn/chi-tiet-ban-an
https://congbobanan.toaan.gov.vn/2ta1678246t1cvn/chi-tiet-ban-an,"Bản án:số 13 ngày 20/09/2024 của  TAND TP. Sóc Trăng,  tỉnh Sóc Trăng(19.11.2024)",/2ta1678246t1cvn/chi-tiet-ban-an
https://congbobanan.toaan.gov.vn/2ta1678236t1cvn/chi-tiet-ban-an,"Bản án:số 12 ngày 27/09/2024 của  TAND TX. Tân Uyên,  tỉnh Bình Dương(19.11.2024)",/2ta1678236t1cvn/chi-tiet-ban-an
https://congbobanan.toaan.gov.vn/2ta1677952t1cvn/chi-tiet-ban-an,"Bản án:số 07 ngày 20/09/2024 của  TAND Q. Hải Châu,  TP Đà Nẵng(19.11.2024)",/2ta1677952t1cvn/chi-tiet-ban-an
https://congbobanan.toaan.gov.vn/2ta1677855t1cvn/chi-tiet-ban-an,"Bản án:số 3902 ngày 22/08/2024 của  Thành phố Thủ Đức,  TP. Hồ Chí Minh(19.11.2024)",/2ta1677855t1cvn/chi-tiet-ban-an
https://congbobanan.toaan.gov.vn/2ta1677276t1cvn/chi-tiet-ban-an,"Bản án:số 13 ngày 27/09/2024 của  TAND huyện Cần Giuộc,  tỉnh Long An(16.11.2024)",/2ta1677276t1cvn/chi-tiet-ban-an
https://congbobanan.toaan.gov.vn/2ta1674936t1cvn/chi-tiet-ban-an,"Bản án:số 01 ngày 30/09/2024 của  TAND huyện Yên Minh,  tỉnh Hà Giang(11.11.2024)",/2ta1674936t1cvn/chi-tiet-ban-an
https://congbobanan.toaan.gov.vn/2ta1674383t1cvn/chi-tiet-ban-an,"Bản án:số 67/2024/LĐ-ST ngày 12/09/2024 của  TAND Q. Liên Chiểu,  TP Đà Nẵng(08.11.2024)",/2ta1674383t1cvn/chi-tiet-ban-an
https://congbobanan.toaan.gov.vn/2ta1674345t1cvn/chi-tiet-ban-an,"Bản án:số 3916 ngày 22/08/2024 của  Thành phố Thủ Đức,  TP. Hồ Chí Minh(07.11.2024)",/2ta1674345t1cvn/chi-tiet-ban-an
https://congbobanan.toaan.gov.vn/2ta1673158t1cvn/chi-tiet-ban-an,"Bản án:số 02 ngày 24/09/2024 của  TAND TP. Lào Cai,  tỉnh Lào Cai(05.11.2024)",/2ta1673158t1cvn/chi-tiet-ban-an
https://congbobanan.toaan.gov.vn/2ta1672703t1cvn/chi-tiet-ban-an,"Bản án:số 60 ngày 30/08/2024 của  TAND Q. Liên Chiểu,  TP Đà Nẵng(05.11.2024)",/2ta1672703t1cvn/chi-tiet-ban-an
https://congbobanan.toaan.gov.vn/2ta1672024t1cvn/chi-tiet-ban-an,"Bản án:số 10 ngày 09/09/2024 của  TAND TP. Thủ Dầu Một,  tỉnh Bình Dương(03.11.2024)",/2ta1672024t1cvn/chi-tiet-ban-an
https://congbobanan.toaan.gov.vn/2ta1661390t1cvn/chi-tiet-ban-an,"Bản án:số 44 ngày 23/09/2024 của  TAND Q. Tân Bình,  TP. Hồ Chí Minh(02.11.2024)",/2ta1661390t1cvn/chi-tiet-ban-an
https://congbobanan.toaan.gov.vn/2ta1671814t1cvn/chi-tiet-ban-an,"Bản án:số 38/2024/LĐ-ST ngày 28/08/2024 của  TAND Q. Liên Chiểu,  TP Đà Nẵng(01.11.2024)",/2ta1671814t1cvn/chi-tiet-ban-an
https://congbobanan.toaan.gov.vn/2ta1671684t1cvn/chi-tiet-ban-an,"Bản án:số 12 ngày 19/09/2024 của  TAND TP. Sóc Trăng,  tỉnh Sóc Trăng(01.11.2024)",/2ta1671684t1cvn/chi-tiet-ban-an
https://congbobanan.toaan.gov.vn/2ta1671446t1cvn/chi-tiet-ban-an,"Bản án:số 49/2024/LĐ-ST ngày 20/09/2024 của  TAND TX. Dĩ An,  tỉnh Bình Dương(01.11.2024)",/2ta1671446t1cvn/chi-tiet-ban-an
https://congbobanan.toaan.gov.vn/2ta1671190t1cvn/chi-tiet-ban-an,"Bản án:số 01 ngày 26/09/2024 của  TAND Q. Dương Kinh,  TP. Hải Phòng(01.11.2024)",/2ta1671190t1cvn/chi-tiet-ban-an
https://congbobanan.toaan.gov.vn/2ta1669861t1cvn/chi-tiet-ban-an,"Bản án:số 15 ngày 16/08/2024 của  TAND huyện Tân Biên,  tỉnh Tây Ninh(31.10.2024)",/2ta1669861t1cvn/chi-tiet-ban-an
https://congbobanan.toaan.gov.vn/2ta1668962t1cvn/chi-tiet-ban-an,"Bản án:số 46 ngày 16/09/2024 của  TAND TX. Dĩ An,  tỉnh Bình Dương(30.10.2024)",/2ta1668962t1cvn/chi-tiet-ban-an
https://congbobanan.toaan.gov.vn/2ta1668954t1cvn/chi-tiet-ban-an,"Bản án:số 45 ngày 16/09/2024 của  TAND TX. Dĩ An,  tỉnh Bình Dương(30.10.2024)",/2ta1668954t1cvn/chi-tiet-ban-an
https://congbobanan.toaan.gov.vn/2ta1668936t1cvn/chi-tiet-ban-an,"Bản án:số 44 ngày 16/09/2024 của  TAND TX. Dĩ An,  tỉnh Bình Dương(30.10.2024)",/2ta1668936t1cvn/chi-tiet-ban-an
https://congbobanan.toaan.gov.vn/2ta1623373t1cvn/chi-tiet-ban-an,"Bản án:số 4003 ngày 27/08/2024 của  Thành phố Thủ Đức,  TP. Hồ Chí Minh(29.10.2024)",/2ta1623373t1cvn/chi-tiet-ban-an
https://congbobanan.toaan.gov.vn/2ta1667329t1cvn/chi-tiet-ban-an,"Bản án:số 02 ngày 25/09/2024 của  TAND TX. Long Khánh,  tỉnh Đồng Nai(28.10.2024)",/2ta1667329t1cvn/chi-tiet-ban-an
https://congbobanan.toaan.gov.vn/2ta1666985t1cvn/chi-tiet-ban-an,"Bản án:số 51 ngày 20/09/2024 của  TAND TX. Dĩ An,  tỉnh Bình Dương(25.10.2024)",/2ta1666985t1cvn/chi-tiet-ban-an
https://congbobanan.toaan.gov.vn/2ta1666973t1cvn/chi-tiet-ban-an,"Bản án:số 50 ngày 20/09/2024 của  TAND TX. Dĩ An,  tỉnh Bình Dương(25.10.2024)",/2ta1666973t1cvn/chi-tiet-ban-an
https://congbobanan.toaan.gov.vn/2ta1665958t1cvn/chi-tiet-ban-an,"Bản án:số 10 ngày 19/09/2024 của  TAND huyện Long Phú,  tỉnh Sóc Trăng(23.10.2024)",/2ta1665958t1cvn/chi-tiet-ban-an
https://congbobanan.toaan.gov.vn/2ta1665599t1cvn/chi-tiet-ban-an,"Bản án:số 01 ngày 12/09/2024 của  TAND huyện Vụ Bản,  tỉnh Nam Định(22.10.2024)",/2ta1665599t1cvn/chi-tiet-ban-an
https://congbobanan.toaan.gov.vn/2ta1665027t1cvn/chi-tiet-ban-an,"Bản án:số 25 ngày 12/09/2024 của  TAND TX. Bến Cát,  tỉnh Bình Dương(21.10.2024)",/2ta1665027t1cvn/chi-tiet-ban-an
https://congbobanan.toaan.gov.vn/2ta1664989t1cvn/chi-tiet-ban-an,Bản án:số 04 ngày 26/09/2024 của TAND tỉnh Cà Mau(21.10.2024),/2ta1664989t1cvn/chi-tiet-ban-an
https://congbobanan.toaan.gov.vn/2ta1664451t1cvn/chi-tiet-ban-an,"Bản án:số 75 ngày 12/09/2024 của  TAND huyện Bến Lức,  tỉnh Long An(18.10.2024)",/2ta1664451t1cvn/chi-tiet-ban-an
https://congbobanan.toaan.gov.vn/2ta1664450t1cvn/chi-tiet-ban-an,"Bản án:số 74 ngày 12/09/2024 của  TAND huyện Bến Lức,  tỉnh Long An(18.10.2024)",/2ta1664450t1cvn/chi-tiet-ban-an
https://congbobanan.toaan.gov.vn/2ta1664465t1cvn/chi-tiet-ban-an,"Bản án:số 73 ngày 12/09/2024 của  TAND huyện Bến Lức,  tỉnh Long An(18.10.2024)",/2ta1664465t1cvn/chi-tiet-ban-an
https://congbobanan.toaan.gov.vn/2ta1664372t1cvn/chi-tiet-ban-an,"Bản án:số 149/2024/LĐ-ST ngày 28/08/2024 của  TAND TX. Thuận An,  tỉnh Bình Dương(18.10.2024)",/2ta1664372t1cvn/chi-tiet-ban-an
https://congbobanan.toaan.gov.vn/2ta1664373t1cvn/chi-tiet-ban-an,"Bản án:số 150/2024/LĐ-ST ngày 28/08/2024 của  TAND TX. Thuận An,  tỉnh Bình Dương(18.10.2024)",/2ta1664373t1cvn/chi-tiet-ban-an
https://congbobanan.toaan.gov.vn/2ta1664374t1cvn/chi-tiet-ban-an,"Bản án:số 154/2024/LĐ-ST ngày 29/08/2024 của  TAND TX. Thuận An,  tỉnh Bình Dương(18.10.2024)",/2ta1664374t1cvn/chi-tiet-ban-an
https://congbobanan.toaan.gov.vn/2ta1663812t1cvn/chi-tiet-ban-an,"Bản án:số 47 ngày 16/09/2024 của  TAND TX. Dĩ An,  tỉnh Bình Dương(17.10.2024)",/2ta1663812t1cvn/chi-tiet-ban-an
https://congbobanan.toaan.gov.vn/2ta1663813t1cvn/chi-tiet-ban-an,"Bản án:số 48 ngày 16/09/2024 của  TAND TX. Dĩ An,  tỉnh Bình Dương(17.10.2024)",/2ta1663813t1cvn/chi-tiet-ban-an
https://congbobanan.toaan.gov.vn/2ta1663305t1cvn/chi-tiet-ban-an,Bản án:số 04 ngày 17/09/2024 của TAND TP Đà Nẵng(15.10.2024),/2ta1663305t1cvn/chi-tiet-ban-an
https://congbobanan.toaan.gov.vn/2ta1662976t1cvn/chi-tiet-ban-an,"Bản án:số 06 ngày 12/09/2024 của  TAND huyện Cần Đước,  tỉnh Long An(15.10.2024)",/2ta1662976t1cvn/chi-tiet-ban-an
https://congbobanan.toaan.gov.vn/2ta1662099t1cvn/chi-tiet-ban-an,"Bản án:số 03 ngày 30/08/2024 của  TAND huyện Cần Đước,  tỉnh Long An(11.10.2024)",/2ta1662099t1cvn/chi-tiet-ban-an
https://congbobanan.toaan.gov.vn/2ta1662104t1cvn/chi-tiet-ban-an,"Bản án:số 04 ngày 30/08/2024 của  TAND huyện Cần Đước,  tỉnh Long An(11.10.2024)",/2ta1662104t1cvn/chi-tiet-ban-an
https://congbobanan.toaan.gov.vn/2ta1661138t1cvn/chi-tiet-ban-an,Bản án:số 80 ngày 24/07/2024 của TAND TP. Hồ Chí Minh(09.10.2024),/2ta1661138t1cvn/chi-tiet-ban-an
https://congbobanan.toaan.gov.vn/2ta1660937t1cvn/chi-tiet-ban-an,Bản án:số 47 ngày 11/04/2024 của TAND TP. Hồ Chí Minh(08.10.2024),/2ta1660937t1cvn/chi-tiet-ban-an
https://congbobanan.toaan.gov.vn/2ta1660924t1cvn/chi-tiet-ban-an,"Bản án:số 145/2024/LĐST ngày 22/08/2024 của  TAND TX. Thuận An,  tỉnh Bình Dương(08.10.2024)",/2ta1660924t1cvn/chi-tiet-ban-an
https://congbobanan.toaan.gov.vn/2ta1660552t1cvn/chi-tiet-ban-an,"Bản án:số 82 ngày 03/06/2024 của  TAND TX. Thuận An,  tỉnh Bình Dương(07.10.2024)",/2ta1660552t1cvn/chi-tiet-ban-an
https://congbobanan.toaan.gov.vn/2ta1660562t1cvn/chi-tiet-ban-an,"Bản án:số 81 ngày 03/06/2024 của  TAND TX. Thuận An,  tỉnh Bình Dương(07.10.2024)",/2ta1660562t1cvn/chi-tiet-ban-an
https://congbobanan.toaan.gov.vn/2ta1660282t1cvn/chi-tiet-ban-an,Bản án:số 64 ngày 28/05/2024 của TAND TP. Hồ Chí Minh(07.10.2024),/2ta1660282t1cvn/chi-tiet-ban-an
https://congbobanan.toaan.gov.vn/2ta1660287t1cvn/chi-tiet-ban-an,Bản án:số 66 ngày 30/05/2024 của TAND TP. Hồ Chí Minh(07.10.2024),/2ta1660287t1cvn/chi-tiet-ban-an
https://congbobanan.toaan.gov.vn/2ta1660433t1cvn/chi-tiet-ban-an,Bản án:số 02/2024/LĐ-PT ngày 26/09/2024 của TAND cấp cao tại Đà Nẵng(07.10.2024),/2ta1660433t1cvn/chi-tiet-ban-an
https://congbobanan.toaan.gov.vn/2ta1658846t1cvn/chi-tiet-ban-an,"Bản án:số 22 ngày 06/09/2023 của  TAND Q. Tân Phú,  TP. Hồ Chí Minh(02.10.2024)",/2ta1658846t1cvn/chi-tiet-ban-an
https://congbobanan.toaan.gov.vn/2ta1658803t1cvn/chi-tiet-ban-an,"Bản án:số 06 ngày 26/06/2024 của  TAND TP. Thủ Dầu Một,  tỉnh Bình Dương(02.10.2024)",/2ta1658803t1cvn/chi-tiet-ban-an
https://congbobanan.toaan.gov.vn/2ta1658791t1cvn/chi-tiet-ban-an,"Bản án:số 03 ngày 07/08/2024 của  TAND huyện Bắc Tân Uyên,  tỉnh Bình Dương(02.10.2024)",/2ta1658791t1cvn/chi-tiet-ban-an
https://congbobanan.toaan.gov.vn/2ta1657611t1cvn/chi-tiet-ban-an,"Bản án:số 70 ngày 23/05/2024 của  TAND TX. Thuận An,  tỉnh Bình Dương(01.10.2024)",/2ta1657611t1cvn/chi-tiet-ban-an
https://congbobanan.toaan.gov.vn/2ta1657622t1cvn/chi-tiet-ban-an,"Bản án:số 73 ngày 23/05/2024 của  TAND TX. Thuận An,  tỉnh Bình Dương(01.10.2024)",/2ta1657622t1cvn/chi-tiet-ban-an
https://congbobanan.toaan.gov.vn/2ta1657623t1cvn/chi-tiet-ban-an,"Bản án:số 91 ngày 25/06/2024 của  TAND TX. Thuận An,  tỉnh Bình Dương(01.10.2024)",/2ta1657623t1cvn/chi-tiet-ban-an
https://congbobanan.toaan.gov.vn/2ta1657624t1cvn/chi-tiet-ban-an,"Bản án:số 106 ngày 19/07/2024 của  TAND TX. Thuận An,  tỉnh Bình Dương(01.10.2024)",/2ta1657624t1cvn/chi-tiet-ban-an
https://congbobanan.toaan.gov.vn/2ta1657625t1cvn/chi-tiet-ban-an,"Bản án:số 71 ngày 23/05/2024 của  TAND TX. Thuận An,  tỉnh Bình Dương(01.10.2024)",/2ta1657625t1cvn/chi-tiet-ban-an
https://congbobanan.toaan.gov.vn/2ta1657235t1cvn/chi-tiet-ban-an,Bản án:số 56 ngày 26/04/2024 của TAND TP. Hồ Chí Minh(01.10.2024),/2ta1657235t1cvn/chi-tiet-ban-an
https://congbobanan.toaan.gov.vn/2ta1609981t1cvn/chi-tiet-ban-an,"Bản án:số 01 ngày 28/02/2024 của  TAND TX. Long Khánh,  tỉnh Đồng Nai(01.10.2024)",/2ta1609981t1cvn/chi-tiet-ban-an
https://congbobanan.toaan.gov.vn/2ta1655032t1cvn/chi-tiet-ban-an,"Bản án:số 16 ngày 27/06/2024 của  TAND TX. Bến Cát,  tỉnh Bình Dương(01.10.2024)",/2ta1655032t1cvn/chi-tiet-ban-an
https://congbobanan.toaan.gov.vn/2ta1654377t1cvn/chi-tiet-ban-an,"Bản án:số 03 ngày 18/06/2024 của  TAND TP. Việt Trì,  tỉnh Phú Thọ(30.09.2024)",/2ta1654377t1cvn/chi-tiet-ban-an
https://congbobanan.toaan.gov.vn/2ta1653522t1cvn/chi-tiet-ban-an,Bản án:số 11 ngày 19/01/2024 của TAND TP. Hồ Chí Minh(30.09.2024),/2ta1653522t1cvn/chi-tiet-ban-an
https://congbobanan.toaan.gov.vn/2ta1653570t1cvn/chi-tiet-ban-an,Bản án:số 12 ngày 19/01/2024 của TAND TP. Hồ Chí Minh(30.09.2024),/2ta1653570t1cvn/chi-tiet-ban-an
https://congbobanan.toaan.gov.vn/2ta1653645t1cvn/chi-tiet-ban-an,Bản án:số 37 ngày 28/03/2024 của TAND TP. Hồ Chí Minh(30.09.2024),/2ta1653645t1cvn/chi-tiet-ban-an
https://congbobanan.toaan.gov.vn/2ta1653582t1cvn/chi-tiet-ban-an,Bản án:số 17 ngày 29/01/2024 của TAND TP. Hồ Chí Minh(30.09.2024),/2ta1653582t1cvn/chi-tiet-ban-an
https://congbobanan.toaan.gov.vn/2ta1653596t1cvn/chi-tiet-ban-an,Bản án:số 27 ngày 29/02/2024 của TAND TP. Hồ Chí Minh(30.09.2024),/2ta1653596t1cvn/chi-tiet-ban-an
https://congbobanan.toaan.gov.vn/2ta1653657t1cvn/chi-tiet-ban-an,Bản án:số 46 ngày 09/04/2024 của TAND TP. Hồ Chí Minh(30.09.2024),/2ta1653657t1cvn/chi-tiet-ban-an
https://congbobanan.toaan.gov.vn/2ta1653583t1cvn/chi-tiet-ban-an,Bản án:số 56 ngày 26/04/2024 của TAND TP. Hồ Chí Minh(30.09.2024),/2ta1653583t1cvn/chi-tiet-ban-an
https://congbobanan.toaan.gov.vn/2ta1653512t1cvn/chi-tiet-ban-an,"Bản án:số 07 ngày 09/04/2024 của  TAND TP. Tân An,  tỉnh Long An(30.09.2024)",/2ta1653512t1cvn/chi-tiet-ban-an
https://congbobanan.toaan.gov.vn/2ta1653087t1cvn/chi-tiet-ban-an,"Bản án:số 01 ngày 26/08/2024 của  TAND TP. Ngã Bảy,  tỉnh Hậu Giang(30.09.2024)",/2ta1653087t1cvn/chi-tiet-ban-an
https://congbobanan.toaan.gov.vn/2ta1652287t1cvn/chi-tiet-ban-an,Bản án:số 02/2024/LĐ-PT ngày 25/07/2024 của TAND cấp cao tại TP Hồ Chí Minh(30.09.2024),/2ta1652287t1cvn/chi-tiet-ban-an
https://congbobanan.toaan.gov.vn/2ta1649855t1cvn/chi-tiet-ban-an,Bản án:số 1264 ngày 27/12/2023 của TAND TP. Hồ Chí Minh(30.09.2024),/2ta1649855t1cvn/chi-tiet-ban-an
https://congbobanan.toaan.gov.vn/2ta1649910t1cvn/chi-tiet-ban-an,Bản án:số 1186 ngày 13/12/2023 của TAND TP. Hồ Chí Minh(30.09.2024),/2ta1649910t1cvn/chi-tiet-ban-an
https://congbobanan.toaan.gov.vn/2ta1649964t1cvn/chi-tiet-ban-an,Bản án:số 1146 ngày 06/12/2023 của TAND TP. Hồ Chí Minh(30.09.2024),/2ta1649964t1cvn/chi-tiet-ban-an
https://congbobanan.toaan.gov.vn/2ta1650310t1cvn/chi-tiet-ban-an,Bản án:số 890 ngày 28/08/2023 của TAND TP. Hồ Chí Minh(30.09.2024),/2ta1650310t1cvn/chi-tiet-ban-an
https://congbobanan.toaan.gov.vn/2ta1650337t1cvn/chi-tiet-ban-an,Bản án:số 885 ngày 25/08/2023 của TAND TP. Hồ Chí Minh(30.09.2024),/2ta1650337t1cvn/chi-tiet-ban-an
https://congbobanan.toaan.gov.vn/2ta1650398t1cvn/chi-tiet-ban-an,Bản án:số 815 ngày 02/08/2023 của TAND TP. Hồ Chí Minh(30.09.2024),/2ta1650398t1cvn/chi-tiet-ban-an
https://congbobanan.toaan.gov.vn/2ta1650866t1cvn/chi-tiet-ban-an,Bản án:số 02/2024/LĐ-PT ngày 25/07/2024 của TAND cấp cao tại TP Hồ Chí Minh(30.09.2024),/2ta1650866t1cvn/chi-tiet-ban-an
https://congbobanan.toaan.gov.vn/2ta1650919t1cvn/chi-tiet-ban-an,"Bản án:số 127 ngày 07/08/2024 của  TAND TX. Thuận An,  tỉnh Bình Dương(30.09.2024)",/2ta1650919t1cvn/chi-tiet-ban-an
https://congbobanan.toaan.gov.vn/2ta1650962t1cvn/chi-tiet-ban-an,"Bản án:số 128 ngày 07/08/2024 của  TAND TX. Thuận An,  tỉnh Bình Dương(30.09.2024)",/2ta1650962t1cvn/chi-tiet-ban-an
https://congbobanan.toaan.gov.vn/2ta1650375t1cvn/chi-tiet-ban-an,Bản án:số 01 ngày 06/03/2024 của TAND tỉnh Thái Nguyên(30.09.2024),/2ta1650375t1cvn/chi-tiet-ban-an
https://congbobanan.toaan.gov.vn/2ta1645595t1cvn/chi-tiet-ban-an,Bản án:số 55 ngày 26/04/2024 của TAND TP. Hồ Chí Minh(30.09.2024),/2ta1645595t1cvn/chi-tiet-ban-an
https://congbobanan.toaan.gov.vn/2ta1646489t1cvn/chi-tiet-ban-an,Bản án:số 74 ngày 18/06/2024 của TAND TP. Hồ Chí Minh(30.09.2024),/2ta1646489t1cvn/chi-tiet-ban-an
https://congbobanan.toaan.gov.vn/2ta1646823t1cvn/chi-tiet-ban-an,Bản án:số 74 ngày 03/07/2024 của TAND TP. Hồ Chí Minh(30.09.2024),/2ta1646823t1cvn/chi-tiet-ban-an
https://congbobanan.toaan.gov.vn/2ta1646872t1cvn/chi-tiet-ban-an,Bản án:số 92 ngày 19/08/2024 của TAND TP. Hồ Chí Minh(30.09.2024),/2ta1646872t1cvn/chi-tiet-ban-an
https://congbobanan.toaan.gov.vn/2ta1646930t1cvn/chi-tiet-ban-an,Bản án:số 89 ngày 13/08/2024 của TAND TP. Hồ Chí Minh(30.09.2024),/2ta1646930t1cvn/chi-tiet-ban-an
https://congbobanan.toaan.gov.vn/2ta1648846t1cvn/chi-tiet-ban-an,"Bản án:số 148/2024/LĐ-ST ngày 30/08/2024 của  TAND huyện Đức Hòa,  tỉnh Long An(30.09.2024)",/2ta1648846t1cvn/chi-tiet-ban-an
https://congbobanan.toaan.gov.vn/2ta1648879t1cvn/chi-tiet-ban-an,"Bản án:số 139/2024/LĐ-ST ngày 30/08/2024 của  TAND huyện Đức Hòa,  tỉnh Long An(30.09.2024)",/2ta1648879t1cvn/chi-tiet-ban-an
https://congbobanan.toaan.gov.vn/2ta1649108t1cvn/chi-tiet-ban-an,Bản án:số 03/2024/LĐ-PT ngày 29/08/2024 của TAND tỉnh Cà Mau(30.09.2024),/2ta1649108t1cvn/chi-tiet-ban-an
https://congbobanan.toaan.gov.vn/2ta1648491t1cvn/chi-tiet-ban-an,"Bản án:số 02 ngày 23/02/2024 của  TAND TX. Bến Cát,  tỉnh Bình Dương(30.09.2024)",/2ta1648491t1cvn/chi-tiet-ban-an
https://congbobanan.toaan.gov.vn/2ta1648167t1cvn/chi-tiet-ban-an,Bản án:số 07 ngày 10/01/2024 của TAND TP. Hồ Chí Minh(30.09.2024),/2ta1648167t1cvn/chi-tiet-ban-an
https://congbobanan.toaan.gov.vn/2ta1648200t1cvn/chi-tiet-ban-an,Bản án:số 18 ngày 30/01/2024 của TAND TP. Hồ Chí Minh(30.09.2024),/2ta1648200t1cvn/chi-tiet-ban-an
https://congbobanan.toaan.gov.vn/2ta1648375t1cvn/chi-tiet-ban-an,Bản án:số 1176 ngày 12/12/2023 của TAND TP. Hồ Chí Minh(30.09.2024),/2ta1648375t1cvn/chi-tiet-ban-an
https://congbobanan.toaan.gov.vn/2ta1648422t1cvn/chi-tiet-ban-an,"Bản án:số 04 ngày 09/05/2024 của  TAND TX. Bến Cát,  tỉnh Bình Dương(30.09.2024)",/2ta1648422t1cvn/chi-tiet-ban-an
https://congbobanan.toaan.gov.vn/2ta1648273t1cvn/chi-tiet-ban-an,Bản án:số 88 ngày 16/05/2024 của TAND TP. Hồ Chí Minh(30.09.2024),/2ta1648273t1cvn/chi-tiet-ban-an
https://congbobanan.toaan.gov.vn/2ta1647413t1cvn/chi-tiet-ban-an,Bản án:số 02 ngày 18/01/2024 của TAND tỉnh Đồng Nai(30.09.2024),/2ta1647413t1cvn/chi-tiet-ban-an
https://congbobanan.toaan.gov.vn/2ta1647301t1cvn/chi-tiet-ban-an,"Bản án:số 02 ngày 11/04/2024 của  TAND TX. Tân Uyên,  tỉnh Bình Dương(30.09.2024)",/2ta1647301t1cvn/chi-tiet-ban-an
https://congbobanan.toaan.gov.vn/2ta1647011t1cvn/chi-tiet-ban-an,Bản án:số 1152 ngày 07/12/2023 của TAND TP. Hồ Chí Minh(30.09.2024),/2ta1647011t1cvn/chi-tiet-ban-an
https://congbobanan.toaan.gov.vn/2ta1646790t1cvn/chi-tiet-ban-an,Bản án:số 06 ngày 29/07/2024 của TAND tỉnh Đồng Nai(30.09.2024),/2ta1646790t1cvn/chi-tiet-ban-an
https://congbobanan.toaan.gov.vn/2ta1646709t1cvn/chi-tiet-ban-an,Bản án:số 42 ngày 04/04/2024 của TAND TP. Hồ Chí Minh(30.09.2024),/2ta1646709t1cvn/chi-tiet-ban-an
https://congbobanan.toaan.gov.vn/2ta1646644t1cvn/chi-tiet-ban-an,Bản án:số 20 ngày 21/02/2024 của TAND TP. Hồ Chí Minh(30.09.2024),/2ta1646644t1cvn/chi-tiet-ban-an
https://congbobanan.toaan.gov.vn/2ta1646568t1cvn/chi-tiet-ban-an,"Bản án:số 17 ngày 23/04/2024 của  TAND Quận 1,  TP. Hồ Chí Minh(30.09.2024)",/2ta1646568t1cvn/chi-tiet-ban-an
https://congbobanan.toaan.gov.vn/2ta1645570t1cvn/chi-tiet-ban-an,"Bản án:số 850 ngày 19/03/2024 của  Thành phố Thủ Đức,  TP. Hồ Chí Minh(30.09.2024)",/2ta1645570t1cvn/chi-tiet-ban-an
https://congbobanan.toaan.gov.vn/2ta1645926t1cvn/chi-tiet-ban-an,Bản án:số 02 ngày 28/03/2024 của TAND tỉnh Thái Nguyên(30.09.2024),/2ta1645926t1cvn/chi-tiet-ban-an
https://congbobanan.toaan.gov.vn/2ta1644834t1cvn/chi-tiet-ban-an,"Bản án:số 35 ngày 27/05/2024 của  TAND huyện Đức Hòa,  tỉnh Long An(30.09.2024)",/2ta1644834t1cvn/chi-tiet-ban-an
https://congbobanan.toaan.gov.vn/2ta1644922t1cvn/chi-tiet-ban-an,"Bản án:số 18 ngày 03/05/2024 của  TAND huyện Đức Hòa,  tỉnh Long An(30.09.2024)",/2ta1644922t1cvn/chi-tiet-ban-an
https://congbobanan.toaan.gov.vn/2ta1644973t1cvn/chi-tiet-ban-an,"Bản án:số 34 ngày 23/05/2024 của  TAND huyện Đức Hòa,  tỉnh Long An(30.09.2024)",/2ta1644973t1cvn/chi-tiet-ban-an
https://congbobanan.toaan.gov.vn/2ta1644648t1cvn/chi-tiet-ban-an,"Bản án:số 112 ngày 25/07/2024 của  TAND TX. Thuận An,  tỉnh Bình Dương(30.09.2024)",/2ta1644648t1cvn/chi-tiet-ban-an
https://congbobanan.toaan.gov.vn/2ta1644619t1cvn/chi-tiet-ban-an,"Bản án:số 110 ngày 24/07/2024 của  TAND TX. Thuận An,  tỉnh Bình Dương(30.09.2024)",/2ta1644619t1cvn/chi-tiet-ban-an
https://congbobanan.toaan.gov.vn/2ta1644620t1cvn/chi-tiet-ban-an,"Bản án:số 109 ngày 23/07/2024 của  TAND TX. Thuận An,  tỉnh Bình Dương(30.09.2024)",/2ta1644620t1cvn/chi-tiet-ban-an
https://congbobanan.toaan.gov.vn/2ta1644603t1cvn/chi-tiet-ban-an,"Bản án:số 108 ngày 22/07/2024 của  TAND TX. Thuận An,  tỉnh Bình Dương(30.09.2024)",/2ta1644603t1cvn/chi-tiet-ban-an
https://congbobanan.toaan.gov.vn/2ta1644579t1cvn/chi-tiet-ban-an,"Bản án:số 74 ngày 23/04/2024 của  TAND TX. Thuận An,  tỉnh Bình Dương(30.09.2024)",/2ta1644579t1cvn/chi-tiet-ban-an
https://congbobanan.toaan.gov.vn/2ta1644372t1cvn/chi-tiet-ban-an,"Bản án:số 35/2024/LĐ-ST ngày 20/06/2024 của  TAND Quận 1,  TP. Hồ Chí Minh(30.09.2024)",/2ta1644372t1cvn/chi-tiet-ban-an
https://congbobanan.toaan.gov.vn/2ta1643752t1cvn/chi-tiet-ban-an,"Bản án:số 01 ngày 19/08/2024 của  TAND huyện Châu Đức,  tỉnh Bà Rịa_Vũng Tàu(30.09.2024)",/2ta1643752t1cvn/chi-tiet-ban-an
https://congbobanan.toaan.gov.vn/2ta1643696t1cvn/chi-tiet-ban-an,"Bản án:số 109 ngày 31/07/2024 của  TAND huyện Đức Hòa,  tỉnh Long An(30.09.2024)",/2ta1643696t1cvn/chi-tiet-ban-an
https://congbobanan.toaan.gov.vn/2ta1643689t1cvn/chi-tiet-ban-an,"Bản án:số 110 ngày 31/07/2024 của  TAND huyện Đức Hòa,  tỉnh Long An(30.09.2024)",/2ta1643689t1cvn/chi-tiet-ban-an
https://congbobanan.toaan.gov.vn/2ta1643672t1cvn/chi-tiet-ban-an,"Bản án:số 74 ngày 24/06/2024 của  TAND huyện Đức Hòa,  tỉnh Long An(30.09.2024)",/2ta1643672t1cvn/chi-tiet-ban-an
https://congbobanan.toaan.gov.vn/2ta1643056t1cvn/chi-tiet-ban-an,"Bản án:số 36/2023/LĐST ngày 27/12/2023 của  TAND Q. Gò Vấp,  TP. Hồ Chí Minh(30.09.2024)",/2ta1643056t1cvn/chi-tiet-ban-an
https://congbobanan.toaan.gov.vn/2ta1643080t1cvn/chi-tiet-ban-an,"Bản án:số 37/2023/LĐST ngày 27/12/2023 của  TAND Q. Gò Vấp,  TP. Hồ Chí Minh(30.09.2024)",/2ta1643080t1cvn/chi-tiet-ban-an
https://congbobanan.toaan.gov.vn/2ta1643089t1cvn/chi-tiet-ban-an,"Bản án:số 11/2024/LĐST ngày 22/05/2024 của  TAND Q. Gò Vấp,  TP. Hồ Chí Minh(30.09.2024)",/2ta1643089t1cvn/chi-tiet-ban-an
https://congbobanan.toaan.gov.vn/2ta1643032t1cvn/chi-tiet-ban-an,"Bản án:số 139 ngày 23/08/2024 của  TAND huyện Đức Hòa,  tỉnh Long An(30.09.2024)",/2ta1643032t1cvn/chi-tiet-ban-an
https://congbobanan.toaan.gov.vn/2ta1642901t1cvn/chi-tiet-ban-an,"Bản án:số 2156 ngày 30/10/2023 của  TAND Q. Bình Thạnh,  TP. Hồ Chí Minh(30.09.2024)",/2ta1642901t1cvn/chi-tiet-ban-an
https://congbobanan.toaan.gov.vn/2ta1642624t1cvn/chi-tiet-ban-an,"Bản án:số 03 ngày 04/03/2024 của  TAND TP. Bến Tre,  tỉnh Bến Tre(30.09.2024)",/2ta1642624t1cvn/chi-tiet-ban-an
https://congbobanan.toaan.gov.vn/2ta1642528t1cvn/chi-tiet-ban-an,"Bản án:số 45 ngày 30/05/2024 của  TAND huyện Đức Hòa,  tỉnh Long An(30.09.2024)",/2ta1642528t1cvn/chi-tiet-ban-an
https://congbobanan.toaan.gov.vn/2ta1642326t1cvn/chi-tiet-ban-an,"Bản án:số 39 ngày 27/05/2024 của  TAND huyện Đức Hòa,  tỉnh Long An(30.09.2024)",/2ta1642326t1cvn/chi-tiet-ban-an
https://congbobanan.toaan.gov.vn/2ta1641341t1cvn/chi-tiet-ban-an,"Bản án:số 3445 ngày 30/07/2024 của  Thành phố Thủ Đức,  TP. Hồ Chí Minh(30.09.2024)",/2ta1641341t1cvn/chi-tiet-ban-an
https://congbobanan.toaan.gov.vn/2ta1640884t1cvn/chi-tiet-ban-an,Bản án:số 02 ngày 27/09/2024 của TAND tỉnh Bình Dương(30.09.2024),/2ta1640884t1cvn/chi-tiet-ban-an
https://congbobanan.toaan.gov.vn/2ta1640401t1cvn/chi-tiet-ban-an,"Bản án:số 138 ngày 19/08/2024 của  TAND huyện Đức Hòa,  tỉnh Long An(30.09.2024)",/2ta1640401t1cvn/chi-tiet-ban-an
https://congbobanan.toaan.gov.vn/2ta1640123t1cvn/chi-tiet-ban-an,"Bản án:số 136 ngày 12/08/2024 của  TAND TX. Thuận An,  tỉnh Bình Dương(30.09.2024)",/2ta1640123t1cvn/chi-tiet-ban-an
https://congbobanan.toaan.gov.vn/2ta1640146t1cvn/chi-tiet-ban-an,"Bản án:số 148 ngày 28/08/2024 của  TAND TX. Thuận An,  tỉnh Bình Dương(30.09.2024)",/2ta1640146t1cvn/chi-tiet-ban-an
https://congbobanan.toaan.gov.vn/2ta1639670t1cvn/chi-tiet-ban-an,"Bản án:số 02/2024/LĐ-ST ngày 31/07/2024 của  TAND TP. Sa Đéc,  tỉnh Đồng Tháp(30.09.2024)",/2ta1639670t1cvn/chi-tiet-ban-an
https://congbobanan.toaan.gov.vn/2ta1639641t1cvn/chi-tiet-ban-an,"Bản án:số 128 ngày 14/08/2024 của  TAND huyện Đức Hòa,  tỉnh Long An(30.09.2024)",/2ta1639641t1cvn/chi-tiet-ban-an
https://congbobanan.toaan.gov.vn/2ta1639485t1cvn/chi-tiet-ban-an,"Bản án:số 141 ngày 23/08/2024 của  TAND huyện Đức Hòa,  tỉnh Long An(30.09.2024)",/2ta1639485t1cvn/chi-tiet-ban-an
https://congbobanan.toaan.gov.vn/2ta1639452t1cvn/chi-tiet-ban-an,"Bản án:số 129 ngày 14/08/2024 của  TAND huyện Đức Hòa,  tỉnh Long An(30.09.2024)",/2ta1639452t1cvn/chi-tiet-ban-an
https://congbobanan.toaan.gov.vn/2ta1639412t1cvn/chi-tiet-ban-an,"Bản án:số 86/2024/LĐ-ST ngày 17/07/2024 của  TAND huyện Đức Hòa,  tỉnh Long An(30.09.2024)",/2ta1639412t1cvn/chi-tiet-ban-an
https://congbobanan.toaan.gov.vn/2ta1639388t1cvn/chi-tiet-ban-an,"Bản án:số 111/2024/LĐ-ST ngày 31/07/2024 của  TAND huyện Đức Hòa,  tỉnh Long An(30.09.2024)",/2ta1639388t1cvn/chi-tiet-ban-an
https://congbobanan.toaan.gov.vn/2ta1639377t1cvn/chi-tiet-ban-an,"Bản án:số 130/2024/LĐ-ST ngày 15/08/2024 của  TAND huyện Đức Hòa,  tỉnh Long An(30.09.2024)",/2ta1639377t1cvn/chi-tiet-ban-an
https://congbobanan.toaan.gov.vn/2ta1639378t1cvn/chi-tiet-ban-an,"Bản án:số 115/2024/LĐ-ST ngày 31/07/2024 của  TAND huyện Đức Hòa,  tỉnh Long An(30.09.2024)",/2ta1639378t1cvn/chi-tiet-ban-an
https://congbobanan.toaan.gov.vn/2ta1639358t1cvn/chi-tiet-ban-an,"Bản án:số 113/2024/LĐ-ST ngày 31/07/2024 của  TAND huyện Đức Hòa,  tỉnh Long An(30.09.2024)",/2ta1639358t1cvn/chi-tiet-ban-an
https://congbobanan.toaan.gov.vn/2ta1639375t1cvn/chi-tiet-ban-an,"Bản án:số 114/2024/LĐ-ST ngày 31/07/2024 của  TAND huyện Đức Hòa,  tỉnh Long An(30.09.2024)",/2ta1639375t1cvn/chi-tiet-ban-an
https://congbobanan.toaan.gov.vn/2ta1639380t1cvn/chi-tiet-ban-an,"Bản án:số 112/2024/LĐ-ST ngày 31/07/2024 của  TAND huyện Đức Hòa,  tỉnh Long An(30.09.2024)",/2ta1639380t1cvn/chi-tiet-ban-an
https://congbobanan.toaan.gov.vn/2ta1639000t1cvn/chi-tiet-ban-an,Bản án:số 01/2024/LĐ-PT ngày 31/01/2024 của TAND tỉnh Bến Tre(29.09.2024),/2ta1639000t1cvn/chi-tiet-ban-an
https://congbobanan.toaan.gov.vn/2ta1638391t1cvn/chi-tiet-ban-an,"Bản án:số 136 ngày 16/08/2024 của  TAND huyện Đức Hòa,  tỉnh Long An(29.09.2024)",/2ta1638391t1cvn/chi-tiet-ban-an
https://congbobanan.toaan.gov.vn/2ta1637476t1cvn/chi-tiet-ban-an,"Bản án:số 01/2024/LĐ-ST ngày 20/06/2024 của  TAND huyện Trảng Bom,  tỉnh Đồng Nai(29.09.2024)",/2ta1637476t1cvn/chi-tiet-ban-an
https://congbobanan.toaan.gov.vn/2ta1635730t1cvn/chi-tiet-ban-an,"Bản án:số BA 02.23.02.2024 ngày 23/02/2024 của  TAND Quận 3,  TP. Hồ Chí Minh(29.09.2024)",/2ta1635730t1cvn/chi-tiet-ban-an
https://congbobanan.toaan.gov.vn/2ta1636736t1cvn/chi-tiet-ban-an,"Bản án:số 103 ngày 23/08/2024 của  TAND TX. Thuận An,  tỉnh Bình Dương(29.09.2024)",/2ta1636736t1cvn/chi-tiet-ban-an
https://congbobanan.toaan.gov.vn/2ta1636729t1cvn/chi-tiet-ban-an,"Bản án:số 102 ngày 23/08/2024 của  TAND TX. Thuận An,  tỉnh Bình Dương(29.09.2024)",/2ta1636729t1cvn/chi-tiet-ban-an
https://congbobanan.toaan.gov.vn/2ta1636698t1cvn/chi-tiet-ban-an,"Bản án:số 101 ngày 12/08/2024 của  TAND TX. Thuận An,  tỉnh Bình Dương(29.09.2024)",/2ta1636698t1cvn/chi-tiet-ban-an
https://congbobanan.toaan.gov.vn/2ta1636694t1cvn/chi-tiet-ban-an,"Bản án:số 93 ngày 24/08/2024 của  TAND TX. Thuận An,  tỉnh Bình Dương(29.09.2024)",/2ta1636694t1cvn/chi-tiet-ban-an
https://congbobanan.toaan.gov.vn/2ta1636686t1cvn/chi-tiet-ban-an,"Bản án:số 94 ngày 24/08/2024 của  TAND TX. Thuận An,  tỉnh Bình Dương(29.09.2024)",/2ta1636686t1cvn/chi-tiet-ban-an
https://congbobanan.toaan.gov.vn/2ta1636733t1cvn/chi-tiet-ban-an,"Bản án:số 04 ngày 07/08/2024 của  TAND Q. Thanh Xuân,  TP. Hà Nội(29.09.2024)",/2ta1636733t1cvn/chi-tiet-ban-an
https://congbobanan.toaan.gov.vn/2ta1636657t1cvn/chi-tiet-ban-an,"Bản án:số 139 ngày 15/08/2024 của  TAND TX. Thuận An,  tỉnh Bình Dương(29.09.2024)",/2ta1636657t1cvn/chi-tiet-ban-an
https://congbobanan.toaan.gov.vn/2ta1636619t1cvn/chi-tiet-ban-an,"Bản án:số 140 ngày 15/08/2024 của  TAND TX. Thuận An,  tỉnh Bình Dương(29.09.2024)",/2ta1636619t1cvn/chi-tiet-ban-an
https://congbobanan.toaan.gov.vn/2ta1636578t1cvn/chi-tiet-ban-an,"Bản án:số 138 ngày 15/08/2024 của  TAND TX. Thuận An,  tỉnh Bình Dương(29.09.2024)",/2ta1636578t1cvn/chi-tiet-ban-an
https://congbobanan.toaan.gov.vn/2ta1636552t1cvn/chi-tiet-ban-an,Bản án:số 04/2024/LĐ-PT ngày 12/09/2024 của TAND tỉnh Bình Dương(29.09.2024),/2ta1636552t1cvn/chi-tiet-ban-an
https://congbobanan.toaan.gov.vn/2ta1635214t1cvn/chi-tiet-ban-an,"Bản án:số 143 ngày 26/08/2024 của  TAND huyện Đức Hòa,  tỉnh Long An(29.09.2024)",/2ta1635214t1cvn/chi-tiet-ban-an
https://congbobanan.toaan.gov.vn/2ta1635216t1cvn/chi-tiet-ban-an,"Bản án:số 144 ngày 26/08/2024 của  TAND huyện Đức Hòa,  tỉnh Long An(29.09.2024)",/2ta1635216t1cvn/chi-tiet-ban-an
https://congbobanan.toaan.gov.vn/2ta1635219t1cvn/chi-tiet-ban-an,"Bản án:số 43 ngày 30/05/2024 của  TAND huyện Đức Hòa,  tỉnh Long An(29.09.2024)",/2ta1635219t1cvn/chi-tiet-ban-an
https://congbobanan.toaan.gov.vn/2ta1635223t1cvn/chi-tiet-ban-an,"Bản án:số 85 ngày 15/07/2024 của  TAND huyện Đức Hòa,  tỉnh Long An(29.09.2024)",/2ta1635223t1cvn/chi-tiet-ban-an
https://congbobanan.toaan.gov.vn/2ta1635247t1cvn/chi-tiet-ban-an,"Bản án:số 43 ngày 30/05/2024 của  TAND huyện Đức Hòa,  tỉnh Long An(29.09.2024)",/2ta1635247t1cvn/chi-tiet-ban-an
https://congbobanan.toaan.gov.vn/2ta1635038t1cvn/chi-tiet-ban-an,"Bản án:số 51 ngày 31/05/2024 của  TAND huyện Đức Hòa,  tỉnh Long An(29.09.2024)",/2ta1635038t1cvn/chi-tiet-ban-an
https://congbobanan.toaan.gov.vn/2ta1635065t1cvn/chi-tiet-ban-an,"Bản án:số 47 ngày 31/05/2024 của  TAND huyện Đức Hòa,  tỉnh Long An(29.09.2024)",/2ta1635065t1cvn/chi-tiet-ban-an
https://congbobanan.toaan.gov.vn/2ta1632420t1cvn/chi-tiet-ban-an,"Bản án:số 05 ngày 30/05/2024 của  TAND huyện Phú Quốc,  tỉnh Kiên Giang(28.09.2024)",/2ta1632420t1cvn/chi-tiet-ban-an
https://congbobanan.toaan.gov.vn/2ta1632233t1cvn/chi-tiet-ban-an,"Bản án:số 03 ngày 13/06/2024 của  TAND TP. Long Xuyên,  tỉnh An Giang(28.09.2024)",/2ta1632233t1cvn/chi-tiet-ban-an
https://congbobanan.toaan.gov.vn/2ta1632217t1cvn/chi-tiet-ban-an,"Bản án:số 02 ngày 13/06/2024 của  TAND TP. Long Xuyên,  tỉnh An Giang(28.09.2024)",/2ta1632217t1cvn/chi-tiet-ban-an
https://congbobanan.toaan.gov.vn/2ta1632021t1cvn/chi-tiet-ban-an,"Bản án:số 14 ngày 14/08/2024 của  TAND huyện Tân Biên,  tỉnh Tây Ninh(28.09.2024)",/2ta1632021t1cvn/chi-tiet-ban-an
https://congbobanan.toaan.gov.vn/2ta1632050t1cvn/chi-tiet-ban-an,"Bản án:số 13 ngày 14/08/2024 của  TAND huyện Tân Biên,  tỉnh Tây Ninh(28.09.2024)",/2ta1632050t1cvn/chi-tiet-ban-an
https://congbobanan.toaan.gov.vn/2ta1632056t1cvn/chi-tiet-ban-an,"Bản án:số 12 ngày 14/08/2024 của  TAND huyện Tân Biên,  tỉnh Tây Ninh(28.09.2024)",/2ta1632056t1cvn/chi-tiet-ban-an
https://congbobanan.toaan.gov.vn/2ta1631763t1cvn/chi-tiet-ban-an,"Bản án:số 01 ngày 07/05/2024 của  TAND TP. Huế,  TP. Huế(28.09.2024)",/2ta1631763t1cvn/chi-tiet-ban-an
https://congbobanan.toaan.gov.vn/2ta1631048t1cvn/chi-tiet-ban-an,"Bản án:số 12/2024/LĐ-ST ngày 31/07/2024 của  TAND Quận 3,  TP. Hồ Chí Minh(28.09.2024)",/2ta1631048t1cvn/chi-tiet-ban-an
https://congbobanan.toaan.gov.vn/2ta1630983t1cvn/chi-tiet-ban-an,"Bản án:số 07 ngày 18/07/2024 của  TAND TP. Thủ Dầu Một,  tỉnh Bình Dương(28.09.2024)",/2ta1630983t1cvn/chi-tiet-ban-an
https://congbobanan.toaan.gov.vn/2ta1630347t1cvn/chi-tiet-ban-an,"Bản án:số 19 ngày 05/08/2024 của  TAND TX. Bến Cát,  tỉnh Bình Dương(28.09.2024)",/2ta1630347t1cvn/chi-tiet-ban-an
https://congbobanan.toaan.gov.vn/2ta1630248t1cvn/chi-tiet-ban-an,"Bản án:số 124 ngày 31/07/2024 của  TAND TX. Thuận An,  tỉnh Bình Dương(28.09.2024)",/2ta1630248t1cvn/chi-tiet-ban-an
https://congbobanan.toaan.gov.vn/2ta1629192t1cvn/chi-tiet-ban-an,"Bản án:số 123 ngày 07/08/2024 của  TAND huyện Đức Hòa,  tỉnh Long An(28.09.2024)",/2ta1629192t1cvn/chi-tiet-ban-an
https://congbobanan.toaan.gov.vn/2ta1629146t1cvn/chi-tiet-ban-an,"Bản án:số 122 ngày 07/08/2024 của  TAND huyện Đức Hòa,  tỉnh Long An(28.09.2024)",/2ta1629146t1cvn/chi-tiet-ban-an
https://congbobanan.toaan.gov.vn/2ta1629121t1cvn/chi-tiet-ban-an,"Bản án:số 121 ngày 07/08/2024 của  TAND huyện Đức Hòa,  tỉnh Long An(28.09.2024)",/2ta1629121t1cvn/chi-tiet-ban-an
https://congbobanan.toaan.gov.vn/2ta1628949t1cvn/chi-tiet-ban-an,"Bản án:số 116 ngày 02/08/2024 của  TAND huyện Đức Hòa,  tỉnh Long An(28.09.2024)",/2ta1628949t1cvn/chi-tiet-ban-an
https://congbobanan.toaan.gov.vn/2ta1628982t1cvn/chi-tiet-ban-an,"Bản án:số 54 ngày 10/06/2024 của  TAND huyện Đức Hòa,  tỉnh Long An(28.09.2024)",/2ta1628982t1cvn/chi-tiet-ban-an
https://congbobanan.toaan.gov.vn/2ta1629036t1cvn/chi-tiet-ban-an,"Bản án:số 119 ngày 02/08/2024 của  TAND huyện Đức Hòa,  tỉnh Long An(28.09.2024)",/2ta1629036t1cvn/chi-tiet-ban-an
https://congbobanan.toaan.gov.vn/2ta1629040t1cvn/chi-tiet-ban-an,"Bản án:số 118 ngày 02/08/2024 của  TAND huyện Đức Hòa,  tỉnh Long An(28.09.2024)",/2ta1629040t1cvn/chi-tiet-ban-an
https://congbobanan.toaan.gov.vn/2ta1629067t1cvn/chi-tiet-ban-an,"Bản án:số 117 ngày 02/08/2024 của  TAND huyện Đức Hòa,  tỉnh Long An(28.09.2024)",/2ta1629067t1cvn/chi-tiet-ban-an
https://congbobanan.toaan.gov.vn/2ta1629077t1cvn/chi-tiet-ban-an,"Bản án:số 20 ngày 09/05/2024 của  TAND huyện Đức Hòa,  tỉnh Long An(28.09.2024)",/2ta1629077t1cvn/chi-tiet-ban-an
https://congbobanan.toaan.gov.vn/2ta1629062t1cvn/chi-tiet-ban-an,"Bản án:số 120 ngày 07/08/2024 của  TAND huyện Đức Hòa,  tỉnh Long An(28.09.2024)",/2ta1629062t1cvn/chi-tiet-ban-an
https://congbobanan.toaan.gov.vn/2ta1628187t1cvn/chi-tiet-ban-an,"Bản án:số 125 ngày 12/08/2024 của  TAND huyện Đức Hòa,  tỉnh Long An(28.09.2024)",/2ta1628187t1cvn/chi-tiet-ban-an
https://congbobanan.toaan.gov.vn/2ta1628195t1cvn/chi-tiet-ban-an,"Bản án:số 119 ngày 05/08/2024 của  TAND huyện Đức Hòa,  tỉnh Long An(28.09.2024)",/2ta1628195t1cvn/chi-tiet-ban-an
https://congbobanan.toaan.gov.vn/2ta1627650t1cvn/chi-tiet-ban-an,"Bản án:số 95 ngày 26/07/2024 của  TAND huyện Đức Hòa,  tỉnh Long An(28.09.2024)",/2ta1627650t1cvn/chi-tiet-ban-an
https://congbobanan.toaan.gov.vn/2ta1627718t1cvn/chi-tiet-ban-an,"Bản án:số 49 ngày 31/05/2024 của  TAND huyện Đức Hòa,  tỉnh Long An(28.09.2024)",/2ta1627718t1cvn/chi-tiet-ban-an
https://congbobanan.toaan.gov.vn/2ta1627865t1cvn/chi-tiet-ban-an,"Bản án:số 48 ngày 31/05/2024 của  TAND huyện Đức Hòa,  tỉnh Long An(28.09.2024)",/2ta1627865t1cvn/chi-tiet-ban-an
https://congbobanan.toaan.gov.vn/2ta1582071t1cvn/chi-tiet-ban-an,"Bản án:số 72 ngày 21/06/2024 của  TAND huyện Đức Hòa,  tỉnh Long An(28.09.2024)",/2ta1582071t1cvn/chi-tiet-ban-an
https://congbobanan.toaan.gov.vn/2ta1582109t1cvn/chi-tiet-ban-an,"Bản án:số 76 ngày 25/06/2024 của  TAND huyện Đức Hòa,  tỉnh Long An(28.09.2024)",/2ta1582109t1cvn/chi-tiet-ban-an
https://congbobanan.toaan.gov.vn/2ta1582117t1cvn/chi-tiet-ban-an,"Bản án:số 71 ngày 21/06/2024 của  TAND huyện Đức Hòa,  tỉnh Long An(28.09.2024)",/2ta1582117t1cvn/chi-tiet-ban-an
https://congbobanan.toaan.gov.vn/2ta1582113t1cvn/chi-tiet-ban-an,"Bản án:số 42 ngày 29/05/2024 của  TAND huyện Đức Hòa,  tỉnh Long An(28.09.2024)",/2ta1582113t1cvn/chi-tiet-ban-an
https://congbobanan.toaan.gov.vn/2ta1582123t1cvn/chi-tiet-ban-an,"Bản án:số 75 ngày 24/06/2024 của  TAND huyện Đức Hòa,  tỉnh Long An(28.09.2024)",/2ta1582123t1cvn/chi-tiet-ban-an
https://congbobanan.toaan.gov.vn/2ta1582140t1cvn/chi-tiet-ban-an,"Bản án:số 77 ngày 27/06/2024 của  TAND huyện Đức Hòa,  tỉnh Long An(28.09.2024)",/2ta1582140t1cvn/chi-tiet-ban-an
https://congbobanan.toaan.gov.vn/2ta1582207t1cvn/chi-tiet-ban-an,"Bản án:số 40 ngày 28/05/2024 của  TAND huyện Đức Hòa,  tỉnh Long An(28.09.2024)",/2ta1582207t1cvn/chi-tiet-ban-an
https://congbobanan.toaan.gov.vn/2ta1582235t1cvn/chi-tiet-ban-an,"Bản án:số 63 ngày 14/06/2024 của  TAND huyện Đức Hòa,  tỉnh Long An(28.09.2024)",/2ta1582235t1cvn/chi-tiet-ban-an
https://congbobanan.toaan.gov.vn/2ta1582245t1cvn/chi-tiet-ban-an,"Bản án:số 70 ngày 20/06/2024 của  TAND huyện Đức Hòa,  tỉnh Long An(28.09.2024)",/2ta1582245t1cvn/chi-tiet-ban-an
https://congbobanan.toaan.gov.vn/2ta1582261t1cvn/chi-tiet-ban-an,"Bản án:số 73 ngày 24/06/2024 của  TAND huyện Đức Hòa,  tỉnh Long An(28.09.2024)",/2ta1582261t1cvn/chi-tiet-ban-an
https://congbobanan.toaan.gov.vn/2ta1626754t1cvn/chi-tiet-ban-an,"Bản án:số 69 ngày 20/06/2024 của  TAND huyện Đức Hòa,  tỉnh Long An(28.09.2024)",/2ta1626754t1cvn/chi-tiet-ban-an
https://congbobanan.toaan.gov.vn/2ta1626768t1cvn/chi-tiet-ban-an,"Bản án:số 55 ngày 10/06/2024 của  TAND huyện Đức Hòa,  tỉnh Long An(28.09.2024)",/2ta1626768t1cvn/chi-tiet-ban-an
https://congbobanan.toaan.gov.vn/2ta1626575t1cvn/chi-tiet-ban-an,"Bản án:số 105 ngày 30/07/2024 của  TAND huyện Đức Hòa,  tỉnh Long An(28.09.2024)",/2ta1626575t1cvn/chi-tiet-ban-an
https://congbobanan.toaan.gov.vn/2ta1626535t1cvn/chi-tiet-ban-an,"Bản án:số 106 ngày 30/07/2024 của  TAND huyện Đức Hòa,  tỉnh Long An(28.09.2024)",/2ta1626535t1cvn/chi-tiet-ban-an
https://congbobanan.toaan.gov.vn/2ta1626491t1cvn/chi-tiet-ban-an,"Bản án:số 103 ngày 30/07/2024 của  TAND huyện Đức Hòa,  tỉnh Long An(28.09.2024)",/2ta1626491t1cvn/chi-tiet-ban-an
https://congbobanan.toaan.gov.vn/2ta1626460t1cvn/chi-tiet-ban-an,"Bản án:số 87 ngày 17/07/2024 của  TAND huyện Đức Hòa,  tỉnh Long An(28.09.2024)",/2ta1626460t1cvn/chi-tiet-ban-an
https://congbobanan.toaan.gov.vn/2ta1626417t1cvn/chi-tiet-ban-an,"Bản án:số 80 ngày 28/06/2024 của  TAND huyện Đức Hòa,  tỉnh Long An(28.09.2024)",/2ta1626417t1cvn/chi-tiet-ban-an
https://congbobanan.toaan.gov.vn/2ta1626401t1cvn/chi-tiet-ban-an,"Bản án:số 88 ngày 17/07/2024 của  TAND huyện Đức Hòa,  tỉnh Long An(28.09.2024)",/2ta1626401t1cvn/chi-tiet-ban-an
https://congbobanan.toaan.gov.vn/2ta1626298t1cvn/chi-tiet-ban-an,"Bản án:số 17 ngày 27/06/2024 của  TAND TX. Bến Cát,  tỉnh Bình Dương(28.09.2024)",/2ta1626298t1cvn/chi-tiet-ban-an
https://congbobanan.toaan.gov.vn/2ta1626307t1cvn/chi-tiet-ban-an,"Bản án:số 102 ngày 30/07/2024 của  TAND huyện Đức Hòa,  tỉnh Long An(28.09.2024)",/2ta1626307t1cvn/chi-tiet-ban-an
https://congbobanan.toaan.gov.vn/2ta1626305t1cvn/chi-tiet-ban-an,"Bản án:số 78 ngày 28/06/2024 của  TAND huyện Đức Hòa,  tỉnh Long An(28.09.2024)",/2ta1626305t1cvn/chi-tiet-ban-an
https://congbobanan.toaan.gov.vn/2ta1626289t1cvn/chi-tiet-ban-an,"Bản án:số 104 ngày 30/07/2024 của  TAND huyện Đức Hòa,  tỉnh Long An(28.09.2024)",/2ta1626289t1cvn/chi-tiet-ban-an
https://congbobanan.toaan.gov.vn/2ta1626271t1cvn/chi-tiet-ban-an,"Bản án:số 101 ngày 30/07/2024 của  TAND huyện Đức Hòa,  tỉnh Long An(28.09.2024)",/2ta1626271t1cvn/chi-tiet-ban-an
https://congbobanan.toaan.gov.vn/2ta1624457t1cvn/chi-tiet-ban-an,"Bản án:số 05 ngày 06/06/2024 của  TAND huyện Bình Chánh,  TP. Hồ Chí Minh(27.09.2024)",/2ta1624457t1cvn/chi-tiet-ban-an
https://congbobanan.toaan.gov.vn/2ta1624496t1cvn/chi-tiet-ban-an,"Bản án:số 07 ngày 27/06/2024 của  TAND huyện Bình Chánh,  TP. Hồ Chí Minh(27.09.2024)",/2ta1624496t1cvn/chi-tiet-ban-an
https://congbobanan.toaan.gov.vn/2ta1624396t1cvn/chi-tiet-ban-an,"Bản án:số 08 ngày 15/01/2024 của  TAND TX. Thuận An,  tỉnh Bình Dương(27.09.2024)",/2ta1624396t1cvn/chi-tiet-ban-an
https://congbobanan.toaan.gov.vn/2ta1624405t1cvn/chi-tiet-ban-an,"Bản án:số 07 ngày 15/01/2024 của  TAND TX. Thuận An,  tỉnh Bình Dương(27.09.2024)",/2ta1624405t1cvn/chi-tiet-ban-an
https://congbobanan.toaan.gov.vn/2ta1624433t1cvn/chi-tiet-ban-an,"Bản án:số 114 ngày 25/06/2024 của  TAND TX. Thuận An,  tỉnh Bình Dương(27.09.2024)",/2ta1624433t1cvn/chi-tiet-ban-an
https://congbobanan.toaan.gov.vn/2ta1624463t1cvn/chi-tiet-ban-an,"Bản án:số 09 ngày 15/01/2024 của  TAND TX. Thuận An,  tỉnh Bình Dương(27.09.2024)",/2ta1624463t1cvn/chi-tiet-ban-an
https://congbobanan.toaan.gov.vn/2ta1624471t1cvn/chi-tiet-ban-an,"Bản án:số 123 ngày 31/07/2024 của  TAND TX. Thuận An,  tỉnh Bình Dương(27.09.2024)",/2ta1624471t1cvn/chi-tiet-ban-an
https://congbobanan.toaan.gov.vn/2ta1624484t1cvn/chi-tiet-ban-an,"Bản án:số 65 ngày 19/04/2024 của  TAND TX. Thuận An,  tỉnh Bình Dương(27.09.2024)",/2ta1624484t1cvn/chi-tiet-ban-an
https://congbobanan.toaan.gov.vn/2ta1622615t1cvn/chi-tiet-ban-an,"Bản án:số 78 ngày 24/05/2024 của  TAND TX. Thuận An,  tỉnh Bình Dương(27.09.2024)",/2ta1622615t1cvn/chi-tiet-ban-an
https://congbobanan.toaan.gov.vn/2ta1622609t1cvn/chi-tiet-ban-an,"Bản án:số 77 ngày 24/05/2024 của  TAND TX. Thuận An,  tỉnh Bình Dương(27.09.2024)",/2ta1622609t1cvn/chi-tiet-ban-an
https://congbobanan.toaan.gov.vn/2ta1622575t1cvn/chi-tiet-ban-an,"Bản án:số 75 ngày 24/05/2024 của  TAND TX. Thuận An,  tỉnh Bình Dương(27.09.2024)",/2ta1622575t1cvn/chi-tiet-ban-an
https://congbobanan.toaan.gov.vn/2ta1622582t1cvn/chi-tiet-ban-an,"Bản án:số 76 ngày 24/05/2024 của  TAND TX. Thuận An,  tỉnh Bình Dương(27.09.2024)",/2ta1622582t1cvn/chi-tiet-ban-an
https://congbobanan.toaan.gov.vn/2ta1621923t1cvn/chi-tiet-ban-an,Bản án:số 07 ngày 05/09/2024 của TAND tỉnh Long An(27.09.2024),/2ta1621923t1cvn/chi-tiet-ban-an
https://congbobanan.toaan.gov.vn/2ta1621928t1cvn/chi-tiet-ban-an,Bản án:số 08 ngày 05/09/2024 của TAND tỉnh Long An(27.09.2024),/2ta1621928t1cvn/chi-tiet-ban-an
https://congbobanan.toaan.gov.vn/2ta1621932t1cvn/chi-tiet-ban-an,Bản án:số 09 ngày 06/09/2024 của TAND tỉnh Long An(27.09.2024),/2ta1621932t1cvn/chi-tiet-ban-an
https://congbobanan.toaan.gov.vn/2ta1620609t1cvn/chi-tiet-ban-an,Bản án:số 26 ngày 01/03/2024 của TAND TP. Hồ Chí Minh(27.09.2024),/2ta1620609t1cvn/chi-tiet-ban-an
https://congbobanan.toaan.gov.vn/2ta1620632t1cvn/chi-tiet-ban-an,Bản án:số 28 ngày 06/03/2024 của TAND TP. Hồ Chí Minh(27.09.2024),/2ta1620632t1cvn/chi-tiet-ban-an
https://congbobanan.toaan.gov.vn/2ta1620810t1cvn/chi-tiet-ban-an,Bản án:số 35 ngày 27/03/2024 của TAND TP. Hồ Chí Minh(27.09.2024),/2ta1620810t1cvn/chi-tiet-ban-an
https://congbobanan.toaan.gov.vn/2ta1620851t1cvn/chi-tiet-ban-an,Bản án:số 49 ngày 16/04/2024 của TAND TP. Hồ Chí Minh(27.09.2024),/2ta1620851t1cvn/chi-tiet-ban-an
https://congbobanan.toaan.gov.vn/2ta1620921t1cvn/chi-tiet-ban-an,Bản án:số 59 ngày 16/05/2024 của TAND TP. Hồ Chí Minh(27.09.2024),/2ta1620921t1cvn/chi-tiet-ban-an
https://congbobanan.toaan.gov.vn/2ta1621107t1cvn/chi-tiet-ban-an,Bản án:số 90 ngày 14/08/2024 của TAND TP. Hồ Chí Minh(27.09.2024),/2ta1621107t1cvn/chi-tiet-ban-an
https://congbobanan.toaan.gov.vn/2ta1620892t1cvn/chi-tiet-ban-an,Bản án:số 1260 ngày 26/12/2023 của TAND TP. Hồ Chí Minh(27.09.2024),/2ta1620892t1cvn/chi-tiet-ban-an
https://congbobanan.toaan.gov.vn/2ta1620883t1cvn/chi-tiet-ban-an,Bản án:số 1124 ngày 01/12/2023 của TAND TP. Hồ Chí Minh(27.09.2024),/2ta1620883t1cvn/chi-tiet-ban-an
https://congbobanan.toaan.gov.vn/2ta1620872t1cvn/chi-tiet-ban-an,Bản án:số 1081 ngày 16/11/2023 của TAND TP. Hồ Chí Minh(27.09.2024),/2ta1620872t1cvn/chi-tiet-ban-an
https://congbobanan.toaan.gov.vn/2ta1620446t1cvn/chi-tiet-ban-an,Bản án:số 1180 ngày 13/12/2023 của TAND TP. Hồ Chí Minh(27.09.2024),/2ta1620446t1cvn/chi-tiet-ban-an
https://congbobanan.toaan.gov.vn/2ta1620383t1cvn/chi-tiet-ban-an,Bản án:số 782 ngày 27/07/2023 của TAND TP. Hồ Chí Minh(27.09.2024),/2ta1620383t1cvn/chi-tiet-ban-an
https://congbobanan.toaan.gov.vn/2ta1620148t1cvn/chi-tiet-ban-an,Bản án:số 45 ngày 08/04/2024 của TAND TP. Hồ Chí Minh(27.09.2024),/2ta1620148t1cvn/chi-tiet-ban-an
https://congbobanan.toaan.gov.vn/2ta1620267t1cvn/chi-tiet-ban-an,"Bản án:số 31 ngày 06/06/2024 của  TAND Quận 1,  TP. Hồ Chí Minh(27.09.2024)",/2ta1620267t1cvn/chi-tiet-ban-an
https://congbobanan.toaan.gov.vn/2ta1620116t1cvn/chi-tiet-ban-an,Bản án:số 14 ngày 29/01/2024 của TAND TP. Hồ Chí Minh(27.09.2024),/2ta1620116t1cvn/chi-tiet-ban-an
https://congbobanan.toaan.gov.vn/2ta1620113t1cvn/chi-tiet-ban-an,"Bản án:số 02 ngày 22/08/2024 của  TAND huyện Cần Đước,  tỉnh Long An(27.09.2024)",/2ta1620113t1cvn/chi-tiet-ban-an
https://congbobanan.toaan.gov.vn/2ta1619829t1cvn/chi-tiet-ban-an,"Bản án:số 02/2024/LĐST ngày 25/07/2024 của  TAND TP. Đông Hà,  tỉnh Quảng Trị(27.09.2024)",/2ta1619829t1cvn/chi-tiet-ban-an
https://congbobanan.toaan.gov.vn/2ta1618311t1cvn/chi-tiet-ban-an,Bản án:số 14 ngày 29/01/2024 của TAND TP. Hồ Chí Minh(26.09.2024),/2ta1618311t1cvn/chi-tiet-ban-an
https://congbobanan.toaan.gov.vn/2ta1618325t1cvn/chi-tiet-ban-an,Bản án:số 08 ngày 15/01/2024 của TAND TP. Hồ Chí Minh(26.09.2024),/2ta1618325t1cvn/chi-tiet-ban-an
https://congbobanan.toaan.gov.vn/2ta1617241t1cvn/chi-tiet-ban-an,Bản án:số 02/2024/LĐ-PT ngày 12/09/2024 của TAND tỉnh Gia Lai(26.09.2024),/2ta1617241t1cvn/chi-tiet-ban-an
https://congbobanan.toaan.gov.vn/2ta1614136t1cvn/chi-tiet-ban-an,Bản án:số 29 ngày 14/03/2024 của TAND TP. Hồ Chí Minh(26.09.2024),/2ta1614136t1cvn/chi-tiet-ban-an
https://congbobanan.toaan.gov.vn/2ta1614859t1cvn/chi-tiet-ban-an,"Bản án:số 17/2024/LĐ-ST ngày 16/08/2024 của  TAND huyện Tân Biên,  tỉnh Tây Ninh(26.09.2024)",/2ta1614859t1cvn/chi-tiet-ban-an
https://congbobanan.toaan.gov.vn/2ta1614739t1cvn/chi-tiet-ban-an,"Bản án:số 18/2024/LĐ-ST ngày 16/08/2024 của  TAND huyện Tân Biên,  tỉnh Tây Ninh(26.09.2024)",/2ta1614739t1cvn/chi-tiet-ban-an
https://congbobanan.toaan.gov.vn/2ta1614146t1cvn/chi-tiet-ban-an,"Bản án:số 16/2024/LĐ-ST ngày 16/08/2024 của  TAND huyện Tân Biên,  tỉnh Tây Ninh(26.09.2024)",/2ta1614146t1cvn/chi-tiet-ban-an
https://congbobanan.toaan.gov.vn/2ta1613721t1cvn/chi-tiet-ban-an,"Bản án:số 2051 ngày 24/05/2024 của  Thành phố Thủ Đức,  TP. Hồ Chí Minh(26.09.2024)",/2ta1613721t1cvn/chi-tiet-ban-an
https://congbobanan.toaan.gov.vn/2ta1551596t1cvn/chi-tiet-ban-an,"Bản án:số 01 ngày 25/07/2024 của  TAND huyện Thạnh Trị,  tỉnh Sóc Trăng(25.09.2024)",/2ta1551596t1cvn/chi-tiet-ban-an
https://congbobanan.toaan.gov.vn/2ta1612369t1cvn/chi-tiet-ban-an,Bản án:số 03 ngày 26/04/2024 của TAND tỉnh Bến Tre(25.09.2024),/2ta1612369t1cvn/chi-tiet-ban-an
https://congbobanan.toaan.gov.vn/2ta1611401t1cvn/chi-tiet-ban-an,Bản án:số 01 ngày 28/06/2024 của TAND tỉnh Vĩnh Phúc(25.09.2024),/2ta1611401t1cvn/chi-tiet-ban-an
https://congbobanan.toaan.gov.vn/2ta1611147t1cvn/chi-tiet-ban-an,Bản án:số 47 ngày 11/04/2024 của TAND TP. Hồ Chí Minh(25.09.2024),/2ta1611147t1cvn/chi-tiet-ban-an
https://congbobanan.toaan.gov.vn/2ta1611289t1cvn/chi-tiet-ban-an,"Bản án:số 87 ngày 16/09/2024 của  TAND huyện Bến Lức,  tỉnh Long An(25.09.2024)",/2ta1611289t1cvn/chi-tiet-ban-an
https://congbobanan.toaan.gov.vn/2ta1611183t1cvn/chi-tiet-ban-an,Bản án:số 47 ngày 11/04/2024 của TAND TP. Hồ Chí Minh(25.09.2024),/2ta1611183t1cvn/chi-tiet-ban-an
https://congbobanan.toaan.gov.vn/2ta1611134t1cvn/chi-tiet-ban-an,"Bản án:số 55 ngày 01/08/2024 của  TAND huyện Bến Lức,  tỉnh Long An(25.09.2024)",/2ta1611134t1cvn/chi-tiet-ban-an
https://congbobanan.toaan.gov.vn/2ta1611110t1cvn/chi-tiet-ban-an,"Bản án:số 72 ngày 12/09/2024 của  TAND huyện Bến Lức,  tỉnh Long An(25.09.2024)",/2ta1611110t1cvn/chi-tiet-ban-an
https://congbobanan.toaan.gov.vn/2ta1611074t1cvn/chi-tiet-ban-an,"Bản án:số 71 ngày 12/09/2024 của  TAND huyện Bến Lức,  tỉnh Long An(25.09.2024)",/2ta1611074t1cvn/chi-tiet-ban-an
https://congbobanan.toaan.gov.vn/2ta1611062t1cvn/chi-tiet-ban-an,"Bản án:số 70 ngày 12/09/2024 của  TAND huyện Bến Lức,  tỉnh Long An(25.09.2024)",/2ta1611062t1cvn/chi-tiet-ban-an
https://congbobanan.toaan.gov.vn/2ta1611036t1cvn/chi-tiet-ban-an,Bản án:số 57 ngày 07/05/2024 của TAND TP. Hồ Chí Minh(25.09.2024),/2ta1611036t1cvn/chi-tiet-ban-an
https://congbobanan.toaan.gov.vn/2ta1611024t1cvn/chi-tiet-ban-an,"Bản án:số 69 ngày 12/09/2024 của  TAND huyện Bến Lức,  tỉnh Long An(25.09.2024)",/2ta1611024t1cvn/chi-tiet-ban-an
https://congbobanan.toaan.gov.vn/2ta1610945t1cvn/chi-tiet-ban-an,Bản án:số 04 ngày 17/04/2024 của TAND tỉnh Nam Định(25.09.2024),/2ta1610945t1cvn/chi-tiet-ban-an
https://congbobanan.toaan.gov.vn/2ta1610759t1cvn/chi-tiet-ban-an,"Bản án:số 06 ngày 21/06/2024 của  TAND huyện Bình Chánh,  TP. Hồ Chí Minh(25.09.2024)",/2ta1610759t1cvn/chi-tiet-ban-an
https://congbobanan.toaan.gov.vn/2ta1610699t1cvn/chi-tiet-ban-an,Bản án:số 03 ngày 17/04/2024 của TAND tỉnh Nam Định(25.09.2024),/2ta1610699t1cvn/chi-tiet-ban-an
https://congbobanan.toaan.gov.vn/2ta1610365t1cvn/chi-tiet-ban-an,"Bản án:số 671/2023/LĐ-ST ngày 23/04/2024 của  TAND Q. Bình Thạnh,  TP. Hồ Chí Minh(25.09.2024)",/2ta1610365t1cvn/chi-tiet-ban-an
https://congbobanan.toaan.gov.vn/2ta1610001t1cvn/chi-tiet-ban-an,"Bản án:số 03 ngày 09/08/2024 của  TAND TX. Tân Uyên,  tỉnh Bình Dương(25.09.2024)",/2ta1610001t1cvn/chi-tiet-ban-an
https://congbobanan.toaan.gov.vn/2ta1609951t1cvn/chi-tiet-ban-an,"Bản án:số 04 ngày 09/08/2024 của  TAND TX. Tân Uyên,  tỉnh Bình Dương(25.09.2024)",/2ta1609951t1cvn/chi-tiet-ban-an
https://congbobanan.toaan.gov.vn/2ta1609771t1cvn/chi-tiet-ban-an,"Bản án:số 06 ngày 22/04/2024 của  TAND Q. Gò Vấp,  TP. Hồ Chí Minh(25.09.2024)",/2ta1609771t1cvn/chi-tiet-ban-an
https://congbobanan.toaan.gov.vn/2ta1609730t1cvn/chi-tiet-ban-an,Bản án:số 03 ngày 27/08/2024 của TAND tỉnh Bình Định(25.09.2024),/2ta1609730t1cvn/chi-tiet-ban-an
https://congbobanan.toaan.gov.vn/2ta1609193t1cvn/chi-tiet-ban-an,"Bản án:số 104 ngày 18/07/2024 của  TAND TX. Thuận An,  tỉnh Bình Dương(25.09.2024)",/2ta1609193t1cvn/chi-tiet-ban-an
https://congbobanan.toaan.gov.vn/2ta1609156t1cvn/chi-tiet-ban-an,"Bản án:số 88 ngày 13/06/2024 của  TAND TX. Thuận An,  tỉnh Bình Dương(25.09.2024)",/2ta1609156t1cvn/chi-tiet-ban-an
https://congbobanan.toaan.gov.vn/2ta1609153t1cvn/chi-tiet-ban-an,"Bản án:số 105 ngày 18/07/2024 của  TAND TX. Thuận An,  tỉnh Bình Dương(25.09.2024)",/2ta1609153t1cvn/chi-tiet-ban-an
https://congbobanan.toaan.gov.vn/2ta1609060t1cvn/chi-tiet-ban-an,"Bản án:số 04 ngày 06/05/2024 của  TAND huyện Phú Quốc,  tỉnh Kiên Giang(25.09.2024)",/2ta1609060t1cvn/chi-tiet-ban-an
https://congbobanan.toaan.gov.vn/2ta1607739t1cvn/chi-tiet-ban-an,"Bản án:số 117 ngày 02/08/2024 của  TAND huyện Đức Hòa,  tỉnh Long An(24.09.2024)",/2ta1607739t1cvn/chi-tiet-ban-an
https://congbobanan.toaan.gov.vn/2ta1607759t1cvn/chi-tiet-ban-an,"Bản án:số 20 ngày 09/05/2024 của  TAND huyện Đức Hòa,  tỉnh Long An(24.09.2024)",/2ta1607759t1cvn/chi-tiet-ban-an
https://congbobanan.toaan.gov.vn/2ta1607158t1cvn/chi-tiet-ban-an,"Bản án:số 0683 ngày 24/04/2024 của  TAND Q. Bình Thạnh,  TP. Hồ Chí Minh(24.09.2024)",/2ta1607158t1cvn/chi-tiet-ban-an
https://congbobanan.toaan.gov.vn/2ta1607125t1cvn/chi-tiet-ban-an,"Bản án:số 98/2024/LĐ-ST ngày 29/07/2024 của  TAND huyện Đức Hòa,  tỉnh Long An(24.09.2024)",/2ta1607125t1cvn/chi-tiet-ban-an
https://congbobanan.toaan.gov.vn/2ta1607119t1cvn/chi-tiet-ban-an,"Bản án:số 100/2024/LĐ-ST ngày 29/07/2024 của  TAND huyện Đức Hòa,  tỉnh Long An(24.09.2024)",/2ta1607119t1cvn/chi-tiet-ban-an
https://congbobanan.toaan.gov.vn/2ta1607103t1cvn/chi-tiet-ban-an,"Bản án:số 98/2024/LĐ-ST ngày 29/07/2024 của  TAND huyện Đức Hòa,  tỉnh Long An(24.09.2024)",/2ta1607103t1cvn/chi-tiet-ban-an
https://congbobanan.toaan.gov.vn/2ta1607060t1cvn/chi-tiet-ban-an,"Bản án:số 96/2024/LĐ-ST ngày 29/07/2024 của  TAND huyện Đức Hòa,  tỉnh Long An(24.09.2024)",/2ta1607060t1cvn/chi-tiet-ban-an
https://congbobanan.toaan.gov.vn/2ta1606964t1cvn/chi-tiet-ban-an,"Bản án:số 97/2024/LĐ-ST ngày 29/07/2024 của  TAND huyện Đức Hòa,  tỉnh Long An(24.09.2024)",/2ta1606964t1cvn/chi-tiet-ban-an
https://congbobanan.toaan.gov.vn/2ta1606936t1cvn/chi-tiet-ban-an,"Bản án:số 90/2024/LĐ-ST ngày 22/07/2024 của  TAND huyện Đức Hòa,  tỉnh Long An(24.09.2024)",/2ta1606936t1cvn/chi-tiet-ban-an
https://congbobanan.toaan.gov.vn/2ta1606920t1cvn/chi-tiet-ban-an,"Bản án:số 89/2024/LĐ-ST ngày 22/07/2024 của  TAND huyện Đức Hòa,  tỉnh Long An(24.09.2024)",/2ta1606920t1cvn/chi-tiet-ban-an
https://congbobanan.toaan.gov.vn/2ta1606882t1cvn/chi-tiet-ban-an,"Bản án:số 84/2024/LĐ-ST ngày 15/07/2024 của  TAND huyện Đức Hòa,  tỉnh Long An(24.09.2024)",/2ta1606882t1cvn/chi-tiet-ban-an
https://congbobanan.toaan.gov.vn/2ta1606836t1cvn/chi-tiet-ban-an,"Bản án:số 82/2024/LĐ-ST ngày 08/07/2024 của  TAND huyện Đức Hòa,  tỉnh Long An(24.09.2024)",/2ta1606836t1cvn/chi-tiet-ban-an
https://congbobanan.toaan.gov.vn/2ta1606807t1cvn/chi-tiet-ban-an,"Bản án:số 58/2024/LĐ-ST ngày 12/06/2024 của  TAND huyện Đức Hòa,  tỉnh Long An(24.09.2024)",/2ta1606807t1cvn/chi-tiet-ban-an
https://congbobanan.toaan.gov.vn/2ta1606769t1cvn/chi-tiet-ban-an,"Bản án:số 57/2024/LĐ-ST ngày 12/06/2024 của  TAND huyện Đức Hòa,  tỉnh Long An(24.09.2024)",/2ta1606769t1cvn/chi-tiet-ban-an
https://congbobanan.toaan.gov.vn/2ta1606619t1cvn/chi-tiet-ban-an,"Bản án:số 53/2024/LĐ-ST ngày 07/06/2024 của  TAND huyện Đức Hòa,  tỉnh Long An(24.09.2024)",/2ta1606619t1cvn/chi-tiet-ban-an
https://congbobanan.toaan.gov.vn/2ta1606644t1cvn/chi-tiet-ban-an,"Bản án:số 52/2024/LĐ-ST ngày 07/06/2024 của  TAND huyện Đức Hòa,  tỉnh Long An(24.09.2024)",/2ta1606644t1cvn/chi-tiet-ban-an
https://congbobanan.toaan.gov.vn/2ta1606650t1cvn/chi-tiet-ban-an,"Bản án:số 65/2024/LĐ-ST ngày 17/06/2024 của  TAND huyện Đức Hòa,  tỉnh Long An(24.09.2024)",/2ta1606650t1cvn/chi-tiet-ban-an
https://congbobanan.toaan.gov.vn/2ta1606658t1cvn/chi-tiet-ban-an,"Bản án:số 59/2024/LĐ-ST ngày 14/06/2024 của  TAND huyện Đức Hòa,  tỉnh Long An(24.09.2024)",/2ta1606658t1cvn/chi-tiet-ban-an
https://congbobanan.toaan.gov.vn/2ta1606696t1cvn/chi-tiet-ban-an,"Bản án:số 67/2024/LĐ-ST ngày 17/06/2024 của  TAND huyện Đức Hòa,  tỉnh Long An(24.09.2024)",/2ta1606696t1cvn/chi-tiet-ban-an
https://congbobanan.toaan.gov.vn/2ta1606702t1cvn/chi-tiet-ban-an,"Bản án:số 66/2024/LĐ-ST ngày 17/06/2024 của  TAND huyện Đức Hòa,  tỉnh Long An(24.09.2024)",/2ta1606702t1cvn/chi-tiet-ban-an
https://congbobanan.toaan.gov.vn/2ta1606748t1cvn/chi-tiet-ban-an,"Bản án:số 56/2024/LĐ-ST ngày 12/06/2024 của  TAND huyện Đức Hòa,  tỉnh Long An(24.09.2024)",/2ta1606748t1cvn/chi-tiet-ban-an
https://congbobanan.toaan.gov.vn/2ta1606844t1cvn/chi-tiet-ban-an,"Bản án:số 01 ngày 01/07/2024 của  TAND huyện Ứng Hòa,  TP. Hà Nội(24.09.2024)",/2ta1606844t1cvn/chi-tiet-ban-an
https://congbobanan.toaan.gov.vn/2ta1604902t1cvn/chi-tiet-ban-an,"Bản án:số 04 ngày 30/08/2024 của  TAND huyện Thanh Trì,  TP. Hà Nội(24.09.2024)",/2ta1604902t1cvn/chi-tiet-ban-an
https://congbobanan.toaan.gov.vn/2ta1603038t1cvn/chi-tiet-ban-an,"Bản án:số 08 ngày 09/08/2024 của  TAND huyện Tân Biên,  tỉnh Tây Ninh(23.09.2024)",/2ta1603038t1cvn/chi-tiet-ban-an
https://congbobanan.toaan.gov.vn/2ta1603043t1cvn/chi-tiet-ban-an,"Bản án:số 07 ngày 09/08/2024 của  TAND huyện Tân Biên,  tỉnh Tây Ninh(23.09.2024)",/2ta1603043t1cvn/chi-tiet-ban-an
https://congbobanan.toaan.gov.vn/2ta1603080t1cvn/chi-tiet-ban-an,"Bản án:số 09 ngày 09/08/2024 của  TAND huyện Tân Biên,  tỉnh Tây Ninh(23.09.2024)",/2ta1603080t1cvn/chi-tiet-ban-an
https://congbobanan.toaan.gov.vn/2ta1602213t1cvn/chi-tiet-ban-an,"Bản án:số 01 ngày 26/07/2024 của  TAND TP. Thanh Hóa,  tỉnh Thanh Hóa(23.09.2024)",/2ta1602213t1cvn/chi-tiet-ban-an
https://congbobanan.toaan.gov.vn/2ta1601674t1cvn/chi-tiet-ban-an,Bản án:số 01/2024/LĐ-PT ngày 01/08/2024 của TAND tỉnh Nghệ An(23.09.2024),/2ta1601674t1cvn/chi-tiet-ban-an
https://congbobanan.toaan.gov.vn/2ta1601400t1cvn/chi-tiet-ban-an,Bản án:số 60 ngày 20/05/2024 của TAND TP. Hồ Chí Minh(23.09.2024),/2ta1601400t1cvn/chi-tiet-ban-an
https://congbobanan.toaan.gov.vn/2ta1601356t1cvn/chi-tiet-ban-an,Bản án:số 72 ngày 13/06/2024 của TAND TP. Hồ Chí Minh(23.09.2024),/2ta1601356t1cvn/chi-tiet-ban-an
https://congbobanan.toaan.gov.vn/2ta1601381t1cvn/chi-tiet-ban-an,Bản án:số 84 ngày 31/07/2024 của TAND TP. Hồ Chí Minh(23.09.2024),/2ta1601381t1cvn/chi-tiet-ban-an
https://congbobanan.toaan.gov.vn/2ta1590219t1cvn/chi-tiet-ban-an,Bản án:số 53 ngày 24/04/2024 của TAND TP. Hồ Chí Minh(23.09.2024),/2ta1590219t1cvn/chi-tiet-ban-an
https://congbobanan.toaan.gov.vn/2ta1590166t1cvn/chi-tiet-ban-an,Bản án:số 24 ngày 29/02/2024 của TAND TP. Hồ Chí Minh(23.09.2024),/2ta1590166t1cvn/chi-tiet-ban-an
https://congbobanan.toaan.gov.vn/2ta1590153t1cvn/chi-tiet-ban-an,Bản án:số 25 ngày 29/02/2024 của TAND TP. Hồ Chí Minh(23.09.2024),/2ta1590153t1cvn/chi-tiet-ban-an
https://congbobanan.toaan.gov.vn/2ta1590150t1cvn/chi-tiet-ban-an,Bản án:số 09 ngày 17/07/2024 của TAND TP. Hồ Chí Minh(23.09.2024),/2ta1590150t1cvn/chi-tiet-ban-an
https://congbobanan.toaan.gov.vn/2ta1590146t1cvn/chi-tiet-ban-an,Bản án:số 13 ngày 23/01/2024 của TAND TP. Hồ Chí Minh(23.09.2024),/2ta1590146t1cvn/chi-tiet-ban-an
https://congbobanan.toaan.gov.vn/2ta1600698t1cvn/chi-tiet-ban-an,"Bản án:số 06 ngày 28/06/2024 của  TAND huyện Long Thành,  tỉnh Đồng Nai(22.09.2024)",/2ta1600698t1cvn/chi-tiet-ban-an
https://congbobanan.toaan.gov.vn/2ta1600421t1cvn/chi-tiet-ban-an,"Bản án:số 133/2024/LĐ-ST ngày 15/08/2024 của  TAND huyện Đức Hòa,  tỉnh Long An(22.09.2024)",/2ta1600421t1cvn/chi-tiet-ban-an
https://congbobanan.toaan.gov.vn/2ta1600422t1cvn/chi-tiet-ban-an,"Bản án:số 134/2024/LĐ-ST ngày 15/08/2024 của  TAND huyện Đức Hòa,  tỉnh Long An(22.09.2024)",/2ta1600422t1cvn/chi-tiet-ban-an
https://congbobanan.toaan.gov.vn/2ta1600395t1cvn/chi-tiet-ban-an,"Bản án:số 124/2024/LĐ-ST ngày 09/08/2024 của  TAND huyện Đức Hòa,  tỉnh Long An(22.09.2024)",/2ta1600395t1cvn/chi-tiet-ban-an
https://congbobanan.toaan.gov.vn/2ta1600400t1cvn/chi-tiet-ban-an,"Bản án:số 132/2024/LĐ-ST ngày 15/08/2024 của  TAND huyện Đức Hòa,  tỉnh Long An(22.09.2024)",/2ta1600400t1cvn/chi-tiet-ban-an
https://congbobanan.toaan.gov.vn/2ta1600374t1cvn/chi-tiet-ban-an,"Bản án:số 131/2024/LĐ-ST ngày 15/08/2024 của  TAND huyện Đức Hòa,  tỉnh Long An(22.09.2024)",/2ta1600374t1cvn/chi-tiet-ban-an
https://congbobanan.toaan.gov.vn/2ta1600295t1cvn/chi-tiet-ban-an,Bản án:số 12/2024LĐ-PT ngày 02/07/2024 của TAND TP. Hà Nội(22.09.2024),/2ta1600295t1cvn/chi-tiet-ban-an
https://congbobanan.toaan.gov.vn/2ta1600216t1cvn/chi-tiet-ban-an,"Bản án:số 10/2024/LĐ-ST ngày 07/05/2024 của  TAND Quận 3,  TP. Hồ Chí Minh(22.09.2024)",/2ta1600216t1cvn/chi-tiet-ban-an
https://congbobanan.toaan.gov.vn/2ta1599348t1cvn/chi-tiet-ban-an,"Bản án:số 126/2024/LĐ-ST ngày 13/08/2024 của  TAND huyện Đức Hòa,  tỉnh Long An(21.09.2024)",/2ta1599348t1cvn/chi-tiet-ban-an
https://congbobanan.toaan.gov.vn/2ta1599355t1cvn/chi-tiet-ban-an,"Bản án:số 107/2024/LĐ-ST ngày 31/07/2024 của  TAND huyện Đức Hòa,  tỉnh Long An(21.09.2024)",/2ta1599355t1cvn/chi-tiet-ban-an
https://congbobanan.toaan.gov.vn/2ta1599359t1cvn/chi-tiet-ban-an,"Bản án:số 108/2024/LĐ-ST ngày 31/07/2024 của  TAND huyện Đức Hòa,  tỉnh Long An(21.09.2024)",/2ta1599359t1cvn/chi-tiet-ban-an
https://congbobanan.toaan.gov.vn/2ta1599376t1cvn/chi-tiet-ban-an,"Bản án:số 127/2024/LĐ-ST ngày 13/08/2024 của  TAND huyện Đức Hòa,  tỉnh Long An(21.09.2024)",/2ta1599376t1cvn/chi-tiet-ban-an
https://congbobanan.toaan.gov.vn/2ta1599091t1cvn/chi-tiet-ban-an,"Bản án:số 56 ngày 08/08/2024 của  TAND huyện Bến Lức,  tỉnh Long An(21.09.2024)",/2ta1599091t1cvn/chi-tiet-ban-an
https://congbobanan.toaan.gov.vn/2ta1599036t1cvn/chi-tiet-ban-an,"Bản án:số 21 ngày 15/08/2024 của  TAND TX. Bến Cát,  tỉnh Bình Dương(21.09.2024)",/2ta1599036t1cvn/chi-tiet-ban-an
https://congbobanan.toaan.gov.vn/2ta1599034t1cvn/chi-tiet-ban-an,"Bản án:số 20 ngày 15/08/2024 của  TAND TX. Bến Cát,  tỉnh Bình Dương(21.09.2024)",/2ta1599034t1cvn/chi-tiet-ban-an
https://congbobanan.toaan.gov.vn/2ta1597510t1cvn/chi-tiet-ban-an,"Bản án:số 05 ngày 21/08/2024 của  TAND Quận 11,  TP. Hồ Chí Minh(20.09.2024)",/2ta1597510t1cvn/chi-tiet-ban-an
https://congbobanan.toaan.gov.vn/2ta1595766t1cvn/chi-tiet-ban-an,"Bản án:số 14 ngày 12/06/2024 của  TAND Q. Gò Vấp,  TP. Hồ Chí Minh(20.09.2024)",/2ta1595766t1cvn/chi-tiet-ban-an
https://congbobanan.toaan.gov.vn/2ta1594701t1cvn/chi-tiet-ban-an,"Bản án:số 18/2024/LĐ-ST ngày 16/08/2024 của  TAND huyện Tân Biên,  tỉnh Tây Ninh(19.09.2024)",/2ta1594701t1cvn/chi-tiet-ban-an
https://congbobanan.toaan.gov.vn/2ta1568060t1cvn/chi-tiet-ban-an,"Bản án:số 33 ngày 15/11/2023 của  TAND Q. Gò Vấp,  TP. Hồ Chí Minh(19.09.2024)",/2ta1568060t1cvn/chi-tiet-ban-an
https://congbobanan.toaan.gov.vn/2ta1591828t1cvn/chi-tiet-ban-an,"Bản án:số 03 ngày 07/08/2024 của  TAND TX. Duyên Hải,  tỉnh Trà Vinh(18.09.2024)",/2ta1591828t1cvn/chi-tiet-ban-an
https://congbobanan.toaan.gov.vn/2ta1591809t1cvn/chi-tiet-ban-an,"Bản án:số 02 ngày 07/08/2024 của  TAND TX. Duyên Hải,  tỉnh Trà Vinh(18.09.2024)",/2ta1591809t1cvn/chi-tiet-ban-an
https://congbobanan.toaan.gov.vn/2ta1591504t1cvn/chi-tiet-ban-an,"Bản án:số 12 ngày 16/07/2024 của  TAND Q. Tân Phú,  TP. Hồ Chí Minh(18.09.2024)",/2ta1591504t1cvn/chi-tiet-ban-an
https://congbobanan.toaan.gov.vn/2ta1591356t1cvn/chi-tiet-ban-an,Bản án:số 01/2024 ngày 27/07/2024 của TAND tỉnh Hưng Yên(18.09.2024),/2ta1591356t1cvn/chi-tiet-ban-an
https://congbobanan.toaan.gov.vn/2ta1590864t1cvn/chi-tiet-ban-an,Bản án:số 52 ngày 24/04/2024 của TAND TP. Hồ Chí Minh(17.09.2024),/2ta1590864t1cvn/chi-tiet-ban-an
https://congbobanan.toaan.gov.vn/2ta1590896t1cvn/chi-tiet-ban-an,Bản án:số 58 ngày 14/05/2024 của TAND TP. Hồ Chí Minh(17.09.2024),/2ta1590896t1cvn/chi-tiet-ban-an
https://congbobanan.toaan.gov.vn/2ta1590914t1cvn/chi-tiet-ban-an,Bản án:số 61 ngày 21/05/2024 của TAND TP. Hồ Chí Minh(17.09.2024),/2ta1590914t1cvn/chi-tiet-ban-an
https://congbobanan.toaan.gov.vn/2ta1590940t1cvn/chi-tiet-ban-an,Bản án:số 62 ngày 22/05/2024 của TAND TP. Hồ Chí Minh(17.09.2024),/2ta1590940t1cvn/chi-tiet-ban-an
https://congbobanan.toaan.gov.vn/2ta1590957t1cvn/chi-tiet-ban-an,Bản án:số 1281 ngày 27/12/2023 của TAND TP. Hồ Chí Minh(17.09.2024),/2ta1590957t1cvn/chi-tiet-ban-an
https://congbobanan.toaan.gov.vn/2ta1591018t1cvn/chi-tiet-ban-an,Bản án:số 1727 ngày 15/09/2023 của TAND TP. Hồ Chí Minh(17.09.2024),/2ta1591018t1cvn/chi-tiet-ban-an
https://congbobanan.toaan.gov.vn/2ta1590602t1cvn/chi-tiet-ban-an,Bản án:số 15 ngày 29/01/2024 của TAND TP. Hồ Chí Minh(17.09.2024),/2ta1590602t1cvn/chi-tiet-ban-an
https://congbobanan.toaan.gov.vn/2ta1590649t1cvn/chi-tiet-ban-an,Bản án:số 48 ngày 15/04/2024 của TAND TP. Hồ Chí Minh(17.09.2024),/2ta1590649t1cvn/chi-tiet-ban-an
https://congbobanan.toaan.gov.vn/2ta1590682t1cvn/chi-tiet-ban-an,Bản án:số 54 ngày 26/04/2024 của TAND TP. Hồ Chí Minh(17.09.2024),/2ta1590682t1cvn/chi-tiet-ban-an
https://congbobanan.toaan.gov.vn/2ta1589916t1cvn/chi-tiet-ban-an,Bản án:số 51 ngày 23/04/2024 của TAND TP. Hồ Chí Minh(17.09.2024),/2ta1589916t1cvn/chi-tiet-ban-an
https://congbobanan.toaan.gov.vn/2ta1588866t1cvn/chi-tiet-ban-an,"Bản án:số 14 ngày 17/06/2024 của  TAND TP. Tân An,  tỉnh Long An(16.09.2024)",/2ta1588866t1cvn/chi-tiet-ban-an
https://congbobanan.toaan.gov.vn/2ta1588868t1cvn/chi-tiet-ban-an,"Bản án:số 13 ngày 17/06/2024 của  TAND TP. Tân An,  tỉnh Long An(16.09.2024)",/2ta1588868t1cvn/chi-tiet-ban-an
https://congbobanan.toaan.gov.vn/2ta1588216t1cvn/chi-tiet-ban-an,Bản án:số 02 ngày 26/07/2024 của TAND tỉnh Hưng Yên(16.09.2024),/2ta1588216t1cvn/chi-tiet-ban-an
https://congbobanan.toaan.gov.vn/2ta1587970t1cvn/chi-tiet-ban-an,"Bản án:số 05/2024/LĐ-ST ngày 31/07/2024 của  TAND TP. Sa Đéc,  tỉnh Đồng Tháp(16.09.2024)",/2ta1587970t1cvn/chi-tiet-ban-an
https://congbobanan.toaan.gov.vn/2ta1587327t1cvn/chi-tiet-ban-an,Bản án:số 06 ngày 26/08/2024 của TAND tỉnh Sóc Trăng(15.09.2024),/2ta1587327t1cvn/chi-tiet-ban-an
https://congbobanan.toaan.gov.vn/2ta1586958t1cvn/chi-tiet-ban-an,"Bản án:số 06 ngày 21/03/2024 của  TAND Q. Tân Bình,  TP. Hồ Chí Minh(15.09.2024)",/2ta1586958t1cvn/chi-tiet-ban-an
https://congbobanan.toaan.gov.vn/2ta1586518t1cvn/chi-tiet-ban-an,"Bản án:số 97 ngày 12/07/2024 của  TAND TX. Thuận An,  tỉnh Bình Dương(14.09.2024)",/2ta1586518t1cvn/chi-tiet-ban-an
https://congbobanan.toaan.gov.vn/2ta1586531t1cvn/chi-tiet-ban-an,"Bản án:số 92 ngày 26/06/2024 của  TAND TX. Thuận An,  tỉnh Bình Dương(14.09.2024)",/2ta1586531t1cvn/chi-tiet-ban-an
https://congbobanan.toaan.gov.vn/2ta1586535t1cvn/chi-tiet-ban-an,"Bản án:số 98 ngày 12/07/2024 của  TAND TX. Thuận An,  tỉnh Bình Dương(14.09.2024)",/2ta1586535t1cvn/chi-tiet-ban-an
https://congbobanan.toaan.gov.vn/2ta1585794t1cvn/chi-tiet-ban-an,"Bản án:số 12/2024/LĐ-ST ngày 07/06/2024 của  TAND TP. Tân An,  tỉnh Long An(13.09.2024)",/2ta1585794t1cvn/chi-tiet-ban-an
https://congbobanan.toaan.gov.vn/2ta1585788t1cvn/chi-tiet-ban-an,"Bản án:số 33/2024/LĐ-ST ngày 21/05/2024 của  TAND huyện Đức Hòa,  tỉnh Long An(13.09.2024)",/2ta1585788t1cvn/chi-tiet-ban-an
https://congbobanan.toaan.gov.vn/2ta1585758t1cvn/chi-tiet-ban-an,Bản án:số 16/2024/LĐ-PT ngày 06/09/2024 của TAND tỉnh Bình Dương(13.09.2024),/2ta1585758t1cvn/chi-tiet-ban-an
https://congbobanan.toaan.gov.vn/2ta1585246t1cvn/chi-tiet-ban-an,"Bản án:số 06 ngày 12/08/2024 của  TAND huyện Long Phú,  tỉnh Sóc Trăng(13.09.2024)",/2ta1585246t1cvn/chi-tiet-ban-an
https://congbobanan.toaan.gov.vn/2ta1583754t1cvn/chi-tiet-ban-an,"Bản án:số 134 ngày 08/08/2024 của  TAND TX. Thuận An,  tỉnh Bình Dương(12.09.2024)",/2ta1583754t1cvn/chi-tiet-ban-an
https://congbobanan.toaan.gov.vn/2ta1583763t1cvn/chi-tiet-ban-an,"Bản án:số 133 ngày 08/08/2024 của  TAND TX. Thuận An,  tỉnh Bình Dương(12.09.2024)",/2ta1583763t1cvn/chi-tiet-ban-an
https://congbobanan.toaan.gov.vn/2ta1583736t1cvn/chi-tiet-ban-an,"Bản án:số 135 ngày 08/08/2024 của  TAND TX. Thuận An,  tỉnh Bình Dương(12.09.2024)",/2ta1583736t1cvn/chi-tiet-ban-an
https://congbobanan.toaan.gov.vn/2ta1559236t1cvn/chi-tiet-ban-an,"Bản án:số 10 ngày 09/08/2024 của  TAND huyện Tân Biên,  tỉnh Tây Ninh(12.09.2024)",/2ta1559236t1cvn/chi-tiet-ban-an
https://congbobanan.toaan.gov.vn/2ta1559267t1cvn/chi-tiet-ban-an,"Bản án:số 11 ngày 09/08/2024 của  TAND huyện Tân Biên,  tỉnh Tây Ninh(12.09.2024)",/2ta1559267t1cvn/chi-tiet-ban-an
https://congbobanan.toaan.gov.vn/2ta1583299t1cvn/chi-tiet-ban-an,Bản án:số 12/2024/LĐ-PT ngày 23/08/2024 của TAND tỉnh Bình Dương(11.09.2024),/2ta1583299t1cvn/chi-tiet-ban-an
https://congbobanan.toaan.gov.vn/2ta1583292t1cvn/chi-tiet-ban-an,Bản án:số 11/2024/LĐ-PT ngày 23/08/2024 của TAND tỉnh Bình Dương(11.09.2024),/2ta1583292t1cvn/chi-tiet-ban-an
https://congbobanan.toaan.gov.vn/2ta1583308t1cvn/chi-tiet-ban-an,Bản án:số 14/2024/LĐ-PT ngày 28/08/2024 của TAND tỉnh Bình Dương(11.09.2024),/2ta1583308t1cvn/chi-tiet-ban-an
https://congbobanan.toaan.gov.vn/2ta1583284t1cvn/chi-tiet-ban-an,Bản án:số 15/2024/LĐ-PT ngày 28/08/2024 của TAND tỉnh Bình Dương(11.09.2024),/2ta1583284t1cvn/chi-tiet-ban-an
https://congbobanan.toaan.gov.vn/2ta1580565t1cvn/chi-tiet-ban-an,"Bản án:số 42/2024/LĐ-ST ngày 17/07/2024 của  TAND TX. Dĩ An,  tỉnh Bình Dương(10.09.2024)",/2ta1580565t1cvn/chi-tiet-ban-an
https://congbobanan.toaan.gov.vn/2ta1578674t1cvn/chi-tiet-ban-an,"Bản án:số 43 ngày 23/07/2024 của  TAND TX. Dĩ An,  tỉnh Bình Dương(08.09.2024)",/2ta1578674t1cvn/chi-tiet-ban-an
https://congbobanan.toaan.gov.vn/2ta1578330t1cvn/chi-tiet-ban-an,"Bản án:số 31 ngày 03/05/2024 của  TAND Quận 12,  TP. Hồ Chí Minh(07.09.2024)",/2ta1578330t1cvn/chi-tiet-ban-an
https://congbobanan.toaan.gov.vn/2ta1577886t1cvn/chi-tiet-ban-an,"Bản án:số 01/2024/LĐ-ST ngày 19/07/2024 của  TAND huyện Ea Kar ,  tỉnh Đắk Lắk(06.09.2024)",/2ta1577886t1cvn/chi-tiet-ban-an
https://congbobanan.toaan.gov.vn/2ta1577571t1cvn/chi-tiet-ban-an,"Bản án:số 08 ngày 29/07/2024 của  TAND TP. Biên Hòa,  tỉnh Đồng Nai(06.09.2024)",/2ta1577571t1cvn/chi-tiet-ban-an
https://congbobanan.toaan.gov.vn/2ta1577183t1cvn/chi-tiet-ban-an,"Bản án:số 46/2023/LĐ-ST ngày 31/05/2024 của  TAND huyện Đức Hòa,  tỉnh Long An(06.09.2024)",/2ta1577183t1cvn/chi-tiet-ban-an
https://congbobanan.toaan.gov.vn/2ta1577158t1cvn/chi-tiet-ban-an,"Bản án:số 83/2024/LĐ-ST ngày 11/07/2024 của  TAND huyện Đức Hòa,  tỉnh Long An(06.09.2024)",/2ta1577158t1cvn/chi-tiet-ban-an
https://congbobanan.toaan.gov.vn/2ta1576358t1cvn/chi-tiet-ban-an,Bản án:số 39 ngày 01/04/2024 của TAND TP. Hồ Chí Minh(05.09.2024),/2ta1576358t1cvn/chi-tiet-ban-an
https://congbobanan.toaan.gov.vn/2ta1576374t1cvn/chi-tiet-ban-an,Bản án:số 9 ngày 17/01/2024 của TAND TP. Hồ Chí Minh(05.09.2024),/2ta1576374t1cvn/chi-tiet-ban-an
https://congbobanan.toaan.gov.vn/2ta1576385t1cvn/chi-tiet-ban-an,Bản án:số 1133 ngày 05/12/2023 của TAND TP. Hồ Chí Minh(05.09.2024),/2ta1576385t1cvn/chi-tiet-ban-an
https://congbobanan.toaan.gov.vn/2ta1576389t1cvn/chi-tiet-ban-an,Bản án:số 1119 ngày 30/11/2023 của TAND TP. Hồ Chí Minh(05.09.2024),/2ta1576389t1cvn/chi-tiet-ban-an
https://congbobanan.toaan.gov.vn/2ta1576422t1cvn/chi-tiet-ban-an,Bản án:số 30 ngày 18/03/2024 của TAND TP. Hồ Chí Minh(05.09.2024),/2ta1576422t1cvn/chi-tiet-ban-an
https://congbobanan.toaan.gov.vn/2ta1576424t1cvn/chi-tiet-ban-an,Bản án:số 41 ngày 04/04/2024 của TAND TP. Hồ Chí Minh(05.09.2024),/2ta1576424t1cvn/chi-tiet-ban-an
https://congbobanan.toaan.gov.vn/2ta1576352t1cvn/chi-tiet-ban-an,"Bản án:số 04 ngày 29/07/2024 của  TAND huyện Tân Biên,  tỉnh Tây Ninh(05.09.2024)",/2ta1576352t1cvn/chi-tiet-ban-an
https://congbobanan.toaan.gov.vn/2ta1576348t1cvn/chi-tiet-ban-an,"Bản án:số 03 ngày 29/07/2024 của  TAND huyện Tân Biên,  tỉnh Tây Ninh(05.09.2024)",/2ta1576348t1cvn/chi-tiet-ban-an
https://congbobanan.toaan.gov.vn/2ta1576338t1cvn/chi-tiet-ban-an,"Bản án:số 02 ngày 29/07/2024 của  TAND huyện Tân Biên,  tỉnh Tây Ninh(05.09.2024)",/2ta1576338t1cvn/chi-tiet-ban-an
https://congbobanan.toaan.gov.vn/2ta1575819t1cvn/chi-tiet-ban-an,Bản án:số 03/2024/LĐ-PT ngày 15/08/2024 của TAND tỉnh Tây Ninh(05.09.2024),/2ta1575819t1cvn/chi-tiet-ban-an
https://congbobanan.toaan.gov.vn/2ta1575747t1cvn/chi-tiet-ban-an,"Bản án:số 365/2024/LĐ-ST ngày 25/01/2024 của  Thành phố Thủ Đức,  TP. Hồ Chí Minh(05.09.2024)",/2ta1575747t1cvn/chi-tiet-ban-an
https://congbobanan.toaan.gov.vn/2ta1574836t1cvn/chi-tiet-ban-an,"Bản án:số 72 ngày 25/09/2023 của  TAND Quận 12,  TP. Hồ Chí Minh(04.09.2024)",/2ta1574836t1cvn/chi-tiet-ban-an
https://congbobanan.toaan.gov.vn/2ta1574053t1cvn/chi-tiet-ban-an,"Bản án:số 01/2024/LĐ-ST ngày 18/06/2024 của  TAND huyện Lương Sơn,  tỉnh Hòa Bình(04.09.2024)",/2ta1574053t1cvn/chi-tiet-ban-an
https://congbobanan.toaan.gov.vn/2ta1573903t1cvn/chi-tiet-ban-an,"Bản án:số 02 ngày 21/12/2023 của  TAND TP. PLeiku,  tỉnh Gia Lai(03.09.2024)",/2ta1573903t1cvn/chi-tiet-ban-an
https://congbobanan.toaan.gov.vn/2ta1573722t1cvn/chi-tiet-ban-an,"Bản án:số 03 ngày 28/02/2024 của  TAND Quận 3,  TP. Hồ Chí Minh(03.09.2024)",/2ta1573722t1cvn/chi-tiet-ban-an
https://congbobanan.toaan.gov.vn/2ta1572981t1cvn/chi-tiet-ban-an,"Bản án:số 22 ngày 09/05/2024 của  TAND huyện Đức Hòa,  tỉnh Long An(01.09.2024)",/2ta1572981t1cvn/chi-tiet-ban-an
https://congbobanan.toaan.gov.vn/2ta1572979t1cvn/chi-tiet-ban-an,"Bản án:số 24 ngày 09/05/2024 của  TAND huyện Đức Hòa,  tỉnh Long An(01.09.2024)",/2ta1572979t1cvn/chi-tiet-ban-an
https://congbobanan.toaan.gov.vn/2ta1572976t1cvn/chi-tiet-ban-an,"Bản án:số 64 ngày 17/06/2024 của  TAND huyện Đức Hòa,  tỉnh Long An(01.09.2024)",/2ta1572976t1cvn/chi-tiet-ban-an
https://congbobanan.toaan.gov.vn/2ta1572973t1cvn/chi-tiet-ban-an,"Bản án:số 21 ngày 09/05/2024 của  TAND huyện Đức Hòa,  tỉnh Long An(01.09.2024)",/2ta1572973t1cvn/chi-tiet-ban-an
https://congbobanan.toaan.gov.vn/2ta1572969t1cvn/chi-tiet-ban-an,"Bản án:số 68 ngày 17/06/2024 của  TAND huyện Đức Hòa,  tỉnh Long An(01.09.2024)",/2ta1572969t1cvn/chi-tiet-ban-an
https://congbobanan.toaan.gov.vn/2ta1572965t1cvn/chi-tiet-ban-an,"Bản án:số 30 ngày 14/05/2024 của  TAND huyện Đức Hòa,  tỉnh Long An(01.09.2024)",/2ta1572965t1cvn/chi-tiet-ban-an
https://congbobanan.toaan.gov.vn/2ta1572961t1cvn/chi-tiet-ban-an,"Bản án:số 61 ngày 13/06/2024 của  TAND huyện Đức Hòa,  tỉnh Long An(01.09.2024)",/2ta1572961t1cvn/chi-tiet-ban-an
https://congbobanan.toaan.gov.vn/2ta1572957t1cvn/chi-tiet-ban-an,"Bản án:số 23 ngày 09/05/2024 của  TAND huyện Đức Hòa,  tỉnh Long An(01.09.2024)",/2ta1572957t1cvn/chi-tiet-ban-an
https://congbobanan.toaan.gov.vn/2ta1572955t1cvn/chi-tiet-ban-an,"Bản án:số 29 ngày 13/05/2024 của  TAND huyện Đức Hòa,  tỉnh Long An(01.09.2024)",/2ta1572955t1cvn/chi-tiet-ban-an
https://congbobanan.toaan.gov.vn/2ta1572950t1cvn/chi-tiet-ban-an,"Bản án:số 60 ngày 12/06/2024 của  TAND huyện Đức Hòa,  tỉnh Long An(01.09.2024)",/2ta1572950t1cvn/chi-tiet-ban-an
https://congbobanan.toaan.gov.vn/2ta1572948t1cvn/chi-tiet-ban-an,"Bản án:số 59 ngày 12/06/2024 của  TAND huyện Đức Hòa,  tỉnh Long An(01.09.2024)",/2ta1572948t1cvn/chi-tiet-ban-an
https://congbobanan.toaan.gov.vn/2ta1572870t1cvn/chi-tiet-ban-an,"Bản án:số 118 ngày 29/07/2024 của  TAND TX. Thuận An,  tỉnh Bình Dương(01.09.2024)",/2ta1572870t1cvn/chi-tiet-ban-an
https://congbobanan.toaan.gov.vn/2ta1572868t1cvn/chi-tiet-ban-an,"Bản án:số 119 ngày 29/07/2024 của  TAND TX. Thuận An,  tỉnh Bình Dương(01.09.2024)",/2ta1572868t1cvn/chi-tiet-ban-an
https://congbobanan.toaan.gov.vn/2ta1572865t1cvn/chi-tiet-ban-an,"Bản án:số 120 ngày 29/07/2024 của  TAND TX. Thuận An,  tỉnh Bình Dương(01.09.2024)",/2ta1572865t1cvn/chi-tiet-ban-an
https://congbobanan.toaan.gov.vn/2ta1572863t1cvn/chi-tiet-ban-an,"Bản án:số 117 ngày 29/07/2024 của  TAND TX. Thuận An,  tỉnh Bình Dương(01.09.2024)",/2ta1572863t1cvn/chi-tiet-ban-an
https://congbobanan.toaan.gov.vn/2ta1572804t1cvn/chi-tiet-ban-an,"Bản án:số 15 ngày 30/05/2024 của  TAND Quận 7,  TP. Hồ Chí Minh(01.09.2024)",/2ta1572804t1cvn/chi-tiet-ban-an
https://congbobanan.toaan.gov.vn/2ta1570979t1cvn/chi-tiet-ban-an,"Bản án:số 92 ngày 25/07/2024 của  TAND huyện Đức Hòa,  tỉnh Long An(30.08.2024)",/2ta1570979t1cvn/chi-tiet-ban-an
https://congbobanan.toaan.gov.vn/2ta1570980t1cvn/chi-tiet-ban-an,"Bản án:số 93 ngày 25/07/2024 của  TAND huyện Đức Hòa,  tỉnh Long An(30.08.2024)",/2ta1570980t1cvn/chi-tiet-ban-an
https://congbobanan.toaan.gov.vn/2ta1570982t1cvn/chi-tiet-ban-an,"Bản án:số 94 ngày 25/07/2024 của  TAND huyện Đức Hòa,  tỉnh Long An(30.08.2024)",/2ta1570982t1cvn/chi-tiet-ban-an
https://congbobanan.toaan.gov.vn/2ta1570769t1cvn/chi-tiet-ban-an,Bản án:số 1 ngày 31/07/2024 của TAND TP. Hải Phòng(30.08.2024),/2ta1570769t1cvn/chi-tiet-ban-an
https://congbobanan.toaan.gov.vn/2ta1570770t1cvn/chi-tiet-ban-an,Bản án:số 2 ngày 05/08/2024 của TAND TP. Hải Phòng(30.08.2024),/2ta1570770t1cvn/chi-tiet-ban-an
https://congbobanan.toaan.gov.vn/2ta1570176t1cvn/chi-tiet-ban-an,"Bản án:số 111 ngày 24/07/2024 của  TAND TX. Thuận An,  tỉnh Bình Dương(30.08.2024)",/2ta1570176t1cvn/chi-tiet-ban-an
https://congbobanan.toaan.gov.vn/2ta1570128t1cvn/chi-tiet-ban-an,"Bản án:số 90 ngày 25/06/2024 của  TAND TX. Thuận An,  tỉnh Bình Dương(30.08.2024)",/2ta1570128t1cvn/chi-tiet-ban-an
https://congbobanan.toaan.gov.vn/2ta1569939t1cvn/chi-tiet-ban-an,Bản án:số 91/2024/LĐ-PT ngày 15/08/2024 của TAND TP. Hồ Chí Minh(30.08.2024),/2ta1569939t1cvn/chi-tiet-ban-an
https://congbobanan.toaan.gov.vn/2ta1569999t1cvn/chi-tiet-ban-an,Bản án:số 69/2024/DS-PT ngày 11/06/2024 của TAND TP. Hồ Chí Minh(30.08.2024),/2ta1569999t1cvn/chi-tiet-ban-an
https://congbobanan.toaan.gov.vn/2ta1570075t1cvn/chi-tiet-ban-an,Bản án:số 433/2024/LĐ-PT ngày 16/05/2024 của TAND TP. Hồ Chí Minh(30.08.2024),/2ta1570075t1cvn/chi-tiet-ban-an
https://congbobanan.toaan.gov.vn/2ta1569297t1cvn/chi-tiet-ban-an,Bản án:số 02 ngày 19/08/2024 của TAND tỉnh Cà Mau(30.08.2024),/2ta1569297t1cvn/chi-tiet-ban-an
https://congbobanan.toaan.gov.vn/2ta1568946t1cvn/chi-tiet-ban-an,"Bản án:số 3008 ngày 10/07/2024 của  Thành phố Thủ Đức,  TP. Hồ Chí Minh(29.08.2024)",/2ta1568946t1cvn/chi-tiet-ban-an
https://congbobanan.toaan.gov.vn/2ta1568624t1cvn/chi-tiet-ban-an,"Bản án:số 07 ngày 30/07/2024 của  TAND Q. Long Biên,  TP. Hà Nội(29.08.2024)",/2ta1568624t1cvn/chi-tiet-ban-an
https://congbobanan.toaan.gov.vn/2ta1567301t1cvn/chi-tiet-ban-an,"Bản án:số 11 ngày 11/07/2024 của  TAND Quận 3,  TP. Hồ Chí Minh(28.08.2024)",/2ta1567301t1cvn/chi-tiet-ban-an
https://congbobanan.toaan.gov.vn/2ta1567219t1cvn/chi-tiet-ban-an,"Bản án:số 7 ngày 21/06/2024 của  TAND Quận 3,  TP. Hồ Chí Minh(28.08.2024)",/2ta1567219t1cvn/chi-tiet-ban-an
https://congbobanan.toaan.gov.vn/2ta1565204t1cvn/chi-tiet-ban-an,"Bản án:số 10/2024/LĐ-ST ngày 28/03/2024 của  TAND Quận 1,  TP. Hồ Chí Minh(27.08.2024)",/2ta1565204t1cvn/chi-tiet-ban-an
https://congbobanan.toaan.gov.vn/2ta1448740t1cvn/chi-tiet-ban-an,Bản án:số 1076 ngày 21/11/2023 của TAND TP. Hồ Chí Minh(24.08.2024),/2ta1448740t1cvn/chi-tiet-ban-an
https://congbobanan.toaan.gov.vn/2ta1563220t1cvn/chi-tiet-ban-an,"Bản án:số 2185 ngày 20/05/2024 của  Thành phố Thủ Đức,  TP. Hồ Chí Minh(24.08.2024)",/2ta1563220t1cvn/chi-tiet-ban-an
https://congbobanan.toaan.gov.vn/2ta1561911t1cvn/chi-tiet-ban-an,"Bản án:số 15 ngày 21/06/2024 của  TAND TX. Bến Cát,  tỉnh Bình Dương(22.08.2024)",/2ta1561911t1cvn/chi-tiet-ban-an
https://congbobanan.toaan.gov.vn/2ta1561905t1cvn/chi-tiet-ban-an,"Bản án:số 14 ngày 21/06/2024 của  TAND TX. Bến Cát,  tỉnh Bình Dương(22.08.2024)",/2ta1561905t1cvn/chi-tiet-ban-an
https://congbobanan.toaan.gov.vn/2ta1560582t1cvn/chi-tiet-ban-an,Bản án:số 01 ngày 01/08/2024 của TAND tỉnh Phú Thọ(21.08.2024),/2ta1560582t1cvn/chi-tiet-ban-an
https://congbobanan.toaan.gov.vn/2ta1556077t1cvn/chi-tiet-ban-an,Bản án:số 09/2024/LĐ-PT ngày 29/07/2024 của TAND tỉnh Bình Dương(15.08.2024),/2ta1556077t1cvn/chi-tiet-ban-an
https://congbobanan.toaan.gov.vn/2ta1555816t1cvn/chi-tiet-ban-an,Bản án:số 10/2024/LĐ-PT ngày 06/08/2024 của TAND tỉnh Bình Dương(15.08.2024),/2ta1555816t1cvn/chi-tiet-ban-an
https://congbobanan.toaan.gov.vn/2ta1554555t1cvn/chi-tiet-ban-an,"Bản án:số 26 ngày 26/06/2024 của  TAND TX. Dĩ An,  tỉnh Bình Dương(14.08.2024)",/2ta1554555t1cvn/chi-tiet-ban-an
https://congbobanan.toaan.gov.vn/2ta1554552t1cvn/chi-tiet-ban-an,"Bản án:số 29 ngày 26/06/2024 của  TAND TX. Dĩ An,  tỉnh Bình Dương(14.08.2024)",/2ta1554552t1cvn/chi-tiet-ban-an
https://congbobanan.toaan.gov.vn/2ta1554533t1cvn/chi-tiet-ban-an,"Bản án:số 27 ngày 26/06/2024 của  TAND TX. Dĩ An,  tỉnh Bình Dương(14.08.2024)",/2ta1554533t1cvn/chi-tiet-ban-an
https://congbobanan.toaan.gov.vn/2ta1554542t1cvn/chi-tiet-ban-an,"Bản án:số 28 ngày 26/06/2024 của  TAND TX. Dĩ An,  tỉnh Bình Dương(14.08.2024)",/2ta1554542t1cvn/chi-tiet-ban-an
https://congbobanan.toaan.gov.vn/2ta1554518t1cvn/chi-tiet-ban-an,"Bản án:số 25 ngày 26/06/2024 của  TAND TX. Dĩ An,  tỉnh Bình Dương(14.08.2024)",/2ta1554518t1cvn/chi-tiet-ban-an
https://congbobanan.toaan.gov.vn/2ta1553956t1cvn/chi-tiet-ban-an,Bản án:số 03/2024/LĐ-PT ngày 24/07/2024 của TAND tỉnh Bạc Liêu(13.08.2024),/2ta1553956t1cvn/chi-tiet-ban-an
https://congbobanan.toaan.gov.vn/2ta1553575t1cvn/chi-tiet-ban-an,"Bản án:số 01 ngày 11/07/2024 của  TAND huyện Lập Thạch,  tỉnh Vĩnh Phúc(13.08.2024)",/2ta1553575t1cvn/chi-tiet-ban-an
https://congbobanan.toaan.gov.vn/2ta1553041t1cvn/chi-tiet-ban-an,Bản án:số 03 ngày 04/06/2024 của TAND tỉnh Long An(12.08.2024),/2ta1553041t1cvn/chi-tiet-ban-an
https://congbobanan.toaan.gov.vn/2ta1553027t1cvn/chi-tiet-ban-an,Bản án:số 01 ngày 04/06/2024 của TAND tỉnh Long An(12.08.2024),/2ta1553027t1cvn/chi-tiet-ban-an
https://congbobanan.toaan.gov.vn/2ta1553040t1cvn/chi-tiet-ban-an,Bản án:số 02 ngày 04/06/2024 của TAND tỉnh Long An(12.08.2024),/2ta1553040t1cvn/chi-tiet-ban-an
https://congbobanan.toaan.gov.vn/2ta1552781t1cvn/chi-tiet-ban-an,"Bản án:số 10/2023/LĐ-ST ngày 23/10/2023 của  TAND Quận 5,  TP. Hồ Chí Minh(12.08.2024)",/2ta1552781t1cvn/chi-tiet-ban-an
https://congbobanan.toaan.gov.vn/2ta1552549t1cvn/chi-tiet-ban-an,"Bản án:số 05 ngày 30/05/2024 của  TAND TP. Biên Hòa,  tỉnh Đồng Nai(12.08.2024)",/2ta1552549t1cvn/chi-tiet-ban-an
https://congbobanan.toaan.gov.vn/2ta1552054t1cvn/chi-tiet-ban-an,"Bản án:số 41 ngày 28/06/2024 của  TAND TX. Dĩ An,  tỉnh Bình Dương(11.08.2024)",/2ta1552054t1cvn/chi-tiet-ban-an
https://congbobanan.toaan.gov.vn/2ta1552052t1cvn/chi-tiet-ban-an,"Bản án:số 40 ngày 28/06/2024 của  TAND TX. Dĩ An,  tỉnh Bình Dương(11.08.2024)",/2ta1552052t1cvn/chi-tiet-ban-an
https://congbobanan.toaan.gov.vn/2ta1552051t1cvn/chi-tiet-ban-an,"Bản án:số 39 ngày 28/06/2024 của  TAND TX. Dĩ An,  tỉnh Bình Dương(11.08.2024)",/2ta1552051t1cvn/chi-tiet-ban-an
https://congbobanan.toaan.gov.vn/2ta1552075t1cvn/chi-tiet-ban-an,"Bản án:số 38 ngày 28/06/2024 của  TAND TX. Dĩ An,  tỉnh Bình Dương(11.08.2024)",/2ta1552075t1cvn/chi-tiet-ban-an
https://congbobanan.toaan.gov.vn/2ta1552074t1cvn/chi-tiet-ban-an,"Bản án:số 37 ngày 28/06/2024 của  TAND TX. Dĩ An,  tỉnh Bình Dương(11.08.2024)",/2ta1552074t1cvn/chi-tiet-ban-an
https://congbobanan.toaan.gov.vn/2ta1552071t1cvn/chi-tiet-ban-an,"Bản án:số 36 ngày 28/06/2024 của  TAND TX. Dĩ An,  tỉnh Bình Dương(11.08.2024)",/2ta1552071t1cvn/chi-tiet-ban-an
https://congbobanan.toaan.gov.vn/2ta1551857t1cvn/chi-tiet-ban-an,"Bản án:số 18/2024/BAST-LĐ ngày 26/06/2024 của  TAND TX. Dĩ An,  tỉnh Bình Dương(11.08.2024)",/2ta1551857t1cvn/chi-tiet-ban-an
https://congbobanan.toaan.gov.vn/2ta1551858t1cvn/chi-tiet-ban-an,"Bản án:số 16/2024/BAST-LĐ ngày 26/06/2024 của  TAND TX. Dĩ An,  tỉnh Bình Dương(11.08.2024)",/2ta1551858t1cvn/chi-tiet-ban-an
https://congbobanan.toaan.gov.vn/2ta1551859t1cvn/chi-tiet-ban-an,"Bản án:số 15/2024/BAST-LĐ ngày 26/06/2024 của  TAND TX. Dĩ An,  tỉnh Bình Dương(11.08.2024)",/2ta1551859t1cvn/chi-tiet-ban-an
https://congbobanan.toaan.gov.vn/2ta1551863t1cvn/chi-tiet-ban-an,"Bản án:số 19/2024/BAST-LĐ ngày 26/06/2024 của  TAND TX. Dĩ An,  tỉnh Bình Dương(11.08.2024)",/2ta1551863t1cvn/chi-tiet-ban-an
https://congbobanan.toaan.gov.vn/2ta1551864t1cvn/chi-tiet-ban-an,"Bản án:số 17/2024/BAST-LĐ ngày 26/06/2024 của  TAND TX. Dĩ An,  tỉnh Bình Dương(11.08.2024)",/2ta1551864t1cvn/chi-tiet-ban-an
https://congbobanan.toaan.gov.vn/2ta1551880t1cvn/chi-tiet-ban-an,"Bản án:số 35/2024/BAST-LĐ ngày 28/06/2024 của  TAND TX. Dĩ An,  tỉnh Bình Dương(11.08.2024)",/2ta1551880t1cvn/chi-tiet-ban-an
https://congbobanan.toaan.gov.vn/2ta1551172t1cvn/chi-tiet-ban-an,"Bản án:số 01 ngày 19/03/2024 của  TAND huyện Tam Nông,  tỉnh Đồng Tháp(10.08.2024)",/2ta1551172t1cvn/chi-tiet-ban-an
https://congbobanan.toaan.gov.vn/2ta1550705t1cvn/chi-tiet-ban-an,Bản án:số 08/2024/LĐ-PT ngày 26/07/2024 của TAND tỉnh Bình Dương(09.08.2024),/2ta1550705t1cvn/chi-tiet-ban-an
https://congbobanan.toaan.gov.vn/2ta1550627t1cvn/chi-tiet-ban-an,"Bản án:số 12 ngày 26/06/2024 của  TAND TX. Dĩ An,  tỉnh Bình Dương(09.08.2024)",/2ta1550627t1cvn/chi-tiet-ban-an
https://congbobanan.toaan.gov.vn/2ta1550625t1cvn/chi-tiet-ban-an,"Bản án:số 13 ngày 26/06/2024 của  TAND TX. Dĩ An,  tỉnh Bình Dương(09.08.2024)",/2ta1550625t1cvn/chi-tiet-ban-an
https://congbobanan.toaan.gov.vn/2ta1550614t1cvn/chi-tiet-ban-an,"Bản án:số 14 ngày 26/06/2024 của  TAND TX. Dĩ An,  tỉnh Bình Dương(09.08.2024)",/2ta1550614t1cvn/chi-tiet-ban-an
https://congbobanan.toaan.gov.vn/2ta1550623t1cvn/chi-tiet-ban-an,"Bản án:số 08 ngày 26/06/2024 của  TAND TX. Dĩ An,  tỉnh Bình Dương(09.08.2024)",/2ta1550623t1cvn/chi-tiet-ban-an
https://congbobanan.toaan.gov.vn/2ta1550612t1cvn/chi-tiet-ban-an,"Bản án:số 10 ngày 26/06/2024 của  TAND TX. Dĩ An,  tỉnh Bình Dương(09.08.2024)",/2ta1550612t1cvn/chi-tiet-ban-an
https://congbobanan.toaan.gov.vn/2ta1550611t1cvn/chi-tiet-ban-an,"Bản án:số 09 ngày 26/06/2024 của  TAND TX. Dĩ An,  tỉnh Bình Dương(09.08.2024)",/2ta1550611t1cvn/chi-tiet-ban-an
https://congbobanan.toaan.gov.vn/2ta1550620t1cvn/chi-tiet-ban-an,"Bản án:số 11 ngày 26/06/2024 của  TAND TX. Dĩ An,  tỉnh Bình Dương(09.08.2024)",/2ta1550620t1cvn/chi-tiet-ban-an
https://congbobanan.toaan.gov.vn/2ta1550358t1cvn/chi-tiet-ban-an,"Bản án:số 24 ngày 26/06/2024 của  TAND TX. Dĩ An,  tỉnh Bình Dương(09.08.2024)",/2ta1550358t1cvn/chi-tiet-ban-an
https://congbobanan.toaan.gov.vn/2ta1550381t1cvn/chi-tiet-ban-an,"Bản án:số 21 ngày 26/06/2024 của  TAND TX. Dĩ An,  tỉnh Bình Dương(09.08.2024)",/2ta1550381t1cvn/chi-tiet-ban-an
https://congbobanan.toaan.gov.vn/2ta1550379t1cvn/chi-tiet-ban-an,"Bản án:số 22 ngày 26/06/2024 của  TAND TX. Dĩ An,  tỉnh Bình Dương(09.08.2024)",/2ta1550379t1cvn/chi-tiet-ban-an
https://congbobanan.toaan.gov.vn/2ta1550355t1cvn/chi-tiet-ban-an,"Bản án:số 23 ngày 26/06/2024 của  TAND TX. Dĩ An,  tỉnh Bình Dương(09.08.2024)",/2ta1550355t1cvn/chi-tiet-ban-an
https://congbobanan.toaan.gov.vn/2ta1550374t1cvn/chi-tiet-ban-an,"Bản án:số 20 ngày 26/06/2024 của  TAND TX. Dĩ An,  tỉnh Bình Dương(09.08.2024)",/2ta1550374t1cvn/chi-tiet-ban-an
https://congbobanan.toaan.gov.vn/2ta1548461t1cvn/chi-tiet-ban-an,"Bản án:số 2022 ngày 23/05/2024 của  Thành phố Thủ Đức,  TP. Hồ Chí Minh(07.08.2024)",/2ta1548461t1cvn/chi-tiet-ban-an
https://congbobanan.toaan.gov.vn/2ta1547573t1cvn/chi-tiet-ban-an,"Bản án:số 853 ngày 19/03/2024 của  Thành phố Thủ Đức,  TP. Hồ Chí Minh(06.08.2024)",/2ta1547573t1cvn/chi-tiet-ban-an
https://congbobanan.toaan.gov.vn/2ta1545964t1cvn/chi-tiet-ban-an,Bản án:số 09 ngày 05/07/2024 của TAND tỉnh Long An(04.08.2024),/2ta1545964t1cvn/chi-tiet-ban-an
https://congbobanan.toaan.gov.vn/2ta1545981t1cvn/chi-tiet-ban-an,Bản án:số 07 ngày 05/07/2024 của TAND tỉnh Long An(04.08.2024),/2ta1545981t1cvn/chi-tiet-ban-an
https://congbobanan.toaan.gov.vn/2ta1545982t1cvn/chi-tiet-ban-an,Bản án:số 08 ngày 05/07/2024 của TAND tỉnh Long An(04.08.2024),/2ta1545982t1cvn/chi-tiet-ban-an
https://congbobanan.toaan.gov.vn/2ta1545282t1cvn/chi-tiet-ban-an,"Bản án:số 32/2024/LĐ-ST ngày 26/06/2024 của  TAND TX. Dĩ An,  tỉnh Bình Dương(02.08.2024)",/2ta1545282t1cvn/chi-tiet-ban-an
https://congbobanan.toaan.gov.vn/2ta1545280t1cvn/chi-tiet-ban-an,"Bản án:số 30/2024/LĐ-ST ngày 26/06/2024 của  TAND TX. Dĩ An,  tỉnh Bình Dương(02.08.2024)",/2ta1545280t1cvn/chi-tiet-ban-an
https://congbobanan.toaan.gov.vn/2ta1545275t1cvn/chi-tiet-ban-an,"Bản án:số 34/2024/LĐ-ST ngày 26/06/2024 của  TAND TX. Dĩ An,  tỉnh Bình Dương(02.08.2024)",/2ta1545275t1cvn/chi-tiet-ban-an
https://congbobanan.toaan.gov.vn/2ta1545274t1cvn/chi-tiet-ban-an,"Bản án:số 33/2024/HNGĐ-ST ngày 26/06/2024 của  TAND TX. Dĩ An,  tỉnh Bình Dương(02.08.2024)",/2ta1545274t1cvn/chi-tiet-ban-an
https://congbobanan.toaan.gov.vn/2ta1545273t1cvn/chi-tiet-ban-an,"Bản án:số 31/2024/lĐ-ST ngày 26/06/2024 của  TAND TX. Dĩ An,  tỉnh Bình Dương(02.08.2024)",/2ta1545273t1cvn/chi-tiet-ban-an
https://congbobanan.toaan.gov.vn/2ta1541559t1cvn/chi-tiet-ban-an,"Bản án:số 03 ngày 11/06/2024 của  TAND Q. Cầu Giấy,  TP. Hà Nội(31.07.2024)",/2ta1541559t1cvn/chi-tiet-ban-an
https://congbobanan.toaan.gov.vn/2ta1541575t1cvn/chi-tiet-ban-an,"Bản án:số 04 ngày 11/06/2024 của  TAND Q. Cầu Giấy,  TP. Hà Nội(31.07.2024)",/2ta1541575t1cvn/chi-tiet-ban-an
https://congbobanan.toaan.gov.vn/2ta1541590t1cvn/chi-tiet-ban-an,"Bản án:số 07 ngày 02/07/2024 của  TAND Q. Cầu Giấy,  TP. Hà Nội(31.07.2024)",/2ta1541590t1cvn/chi-tiet-ban-an
https://congbobanan.toaan.gov.vn/2ta1541597t1cvn/chi-tiet-ban-an,"Bản án:số 02 ngày 11/06/2024 của  TAND Q. Cầu Giấy,  TP. Hà Nội(31.07.2024)",/2ta1541597t1cvn/chi-tiet-ban-an
https://congbobanan.toaan.gov.vn/2ta1539865t1cvn/chi-tiet-ban-an,"Bản án:số 2686 ngày 25/06/2024 của  Thành phố Thủ Đức,  TP. Hồ Chí Minh(30.07.2024)",/2ta1539865t1cvn/chi-tiet-ban-an
https://congbobanan.toaan.gov.vn/2ta1538904t1cvn/chi-tiet-ban-an,"Bản án:số 08 ngày 29/09/2023 của  TAND TX. Bến Cát,  tỉnh Bình Dương(29.07.2024)",/2ta1538904t1cvn/chi-tiet-ban-an
https://congbobanan.toaan.gov.vn/2ta1536700t1cvn/chi-tiet-ban-an,"Bản án:số 01 ngày 29/05/2024 của  TAND huyện Vĩnh Lợi,  tỉnh Bạc Liêu(26.07.2024)",/2ta1536700t1cvn/chi-tiet-ban-an
https://congbobanan.toaan.gov.vn/2ta1535896t1cvn/chi-tiet-ban-an,"Bản án:số 07 ngày 14/06/2024 của  TAND huyện Long Mỹ,  tỉnh Hậu Giang(25.07.2024)",/2ta1535896t1cvn/chi-tiet-ban-an
https://congbobanan.toaan.gov.vn/2ta1535189t1cvn/chi-tiet-ban-an,"Bản án:số 2741 ngày 26/06/2024 của  Thành phố Thủ Đức,  TP. Hồ Chí Minh(24.07.2024)",/2ta1535189t1cvn/chi-tiet-ban-an
https://congbobanan.toaan.gov.vn/2ta1531660t1cvn/chi-tiet-ban-an,"Bản án:số 04/2024 ngày 13/05/2024 của  TAND TP. Biên Hòa,  tỉnh Đồng Nai(20.07.2024)",/2ta1531660t1cvn/chi-tiet-ban-an
https://congbobanan.toaan.gov.vn/2ta1529611t1cvn/chi-tiet-ban-an,"Bản án:số 01/2024/LĐ-ST ngày 11/04/2024 của  TAND TX. Phú Mỹ,  tỉnh Bà Rịa_Vũng Tàu(17.07.2024)",/2ta1529611t1cvn/chi-tiet-ban-an
https://congbobanan.toaan.gov.vn/2ta1528336t1cvn/chi-tiet-ban-an,Bản án:số 01/2023/LĐPT ngày 08/02/2023 của TAND tỉnh Thái Bình(16.07.2024),/2ta1528336t1cvn/chi-tiet-ban-an
https://congbobanan.toaan.gov.vn/2ta1528082t1cvn/chi-tiet-ban-an,Bản án:số 01/2024/LĐ-PT ngày 11/04/2024 của TAND tỉnh Bạc Liêu(15.07.2024),/2ta1528082t1cvn/chi-tiet-ban-an
https://congbobanan.toaan.gov.vn/2ta1527662t1cvn/chi-tiet-ban-an,"Bản án:số 1905 ngày 17/05/2024 của  Thành phố Thủ Đức,  TP. Hồ Chí Minh(15.07.2024)",/2ta1527662t1cvn/chi-tiet-ban-an
https://congbobanan.toaan.gov.vn/2ta1525078t1cvn/chi-tiet-ban-an,"Bản án:số 08 ngày 07/06/2024 của  TAND TX. Bến Cát,  tỉnh Bình Dương(13.07.2024)",/2ta1525078t1cvn/chi-tiet-ban-an
https://congbobanan.toaan.gov.vn/2ta1525083t1cvn/chi-tiet-ban-an,"Bản án:số 10 ngày 07/06/2024 của  TAND TX. Bến Cát,  tỉnh Bình Dương(13.07.2024)",/2ta1525083t1cvn/chi-tiet-ban-an
https://congbobanan.toaan.gov.vn/2ta1525085t1cvn/chi-tiet-ban-an,"Bản án:số 11 ngày 07/06/2024 của  TAND TX. Bến Cát,  tỉnh Bình Dương(13.07.2024)",/2ta1525085t1cvn/chi-tiet-ban-an
https://congbobanan.toaan.gov.vn/2ta1525088t1cvn/chi-tiet-ban-an,"Bản án:số 01 ngày 29/01/2024 của  TAND TX. Bến Cát,  tỉnh Bình Dương(13.07.2024)",/2ta1525088t1cvn/chi-tiet-ban-an
https://congbobanan.toaan.gov.vn/2ta1525100t1cvn/chi-tiet-ban-an,"Bản án:số 09 ngày 07/06/2024 của  TAND TX. Bến Cát,  tỉnh Bình Dương(13.07.2024)",/2ta1525100t1cvn/chi-tiet-ban-an
https://congbobanan.toaan.gov.vn/2ta1525105t1cvn/chi-tiet-ban-an,"Bản án:số 02 ngày 14/03/2024 của  TAND TX. Bến Cát,  tỉnh Bình Dương(13.07.2024)",/2ta1525105t1cvn/chi-tiet-ban-an
https://congbobanan.toaan.gov.vn/2ta1521681t1cvn/chi-tiet-ban-an,Bản án:số 04 ngày 24/05/2024 của TAND tỉnh Đồng Nai(08.07.2024),/2ta1521681t1cvn/chi-tiet-ban-an
https://congbobanan.toaan.gov.vn/2ta1521543t1cvn/chi-tiet-ban-an,Bản án:số 02 ngày 15/04/2024 của TAND tỉnh Bình Định(08.07.2024),/2ta1521543t1cvn/chi-tiet-ban-an
https://congbobanan.toaan.gov.vn/2ta1521385t1cvn/chi-tiet-ban-an,Bản án:số 05 ngày 24/06/2024 của TAND tỉnh Sóc Trăng(08.07.2024),/2ta1521385t1cvn/chi-tiet-ban-an
https://congbobanan.toaan.gov.vn/2ta1521289t1cvn/chi-tiet-ban-an,"Bản án:số 08/2024/LĐ-ST ngày 11/04/2024 của  TAND TP. Tân An,  tỉnh Long An(07.07.2024)",/2ta1521289t1cvn/chi-tiet-ban-an
https://congbobanan.toaan.gov.vn/2ta1520445t1cvn/chi-tiet-ban-an,Bản án:số 04 ngày 20/06/2024 của TAND tỉnh Sóc Trăng(05.07.2024),/2ta1520445t1cvn/chi-tiet-ban-an
https://congbobanan.toaan.gov.vn/2ta1518897t1cvn/chi-tiet-ban-an,"Bản án:số 07 ngày 04/07/2024 của  TAND huyện Bến Lức,  tỉnh Long An(04.07.2024)",/2ta1518897t1cvn/chi-tiet-ban-an
https://congbobanan.toaan.gov.vn/2ta1518900t1cvn/chi-tiet-ban-an,"Bản án:số 12 ngày 04/07/2024 của  TAND huyện Bến Lức,  tỉnh Long An(04.07.2024)",/2ta1518900t1cvn/chi-tiet-ban-an
https://congbobanan.toaan.gov.vn/2ta1518895t1cvn/chi-tiet-ban-an,"Bản án:số 10 ngày 04/07/2024 của  TAND huyện Bến Lức,  tỉnh Long An(04.07.2024)",/2ta1518895t1cvn/chi-tiet-ban-an
https://congbobanan.toaan.gov.vn/2ta1518893t1cvn/chi-tiet-ban-an,"Bản án:số 11 ngày 04/07/2024 của  TAND huyện Bến Lức,  tỉnh Long An(04.07.2024)",/2ta1518893t1cvn/chi-tiet-ban-an
https://congbobanan.toaan.gov.vn/2ta1518871t1cvn/chi-tiet-ban-an,"Bản án:số 08 ngày 04/07/2024 của  TAND huyện Bến Lức,  tỉnh Long An(04.07.2024)",/2ta1518871t1cvn/chi-tiet-ban-an
https://congbobanan.toaan.gov.vn/2ta1518882t1cvn/chi-tiet-ban-an,"Bản án:số 09 ngày 04/07/2024 của  TAND huyện Bến Lức,  tỉnh Long An(04.07.2024)",/2ta1518882t1cvn/chi-tiet-ban-an
https://congbobanan.toaan.gov.vn/2ta1518858t1cvn/chi-tiet-ban-an,"Bản án:số 49 ngày 04/07/2024 của  TAND huyện Bến Lức,  tỉnh Long An(04.07.2024)",/2ta1518858t1cvn/chi-tiet-ban-an
https://congbobanan.toaan.gov.vn/2ta1518665t1cvn/chi-tiet-ban-an,Bản án:số 01/2024/LĐ-PT ngày 18/06/2024 của TAND cấp cao tại TP Hồ Chí Minh(04.07.2024),/2ta1518665t1cvn/chi-tiet-ban-an
https://congbobanan.toaan.gov.vn/2ta1518395t1cvn/chi-tiet-ban-an,Bản án:số 04 ngày 27/06/2024 của TAND tỉnh Tây Ninh(03.07.2024),/2ta1518395t1cvn/chi-tiet-ban-an
https://congbobanan.toaan.gov.vn/2ta1516941t1cvn/chi-tiet-ban-an,"Bản án:số 01 ngày 14/09/2023 của  TAND TP. Phan Thiết,  tỉnh Bình Thuận(02.07.2024)",/2ta1516941t1cvn/chi-tiet-ban-an
https://congbobanan.toaan.gov.vn/2ta1515560t1cvn/chi-tiet-ban-an,"Bản án:số 06 ngày 17/05/2024 của  TAND TX. Bến Cát,  tỉnh Bình Dương(01.07.2024)",/2ta1515560t1cvn/chi-tiet-ban-an
https://congbobanan.toaan.gov.vn/2ta1514525t1cvn/chi-tiet-ban-an,Bản án:số 01 ngày 25/03/2024 của TAND tỉnh Phú Yên(30.06.2024),/2ta1514525t1cvn/chi-tiet-ban-an
https://congbobanan.toaan.gov.vn/2ta1513705t1cvn/chi-tiet-ban-an,"Bản án:số 43 ngày 30/05/2024 của  TAND huyện Đức Hòa,  tỉnh Long An(30.06.2024)",/2ta1513705t1cvn/chi-tiet-ban-an
https://congbobanan.toaan.gov.vn/2ta1512745t1cvn/chi-tiet-ban-an,"Bản án:số 41/2024/LĐ-ST ngày 27/05/2024 của  TAND huyện Đức Hòa,  tỉnh Long An(29.06.2024)",/2ta1512745t1cvn/chi-tiet-ban-an
https://congbobanan.toaan.gov.vn/2ta1512669t1cvn/chi-tiet-ban-an,"Bản án:số 38 ngày 27/05/2024 của  TAND huyện Đức Hòa,  tỉnh Long An(29.06.2024)",/2ta1512669t1cvn/chi-tiet-ban-an
https://congbobanan.toaan.gov.vn/2ta1512666t1cvn/chi-tiet-ban-an,"Bản án:số 37 ngày 27/05/2024 của  TAND huyện Đức Hòa,  tỉnh Long An(29.06.2024)",/2ta1512666t1cvn/chi-tiet-ban-an
https://congbobanan.toaan.gov.vn/2ta1512664t1cvn/chi-tiet-ban-an,"Bản án:số 36 ngày 27/05/2024 của  TAND huyện Đức Hòa,  tỉnh Long An(29.06.2024)",/2ta1512664t1cvn/chi-tiet-ban-an
https://congbobanan.toaan.gov.vn/2ta1512603t1cvn/chi-tiet-ban-an,Bản án:số 02/2024/LĐ-PT ngày 04/05/2024 của TAND cấp cao tại Hà Nội(29.06.2024),/2ta1512603t1cvn/chi-tiet-ban-an
https://congbobanan.toaan.gov.vn/2ta1511217t1cvn/chi-tiet-ban-an,"Bản án:số 17/2024/LĐ-ST ngày 26/04/2024 của  TAND huyện Đức Hòa,  tỉnh Long An(28.06.2024)",/2ta1511217t1cvn/chi-tiet-ban-an
https://congbobanan.toaan.gov.vn/2ta1511440t1cvn/chi-tiet-ban-an,"Bản án:số 80 ngày 27/05/2024 của  TAND TX. Thuận An,  tỉnh Bình Dương(28.06.2024)",/2ta1511440t1cvn/chi-tiet-ban-an
https://congbobanan.toaan.gov.vn/2ta1510950t1cvn/chi-tiet-ban-an,Bản án:số 4 ngày 29/05/2024 của TAND tỉnh Bến Tre(28.06.2024),/2ta1510950t1cvn/chi-tiet-ban-an
https://congbobanan.toaan.gov.vn/2ta1510804t1cvn/chi-tiet-ban-an,"Bản án:số Số 01/2024/HNGĐ-ST ngày 13/05/2024 của  TAND huyện Thanh Chương,  tỉnh Nghệ An(28.06.2024)",/2ta1510804t1cvn/chi-tiet-ban-an
https://congbobanan.toaan.gov.vn/2ta1509939t1cvn/chi-tiet-ban-an,"Bản án:số 63/2024/LĐ-ST ngày 19/04/2024 của  TAND TX. Thuận An,  tỉnh Bình Dương(27.06.2024)",/2ta1509939t1cvn/chi-tiet-ban-an
https://congbobanan.toaan.gov.vn/2ta1509930t1cvn/chi-tiet-ban-an,"Bản án:số 64/2024/LĐ-ST ngày 19/04/2024 của  TAND TX. Thuận An,  tỉnh Bình Dương(27.06.2024)",/2ta1509930t1cvn/chi-tiet-ban-an
https://congbobanan.toaan.gov.vn/2ta1509905t1cvn/chi-tiet-ban-an,"Bản án:số 62/2024/LĐ-ST ngày 19/04/2024 của  TAND TX. Thuận An,  tỉnh Bình Dương(27.06.2024)",/2ta1509905t1cvn/chi-tiet-ban-an
https://congbobanan.toaan.gov.vn/2ta1509076t1cvn/chi-tiet-ban-an,"Bản án:số 29 ngày 29/03/2024 của  TAND huyện Bến Lức,  tỉnh Long An(27.06.2024)",/2ta1509076t1cvn/chi-tiet-ban-an
https://congbobanan.toaan.gov.vn/2ta1509073t1cvn/chi-tiet-ban-an,"Bản án:số 48 ngày 29/03/2024 của  TAND huyện Bến Lức,  tỉnh Long An(27.06.2024)",/2ta1509073t1cvn/chi-tiet-ban-an
https://congbobanan.toaan.gov.vn/2ta1509055t1cvn/chi-tiet-ban-an,"Bản án:số 27 ngày 29/03/2024 của  TAND huyện Bến Lức,  tỉnh Long An(27.06.2024)",/2ta1509055t1cvn/chi-tiet-ban-an
https://congbobanan.toaan.gov.vn/2ta1509049t1cvn/chi-tiet-ban-an,"Bản án:số 66 ngày 26/04/2024 của  TAND TX. Thuận An,  tỉnh Bình Dương(27.06.2024)",/2ta1509049t1cvn/chi-tiet-ban-an
https://congbobanan.toaan.gov.vn/2ta1509064t1cvn/chi-tiet-ban-an,"Bản án:số 47 ngày 29/03/2024 của  TAND huyện Bến Lức,  tỉnh Long An(27.06.2024)",/2ta1509064t1cvn/chi-tiet-ban-an
https://congbobanan.toaan.gov.vn/2ta1509027t1cvn/chi-tiet-ban-an,"Bản án:số 01 ngày 28/03/2024 của  TAND huyện Bến Lức,  tỉnh Long An(27.06.2024)",/2ta1509027t1cvn/chi-tiet-ban-an
https://congbobanan.toaan.gov.vn/2ta1509021t1cvn/chi-tiet-ban-an,"Bản án:số 06 ngày 28/03/2024 của  TAND huyện Bến Lức,  tỉnh Long An(27.06.2024)",/2ta1509021t1cvn/chi-tiet-ban-an
https://congbobanan.toaan.gov.vn/2ta1508978t1cvn/chi-tiet-ban-an,"Bản án:số 05 ngày 28/03/2024 của  TAND huyện Bến Lức,  tỉnh Long An(27.06.2024)",/2ta1508978t1cvn/chi-tiet-ban-an
https://congbobanan.toaan.gov.vn/2ta1508981t1cvn/chi-tiet-ban-an,"Bản án:số 03 ngày 28/03/2024 của  TAND huyện Bến Lức,  tỉnh Long An(27.06.2024)",/2ta1508981t1cvn/chi-tiet-ban-an
https://congbobanan.toaan.gov.vn/2ta1508934t1cvn/chi-tiet-ban-an,"Bản án:số 04 ngày 28/03/2024 của  TAND huyện Bến Lức,  tỉnh Long An(27.06.2024)",/2ta1508934t1cvn/chi-tiet-ban-an
https://congbobanan.toaan.gov.vn/2ta1508788t1cvn/chi-tiet-ban-an,"Bản án:số 01 ngày 29/02/2024 của  TAND huyện Phù Ninh,  tỉnh Phú Thọ(27.06.2024)",/2ta1508788t1cvn/chi-tiet-ban-an
https://congbobanan.toaan.gov.vn/2ta1508086t1cvn/chi-tiet-ban-an,Bản án:số 01 ngày 09/01/2024 của TAND tỉnh Bình Định(26.06.2024),/2ta1508086t1cvn/chi-tiet-ban-an
https://congbobanan.toaan.gov.vn/2ta1508043t1cvn/chi-tiet-ban-an,"Bản án:số 01 ngày 23/05/2024 của  TAND TX. Tân Uyên,  tỉnh Bình Dương(26.06.2024)",/2ta1508043t1cvn/chi-tiet-ban-an
https://congbobanan.toaan.gov.vn/2ta1507587t1cvn/chi-tiet-ban-an,"Bản án:số 31/2023/LĐ-ST ngày 11/09/2023 của  TAND Quận 7,  TP. Hồ Chí Minh(26.06.2024)",/2ta1507587t1cvn/chi-tiet-ban-an
https://congbobanan.toaan.gov.vn/2ta1506869t1cvn/chi-tiet-ban-an,"Bản án:số 01 ngày 20/03/2024 của  TAND huyện Nhà Bè,  TP. Hồ Chí Minh(25.06.2024)",/2ta1506869t1cvn/chi-tiet-ban-an
https://congbobanan.toaan.gov.vn/2ta1506870t1cvn/chi-tiet-ban-an,"Bản án:số 02 ngày 20/03/2024 của  TAND huyện Nhà Bè,  TP. Hồ Chí Minh(25.06.2024)",/2ta1506870t1cvn/chi-tiet-ban-an
https://congbobanan.toaan.gov.vn/2ta1506764t1cvn/chi-tiet-ban-an,Bản án:số 02 ngày 18/03/2024 của TAND tỉnh Sóc Trăng(25.06.2024),/2ta1506764t1cvn/chi-tiet-ban-an
https://congbobanan.toaan.gov.vn/2ta1506756t1cvn/chi-tiet-ban-an,"Bản án:số 04 ngày 24/05/2024 của  TAND huyện Long Mỹ,  tỉnh Hậu Giang(25.06.2024)",/2ta1506756t1cvn/chi-tiet-ban-an
https://congbobanan.toaan.gov.vn/2ta1506739t1cvn/chi-tiet-ban-an,"Bản án:số 05 ngày 24/05/2024 của  TAND huyện Long Mỹ,  tỉnh Hậu Giang(25.06.2024)",/2ta1506739t1cvn/chi-tiet-ban-an
https://congbobanan.toaan.gov.vn/2ta1506637t1cvn/chi-tiet-ban-an,"Bản án:số 03 ngày 24/05/2024 của  TAND huyện Long Mỹ,  tỉnh Hậu Giang(25.06.2024)",/2ta1506637t1cvn/chi-tiet-ban-an
https://congbobanan.toaan.gov.vn/2ta1506630t1cvn/chi-tiet-ban-an,"Bản án:số 06 ngày 24/05/2024 của  TAND huyện Long Mỹ,  tỉnh Hậu Giang(25.06.2024)",/2ta1506630t1cvn/chi-tiet-ban-an
https://congbobanan.toaan.gov.vn/2ta1506623t1cvn/chi-tiet-ban-an,"Bản án:số 01 ngày 24/05/2024 của  TAND huyện Long Mỹ,  tỉnh Hậu Giang(25.06.2024)",/2ta1506623t1cvn/chi-tiet-ban-an
https://congbobanan.toaan.gov.vn/2ta1506614t1cvn/chi-tiet-ban-an,"Bản án:số 02 ngày 24/05/2024 của  TAND huyện Long Mỹ,  tỉnh Hậu Giang(25.06.2024)",/2ta1506614t1cvn/chi-tiet-ban-an
https://congbobanan.toaan.gov.vn/2ta1506391t1cvn/chi-tiet-ban-an,"Bản án:số 23 ngày 10/05/2024 của  TAND huyện Đức Hòa,  tỉnh Long An(24.06.2024)",/2ta1506391t1cvn/chi-tiet-ban-an
https://congbobanan.toaan.gov.vn/2ta1506388t1cvn/chi-tiet-ban-an,"Bản án:số 22 ngày 10/05/2024 của  TAND huyện Đức Hòa,  tỉnh Long An(24.06.2024)",/2ta1506388t1cvn/chi-tiet-ban-an
https://congbobanan.toaan.gov.vn/2ta1506389t1cvn/chi-tiet-ban-an,"Bản án:số 21 ngày 10/05/2024 của  TAND huyện Đức Hòa,  tỉnh Long An(24.06.2024)",/2ta1506389t1cvn/chi-tiet-ban-an
https://congbobanan.toaan.gov.vn/2ta1506405t1cvn/chi-tiet-ban-an,"Bản án:số 16 ngày 19/04/2024 của  TAND huyện Đức Hòa,  tỉnh Long An(24.06.2024)",/2ta1506405t1cvn/chi-tiet-ban-an
https://congbobanan.toaan.gov.vn/2ta1506376t1cvn/chi-tiet-ban-an,"Bản án:số 15 ngày 17/04/2024 của  TAND huyện Đức Hòa,  tỉnh Long An(24.06.2024)",/2ta1506376t1cvn/chi-tiet-ban-an
https://congbobanan.toaan.gov.vn/2ta1506359t1cvn/chi-tiet-ban-an,"Bản án:số 14 ngày 17/04/2024 của  TAND huyện Đức Hòa,  tỉnh Long An(24.06.2024)",/2ta1506359t1cvn/chi-tiet-ban-an
https://congbobanan.toaan.gov.vn/2ta1506380t1cvn/chi-tiet-ban-an,"Bản án:số 13 ngày 17/04/2024 của  TAND huyện Đức Hòa,  tỉnh Long An(24.06.2024)",/2ta1506380t1cvn/chi-tiet-ban-an
https://congbobanan.toaan.gov.vn/2ta1506375t1cvn/chi-tiet-ban-an,"Bản án:số 12 ngày 17/04/2024 của  TAND huyện Đức Hòa,  tỉnh Long An(24.06.2024)",/2ta1506375t1cvn/chi-tiet-ban-an
https://congbobanan.toaan.gov.vn/2ta1505997t1cvn/chi-tiet-ban-an,"Bản án:số 01 ngày 25/04/2024 của  TAND huyện Giao Thủy,  tỉnh Nam Định(24.06.2024)",/2ta1505997t1cvn/chi-tiet-ban-an
https://congbobanan.toaan.gov.vn/2ta1505705t1cvn/chi-tiet-ban-an,"Bản án:số 07 ngày 03/05/2024 của  TAND Q. Gò Vấp,  TP. Hồ Chí Minh(24.06.2024)",/2ta1505705t1cvn/chi-tiet-ban-an
https://congbobanan.toaan.gov.vn/2ta1505298t1cvn/chi-tiet-ban-an,"Bản án:số 42 ngày 29/03/2024 của  TAND huyện Bến Lức,  tỉnh Long An(23.06.2024)",/2ta1505298t1cvn/chi-tiet-ban-an
https://congbobanan.toaan.gov.vn/2ta1505312t1cvn/chi-tiet-ban-an,"Bản án:số 43 ngày 29/03/2024 của  TAND huyện Bến Lức,  tỉnh Long An(23.06.2024)",/2ta1505312t1cvn/chi-tiet-ban-an
https://congbobanan.toaan.gov.vn/2ta1505320t1cvn/chi-tiet-ban-an,"Bản án:số 44 ngày 29/03/2024 của  TAND huyện Bến Lức,  tỉnh Long An(23.06.2024)",/2ta1505320t1cvn/chi-tiet-ban-an
https://congbobanan.toaan.gov.vn/2ta1505321t1cvn/chi-tiet-ban-an,"Bản án:số 45 ngày 29/03/2024 của  TAND huyện Bến Lức,  tỉnh Long An(23.06.2024)",/2ta1505321t1cvn/chi-tiet-ban-an
https://congbobanan.toaan.gov.vn/2ta1505322t1cvn/chi-tiet-ban-an,"Bản án:số 46 ngày 29/03/2024 của  TAND huyện Bến Lức,  tỉnh Long An(23.06.2024)",/2ta1505322t1cvn/chi-tiet-ban-an
https://congbobanan.toaan.gov.vn/2ta1505138t1cvn/chi-tiet-ban-an,"Bản án:số 03 ngày 28/12/2023 của  TAND huyện Phú Quốc,  tỉnh Kiên Giang(22.06.2024)",/2ta1505138t1cvn/chi-tiet-ban-an
https://congbobanan.toaan.gov.vn/2ta1503142t1cvn/chi-tiet-ban-an,Bản án:số 01/2024/LĐ-PT ngày 28/05/2024 của TAND tỉnh Hậu Giang(20.06.2024),/2ta1503142t1cvn/chi-tiet-ban-an
https://congbobanan.toaan.gov.vn/2ta1500073t1cvn/chi-tiet-ban-an,Bản án:số 07/2024/LĐ-PT ngày 17/04/2024 của TAND tỉnh Nam Định(17.06.2024),/2ta1500073t1cvn/chi-tiet-ban-an
https://congbobanan.toaan.gov.vn/2ta1500067t1cvn/chi-tiet-ban-an,Bản án:số 06/2024/LĐ-PT ngày 17/04/2024 của TAND tỉnh Nam Định(17.06.2024),/2ta1500067t1cvn/chi-tiet-ban-an
https://congbobanan.toaan.gov.vn/2ta1498729t1cvn/chi-tiet-ban-an,"Bản án:số 857/2024/LĐ-ST ngày 19/03/2024 của  Thành phố Thủ Đức,  TP. Hồ Chí Minh(13.06.2024)",/2ta1498729t1cvn/chi-tiet-ban-an
https://congbobanan.toaan.gov.vn/2ta1497331t1cvn/chi-tiet-ban-an,Bản án:số 01 ngày 21/05/2024 của TAND tỉnh Cà Mau(12.06.2024),/2ta1497331t1cvn/chi-tiet-ban-an
https://congbobanan.toaan.gov.vn/2ta1497198t1cvn/chi-tiet-ban-an,Bản án:số 03 ngày 12/04/2024 của TAND tỉnh Đồng Nai(11.06.2024),/2ta1497198t1cvn/chi-tiet-ban-an
https://congbobanan.toaan.gov.vn/2ta1496354t1cvn/chi-tiet-ban-an,"Bản án:số 11/2024/LĐ-ST ngày 25/04/2024 của  TAND TP. Tân An,  tỉnh Long An(10.06.2024)",/2ta1496354t1cvn/chi-tiet-ban-an
https://congbobanan.toaan.gov.vn/2ta1494648t1cvn/chi-tiet-ban-an,"Bản án:số 01/2024/LĐ-ST ngày 16/04/2024 của  TAND TP. Sa Đéc,  tỉnh Đồng Tháp(07.06.2024)",/2ta1494648t1cvn/chi-tiet-ban-an
https://congbobanan.toaan.gov.vn/2ta1494399t1cvn/chi-tiet-ban-an,"Bản án:số 26 ngày 28/09/2023 của  TAND Q. Gò Vấp,  TP. Hồ Chí Minh(06.06.2024)",/2ta1494399t1cvn/chi-tiet-ban-an
https://congbobanan.toaan.gov.vn/2ta1494417t1cvn/chi-tiet-ban-an,"Bản án:số 25 ngày 28/09/2023 của  TAND Q. Gò Vấp,  TP. Hồ Chí Minh(06.06.2024)",/2ta1494417t1cvn/chi-tiet-ban-an
https://congbobanan.toaan.gov.vn/2ta1494048t1cvn/chi-tiet-ban-an,"Bản án:số 57 ngày 06/09/2023 của  TAND Quận 12,  TP. Hồ Chí Minh(06.06.2024)",/2ta1494048t1cvn/chi-tiet-ban-an
https://congbobanan.toaan.gov.vn/2ta1494049t1cvn/chi-tiet-ban-an,"Bản án:số 58 ngày 06/09/2023 của  TAND Quận 12,  TP. Hồ Chí Minh(06.06.2024)",/2ta1494049t1cvn/chi-tiet-ban-an
https://congbobanan.toaan.gov.vn/2ta1493915t1cvn/chi-tiet-ban-an,"Bản án:số 09 ngày 18/04/2024 của  TAND TP. Tân An,  tỉnh Long An(06.06.2024)",/2ta1493915t1cvn/chi-tiet-ban-an
https://congbobanan.toaan.gov.vn/2ta1493523t1cvn/chi-tiet-ban-an,"Bản án:số 02/2023/LĐ-ST ngày 20/07/2023 của  TAND huyện Nhà Bè,  TP. Hồ Chí Minh(06.06.2024)",/2ta1493523t1cvn/chi-tiet-ban-an
https://congbobanan.toaan.gov.vn/2ta1492515t1cvn/chi-tiet-ban-an,"Bản án:số 02 ngày 30/10/2023 của  TAND huyện Phú Quốc,  tỉnh Kiên Giang(05.06.2024)",/2ta1492515t1cvn/chi-tiet-ban-an
https://congbobanan.toaan.gov.vn/2ta1491070t1cvn/chi-tiet-ban-an,"Bản án:số 193 ngày 16/01/2024 của  Thành phố Thủ Đức,  TP. Hồ Chí Minh(03.06.2024)",/2ta1491070t1cvn/chi-tiet-ban-an
https://congbobanan.toaan.gov.vn/2ta1490998t1cvn/chi-tiet-ban-an,"Bản án:số 3908 ngày 26/09/2023 của  Thành phố Thủ Đức,  TP. Hồ Chí Minh(03.06.2024)",/2ta1490998t1cvn/chi-tiet-ban-an
https://congbobanan.toaan.gov.vn/2ta1491000t1cvn/chi-tiet-ban-an,"Bản án:số 4092 ngày 29/09/2023 của  Thành phố Thủ Đức,  TP. Hồ Chí Minh(03.06.2024)",/2ta1491000t1cvn/chi-tiet-ban-an
https://congbobanan.toaan.gov.vn/2ta1488932t1cvn/chi-tiet-ban-an,"Bản án:số 08 ngày 08/03/2024 của  TAND huyện Đức Hòa,  tỉnh Long An(31.05.2024)",/2ta1488932t1cvn/chi-tiet-ban-an
https://congbobanan.toaan.gov.vn/2ta1488942t1cvn/chi-tiet-ban-an,"Bản án:số 03 ngày 27/02/2024 của  TAND huyện Đức Hòa,  tỉnh Long An(31.05.2024)",/2ta1488942t1cvn/chi-tiet-ban-an
https://congbobanan.toaan.gov.vn/2ta1488878t1cvn/chi-tiet-ban-an,"Bản án:số 09 ngày 08/03/2024 của  TAND huyện Đức Hòa,  tỉnh Long An(31.05.2024)",/2ta1488878t1cvn/chi-tiet-ban-an
https://congbobanan.toaan.gov.vn/2ta1488862t1cvn/chi-tiet-ban-an,"Bản án:số 06 ngày 07/03/2024 của  TAND huyện Đức Hòa,  tỉnh Long An(31.05.2024)",/2ta1488862t1cvn/chi-tiet-ban-an
https://congbobanan.toaan.gov.vn/2ta1488831t1cvn/chi-tiet-ban-an,"Bản án:số 07 ngày 07/03/2024 của  TAND huyện Đức Hòa,  tỉnh Long An(31.05.2024)",/2ta1488831t1cvn/chi-tiet-ban-an
https://congbobanan.toaan.gov.vn/2ta1488814t1cvn/chi-tiet-ban-an,"Bản án:số 05 ngày 05/03/2024 của  TAND huyện Đức Hòa,  tỉnh Long An(31.05.2024)",/2ta1488814t1cvn/chi-tiet-ban-an
https://congbobanan.toaan.gov.vn/2ta1488050t1cvn/chi-tiet-ban-an,"Bản án:số 01 ngày 08/04/2024 của  TAND huyện Hòn Đất,  tỉnh Kiên Giang(31.05.2024)",/2ta1488050t1cvn/chi-tiet-ban-an
https://congbobanan.toaan.gov.vn/2ta1486522t1cvn/chi-tiet-ban-an,"Bản án:số 01 ngày 23/04/2024 của  TAND huyện Cần Giuộc,  tỉnh Long An(30.05.2024)",/2ta1486522t1cvn/chi-tiet-ban-an
https://congbobanan.toaan.gov.vn/2ta1485079t1cvn/chi-tiet-ban-an,"Bản án:số 15/2024/LĐ-ST ngày 17/04/2024 của  TAND Quận 1,  TP. Hồ Chí Minh(29.05.2024)",/2ta1485079t1cvn/chi-tiet-ban-an
https://congbobanan.toaan.gov.vn/2ta1484701t1cvn/chi-tiet-ban-an,Bản án:số 06 ngày 23/04/2024 của TAND tỉnh Long An(29.05.2024),/2ta1484701t1cvn/chi-tiet-ban-an
https://congbobanan.toaan.gov.vn/2ta1481896t1cvn/chi-tiet-ban-an,Bản án:số 03/2024/LĐ-PT ngày 03/05/2024 của TAND tỉnh Sóc Trăng(25.05.2024),/2ta1481896t1cvn/chi-tiet-ban-an
https://congbobanan.toaan.gov.vn/2ta1481182t1cvn/chi-tiet-ban-an,"Bản án:số 3868/2023/LĐ-ST ngày 25/09/2023 của  Thành phố Thủ Đức,  TP. Hồ Chí Minh(24.05.2024)",/2ta1481182t1cvn/chi-tiet-ban-an
https://congbobanan.toaan.gov.vn/2ta1480425t1cvn/chi-tiet-ban-an,Bản án:số 05 ngày 01/05/2024 của TAND tỉnh Long An(23.05.2024),/2ta1480425t1cvn/chi-tiet-ban-an
https://congbobanan.toaan.gov.vn/2ta1478558t1cvn/chi-tiet-ban-an,Bản án:số 40 ngày 04/04/2024 của TAND TP. Hồ Chí Minh(20.05.2024),/2ta1478558t1cvn/chi-tiet-ban-an
https://congbobanan.toaan.gov.vn/2ta1478639t1cvn/chi-tiet-ban-an,Bản án:số 76 ngày 23/01/2024 của TAND TP. Hồ Chí Minh(20.05.2024),/2ta1478639t1cvn/chi-tiet-ban-an
https://congbobanan.toaan.gov.vn/2ta1477011t1cvn/chi-tiet-ban-an,"Bản án:số 25 ngày 29/03/2024 của  TAND huyện Bến Lức,  tỉnh Long An(16.05.2024)",/2ta1477011t1cvn/chi-tiet-ban-an
https://congbobanan.toaan.gov.vn/2ta1477012t1cvn/chi-tiet-ban-an,"Bản án:số 23 ngày 29/03/2024 của  TAND huyện Bến Lức,  tỉnh Long An(16.05.2024)",/2ta1477012t1cvn/chi-tiet-ban-an
https://congbobanan.toaan.gov.vn/2ta1477021t1cvn/chi-tiet-ban-an,"Bản án:số 30 ngày 29/03/2024 của  TAND huyện Bến Lức,  tỉnh Long An(16.05.2024)",/2ta1477021t1cvn/chi-tiet-ban-an
https://congbobanan.toaan.gov.vn/2ta1477022t1cvn/chi-tiet-ban-an,"Bản án:số 26 ngày 29/03/2024 của  TAND huyện Bến Lức,  tỉnh Long An(16.05.2024)",/2ta1477022t1cvn/chi-tiet-ban-an
https://congbobanan.toaan.gov.vn/2ta1477023t1cvn/chi-tiet-ban-an,"Bản án:số 24 ngày 29/03/2024 của  TAND huyện Bến Lức,  tỉnh Long An(16.05.2024)",/2ta1477023t1cvn/chi-tiet-ban-an
https://congbobanan.toaan.gov.vn/2ta1473920t1cvn/chi-tiet-ban-an,Bản án:số 02/2024/LĐ-PT ngày 09/04/2024 của TAND tỉnh Phú Yên(10.05.2024),/2ta1473920t1cvn/chi-tiet-ban-an
https://congbobanan.toaan.gov.vn/2ta1473266t1cvn/chi-tiet-ban-an,"Bản án:số 02/2024/LĐ-ST ngày 22/02/2024 của  TAND TP. Tân An,  tỉnh Long An(09.05.2024)",/2ta1473266t1cvn/chi-tiet-ban-an
https://congbobanan.toaan.gov.vn/2ta1473231t1cvn/chi-tiet-ban-an,"Bản án:số 01/2024/LĐ-ST ngày 22/02/2024 của  TAND TP. Tân An,  tỉnh Long An(09.05.2024)",/2ta1473231t1cvn/chi-tiet-ban-an
https://congbobanan.toaan.gov.vn/2ta1470947t1cvn/chi-tiet-ban-an,Bản án:số 02/2024/LĐPT ngày 11/04/2024 của TAND tỉnh Bạc Liêu(07.05.2024),/2ta1470947t1cvn/chi-tiet-ban-an
https://congbobanan.toaan.gov.vn/2ta1470907t1cvn/chi-tiet-ban-an,"Bản án:số 01/2024/LĐ-ST ngày 29/03/2024 của  TAND Q. Ngũ Hành Sơn,  TP Đà Nẵng(07.05.2024)",/2ta1470907t1cvn/chi-tiet-ban-an
https://congbobanan.toaan.gov.vn/2ta1469173t1cvn/chi-tiet-ban-an,Bản án:số 01/2024/LĐ-PT ngày 16/04/2024 của TAND tỉnh Bà Rịa_Vũng Tàu(04.05.2024),/2ta1469173t1cvn/chi-tiet-ban-an
https://congbobanan.toaan.gov.vn/2ta1469103t1cvn/chi-tiet-ban-an,"Bản án:số 3344 ngày 29/08/2023 của  Thành phố Thủ Đức,  TP. Hồ Chí Minh(04.05.2024)",/2ta1469103t1cvn/chi-tiet-ban-an
https://congbobanan.toaan.gov.vn/2ta1468899t1cvn/chi-tiet-ban-an,Bản án:số 01 ngày 08/03/2024 của TAND tỉnh Phú Thọ(03.05.2024),/2ta1468899t1cvn/chi-tiet-ban-an
https://congbobanan.toaan.gov.vn/2ta1460253t1cvn/chi-tiet-ban-an,Bản án:số 36/2024/LĐ-PT ngày 28/03/2024 của TAND TP. Hồ Chí Minh(01.05.2024),/2ta1460253t1cvn/chi-tiet-ban-an
https://congbobanan.toaan.gov.vn/2ta1461080t1cvn/chi-tiet-ban-an,Bản án:số 38/2024/LĐ-PT ngày 29/03/2024 của TAND TP. Hồ Chí Minh(01.05.2024),/2ta1461080t1cvn/chi-tiet-ban-an
https://congbobanan.toaan.gov.vn/2ta1466181t1cvn/chi-tiet-ban-an,"Bản án:số 10/2024/LĐ-ST ngày 14/03/2024 của  TAND huyện Đức Hòa,  tỉnh Long An(30.04.2024)",/2ta1466181t1cvn/chi-tiet-ban-an
https://congbobanan.toaan.gov.vn/2ta1465781t1cvn/chi-tiet-ban-an,"Bản án:số 04 ngày 05/03/2024 của  TAND huyện Đức Hòa,  tỉnh Long An(28.04.2024)",/2ta1465781t1cvn/chi-tiet-ban-an
https://congbobanan.toaan.gov.vn/2ta1465402t1cvn/chi-tiet-ban-an,"Bản án:số 03/2024/LĐ-ST ngày 15/03/2024 của  TAND TP. Tân An,  tỉnh Long An(27.04.2024)",/2ta1465402t1cvn/chi-tiet-ban-an
https://congbobanan.toaan.gov.vn/2ta1465410t1cvn/chi-tiet-ban-an,"Bản án:số 04/2024/LĐ-ST ngày 15/03/2024 của  TAND TP. Tân An,  tỉnh Long An(27.04.2024)",/2ta1465410t1cvn/chi-tiet-ban-an
https://congbobanan.toaan.gov.vn/2ta1463797t1cvn/chi-tiet-ban-an,Bản án:số 02 ngày 15/04/2024 của TAND tỉnh Bình Định(26.04.2024),/2ta1463797t1cvn/chi-tiet-ban-an
https://congbobanan.toaan.gov.vn/2ta1459665t1cvn/chi-tiet-ban-an,Bản án:số 01 ngày 24/01/2024 của TAND tỉnh Quảng Ninh(25.04.2024),/2ta1459665t1cvn/chi-tiet-ban-an
https://congbobanan.toaan.gov.vn/2ta1460005t1cvn/chi-tiet-ban-an,"Bản án:số 01 ngày 20/03/2024 của  TAND TP. Phan Thiết,  tỉnh Bình Thuận(22.04.2024)",/2ta1460005t1cvn/chi-tiet-ban-an
https://congbobanan.toaan.gov.vn/2ta1459011t1cvn/chi-tiet-ban-an,"Bản án:số 07 ngày 06/03/2024 của  TAND TX. Dĩ An,  tỉnh Bình Dương(19.04.2024)",/2ta1459011t1cvn/chi-tiet-ban-an
https://congbobanan.toaan.gov.vn/2ta1456903t1cvn/chi-tiet-ban-an,"Bản án:số 01 ngày 12/03/2024 của  TAND Q. Thanh Khê,  TP Đà Nẵng(15.04.2024)",/2ta1456903t1cvn/chi-tiet-ban-an
https://congbobanan.toaan.gov.vn/2ta1455760t1cvn/chi-tiet-ban-an,Bản án:số 01 ngày 15/12/2023 của TAND tỉnh Bắc Giang(12.04.2024),/2ta1455760t1cvn/chi-tiet-ban-an
https://congbobanan.toaan.gov.vn/2ta1426431t1cvn/chi-tiet-ban-an,"Bản án:số 06 ngày 29/01/2024 của  TAND TX. Dĩ An,  tỉnh Bình Dương(12.04.2024)",/2ta1426431t1cvn/chi-tiet-ban-an
https://congbobanan.toaan.gov.vn/2ta1454903t1cvn/chi-tiet-ban-an,Bản án:số 02 ngày 12/12/2023 của TAND tỉnh Kon Tum(11.04.2024),/2ta1454903t1cvn/chi-tiet-ban-an
https://congbobanan.toaan.gov.vn/2ta1453898t1cvn/chi-tiet-ban-an,Bản án:số 07 ngày 28/03/2024 của TAND tỉnh Bình Dương(10.04.2024),/2ta1453898t1cvn/chi-tiet-ban-an
https://congbobanan.toaan.gov.vn/2ta1453089t1cvn/chi-tiet-ban-an,"Bản án:số 18 ngày 17/01/2024 của  TAND TX. Thuận An,  tỉnh Bình Dương(09.04.2024)",/2ta1453089t1cvn/chi-tiet-ban-an
https://congbobanan.toaan.gov.vn/2ta1453074t1cvn/chi-tiet-ban-an,"Bản án:số 16 ngày 17/01/2024 của  TAND TX. Thuận An,  tỉnh Bình Dương(09.04.2024)",/2ta1453074t1cvn/chi-tiet-ban-an
https://congbobanan.toaan.gov.vn/2ta1453070t1cvn/chi-tiet-ban-an,"Bản án:số 15 ngày 17/01/2024 của  TAND TX. Thuận An,  tỉnh Bình Dương(09.04.2024)",/2ta1453070t1cvn/chi-tiet-ban-an
https://congbobanan.toaan.gov.vn/2ta1453065t1cvn/chi-tiet-ban-an,"Bản án:số 17 ngày 17/01/2024 của  TAND TX. Thuận An,  tỉnh Bình Dương(09.04.2024)",/2ta1453065t1cvn/chi-tiet-ban-an
https://congbobanan.toaan.gov.vn/2ta1452852t1cvn/chi-tiet-ban-an,"Bản án:số 06 ngày 18/09/2023 của  TAND TP. Long Xuyên,  tỉnh An Giang(09.04.2024)",/2ta1452852t1cvn/chi-tiet-ban-an
https://congbobanan.toaan.gov.vn/2ta1452431t1cvn/chi-tiet-ban-an,"Bản án:số 63 ngày 12/09/2023 của  TAND Quận 12,  TP. Hồ Chí Minh(08.04.2024)",/2ta1452431t1cvn/chi-tiet-ban-an
https://congbobanan.toaan.gov.vn/2ta1452063t1cvn/chi-tiet-ban-an,Bản án:số 36/2024/LĐ-PT ngày 28/03/2024 của TAND TP. Hồ Chí Minh(08.04.2024),/2ta1452063t1cvn/chi-tiet-ban-an
https://congbobanan.toaan.gov.vn/2ta1452067t1cvn/chi-tiet-ban-an,Bản án:số 38/2024/LĐ-PT ngày 29/03/2024 của TAND TP. Hồ Chí Minh(08.04.2024),/2ta1452067t1cvn/chi-tiet-ban-an
https://congbobanan.toaan.gov.vn/2ta1449508t1cvn/chi-tiet-ban-an,Bản án:số 09/2024/LĐ-PT ngày 17/01/2024 của TAND TP. Hồ Chí Minh(04.04.2024),/2ta1449508t1cvn/chi-tiet-ban-an
https://congbobanan.toaan.gov.vn/2ta1449509t1cvn/chi-tiet-ban-an,Bản án:số 1119/2023/LĐ-PT ngày 30/11/2023 của TAND TP. Hồ Chí Minh(04.04.2024),/2ta1449509t1cvn/chi-tiet-ban-an
https://congbobanan.toaan.gov.vn/2ta1449522t1cvn/chi-tiet-ban-an,Bản án:số 1133/2023/LĐ-PT ngày 05/12/2023 của TAND TP. Hồ Chí Minh(04.04.2024),/2ta1449522t1cvn/chi-tiet-ban-an
https://congbobanan.toaan.gov.vn/2ta1447926t1cvn/chi-tiet-ban-an,"Bản án:số 13 ngày 29/12/2023 của  TAND TP. Việt Trì,  tỉnh Phú Thọ(02.04.2024)",/2ta1447926t1cvn/chi-tiet-ban-an
https://congbobanan.toaan.gov.vn/2ta1447566t1cvn/chi-tiet-ban-an,Bản án:số 810 ngày 02/08/2023 của TAND TP. Hồ Chí Minh(02.04.2024),/2ta1447566t1cvn/chi-tiet-ban-an
https://congbobanan.toaan.gov.vn/2ta1447243t1cvn/chi-tiet-ban-an,Bản án:số 1249 ngày 26/12/2023 của TAND TP. Hồ Chí Minh(02.04.2024),/2ta1447243t1cvn/chi-tiet-ban-an
https://congbobanan.toaan.gov.vn/2ta1447085t1cvn/chi-tiet-ban-an,Bản án:số 76 ngày 23/01/2024 của TAND TP. Hồ Chí Minh(02.04.2024),/2ta1447085t1cvn/chi-tiet-ban-an
https://congbobanan.toaan.gov.vn/2ta1446931t1cvn/chi-tiet-ban-an,Bản án:số 1122/2023/LĐ-PT ngày 01/12/2023 của TAND TP. Hồ Chí Minh(02.04.2024),/2ta1446931t1cvn/chi-tiet-ban-an
https://congbobanan.toaan.gov.vn/2ta1446956t1cvn/chi-tiet-ban-an,Bản án:số 1135/2023/LĐ-PT ngày 06/12/2023 của TAND TP. Hồ Chí Minh(02.04.2024),/2ta1446956t1cvn/chi-tiet-ban-an
https://congbobanan.toaan.gov.vn/2ta1446871t1cvn/chi-tiet-ban-an,Bản án:số 1271 ngày 28/12/2023 của TAND TP. Hồ Chí Minh(02.04.2024),/2ta1446871t1cvn/chi-tiet-ban-an
https://congbobanan.toaan.gov.vn/2ta1446749t1cvn/chi-tiet-ban-an,Bản án:số 19 ngày 31/01/2024 của TAND TP. Hồ Chí Minh(02.04.2024),/2ta1446749t1cvn/chi-tiet-ban-an
https://congbobanan.toaan.gov.vn/2ta1446787t1cvn/chi-tiet-ban-an,Bản án:số 10 ngày 19/01/2024 của TAND TP. Hồ Chí Minh(02.04.2024),/2ta1446787t1cvn/chi-tiet-ban-an
https://congbobanan.toaan.gov.vn/2ta1446799t1cvn/chi-tiet-ban-an,Bản án:số 16 ngày 30/01/2024 của TAND TP. Hồ Chí Minh(02.04.2024),/2ta1446799t1cvn/chi-tiet-ban-an
https://congbobanan.toaan.gov.vn/2ta1446735t1cvn/chi-tiet-ban-an,Bản án:số 875 ngày 23/08/2023 của TAND TP. Hồ Chí Minh(02.04.2024),/2ta1446735t1cvn/chi-tiet-ban-an
https://congbobanan.toaan.gov.vn/2ta1446738t1cvn/chi-tiet-ban-an,Bản án:số 06 ngày 10/01/2024 của TAND TP. Hồ Chí Minh(02.04.2024),/2ta1446738t1cvn/chi-tiet-ban-an
https://congbobanan.toaan.gov.vn/2ta1446741t1cvn/chi-tiet-ban-an,Bản án:số 957 ngày 18/09/2023 của TAND TP. Hồ Chí Minh(02.04.2024),/2ta1446741t1cvn/chi-tiet-ban-an
https://congbobanan.toaan.gov.vn/2ta1446531t1cvn/chi-tiet-ban-an,Bản án:số 1264/2023/LĐ - PT ngày 27/12/2023 của TAND TP. Hồ Chí Minh(01.04.2024),/2ta1446531t1cvn/chi-tiet-ban-an
https://congbobanan.toaan.gov.vn/2ta1446529t1cvn/chi-tiet-ban-an,Bản án:số 1186/2023/LĐ - PT ngày 13/12/2023 của TAND TP. Hồ Chí Minh(01.04.2024),/2ta1446529t1cvn/chi-tiet-ban-an
https://congbobanan.toaan.gov.vn/2ta1446528t1cvn/chi-tiet-ban-an,Bản án:số 1146/2023/LĐ - PT ngày 06/12/2023 của TAND TP. Hồ Chí Minh(01.04.2024),/2ta1446528t1cvn/chi-tiet-ban-an
https://congbobanan.toaan.gov.vn/2ta1446508t1cvn/chi-tiet-ban-an,Bản án:số 890/2023/LĐ - PT ngày 28/08/2023 của TAND TP. Hồ Chí Minh(01.04.2024),/2ta1446508t1cvn/chi-tiet-ban-an
https://congbobanan.toaan.gov.vn/2ta1446521t1cvn/chi-tiet-ban-an,Bản án:số 885/2023/LĐ - PT ngày 25/08/2023 của TAND TP. Hồ Chí Minh(01.04.2024),/2ta1446521t1cvn/chi-tiet-ban-an
https://congbobanan.toaan.gov.vn/2ta1446520t1cvn/chi-tiet-ban-an,Bản án:số 815/2023/LĐ - PT ngày 02/08/2023 của TAND TP. Hồ Chí Minh(01.04.2024),/2ta1446520t1cvn/chi-tiet-ban-an
https://congbobanan.toaan.gov.vn/2ta1446498t1cvn/chi-tiet-ban-an,Bản án:số 17/2024/LĐ - PT ngày 29/01/2024 của TAND TP. Hồ Chí Minh(01.04.2024),/2ta1446498t1cvn/chi-tiet-ban-an
https://congbobanan.toaan.gov.vn/2ta1446497t1cvn/chi-tiet-ban-an,Bản án:số 11/2024/LD-PT ngày 19/01/2024 của TAND TP. Hồ Chí Minh(01.04.2024),/2ta1446497t1cvn/chi-tiet-ban-an
https://congbobanan.toaan.gov.vn/2ta1446476t1cvn/chi-tiet-ban-an,Bản án:số 968 ngày 21/09/2023 của TAND TP. Hồ Chí Minh(01.04.2024),/2ta1446476t1cvn/chi-tiet-ban-an
https://congbobanan.toaan.gov.vn/2ta1446134t1cvn/chi-tiet-ban-an,Bản án:số 2 ngày 03/01/2024 của TAND TP. Hồ Chí Minh(01.04.2024),/2ta1446134t1cvn/chi-tiet-ban-an
https://congbobanan.toaan.gov.vn/2ta1446163t1cvn/chi-tiet-ban-an,Bản án:số 819 ngày 07/08/2023 của TAND TP. Hồ Chí Minh(01.04.2024),/2ta1446163t1cvn/chi-tiet-ban-an
https://congbobanan.toaan.gov.vn/2ta1446168t1cvn/chi-tiet-ban-an,Bản án:số 838 ngày 11/08/2023 của TAND TP. Hồ Chí Minh(01.04.2024),/2ta1446168t1cvn/chi-tiet-ban-an
https://congbobanan.toaan.gov.vn/2ta1446223t1cvn/chi-tiet-ban-an,Bản án:số 1054 ngày 09/11/2023 của TAND TP. Hồ Chí Minh(01.04.2024),/2ta1446223t1cvn/chi-tiet-ban-an
https://congbobanan.toaan.gov.vn/2ta1446247t1cvn/chi-tiet-ban-an,Bản án:số 1208 ngày 19/12/2023 của TAND TP. Hồ Chí Minh(01.04.2024),/2ta1446247t1cvn/chi-tiet-ban-an
https://congbobanan.toaan.gov.vn/2ta1444785t1cvn/chi-tiet-ban-an,Bản án:số 03 ngày 06/03/2024 của TAND TP. Hà Nội(01.04.2024),/2ta1444785t1cvn/chi-tiet-ban-an
https://congbobanan.toaan.gov.vn/2ta1445518t1cvn/chi-tiet-ban-an,Bản án:số 3/2024/LĐ-PT ngày 08/01/2024 của TAND TP. Hồ Chí Minh(01.04.2024),/2ta1445518t1cvn/chi-tiet-ban-an
https://congbobanan.toaan.gov.vn/2ta1445527t1cvn/chi-tiet-ban-an,Bản án:số 613/2023/LĐ-PT ngày 29/05/2023 của TAND TP. Hồ Chí Minh(01.04.2024),/2ta1445527t1cvn/chi-tiet-ban-an
https://congbobanan.toaan.gov.vn/2ta1445529t1cvn/chi-tiet-ban-an,Bản án:số 1118/2023/LĐ-PT ngày 30/11/2023 của TAND TP. Hồ Chí Minh(01.04.2024),/2ta1445529t1cvn/chi-tiet-ban-an
https://congbobanan.toaan.gov.vn/2ta1445543t1cvn/chi-tiet-ban-an,Bản án:số 4/2024/LĐ-PT ngày 09/01/2024 của TAND TP. Hồ Chí Minh(01.04.2024),/2ta1445543t1cvn/chi-tiet-ban-an
https://congbobanan.toaan.gov.vn/2ta1445546t1cvn/chi-tiet-ban-an,Bản án:số 605/2023/LĐ-PT ngày 25/05/2023 của TAND TP. Hồ Chí Minh(01.04.2024),/2ta1445546t1cvn/chi-tiet-ban-an
https://congbobanan.toaan.gov.vn/2ta1445386t1cvn/chi-tiet-ban-an,"Bản án:số 37 ngày 23/02/2024 của  TAND TX. Thuận An,  tỉnh Bình Dương(01.04.2024)",/2ta1445386t1cvn/chi-tiet-ban-an
https://congbobanan.toaan.gov.vn/2ta1445382t1cvn/chi-tiet-ban-an,"Bản án:số 36 ngày 23/02/2024 của  TAND TX. Thuận An,  tỉnh Bình Dương(01.04.2024)",/2ta1445382t1cvn/chi-tiet-ban-an
https://congbobanan.toaan.gov.vn/2ta1445380t1cvn/chi-tiet-ban-an,"Bản án:số 20 ngày 20/01/2024 của  TAND TX. Thuận An,  tỉnh Bình Dương(01.04.2024)",/2ta1445380t1cvn/chi-tiet-ban-an
https://congbobanan.toaan.gov.vn/2ta1445371t1cvn/chi-tiet-ban-an,"Bản án:số 19 ngày 24/01/2024 của  TAND TX. Thuận An,  tỉnh Bình Dương(01.04.2024)",/2ta1445371t1cvn/chi-tiet-ban-an
https://congbobanan.toaan.gov.vn/2ta1445261t1cvn/chi-tiet-ban-an,Bản án:số 01/2024/LĐ-PT ngày 29/03/2024 của TAND tỉnh Kiên Giang(01.04.2024),/2ta1445261t1cvn/chi-tiet-ban-an
https://congbobanan.toaan.gov.vn/2ta1442779t1cvn/chi-tiet-ban-an,"Bản án:số 02/2024/LĐ-ST ngày 01/02/2024 của  TAND TP. Việt Trì,  tỉnh Phú Thọ(31.03.2024)",/2ta1442779t1cvn/chi-tiet-ban-an
https://congbobanan.toaan.gov.vn/2ta1442276t1cvn/chi-tiet-ban-an,"Bản án:số 01 ngày 16/01/2024 của  TAND Q. Ninh Kiều,  TP. Cần Thơ(30.03.2024)",/2ta1442276t1cvn/chi-tiet-ban-an
https://congbobanan.toaan.gov.vn/2ta1441025t1cvn/chi-tiet-ban-an,"Bản án:số 35 ngày 23/02/2024 của  TAND TX. Thuận An,  tỉnh Bình Dương(30.03.2024)",/2ta1441025t1cvn/chi-tiet-ban-an
https://congbobanan.toaan.gov.vn/2ta1441006t1cvn/chi-tiet-ban-an,"Bản án:số 34 ngày 23/02/2024 của  TAND TX. Thuận An,  tỉnh Bình Dương(30.03.2024)",/2ta1441006t1cvn/chi-tiet-ban-an
https://congbobanan.toaan.gov.vn/2ta1440999t1cvn/chi-tiet-ban-an,"Bản án:số 33 ngày 23/02/2024 của  TAND TX. Thuận An,  tỉnh Bình Dương(30.03.2024)",/2ta1440999t1cvn/chi-tiet-ban-an
https://congbobanan.toaan.gov.vn/2ta1440247t1cvn/chi-tiet-ban-an,"Bản án:số 21 ngày 24/01/2024 của  TAND TX. Thuận An,  tỉnh Bình Dương(29.03.2024)",/2ta1440247t1cvn/chi-tiet-ban-an
https://congbobanan.toaan.gov.vn/2ta1440236t1cvn/chi-tiet-ban-an,"Bản án:số 22 ngày 24/01/2024 của  TAND TX. Thuận An,  tỉnh Bình Dương(29.03.2024)",/2ta1440236t1cvn/chi-tiet-ban-an
https://congbobanan.toaan.gov.vn/2ta1440222t1cvn/chi-tiet-ban-an,"Bản án:số 23 ngày 24/01/2024 của  TAND TX. Thuận An,  tỉnh Bình Dương(29.03.2024)",/2ta1440222t1cvn/chi-tiet-ban-an
https://congbobanan.toaan.gov.vn/2ta1440197t1cvn/chi-tiet-ban-an,"Bản án:số 24 ngày 24/01/2024 của  TAND TX. Thuận An,  tỉnh Bình Dương(29.03.2024)",/2ta1440197t1cvn/chi-tiet-ban-an
https://congbobanan.toaan.gov.vn/2ta1439906t1cvn/chi-tiet-ban-an,"Bản án:số 25 ngày 24/01/2024 của  TAND TX. Thuận An,  tỉnh Bình Dương(29.03.2024)",/2ta1439906t1cvn/chi-tiet-ban-an
https://congbobanan.toaan.gov.vn/2ta1439804t1cvn/chi-tiet-ban-an,"Bản án:số 26 ngày 24/01/2024 của  TAND TX. Thuận An,  tỉnh Bình Dương(29.03.2024)",/2ta1439804t1cvn/chi-tiet-ban-an
https://congbobanan.toaan.gov.vn/2ta1439737t1cvn/chi-tiet-ban-an,"Bản án:số 27 ngày 29/01/2024 của  TAND TX. Thuận An,  tỉnh Bình Dương(29.03.2024)",/2ta1439737t1cvn/chi-tiet-ban-an
https://congbobanan.toaan.gov.vn/2ta1439624t1cvn/chi-tiet-ban-an,"Bản án:số 28 ngày 29/01/2024 của  TAND TX. Thuận An,  tỉnh Bình Dương(29.03.2024)",/2ta1439624t1cvn/chi-tiet-ban-an
https://congbobanan.toaan.gov.vn/2ta1439526t1cvn/chi-tiet-ban-an,"Bản án:số 29 ngày 24/01/2024 của  TAND TX. Thuận An,  tỉnh Bình Dương(29.03.2024)",/2ta1439526t1cvn/chi-tiet-ban-an
https://congbobanan.toaan.gov.vn/2ta1439297t1cvn/chi-tiet-ban-an,"Bản án:số 06 ngày 07/08/2023 của  TAND huyện Bình Chánh,  TP. Hồ Chí Minh(29.03.2024)",/2ta1439297t1cvn/chi-tiet-ban-an
https://congbobanan.toaan.gov.vn/2ta1439321t1cvn/chi-tiet-ban-an,"Bản án:số 07 ngày 07/08/2023 của  TAND huyện Bình Chánh,  TP. Hồ Chí Minh(29.03.2024)",/2ta1439321t1cvn/chi-tiet-ban-an
https://congbobanan.toaan.gov.vn/2ta1439324t1cvn/chi-tiet-ban-an,"Bản án:số 08 ngày 07/08/2023 của  TAND huyện Bình Chánh,  TP. Hồ Chí Minh(29.03.2024)",/2ta1439324t1cvn/chi-tiet-ban-an
https://congbobanan.toaan.gov.vn/2ta1439268t1cvn/chi-tiet-ban-an,Bản án:số 02/2024/LĐPT ngày 12/03/2024 của TAND TP. Cần Thơ(29.03.2024),/2ta1439268t1cvn/chi-tiet-ban-an
https://congbobanan.toaan.gov.vn/2ta1436263t1cvn/chi-tiet-ban-an,Bản án:số 01 ngày 19/03/2024 của TAND tỉnh Nam Định(28.03.2024),/2ta1436263t1cvn/chi-tiet-ban-an
https://congbobanan.toaan.gov.vn/2ta1436237t1cvn/chi-tiet-ban-an,Bản án:số 02 ngày 21/03/2024 của TAND tỉnh Nam Định(28.03.2024),/2ta1436237t1cvn/chi-tiet-ban-an
https://congbobanan.toaan.gov.vn/2ta1435476t1cvn/chi-tiet-ban-an,"Bản án:số 47 ngày 26/10/2023 của  TAND Q. Tân Bình,  TP. Hồ Chí Minh(27.03.2024)",/2ta1435476t1cvn/chi-tiet-ban-an
https://congbobanan.toaan.gov.vn/2ta1433321t1cvn/chi-tiet-ban-an,"Bản án:số 788/2023/LĐ-ST ngày 19/09/2023 của  TAND Q. Phú Nhuận,  TP. Hồ Chí Minh(25.03.2024)",/2ta1433321t1cvn/chi-tiet-ban-an
https://congbobanan.toaan.gov.vn/2ta1433132t1cvn/chi-tiet-ban-an,"Bản án:số 01 ngày 10/01/2024 của  TAND TP. Việt Trì,  tỉnh Phú Thọ(25.03.2024)",/2ta1433132t1cvn/chi-tiet-ban-an
https://congbobanan.toaan.gov.vn/2ta1432519t1cvn/chi-tiet-ban-an,Bản án:số 02/2024/LĐ-PT ngày 19/01/2024 của TAND tỉnh Bắc Ninh(25.03.2024),/2ta1432519t1cvn/chi-tiet-ban-an
https://congbobanan.toaan.gov.vn/2ta1429036t1cvn/chi-tiet-ban-an,"Bản án:số 2589 ngày 25/07/2023 của  Thành phố Thủ Đức,  TP. Hồ Chí Minh(20.03.2024)",/2ta1429036t1cvn/chi-tiet-ban-an
https://congbobanan.toaan.gov.vn/2ta1428839t1cvn/chi-tiet-ban-an,Bản án:số 02 ngày 29/02/2024 của TAND tỉnh Bến Tre(20.03.2024),/2ta1428839t1cvn/chi-tiet-ban-an
https://congbobanan.toaan.gov.vn/2ta1428567t1cvn/chi-tiet-ban-an,"Bản án:số 02 ngày 18/09/2023 của  TAND TP. Phan Thiết,  tỉnh Bình Thuận(19.03.2024)",/2ta1428567t1cvn/chi-tiet-ban-an
https://congbobanan.toaan.gov.vn/2ta1427976t1cvn/chi-tiet-ban-an,Bản án:số 01/2024/LĐPT ngày 26/01/2024 của TAND TP. Cần Thơ(19.03.2024),/2ta1427976t1cvn/chi-tiet-ban-an
https://congbobanan.toaan.gov.vn/2ta1427505t1cvn/chi-tiet-ban-an,"Bản án:số 64/2023/LĐ-ST ngày 12/09/2023 của  TAND Quận 12,  TP. Hồ Chí Minh(18.03.2024)",/2ta1427505t1cvn/chi-tiet-ban-an
https://congbobanan.toaan.gov.vn/2ta1427063t1cvn/chi-tiet-ban-an,"Bản án:số 01 ngày 25/12/2023 của  TAND huyện Bình Tân,  tỉnh Vĩnh Long(18.03.2024)",/2ta1427063t1cvn/chi-tiet-ban-an
https://congbobanan.toaan.gov.vn/2ta1424759t1cvn/chi-tiet-ban-an,Bản án:số 01/2024/LĐPT ngày 26/01/2024 của TAND TP. Cần Thơ(14.03.2024),/2ta1424759t1cvn/chi-tiet-ban-an
https://congbobanan.toaan.gov.vn/2ta1423452t1cvn/chi-tiet-ban-an,"Bản án:số 01 ngày 16/01/2024 của  TAND Q. Tân Phú,  TP. Hồ Chí Minh(12.03.2024)",/2ta1423452t1cvn/chi-tiet-ban-an
https://congbobanan.toaan.gov.vn/2ta1422486t1cvn/chi-tiet-ban-an,"Bản án:số 05 ngày 26/01/2024 của  TAND TX. Dĩ An,  tỉnh Bình Dương(11.03.2024)",/2ta1422486t1cvn/chi-tiet-ban-an
https://congbobanan.toaan.gov.vn/2ta1422248t1cvn/chi-tiet-ban-an,Bản án:số 6 ngày 04/03/2024 của TAND tỉnh Bình Dương(11.03.2024),/2ta1422248t1cvn/chi-tiet-ban-an
https://congbobanan.toaan.gov.vn/2ta1422105t1cvn/chi-tiet-ban-an,"Bản án:số 20 ngày 16/12/2023 của  TAND TP. Qui Nhơn,  tỉnh Bình Định(11.03.2024)",/2ta1422105t1cvn/chi-tiet-ban-an
https://congbobanan.toaan.gov.vn/2ta1420991t1cvn/chi-tiet-ban-an,"Bản án:số 03 ngày 10/01/2024 của  TAND TX. Dĩ An,  tỉnh Bình Dương(09.03.2024)",/2ta1420991t1cvn/chi-tiet-ban-an
https://congbobanan.toaan.gov.vn/2ta1421003t1cvn/chi-tiet-ban-an,"Bản án:số 02 ngày 10/01/2024 của  TAND TX. Dĩ An,  tỉnh Bình Dương(09.03.2024)",/2ta1421003t1cvn/chi-tiet-ban-an
https://congbobanan.toaan.gov.vn/2ta1419164t1cvn/chi-tiet-ban-an,"Bản án:số 2248 ngày 05/07/2023 của  Thành phố Thủ Đức,  TP. Hồ Chí Minh(06.03.2024)",/2ta1419164t1cvn/chi-tiet-ban-an
https://congbobanan.toaan.gov.vn/2ta1416892t1cvn/chi-tiet-ban-an,"Bản án:số 35/2023/LĐ-ST ngày 05/09/2023 của  TAND Q. Tân Bình,  TP. Hồ Chí Minh(04.03.2024)",/2ta1416892t1cvn/chi-tiet-ban-an
https://congbobanan.toaan.gov.vn/2ta1416153t1cvn/chi-tiet-ban-an,"Bản án:số 97 ngày 15/09/2023 của  TAND Quận 1,  TP. Hồ Chí Minh(01.03.2024)",/2ta1416153t1cvn/chi-tiet-ban-an
https://congbobanan.toaan.gov.vn/2ta1416113t1cvn/chi-tiet-ban-an,"Bản án:số 99 ngày 19/09/2023 của  TAND Quận 1,  TP. Hồ Chí Minh(01.03.2024)",/2ta1416113t1cvn/chi-tiet-ban-an
https://congbobanan.toaan.gov.vn/2ta1416101t1cvn/chi-tiet-ban-an,"Bản án:số 99 ngày 19/09/2023 của  TAND Quận 1,  TP. Hồ Chí Minh(01.03.2024)",/2ta1416101t1cvn/chi-tiet-ban-an
https://congbobanan.toaan.gov.vn/2ta1416126t1cvn/chi-tiet-ban-an,"Bản án:số 97 ngày 15/09/2023 của  TAND Quận 1,  TP. Hồ Chí Minh(01.03.2024)",/2ta1416126t1cvn/chi-tiet-ban-an
https://congbobanan.toaan.gov.vn/2ta1415300t1cvn/chi-tiet-ban-an,"Bản án:số 10 ngày 19/01/2024 của  TAND TX. Thuận An,  tỉnh Bình Dương(29.02.2024)",/2ta1415300t1cvn/chi-tiet-ban-an
https://congbobanan.toaan.gov.vn/2ta1415283t1cvn/chi-tiet-ban-an,"Bản án:số 11 ngày 19/01/2024 của  TAND TX. Thuận An,  tỉnh Bình Dương(29.02.2024)",/2ta1415283t1cvn/chi-tiet-ban-an
https://congbobanan.toaan.gov.vn/2ta1415237t1cvn/chi-tiet-ban-an,"Bản án:số 02 ngày 18/01/2024 của  TAND TX. Thuận An,  tỉnh Bình Dương(29.02.2024)",/2ta1415237t1cvn/chi-tiet-ban-an
https://congbobanan.toaan.gov.vn/2ta1415238t1cvn/chi-tiet-ban-an,"Bản án:số 03 ngày 18/01/2024 của  TAND TX. Thuận An,  tỉnh Bình Dương(29.02.2024)",/2ta1415238t1cvn/chi-tiet-ban-an
https://congbobanan.toaan.gov.vn/2ta1415259t1cvn/chi-tiet-ban-an,"Bản án:số 04 ngày 18/01/2024 của  TAND TX. Thuận An,  tỉnh Bình Dương(29.02.2024)",/2ta1415259t1cvn/chi-tiet-ban-an
https://congbobanan.toaan.gov.vn/2ta1414327t1cvn/chi-tiet-ban-an,Bản án:số 02/2023/LĐ-PT ngày 27/12/2023 của TAND tỉnh Lâm Đồng(29.02.2024),/2ta1414327t1cvn/chi-tiet-ban-an
https://congbobanan.toaan.gov.vn/2ta1414487t1cvn/chi-tiet-ban-an,"Bản án:số 05 ngày 12/01/2024 của  TAND TX. Thuận An,  tỉnh Bình Dương(29.02.2024)",/2ta1414487t1cvn/chi-tiet-ban-an
https://congbobanan.toaan.gov.vn/2ta1414512t1cvn/chi-tiet-ban-an,"Bản án:số 06 ngày 12/01/2024 của  TAND TX. Thuận An,  tỉnh Bình Dương(29.02.2024)",/2ta1414512t1cvn/chi-tiet-ban-an
https://congbobanan.toaan.gov.vn/2ta1414441t1cvn/chi-tiet-ban-an,"Bản án:số 06 ngày 13/09/2023 của  TAND TX. Thuận An,  tỉnh Bình Dương(29.02.2024)",/2ta1414441t1cvn/chi-tiet-ban-an
https://congbobanan.toaan.gov.vn/2ta1414457t1cvn/chi-tiet-ban-an,"Bản án:số 07 ngày 13/09/2023 của  TAND TX. Thuận An,  tỉnh Bình Dương(29.02.2024)",/2ta1414457t1cvn/chi-tiet-ban-an
https://congbobanan.toaan.gov.vn/2ta1414243t1cvn/chi-tiet-ban-an,"Bản án:số 01 ngày 11/01/2024 của  TAND huyện Đức Hòa,  tỉnh Long An(29.02.2024)",/2ta1414243t1cvn/chi-tiet-ban-an
https://congbobanan.toaan.gov.vn/2ta1414240t1cvn/chi-tiet-ban-an,"Bản án:số 02 ngày 11/01/2024 của  TAND huyện Đức Hòa,  tỉnh Long An(29.02.2024)",/2ta1414240t1cvn/chi-tiet-ban-an
https://congbobanan.toaan.gov.vn/2ta1413908t1cvn/chi-tiet-ban-an,Bản án:số 01/2024/LĐ-PT ngày 08/01/2024 của TAND tỉnh Tiền Giang(29.02.2024),/2ta1413908t1cvn/chi-tiet-ban-an
https://congbobanan.toaan.gov.vn/2ta1413640t1cvn/chi-tiet-ban-an,"Bản án:số 01 ngày 08/01/2024 của  TAND TX. Dĩ An,  tỉnh Bình Dương(29.02.2024)",/2ta1413640t1cvn/chi-tiet-ban-an
https://congbobanan.toaan.gov.vn/2ta1413618t1cvn/chi-tiet-ban-an,"Bản án:số 06 ngày 29/01/2024 của  TAND TX. Dĩ An,  tỉnh Bình Dương(29.02.2024)",/2ta1413618t1cvn/chi-tiet-ban-an
https://congbobanan.toaan.gov.vn/2ta1413493t1cvn/chi-tiet-ban-an,"Bản án:số 07 ngày 25/09/2023 của  TAND Quận 3,  TP. Hồ Chí Minh(28.02.2024)",/2ta1413493t1cvn/chi-tiet-ban-an
https://congbobanan.toaan.gov.vn/2ta1410726t1cvn/chi-tiet-ban-an,"Bản án:số 13 ngày 23/01/2024 của  TAND TX. Thuận An,  tỉnh Bình Dương(26.02.2024)",/2ta1410726t1cvn/chi-tiet-ban-an
https://congbobanan.toaan.gov.vn/2ta1410713t1cvn/chi-tiet-ban-an,"Bản án:số 12 ngày 23/01/2024 của  TAND TX. Thuận An,  tỉnh Bình Dương(26.02.2024)",/2ta1410713t1cvn/chi-tiet-ban-an
https://congbobanan.toaan.gov.vn/2ta1410710t1cvn/chi-tiet-ban-an,"Bản án:số 14 ngày 22/01/2024 của  TAND TX. Thuận An,  tỉnh Bình Dương(26.02.2024)",/2ta1410710t1cvn/chi-tiet-ban-an
https://congbobanan.toaan.gov.vn/2ta1382481t1cvn/chi-tiet-ban-an,"Bản án:số 2238 ngày 15/11/2023 của  TAND Q. Bình Thạnh,  TP. Hồ Chí Minh(26.02.2024)",/2ta1382481t1cvn/chi-tiet-ban-an
https://congbobanan.toaan.gov.vn/2ta1409683t1cvn/chi-tiet-ban-an,Bản án:số 02 ngày 24/01/2024 của TAND tỉnh Long An(23.02.2024),/2ta1409683t1cvn/chi-tiet-ban-an
https://congbobanan.toaan.gov.vn/2ta1409684t1cvn/chi-tiet-ban-an,Bản án:số 01 ngày 24/01/2024 của TAND tỉnh Long An(23.02.2024),/2ta1409684t1cvn/chi-tiet-ban-an
https://congbobanan.toaan.gov.vn/2ta1409700t1cvn/chi-tiet-ban-an,Bản án:số 03 ngày 26/01/2024 của TAND tỉnh Long An(23.02.2024),/2ta1409700t1cvn/chi-tiet-ban-an
https://congbobanan.toaan.gov.vn/2ta1408180t1cvn/chi-tiet-ban-an,"Bản án:số 09 ngày 29/12/2023 của  TAND TX. Dĩ An,  tỉnh Bình Dương(22.02.2024)",/2ta1408180t1cvn/chi-tiet-ban-an
https://congbobanan.toaan.gov.vn/2ta1408162t1cvn/chi-tiet-ban-an,"Bản án:số 08 ngày 29/12/2023 của  TAND TX. Dĩ An,  tỉnh Bình Dương(22.02.2024)",/2ta1408162t1cvn/chi-tiet-ban-an
https://congbobanan.toaan.gov.vn/2ta1408132t1cvn/chi-tiet-ban-an,"Bản án:số 11 ngày 29/12/2023 của  TAND TX. Dĩ An,  tỉnh Bình Dương(22.02.2024)",/2ta1408132t1cvn/chi-tiet-ban-an
https://congbobanan.toaan.gov.vn/2ta1408141t1cvn/chi-tiet-ban-an,"Bản án:số 10 ngày 29/12/2023 của  TAND TX. Dĩ An,  tỉnh Bình Dương(22.02.2024)",/2ta1408141t1cvn/chi-tiet-ban-an
https://congbobanan.toaan.gov.vn/2ta1407813t1cvn/chi-tiet-ban-an,"Bản án:số 4385 ngày 20/11/2023 của  Thành phố Thủ Đức,  TP. Hồ Chí Minh(21.02.2024)",/2ta1407813t1cvn/chi-tiet-ban-an
https://congbobanan.toaan.gov.vn/2ta1407272t1cvn/chi-tiet-ban-an,"Bản án:số 12 ngày 26/09/2023 của  TAND Quận 10,  TP. Hồ Chí Minh(21.02.2024)",/2ta1407272t1cvn/chi-tiet-ban-an
https://congbobanan.toaan.gov.vn/2ta1406013t1cvn/chi-tiet-ban-an,"Bản án:số 01/2024/LĐ-ST ngày 05/01/2024 của  TAND Quận 11,  TP. Hồ Chí Minh(19.02.2024)",/2ta1406013t1cvn/chi-tiet-ban-an
https://congbobanan.toaan.gov.vn/2ta1405516t1cvn/chi-tiet-ban-an,Bản án:số 03/2024/LĐ-PT ngày 19/01/2024 của TAND tỉnh Bắc Ninh(19.02.2024),/2ta1405516t1cvn/chi-tiet-ban-an
https://congbobanan.toaan.gov.vn/2ta1402330t1cvn/chi-tiet-ban-an,"Bản án:số 4081 ngày 29/09/2023 của  Thành phố Thủ Đức,  TP. Hồ Chí Minh(05.02.2024)",/2ta1402330t1cvn/chi-tiet-ban-an
https://congbobanan.toaan.gov.vn/2ta1402332t1cvn/chi-tiet-ban-an,"Bản án:số 4080 ngày 29/09/2023 của  Thành phố Thủ Đức,  TP. Hồ Chí Minh(05.02.2024)",/2ta1402332t1cvn/chi-tiet-ban-an
https://congbobanan.toaan.gov.vn/2ta1402293t1cvn/chi-tiet-ban-an,"Bản án:số 3347 ngày 29/08/2023 của  Thành phố Thủ Đức,  TP. Hồ Chí Minh(05.02.2024)",/2ta1402293t1cvn/chi-tiet-ban-an
https://congbobanan.toaan.gov.vn/2ta1401731t1cvn/chi-tiet-ban-an,"Bản án:số 01 ngày 12/01/2024 của  TAND TX. Duyên Hải,  tỉnh Trà Vinh(02.02.2024)",/2ta1401731t1cvn/chi-tiet-ban-an
https://congbobanan.toaan.gov.vn/2ta1401741t1cvn/chi-tiet-ban-an,Bản án:số 1 ngày 03/01/2024 của TAND tỉnh Bình Dương(02.02.2024),/2ta1401741t1cvn/chi-tiet-ban-an
https://congbobanan.toaan.gov.vn/2ta1400004t1cvn/chi-tiet-ban-an,"Bản án:số 09 ngày 18/12/2023 của  TAND TP. Việt Trì,  tỉnh Phú Thọ(31.01.2024)",/2ta1400004t1cvn/chi-tiet-ban-an
https://congbobanan.toaan.gov.vn/2ta1397121t1cvn/chi-tiet-ban-an,Bản án:số 01 ngày 10/01/2024 của TAND tỉnh Lâm Đồng(26.01.2024),/2ta1397121t1cvn/chi-tiet-ban-an
https://congbobanan.toaan.gov.vn/2ta1396382t1cvn/chi-tiet-ban-an,"Bản án:số 01 ngày 26/12/2023 của  TAND huyện Châu Thành,  tỉnh Hậu Giang(24.01.2024)",/2ta1396382t1cvn/chi-tiet-ban-an
https://congbobanan.toaan.gov.vn/2ta1394741t1cvn/chi-tiet-ban-an,Bản án:số 14 ngày 19/12/2023 của TAND tỉnh Long An(22.01.2024),/2ta1394741t1cvn/chi-tiet-ban-an
https://congbobanan.toaan.gov.vn/2ta1394149t1cvn/chi-tiet-ban-an,Bản án:số 25 ngày 28/12/2023 của TAND tỉnh Bình Dương(19.01.2024),/2ta1394149t1cvn/chi-tiet-ban-an
https://congbobanan.toaan.gov.vn/2ta1394144t1cvn/chi-tiet-ban-an,Bản án:số 03 ngày 15/01/2024 của TAND tỉnh Bình Dương(19.01.2024),/2ta1394144t1cvn/chi-tiet-ban-an
https://congbobanan.toaan.gov.vn/2ta1394139t1cvn/chi-tiet-ban-an,Bản án:số 2 ngày 03/01/2024 của TAND tỉnh Bình Dương(19.01.2024),/2ta1394139t1cvn/chi-tiet-ban-an
https://congbobanan.toaan.gov.vn/2ta1393850t1cvn/chi-tiet-ban-an,Bản án:số 01/2024/LĐ-PT ngày 12/01/2024 của TAND tỉnh Bắc Ninh(18.01.2024),/2ta1393850t1cvn/chi-tiet-ban-an
https://congbobanan.toaan.gov.vn/2ta1392195t1cvn/chi-tiet-ban-an,"Bản án:số 01 ngày 27/07/2023 của  TAND TP. Mỹ Tho,  tỉnh Tiền Giang(15.01.2024)",/2ta1392195t1cvn/chi-tiet-ban-an
https://congbobanan.toaan.gov.vn/2ta1392033t1cvn/chi-tiet-ban-an,Bản án:số 01 ngày 29/09/2023 của TAND tỉnh Hải Dương(15.01.2024),/2ta1392033t1cvn/chi-tiet-ban-an
https://congbobanan.toaan.gov.vn/2ta1391779t1cvn/chi-tiet-ban-an,Bản án:số 03 ngày 15/12/2023 của TAND TP Đà Nẵng(13.01.2024),/2ta1391779t1cvn/chi-tiet-ban-an
https://congbobanan.toaan.gov.vn/2ta1390523t1cvn/chi-tiet-ban-an,"Bản án:số 3761 ngày 19/09/2023 của  Thành phố Thủ Đức,  TP. Hồ Chí Minh(10.01.2024)",/2ta1390523t1cvn/chi-tiet-ban-an
https://congbobanan.toaan.gov.vn/2ta1390545t1cvn/chi-tiet-ban-an,"Bản án:số 3762 ngày 19/09/2023 của  Thành phố Thủ Đức,  TP. Hồ Chí Minh(10.01.2024)",/2ta1390545t1cvn/chi-tiet-ban-an
https://congbobanan.toaan.gov.vn/2ta1390514t1cvn/chi-tiet-ban-an,Bản án:số 25 ngày 28/12/2023 của TAND tỉnh Bình Dương(10.01.2024),/2ta1390514t1cvn/chi-tiet-ban-an
https://congbobanan.toaan.gov.vn/2ta1389626t1cvn/chi-tiet-ban-an,Bản án:số 01 ngày 20/12/2023 của TAND tỉnh Đồng Tháp(08.01.2024),/2ta1389626t1cvn/chi-tiet-ban-an
https://congbobanan.toaan.gov.vn/2ta1387855t1cvn/chi-tiet-ban-an,Bản án:số 777 ngày 14/12/2022 của TAND TP. Hồ Chí Minh(04.01.2024),/2ta1387855t1cvn/chi-tiet-ban-an
https://congbobanan.toaan.gov.vn/2ta1387849t1cvn/chi-tiet-ban-an,Bản án:số 634 ngày 30/09/2022 của TAND TP. Hồ Chí Minh(04.01.2024),/2ta1387849t1cvn/chi-tiet-ban-an
https://congbobanan.toaan.gov.vn/2ta1387840t1cvn/chi-tiet-ban-an,Bản án:số 614 ngày 27/09/2022 của TAND TP. Hồ Chí Minh(04.01.2024),/2ta1387840t1cvn/chi-tiet-ban-an
https://congbobanan.toaan.gov.vn/2ta1387820t1cvn/chi-tiet-ban-an,Bản án:số 356 ngày 23/03/2023 của TAND TP. Hồ Chí Minh(04.01.2024),/2ta1387820t1cvn/chi-tiet-ban-an
https://congbobanan.toaan.gov.vn/2ta1387819t1cvn/chi-tiet-ban-an,Bản án:số 347 ngày 20/03/2023 của TAND TP. Hồ Chí Minh(04.01.2024),/2ta1387819t1cvn/chi-tiet-ban-an
https://congbobanan.toaan.gov.vn/2ta1387816t1cvn/chi-tiet-ban-an,Bản án:số 307 ngày 14/03/2023 của TAND TP. Hồ Chí Minh(04.01.2024),/2ta1387816t1cvn/chi-tiet-ban-an
https://congbobanan.toaan.gov.vn/2ta1387815t1cvn/chi-tiet-ban-an,Bản án:số 214 ngày 28/02/2023 của TAND TP. Hồ Chí Minh(04.01.2024),/2ta1387815t1cvn/chi-tiet-ban-an
https://congbobanan.toaan.gov.vn/2ta1387806t1cvn/chi-tiet-ban-an,Bản án:số 106 ngày 17/01/2023 của TAND TP. Hồ Chí Minh(04.01.2024),/2ta1387806t1cvn/chi-tiet-ban-an
https://congbobanan.toaan.gov.vn/2ta1314305t1cvn/chi-tiet-ban-an,"Bản án:số 881 ngày 07/08/2023 của  TAND huyện Cần Giuộc,  tỉnh Long An(02.01.2024)",/2ta1314305t1cvn/chi-tiet-ban-an
https://congbobanan.toaan.gov.vn/2ta1386712t1cvn/chi-tiet-ban-an,"Bản án:số 4015 ngày 28/09/2023 của  Thành phố Thủ Đức,  TP. Hồ Chí Minh(02.01.2024)",/2ta1386712t1cvn/chi-tiet-ban-an
https://congbobanan.toaan.gov.vn/2ta1386701t1cvn/chi-tiet-ban-an,"Bản án:số 3962 ngày 27/09/2023 của  Thành phố Thủ Đức,  TP. Hồ Chí Minh(02.01.2024)",/2ta1386701t1cvn/chi-tiet-ban-an
https://congbobanan.toaan.gov.vn/2ta1385125t1cvn/chi-tiet-ban-an,Bản án:số 02/2023/LĐ- PT ngày 27/11/2023 của TAND tỉnh Tây Ninh(30.12.2023),/2ta1385125t1cvn/chi-tiet-ban-an
https://congbobanan.toaan.gov.vn/2ta1382515t1cvn/chi-tiet-ban-an,"Bản án:số 2238 ngày 15/11/2023 của  TAND Q. Bình Thạnh,  TP. Hồ Chí Minh(27.12.2023)",/2ta1382515t1cvn/chi-tiet-ban-an
https://congbobanan.toaan.gov.vn/2ta1381644t1cvn/chi-tiet-ban-an,Bản án:số 24 ngày 20/12/2023 của TAND tỉnh Bình Dương(26.12.2023),/2ta1381644t1cvn/chi-tiet-ban-an
https://congbobanan.toaan.gov.vn/2ta1381188t1cvn/chi-tiet-ban-an,"Bản án:số 01 ngày 31/08/2023 của  TAND TP. Nam Định,  tỉnh Nam Định(25.12.2023)",/2ta1381188t1cvn/chi-tiet-ban-an
https://congbobanan.toaan.gov.vn/2ta1381160t1cvn/chi-tiet-ban-an,Bản án:số 24 ngày 15/12/2023 của TAND tỉnh Bình Dương(25.12.2023),/2ta1381160t1cvn/chi-tiet-ban-an
https://congbobanan.toaan.gov.vn/2ta1380261t1cvn/chi-tiet-ban-an,"Bản án:số 90 ngày 29/09/2023 của  TAND huyện Vĩnh Cửu,  tỉnh Đồng Nai(22.12.2023)",/2ta1380261t1cvn/chi-tiet-ban-an
https://congbobanan.toaan.gov.vn/2ta1380240t1cvn/chi-tiet-ban-an,"Bản án:số 89 ngày 29/09/2023 của  TAND huyện Vĩnh Cửu,  tỉnh Đồng Nai(22.12.2023)",/2ta1380240t1cvn/chi-tiet-ban-an
https://congbobanan.toaan.gov.vn/2ta1380190t1cvn/chi-tiet-ban-an,"Bản án:số 89 ngày 29/09/2023 của  TAND huyện Vĩnh Cửu,  tỉnh Đồng Nai(22.12.2023)",/2ta1380190t1cvn/chi-tiet-ban-an
https://congbobanan.toaan.gov.vn/2ta1380159t1cvn/chi-tiet-ban-an,"Bản án:số 77 ngày 29/09/2023 của  TAND huyện Vĩnh Cửu,  tỉnh Đồng Nai(22.12.2023)",/2ta1380159t1cvn/chi-tiet-ban-an
https://congbobanan.toaan.gov.vn/2ta1378903t1cvn/chi-tiet-ban-an,Bản án:số 26 ngày 20/09/2023 của TAND TP. Hà Nội(19.12.2023),/2ta1378903t1cvn/chi-tiet-ban-an
https://congbobanan.toaan.gov.vn/2ta1379104t1cvn/chi-tiet-ban-an,Bản án:số 32 ngày 27/11/2023 của TAND TP. Hà Nội(19.12.2023),/2ta1379104t1cvn/chi-tiet-ban-an
https://congbobanan.toaan.gov.vn/2ta1379112t1cvn/chi-tiet-ban-an,Bản án:số 31 ngày 27/11/2023 của TAND TP. Hà Nội(19.12.2023),/2ta1379112t1cvn/chi-tiet-ban-an
https://congbobanan.toaan.gov.vn/2ta1378355t1cvn/chi-tiet-ban-an,"Bản án:số 3565 ngày 08/09/2023 của  Thành phố Thủ Đức,  TP. Hồ Chí Minh(18.12.2023)",/2ta1378355t1cvn/chi-tiet-ban-an
https://congbobanan.toaan.gov.vn/2ta1377357t1cvn/chi-tiet-ban-an,"Bản án:số 79 ngày 29/09/2023 của  TAND huyện Vĩnh Cửu,  tỉnh Đồng Nai(14.12.2023)",/2ta1377357t1cvn/chi-tiet-ban-an
https://congbobanan.toaan.gov.vn/2ta1376948t1cvn/chi-tiet-ban-an,"Bản án:số 01 ngày 07/09/2023 của  TAND huyện Hiệp Hòa,  tỉnh Bắc Giang(13.12.2023)",/2ta1376948t1cvn/chi-tiet-ban-an
https://congbobanan.toaan.gov.vn/2ta1375058t1cvn/chi-tiet-ban-an,Bản án:số 01/2023/LĐ-PT ngày 14/11/2023 của TAND tỉnh Tây Ninh(07.12.2023),/2ta1375058t1cvn/chi-tiet-ban-an
https://congbobanan.toaan.gov.vn/2ta1374697t1cvn/chi-tiet-ban-an,Bản án:số 22 ngày 28/11/2023 của TAND tỉnh Bình Dương(06.12.2023),/2ta1374697t1cvn/chi-tiet-ban-an
https://congbobanan.toaan.gov.vn/2ta1374674t1cvn/chi-tiet-ban-an,Bản án:số 21 ngày 23/11/2023 của TAND tỉnh Bình Dương(06.12.2023),/2ta1374674t1cvn/chi-tiet-ban-an
https://congbobanan.toaan.gov.vn/2ta1374147t1cvn/chi-tiet-ban-an,"Bản án:số 31/2023/LĐ-ST ngày 27/10/2023 của  TAND Q. Gò Vấp,  TP. Hồ Chí Minh(05.12.2023)",/2ta1374147t1cvn/chi-tiet-ban-an
https://congbobanan.toaan.gov.vn/2ta1373949t1cvn/chi-tiet-ban-an,Bản án:số 04 ngày 17/11/2023 của TAND tỉnh Cà Mau(04.12.2023),/2ta1373949t1cvn/chi-tiet-ban-an
https://congbobanan.toaan.gov.vn/2ta1373708t1cvn/chi-tiet-ban-an,"Bản án:số 4017 ngày 29/09/2023 của  Thành phố Thủ Đức,  TP. Hồ Chí Minh(04.12.2023)",/2ta1373708t1cvn/chi-tiet-ban-an
https://congbobanan.toaan.gov.vn/2ta1372119t1cvn/chi-tiet-ban-an,"Bản án:số 09 ngày 04/08/2023 của  TAND Q. Cầu Giấy,  TP. Hà Nội(30.11.2023)",/2ta1372119t1cvn/chi-tiet-ban-an
https://congbobanan.toaan.gov.vn/2ta1371427t1cvn/chi-tiet-ban-an,"Bản án:số 01 ngày 01/10/2023 của  TAND Q. Đồ Sơn,  TP. Hải Phòng(30.11.2023)",/2ta1371427t1cvn/chi-tiet-ban-an
https://congbobanan.toaan.gov.vn/2ta1370316t1cvn/chi-tiet-ban-an,"Bản án:số 47 ngày 22/09/2023 của  TAND huyện Vĩnh Cửu,  tỉnh Đồng Nai(28.11.2023)",/2ta1370316t1cvn/chi-tiet-ban-an
https://congbobanan.toaan.gov.vn/2ta1370313t1cvn/chi-tiet-ban-an,"Bản án:số 43 ngày 22/09/2023 của  TAND huyện Vĩnh Cửu,  tỉnh Đồng Nai(28.11.2023)",/2ta1370313t1cvn/chi-tiet-ban-an
https://congbobanan.toaan.gov.vn/2ta1370298t1cvn/chi-tiet-ban-an,"Bản án:số 45 ngày 22/09/2023 của  TAND huyện Vĩnh Cửu,  tỉnh Đồng Nai(28.11.2023)",/2ta1370298t1cvn/chi-tiet-ban-an
https://congbobanan.toaan.gov.vn/2ta1370296t1cvn/chi-tiet-ban-an,"Bản án:số 48 ngày 22/09/2023 của  TAND huyện Vĩnh Cửu,  tỉnh Đồng Nai(28.11.2023)",/2ta1370296t1cvn/chi-tiet-ban-an
https://congbobanan.toaan.gov.vn/2ta1370294t1cvn/chi-tiet-ban-an,"Bản án:số 46 ngày 22/09/2023 của  TAND huyện Vĩnh Cửu,  tỉnh Đồng Nai(28.11.2023)",/2ta1370294t1cvn/chi-tiet-ban-an
https://congbobanan.toaan.gov.vn/2ta1370310t1cvn/chi-tiet-ban-an,"Bản án:số 42 ngày 22/09/2023 của  TAND huyện Vĩnh Cửu,  tỉnh Đồng Nai(28.11.2023)",/2ta1370310t1cvn/chi-tiet-ban-an
https://congbobanan.toaan.gov.vn/2ta1370308t1cvn/chi-tiet-ban-an,"Bản án:số 44 ngày 22/09/2023 của  TAND huyện Vĩnh Cửu,  tỉnh Đồng Nai(28.11.2023)",/2ta1370308t1cvn/chi-tiet-ban-an
https://congbobanan.toaan.gov.vn/2ta1369762t1cvn/chi-tiet-ban-an,"Bản án:số 59 ngày 27/09/2023 của  TAND huyện Vĩnh Cửu,  tỉnh Đồng Nai(27.11.2023)",/2ta1369762t1cvn/chi-tiet-ban-an
https://congbobanan.toaan.gov.vn/2ta1369765t1cvn/chi-tiet-ban-an,"Bản án:số 63 ngày 27/09/2023 của  TAND huyện Vĩnh Cửu,  tỉnh Đồng Nai(27.11.2023)",/2ta1369765t1cvn/chi-tiet-ban-an
https://congbobanan.toaan.gov.vn/2ta1369766t1cvn/chi-tiet-ban-an,"Bản án:số 61 ngày 27/09/2023 của  TAND huyện Vĩnh Cửu,  tỉnh Đồng Nai(27.11.2023)",/2ta1369766t1cvn/chi-tiet-ban-an
https://congbobanan.toaan.gov.vn/2ta1369769t1cvn/chi-tiet-ban-an,"Bản án:số 62 ngày 27/09/2023 của  TAND huyện Vĩnh Cửu,  tỉnh Đồng Nai(27.11.2023)",/2ta1369769t1cvn/chi-tiet-ban-an
https://congbobanan.toaan.gov.vn/2ta1369776t1cvn/chi-tiet-ban-an,"Bản án:số 60 ngày 27/09/2023 của  TAND huyện Vĩnh Cửu,  tỉnh Đồng Nai(27.11.2023)",/2ta1369776t1cvn/chi-tiet-ban-an
https://congbobanan.toaan.gov.vn/2ta1369778t1cvn/chi-tiet-ban-an,"Bản án:số 64 ngày 27/09/2023 của  TAND huyện Vĩnh Cửu,  tỉnh Đồng Nai(27.11.2023)",/2ta1369778t1cvn/chi-tiet-ban-an
https://congbobanan.toaan.gov.vn/2ta1369781t1cvn/chi-tiet-ban-an,"Bản án:số 65 ngày 27/09/2023 của  TAND huyện Vĩnh Cửu,  tỉnh Đồng Nai(27.11.2023)",/2ta1369781t1cvn/chi-tiet-ban-an
https://congbobanan.toaan.gov.vn/2ta1369399t1cvn/chi-tiet-ban-an,Bản án:số 11 ngày 01/11/2023 của TAND tỉnh Long An(26.11.2023),/2ta1369399t1cvn/chi-tiet-ban-an
https://congbobanan.toaan.gov.vn/2ta1367321t1cvn/chi-tiet-ban-an,"Bản án:số 40 ngày 19/09/2023 của  TAND huyện Vĩnh Cửu,  tỉnh Đồng Nai(21.11.2023)",/2ta1367321t1cvn/chi-tiet-ban-an
https://congbobanan.toaan.gov.vn/2ta1367323t1cvn/chi-tiet-ban-an,"Bản án:số 35 ngày 19/09/2023 của  TAND huyện Vĩnh Cửu,  tỉnh Đồng Nai(21.11.2023)",/2ta1367323t1cvn/chi-tiet-ban-an
https://congbobanan.toaan.gov.vn/2ta1367340t1cvn/chi-tiet-ban-an,"Bản án:số 37 ngày 19/09/2023 của  TAND huyện Vĩnh Cửu,  tỉnh Đồng Nai(21.11.2023)",/2ta1367340t1cvn/chi-tiet-ban-an
https://congbobanan.toaan.gov.vn/2ta1367341t1cvn/chi-tiet-ban-an,"Bản án:số 41 ngày 19/09/2023 của  TAND huyện Vĩnh Cửu,  tỉnh Đồng Nai(21.11.2023)",/2ta1367341t1cvn/chi-tiet-ban-an
https://congbobanan.toaan.gov.vn/2ta1367342t1cvn/chi-tiet-ban-an,"Bản án:số 36 ngày 19/09/2023 của  TAND huyện Vĩnh Cửu,  tỉnh Đồng Nai(21.11.2023)",/2ta1367342t1cvn/chi-tiet-ban-an
https://congbobanan.toaan.gov.vn/2ta1367343t1cvn/chi-tiet-ban-an,"Bản án:số 38 ngày 19/09/2023 của  TAND huyện Vĩnh Cửu,  tỉnh Đồng Nai(21.11.2023)",/2ta1367343t1cvn/chi-tiet-ban-an
https://congbobanan.toaan.gov.vn/2ta1367345t1cvn/chi-tiet-ban-an,"Bản án:số 39 ngày 19/09/2023 của  TAND huyện Vĩnh Cửu,  tỉnh Đồng Nai(21.11.2023)",/2ta1367345t1cvn/chi-tiet-ban-an
https://congbobanan.toaan.gov.vn/2ta1367044t1cvn/chi-tiet-ban-an,Bản án:số 01/2023/LĐ - PT ngày 26/10/2023 của TAND tỉnh Hậu Giang(21.11.2023),/2ta1367044t1cvn/chi-tiet-ban-an
https://congbobanan.toaan.gov.vn/2ta1366544t1cvn/chi-tiet-ban-an,"Bản án:số 3590/2023/LĐ-ST ngày 12/09/2023 của  Thành phố Thủ Đức,  TP. Hồ Chí Minh(20.11.2023)",/2ta1366544t1cvn/chi-tiet-ban-an
https://congbobanan.toaan.gov.vn/2ta1366555t1cvn/chi-tiet-ban-an,"Bản án:số 3589 ngày 12/09/2023 của  Thành phố Thủ Đức,  TP. Hồ Chí Minh(20.11.2023)",/2ta1366555t1cvn/chi-tiet-ban-an
https://congbobanan.toaan.gov.vn/2ta1366426t1cvn/chi-tiet-ban-an,"Bản án:số 53 ngày 26/09/2023 của  TAND huyện Vĩnh Cửu,  tỉnh Đồng Nai(18.11.2023)",/2ta1366426t1cvn/chi-tiet-ban-an
https://congbobanan.toaan.gov.vn/2ta1366425t1cvn/chi-tiet-ban-an,"Bản án:số 55 ngày 26/09/2023 của  TAND huyện Vĩnh Cửu,  tỉnh Đồng Nai(18.11.2023)",/2ta1366425t1cvn/chi-tiet-ban-an
https://congbobanan.toaan.gov.vn/2ta1366435t1cvn/chi-tiet-ban-an,"Bản án:số 56 ngày 26/09/2023 của  TAND huyện Vĩnh Cửu,  tỉnh Đồng Nai(18.11.2023)",/2ta1366435t1cvn/chi-tiet-ban-an
https://congbobanan.toaan.gov.vn/2ta1366434t1cvn/chi-tiet-ban-an,"Bản án:số 52 ngày 26/09/2023 của  TAND huyện Vĩnh Cửu,  tỉnh Đồng Nai(18.11.2023)",/2ta1366434t1cvn/chi-tiet-ban-an
https://congbobanan.toaan.gov.vn/2ta1366424t1cvn/chi-tiet-ban-an,"Bản án:số 54 ngày 26/09/2023 của  TAND huyện Vĩnh Cửu,  tỉnh Đồng Nai(18.11.2023)",/2ta1366424t1cvn/chi-tiet-ban-an
https://congbobanan.toaan.gov.vn/2ta1366433t1cvn/chi-tiet-ban-an,"Bản án:số 57 ngày 26/09/2023 của  TAND huyện Vĩnh Cửu,  tỉnh Đồng Nai(18.11.2023)",/2ta1366433t1cvn/chi-tiet-ban-an
https://congbobanan.toaan.gov.vn/2ta1366423t1cvn/chi-tiet-ban-an,"Bản án:số 58 ngày 26/09/2023 của  TAND huyện Vĩnh Cửu,  tỉnh Đồng Nai(18.11.2023)",/2ta1366423t1cvn/chi-tiet-ban-an
https://congbobanan.toaan.gov.vn/2ta1365572t1cvn/chi-tiet-ban-an,"Bản án:số 28/2023/LĐ-ST ngày 15/09/2023 của  TAND huyện Đức Hòa,  tỉnh Long An(16.11.2023)",/2ta1365572t1cvn/chi-tiet-ban-an
https://congbobanan.toaan.gov.vn/2ta1365571t1cvn/chi-tiet-ban-an,"Bản án:số 27/2023/LĐ-ST ngày 15/09/2023 của  TAND huyện Đức Hòa,  tỉnh Long An(16.11.2023)",/2ta1365571t1cvn/chi-tiet-ban-an
https://congbobanan.toaan.gov.vn/2ta1365406t1cvn/chi-tiet-ban-an,"Bản án:số 88 ngày 29/09/2023 của  TAND huyện Vĩnh Cửu,  tỉnh Đồng Nai(15.11.2023)",/2ta1365406t1cvn/chi-tiet-ban-an
https://congbobanan.toaan.gov.vn/2ta1365109t1cvn/chi-tiet-ban-an,"Bản án:số 3107 ngày 18/08/2023 của  Thành phố Thủ Đức,  TP. Hồ Chí Minh(15.11.2023)",/2ta1365109t1cvn/chi-tiet-ban-an
https://congbobanan.toaan.gov.vn/2ta1364721t1cvn/chi-tiet-ban-an,"Bản án:số 34 ngày 22/09/2023 của  TAND Quận 7,  TP. Hồ Chí Minh(14.11.2023)",/2ta1364721t1cvn/chi-tiet-ban-an
https://congbobanan.toaan.gov.vn/2ta1364734t1cvn/chi-tiet-ban-an,"Bản án:số 30 ngày 11/09/2023 của  TAND Quận 7,  TP. Hồ Chí Minh(14.11.2023)",/2ta1364734t1cvn/chi-tiet-ban-an
https://congbobanan.toaan.gov.vn/2ta1363752t1cvn/chi-tiet-ban-an,"Bản án:số 01 ngày 27/09/2023 của  TAND huyện Tân Biên,  tỉnh Tây Ninh(10.11.2023)",/2ta1363752t1cvn/chi-tiet-ban-an
https://congbobanan.toaan.gov.vn/2ta1363147t1cvn/chi-tiet-ban-an,"Bản án:số 04 ngày 27/09/2023 của  TAND huyện Bến Lức,  tỉnh Long An(08.11.2023)",/2ta1363147t1cvn/chi-tiet-ban-an
https://congbobanan.toaan.gov.vn/2ta1363146t1cvn/chi-tiet-ban-an,"Bản án:số 05 ngày 27/09/2023 của  TAND huyện Bến Lức,  tỉnh Long An(08.11.2023)",/2ta1363146t1cvn/chi-tiet-ban-an
https://congbobanan.toaan.gov.vn/2ta1363163t1cvn/chi-tiet-ban-an,"Bản án:số 06 ngày 27/09/2023 của  TAND huyện Bến Lức,  tỉnh Long An(08.11.2023)",/2ta1363163t1cvn/chi-tiet-ban-an
https://congbobanan.toaan.gov.vn/2ta1363162t1cvn/chi-tiet-ban-an,"Bản án:số 07 ngày 27/09/2023 của  TAND huyện Bến Lức,  tỉnh Long An(08.11.2023)",/2ta1363162t1cvn/chi-tiet-ban-an
https://congbobanan.toaan.gov.vn/2ta1361846t1cvn/chi-tiet-ban-an,Bản án:số 12/2023/LĐ-PT ngày 18/08/2023 của TAND tỉnh Đồng Nai(06.11.2023),/2ta1361846t1cvn/chi-tiet-ban-an
https://congbobanan.toaan.gov.vn/2ta1361379t1cvn/chi-tiet-ban-an,"Bản án:số 29 ngày 18/09/2023 của  TAND huyện Vĩnh Cửu,  tỉnh Đồng Nai(04.11.2023)",/2ta1361379t1cvn/chi-tiet-ban-an
https://congbobanan.toaan.gov.vn/2ta1361380t1cvn/chi-tiet-ban-an,"Bản án:số 49 ngày 25/09/2023 của  TAND huyện Vĩnh Cửu,  tỉnh Đồng Nai(04.11.2023)",/2ta1361380t1cvn/chi-tiet-ban-an
https://congbobanan.toaan.gov.vn/2ta1361381t1cvn/chi-tiet-ban-an,"Bản án:số 51 ngày 25/09/2023 của  TAND huyện Vĩnh Cửu,  tỉnh Đồng Nai(04.11.2023)",/2ta1361381t1cvn/chi-tiet-ban-an
https://congbobanan.toaan.gov.vn/2ta1361382t1cvn/chi-tiet-ban-an,"Bản án:số 30 ngày 18/09/2023 của  TAND huyện Vĩnh Cửu,  tỉnh Đồng Nai(04.11.2023)",/2ta1361382t1cvn/chi-tiet-ban-an
https://congbobanan.toaan.gov.vn/2ta1361384t1cvn/chi-tiet-ban-an,"Bản án:số 28 ngày 18/09/2023 của  TAND huyện Vĩnh Cửu,  tỉnh Đồng Nai(04.11.2023)",/2ta1361384t1cvn/chi-tiet-ban-an
https://congbobanan.toaan.gov.vn/2ta1361385t1cvn/chi-tiet-ban-an,"Bản án:số 50 ngày 25/09/2023 của  TAND huyện Vĩnh Cửu,  tỉnh Đồng Nai(04.11.2023)",/2ta1361385t1cvn/chi-tiet-ban-an
https://congbobanan.toaan.gov.vn/2ta1361324t1cvn/chi-tiet-ban-an,Bản án:số 02 ngày 25/09/2023 của TAND cấp cao tại Hà Nội(03.11.2023),/2ta1361324t1cvn/chi-tiet-ban-an
https://congbobanan.toaan.gov.vn/2ta1360679t1cvn/chi-tiet-ban-an,"Bản án:số 06 ngày 31/08/2023 của  TAND TX. Dĩ An,  tỉnh Bình Dương(02.11.2023)",/2ta1360679t1cvn/chi-tiet-ban-an
https://congbobanan.toaan.gov.vn/2ta1358089t1cvn/chi-tiet-ban-an,"Bản án:số 15 ngày 14/09/2023 của  TAND TP. Qui Nhơn,  tỉnh Bình Định(31.10.2023)",/2ta1358089t1cvn/chi-tiet-ban-an
https://congbobanan.toaan.gov.vn/2ta1357636t1cvn/chi-tiet-ban-an,"Bản án:số 01 ngày 08/09/2023 của  TAND Q. Cái Răng,  TP. Cần Thơ(30.10.2023)",/2ta1357636t1cvn/chi-tiet-ban-an
https://congbobanan.toaan.gov.vn/2ta1357543t1cvn/chi-tiet-ban-an,"Bản án:số 80 ngày 29/09/2023 của  TAND huyện Vĩnh Cửu,  tỉnh Đồng Nai(30.10.2023)",/2ta1357543t1cvn/chi-tiet-ban-an
https://congbobanan.toaan.gov.vn/2ta1357517t1cvn/chi-tiet-ban-an,"Bản án:số 88 ngày 29/09/2023 của  TAND huyện Vĩnh Cửu,  tỉnh Đồng Nai(30.10.2023)",/2ta1357517t1cvn/chi-tiet-ban-an
https://congbobanan.toaan.gov.vn/2ta1357504t1cvn/chi-tiet-ban-an,"Bản án:số 78 ngày 29/09/2023 của  TAND huyện Vĩnh Cửu,  tỉnh Đồng Nai(30.10.2023)",/2ta1357504t1cvn/chi-tiet-ban-an
https://congbobanan.toaan.gov.vn/2ta1356257t1cvn/chi-tiet-ban-an,"Bản án:số 07 ngày 08/09/2023 của  TAND TX. Dĩ An,  tỉnh Bình Dương(27.10.2023)",/2ta1356257t1cvn/chi-tiet-ban-an
https://congbobanan.toaan.gov.vn/2ta1356241t1cvn/chi-tiet-ban-an,"Bản án:số 27 ngày 07/09/2023 của  TAND huyện Vĩnh Cửu,  tỉnh Đồng Nai(27.10.2023)",/2ta1356241t1cvn/chi-tiet-ban-an
https://congbobanan.toaan.gov.vn/2ta1356220t1cvn/chi-tiet-ban-an,"Bản án:số 26 ngày 07/09/2023 của  TAND huyện Vĩnh Cửu,  tỉnh Đồng Nai(27.10.2023)",/2ta1356220t1cvn/chi-tiet-ban-an
https://congbobanan.toaan.gov.vn/2ta1356239t1cvn/chi-tiet-ban-an,"Bản án:số 25 ngày 07/09/2023 của  TAND huyện Vĩnh Cửu,  tỉnh Đồng Nai(27.10.2023)",/2ta1356239t1cvn/chi-tiet-ban-an
https://congbobanan.toaan.gov.vn/2ta1298357t1cvn/chi-tiet-ban-an,"Bản án:số 06 ngày 09/08/2023 của  TAND TP. Biên Hòa,  tỉnh Đồng Nai(27.10.2023)",/2ta1298357t1cvn/chi-tiet-ban-an
https://congbobanan.toaan.gov.vn/2ta1355991t1cvn/chi-tiet-ban-an,"Bản án:số 14 ngày 25/09/2023 của  TAND TX. Thuận An,  tỉnh Bình Dương(27.10.2023)",/2ta1355991t1cvn/chi-tiet-ban-an
https://congbobanan.toaan.gov.vn/2ta1355989t1cvn/chi-tiet-ban-an,"Bản án:số 13 ngày 25/09/2023 của  TAND TX. Thuận An,  tỉnh Bình Dương(27.10.2023)",/2ta1355989t1cvn/chi-tiet-ban-an
https://congbobanan.toaan.gov.vn/2ta1353505t1cvn/chi-tiet-ban-an,"Bản án:số 24 ngày 07/09/2023 của  TAND huyện Vĩnh Cửu,  tỉnh Đồng Nai(22.10.2023)",/2ta1353505t1cvn/chi-tiet-ban-an
https://congbobanan.toaan.gov.vn/2ta1353504t1cvn/chi-tiet-ban-an,"Bản án:số 23 ngày 07/09/2023 của  TAND huyện Vĩnh Cửu,  tỉnh Đồng Nai(22.10.2023)",/2ta1353504t1cvn/chi-tiet-ban-an
https://congbobanan.toaan.gov.vn/2ta1353503t1cvn/chi-tiet-ban-an,"Bản án:số 22 ngày 07/09/2023 của  TAND huyện Vĩnh Cửu,  tỉnh Đồng Nai(22.10.2023)",/2ta1353503t1cvn/chi-tiet-ban-an
https://congbobanan.toaan.gov.vn/2ta1353425t1cvn/chi-tiet-ban-an,Bản án:số 06 ngày 21/04/2023 của TAND tỉnh Bà Rịa_Vũng Tàu(21.10.2023),/2ta1353425t1cvn/chi-tiet-ban-an
https://congbobanan.toaan.gov.vn/2ta1353414t1cvn/chi-tiet-ban-an,Bản án:số 07 ngày 21/04/2023 của TAND tỉnh Bà Rịa_Vũng Tàu(21.10.2023),/2ta1353414t1cvn/chi-tiet-ban-an
https://congbobanan.toaan.gov.vn/2ta1350968t1cvn/chi-tiet-ban-an,"Bản án:số 1040 ngày 16/08/2023 của  TAND huyện Cần Giuộc,  tỉnh Long An(13.10.2023)",/2ta1350968t1cvn/chi-tiet-ban-an
https://congbobanan.toaan.gov.vn/2ta1350969t1cvn/chi-tiet-ban-an,"Bản án:số 1042 ngày 16/08/2023 của  TAND huyện Cần Giuộc,  tỉnh Long An(13.10.2023)",/2ta1350969t1cvn/chi-tiet-ban-an
https://congbobanan.toaan.gov.vn/2ta1350970t1cvn/chi-tiet-ban-an,"Bản án:số 1044 ngày 16/08/2023 của  TAND huyện Cần Giuộc,  tỉnh Long An(13.10.2023)",/2ta1350970t1cvn/chi-tiet-ban-an
https://congbobanan.toaan.gov.vn/2ta1350971t1cvn/chi-tiet-ban-an,"Bản án:số 1045 ngày 16/08/2023 của  TAND huyện Cần Giuộc,  tỉnh Long An(13.10.2023)",/2ta1350971t1cvn/chi-tiet-ban-an
https://congbobanan.toaan.gov.vn/2ta1350981t1cvn/chi-tiet-ban-an,"Bản án:số 1039 ngày 16/08/2023 của  TAND huyện Cần Giuộc,  tỉnh Long An(13.10.2023)",/2ta1350981t1cvn/chi-tiet-ban-an
https://congbobanan.toaan.gov.vn/2ta1350983t1cvn/chi-tiet-ban-an,"Bản án:số 1041 ngày 16/08/2023 của  TAND huyện Cần Giuộc,  tỉnh Long An(13.10.2023)",/2ta1350983t1cvn/chi-tiet-ban-an
https://congbobanan.toaan.gov.vn/2ta1350987t1cvn/chi-tiet-ban-an,"Bản án:số 1043 ngày 16/08/2023 của  TAND huyện Cần Giuộc,  tỉnh Long An(13.10.2023)",/2ta1350987t1cvn/chi-tiet-ban-an
https://congbobanan.toaan.gov.vn/2ta1350990t1cvn/chi-tiet-ban-an,"Bản án:số 1046 ngày 16/08/2023 của  TAND huyện Cần Giuộc,  tỉnh Long An(13.10.2023)",/2ta1350990t1cvn/chi-tiet-ban-an
https://congbobanan.toaan.gov.vn/2ta1350941t1cvn/chi-tiet-ban-an,Bản án:số 08 ngày 28/09/2023 của TAND cấp cao tại TP Hồ Chí Minh(13.10.2023),/2ta1350941t1cvn/chi-tiet-ban-an
https://congbobanan.toaan.gov.vn/2ta1350786t1cvn/chi-tiet-ban-an,"Bản án:số 01 ngày 31/08/2023 của  TAND TP. Cao Lãnh,  tỉnh Đồng Tháp(13.10.2023)",/2ta1350786t1cvn/chi-tiet-ban-an
https://congbobanan.toaan.gov.vn/2ta1350333t1cvn/chi-tiet-ban-an,"Bản án:số 1062 ngày 16/08/2023 của  TAND huyện Cần Giuộc,  tỉnh Long An(12.10.2023)",/2ta1350333t1cvn/chi-tiet-ban-an
https://congbobanan.toaan.gov.vn/2ta1350334t1cvn/chi-tiet-ban-an,"Bản án:số 1064 ngày 16/08/2023 của  TAND huyện Cần Giuộc,  tỉnh Long An(12.10.2023)",/2ta1350334t1cvn/chi-tiet-ban-an
https://congbobanan.toaan.gov.vn/2ta1350335t1cvn/chi-tiet-ban-an,"Bản án:số 1065 ngày 16/08/2023 của  TAND huyện Cần Giuộc,  tỉnh Long An(12.10.2023)",/2ta1350335t1cvn/chi-tiet-ban-an
https://congbobanan.toaan.gov.vn/2ta1350336t1cvn/chi-tiet-ban-an,"Bản án:số 1066 ngày 16/08/2023 của  TAND huyện Cần Giuộc,  tỉnh Long An(12.10.2023)",/2ta1350336t1cvn/chi-tiet-ban-an
https://congbobanan.toaan.gov.vn/2ta1350337t1cvn/chi-tiet-ban-an,"Bản án:số 1078 ngày 17/08/2023 của  TAND huyện Cần Giuộc,  tỉnh Long An(12.10.2023)",/2ta1350337t1cvn/chi-tiet-ban-an
https://congbobanan.toaan.gov.vn/2ta1350338t1cvn/chi-tiet-ban-an,"Bản án:số 1079 ngày 17/08/2023 của  TAND huyện Cần Giuộc,  tỉnh Long An(12.10.2023)",/2ta1350338t1cvn/chi-tiet-ban-an
https://congbobanan.toaan.gov.vn/2ta1350344t1cvn/chi-tiet-ban-an,"Bản án:số 1063 ngày 16/08/2023 của  TAND huyện Cần Giuộc,  tỉnh Long An(12.10.2023)",/2ta1350344t1cvn/chi-tiet-ban-an
https://congbobanan.toaan.gov.vn/2ta1350347t1cvn/chi-tiet-ban-an,"Bản án:số 1077 ngày 17/08/2023 của  TAND huyện Cần Giuộc,  tỉnh Long An(12.10.2023)",/2ta1350347t1cvn/chi-tiet-ban-an
https://congbobanan.toaan.gov.vn/2ta1350349t1cvn/chi-tiet-ban-an,"Bản án:số 1084 ngày 17/08/2023 của  TAND huyện Cần Giuộc,  tỉnh Long An(12.10.2023)",/2ta1350349t1cvn/chi-tiet-ban-an
https://congbobanan.toaan.gov.vn/2ta1350350t1cvn/chi-tiet-ban-an,"Bản án:số 1086 ngày 17/08/2023 của  TAND huyện Cần Giuộc,  tỉnh Long An(12.10.2023)",/2ta1350350t1cvn/chi-tiet-ban-an
https://congbobanan.toaan.gov.vn/2ta1350359t1cvn/chi-tiet-ban-an,"Bản án:số 1080 ngày 17/08/2023 của  TAND huyện Cần Giuộc,  tỉnh Long An(12.10.2023)",/2ta1350359t1cvn/chi-tiet-ban-an
https://congbobanan.toaan.gov.vn/2ta1350360t1cvn/chi-tiet-ban-an,"Bản án:số 1081 ngày 17/08/2023 của  TAND huyện Cần Giuộc,  tỉnh Long An(12.10.2023)",/2ta1350360t1cvn/chi-tiet-ban-an
https://congbobanan.toaan.gov.vn/2ta1350361t1cvn/chi-tiet-ban-an,"Bản án:số 1082 ngày 17/08/2023 của  TAND huyện Cần Giuộc,  tỉnh Long An(12.10.2023)",/2ta1350361t1cvn/chi-tiet-ban-an
https://congbobanan.toaan.gov.vn/2ta1350362t1cvn/chi-tiet-ban-an,"Bản án:số 1083 ngày 17/08/2023 của  TAND huyện Cần Giuộc,  tỉnh Long An(12.10.2023)",/2ta1350362t1cvn/chi-tiet-ban-an
https://congbobanan.toaan.gov.vn/2ta1350173t1cvn/chi-tiet-ban-an,"Bản án:số 1018 ngày 15/08/2023 của  TAND huyện Cần Giuộc,  tỉnh Long An(11.10.2023)",/2ta1350173t1cvn/chi-tiet-ban-an
https://congbobanan.toaan.gov.vn/2ta1350174t1cvn/chi-tiet-ban-an,"Bản án:số 1019 ngày 15/08/2023 của  TAND huyện Cần Giuộc,  tỉnh Long An(11.10.2023)",/2ta1350174t1cvn/chi-tiet-ban-an
https://congbobanan.toaan.gov.vn/2ta1350182t1cvn/chi-tiet-ban-an,"Bản án:số 1017 ngày 15/08/2023 của  TAND huyện Cần Giuộc,  tỉnh Long An(11.10.2023)",/2ta1350182t1cvn/chi-tiet-ban-an
https://congbobanan.toaan.gov.vn/2ta1350213t1cvn/chi-tiet-ban-an,"Bản án:số 1020 ngày 15/08/2023 của  TAND huyện Cần Giuộc,  tỉnh Long An(11.10.2023)",/2ta1350213t1cvn/chi-tiet-ban-an
https://congbobanan.toaan.gov.vn/2ta1350216t1cvn/chi-tiet-ban-an,"Bản án:số 1024 ngày 15/08/2023 của  TAND huyện Cần Giuộc,  tỉnh Long An(11.10.2023)",/2ta1350216t1cvn/chi-tiet-ban-an
https://congbobanan.toaan.gov.vn/2ta1350228t1cvn/chi-tiet-ban-an,"Bản án:số 1021 ngày 15/08/2023 của  TAND huyện Cần Giuộc,  tỉnh Long An(11.10.2023)",/2ta1350228t1cvn/chi-tiet-ban-an
https://congbobanan.toaan.gov.vn/2ta1350229t1cvn/chi-tiet-ban-an,"Bản án:số 1022 ngày 15/08/2023 của  TAND huyện Cần Giuộc,  tỉnh Long An(11.10.2023)",/2ta1350229t1cvn/chi-tiet-ban-an
https://congbobanan.toaan.gov.vn/2ta1350230t1cvn/chi-tiet-ban-an,"Bản án:số 1023 ngày 15/08/2023 của  TAND huyện Cần Giuộc,  tỉnh Long An(11.10.2023)",/2ta1350230t1cvn/chi-tiet-ban-an
https://congbobanan.toaan.gov.vn/2ta1350233t1cvn/chi-tiet-ban-an,"Bản án:số 1025 ngày 15/08/2023 của  TAND huyện Cần Giuộc,  tỉnh Long An(11.10.2023)",/2ta1350233t1cvn/chi-tiet-ban-an
https://congbobanan.toaan.gov.vn/2ta1350235t1cvn/chi-tiet-ban-an,"Bản án:số 1026 ngày 15/08/2023 của  TAND huyện Cần Giuộc,  tỉnh Long An(11.10.2023)",/2ta1350235t1cvn/chi-tiet-ban-an
https://congbobanan.toaan.gov.vn/2ta1349508t1cvn/chi-tiet-ban-an,"Bản án:số 1008 ngày 14/08/2023 của  TAND huyện Cần Giuộc,  tỉnh Long An(10.10.2023)",/2ta1349508t1cvn/chi-tiet-ban-an
https://congbobanan.toaan.gov.vn/2ta1349510t1cvn/chi-tiet-ban-an,"Bản án:số 1012 ngày 14/08/2023 của  TAND huyện Cần Giuộc,  tỉnh Long An(10.10.2023)",/2ta1349510t1cvn/chi-tiet-ban-an
https://congbobanan.toaan.gov.vn/2ta1349513t1cvn/chi-tiet-ban-an,"Bản án:số 1016 ngày 14/08/2023 của  TAND huyện Cần Giuộc,  tỉnh Long An(10.10.2023)",/2ta1349513t1cvn/chi-tiet-ban-an
https://congbobanan.toaan.gov.vn/2ta1349523t1cvn/chi-tiet-ban-an,"Bản án:số 1007 ngày 14/08/2023 của  TAND huyện Cần Giuộc,  tỉnh Long An(10.10.2023)",/2ta1349523t1cvn/chi-tiet-ban-an
https://congbobanan.toaan.gov.vn/2ta1349526t1cvn/chi-tiet-ban-an,"Bản án:số 1009 ngày 14/08/2023 của  TAND huyện Cần Giuộc,  tỉnh Long An(10.10.2023)",/2ta1349526t1cvn/chi-tiet-ban-an
https://congbobanan.toaan.gov.vn/2ta1349527t1cvn/chi-tiet-ban-an,"Bản án:số 1010 ngày 14/08/2023 của  TAND huyện Cần Giuộc,  tỉnh Long An(10.10.2023)",/2ta1349527t1cvn/chi-tiet-ban-an
https://congbobanan.toaan.gov.vn/2ta1349529t1cvn/chi-tiet-ban-an,"Bản án:số 1011 ngày 14/08/2023 của  TAND huyện Cần Giuộc,  tỉnh Long An(10.10.2023)",/2ta1349529t1cvn/chi-tiet-ban-an
https://congbobanan.toaan.gov.vn/2ta1349530t1cvn/chi-tiet-ban-an,"Bản án:số 1013 ngày 14/08/2023 của  TAND huyện Cần Giuộc,  tỉnh Long An(10.10.2023)",/2ta1349530t1cvn/chi-tiet-ban-an
https://congbobanan.toaan.gov.vn/2ta1349531t1cvn/chi-tiet-ban-an,"Bản án:số 1014 ngày 14/08/2023 của  TAND huyện Cần Giuộc,  tỉnh Long An(10.10.2023)",/2ta1349531t1cvn/chi-tiet-ban-an
https://congbobanan.toaan.gov.vn/2ta1349533t1cvn/chi-tiet-ban-an,"Bản án:số 1015 ngày 14/08/2023 của  TAND huyện Cần Giuộc,  tỉnh Long An(10.10.2023)",/2ta1349533t1cvn/chi-tiet-ban-an
https://congbobanan.toaan.gov.vn/2ta1349488t1cvn/chi-tiet-ban-an,"Bản án:số 961 ngày 11/08/2023 của  TAND huyện Cần Giuộc,  tỉnh Long An(10.10.2023)",/2ta1349488t1cvn/chi-tiet-ban-an
https://congbobanan.toaan.gov.vn/2ta1349492t1cvn/chi-tiet-ban-an,"Bản án:số 962 ngày 11/08/2023 của  TAND huyện Cần Giuộc,  tỉnh Long An(10.10.2023)",/2ta1349492t1cvn/chi-tiet-ban-an
https://congbobanan.toaan.gov.vn/2ta1349494t1cvn/chi-tiet-ban-an,"Bản án:số 963 ngày 11/08/2023 của  TAND huyện Cần Giuộc,  tỉnh Long An(10.10.2023)",/2ta1349494t1cvn/chi-tiet-ban-an
https://congbobanan.toaan.gov.vn/2ta1349495t1cvn/chi-tiet-ban-an,"Bản án:số 964 ngày 11/08/2023 của  TAND huyện Cần Giuộc,  tỉnh Long An(10.10.2023)",/2ta1349495t1cvn/chi-tiet-ban-an
https://congbobanan.toaan.gov.vn/2ta1349496t1cvn/chi-tiet-ban-an,"Bản án:số 965 ngày 11/08/2023 của  TAND huyện Cần Giuộc,  tỉnh Long An(10.10.2023)",/2ta1349496t1cvn/chi-tiet-ban-an
https://congbobanan.toaan.gov.vn/2ta1349498t1cvn/chi-tiet-ban-an,"Bản án:số 970 ngày 11/08/2023 của  TAND huyện Cần Giuộc,  tỉnh Long An(10.10.2023)",/2ta1349498t1cvn/chi-tiet-ban-an
https://congbobanan.toaan.gov.vn/2ta1349499t1cvn/chi-tiet-ban-an,"Bản án:số 966 ngày 11/08/2023 của  TAND huyện Cần Giuộc,  tỉnh Long An(10.10.2023)",/2ta1349499t1cvn/chi-tiet-ban-an
https://congbobanan.toaan.gov.vn/2ta1349500t1cvn/chi-tiet-ban-an,"Bản án:số 967 ngày 11/08/2023 của  TAND huyện Cần Giuộc,  tỉnh Long An(10.10.2023)",/2ta1349500t1cvn/chi-tiet-ban-an
https://congbobanan.toaan.gov.vn/2ta1349501t1cvn/chi-tiet-ban-an,"Bản án:số 968 ngày 11/08/2023 của  TAND huyện Cần Giuộc,  tỉnh Long An(10.10.2023)",/2ta1349501t1cvn/chi-tiet-ban-an
https://congbobanan.toaan.gov.vn/2ta1349503t1cvn/chi-tiet-ban-an,"Bản án:số 969 ngày 11/08/2023 của  TAND huyện Cần Giuộc,  tỉnh Long An(10.10.2023)",/2ta1349503t1cvn/chi-tiet-ban-an
https://congbobanan.toaan.gov.vn/2ta1347479t1cvn/chi-tiet-ban-an,Bản án:số 01 ngày 13/07/2023 của TAND tỉnh Cà Mau(04.10.2023),/2ta1347479t1cvn/chi-tiet-ban-an
https://congbobanan.toaan.gov.vn/2ta1347355t1cvn/chi-tiet-ban-an,"Bản án:số 1062 ngày 16/08/2023 của  TAND huyện Cần Giuộc,  tỉnh Long An(04.10.2023)",/2ta1347355t1cvn/chi-tiet-ban-an
https://congbobanan.toaan.gov.vn/2ta1347358t1cvn/chi-tiet-ban-an,"Bản án:số 1063 ngày 16/08/2023 của  TAND huyện Cần Giuộc,  tỉnh Long An(04.10.2023)",/2ta1347358t1cvn/chi-tiet-ban-an
https://congbobanan.toaan.gov.vn/2ta1347370t1cvn/chi-tiet-ban-an,"Bản án:số 1064 ngày 16/08/2023 của  TAND huyện Cần Giuộc,  tỉnh Long An(04.10.2023)",/2ta1347370t1cvn/chi-tiet-ban-an
https://congbobanan.toaan.gov.vn/2ta1347371t1cvn/chi-tiet-ban-an,"Bản án:số 1065 ngày 16/08/2023 của  TAND huyện Cần Giuộc,  tỉnh Long An(04.10.2023)",/2ta1347371t1cvn/chi-tiet-ban-an
https://congbobanan.toaan.gov.vn/2ta1347381t1cvn/chi-tiet-ban-an,"Bản án:số 1066 ngày 16/08/2023 của  TAND huyện Cần Giuộc,  tỉnh Long An(04.10.2023)",/2ta1347381t1cvn/chi-tiet-ban-an
https://congbobanan.toaan.gov.vn/2ta1347337t1cvn/chi-tiet-ban-an,"Bản án:số 1060 ngày 16/08/2023 của  TAND huyện Cần Giuộc,  tỉnh Long An(04.10.2023)",/2ta1347337t1cvn/chi-tiet-ban-an
https://congbobanan.toaan.gov.vn/2ta1347317t1cvn/chi-tiet-ban-an,"Bản án:số 1059 ngày 16/08/2023 của  TAND huyện Cần Giuộc,  tỉnh Long An(04.10.2023)",/2ta1347317t1cvn/chi-tiet-ban-an
https://congbobanan.toaan.gov.vn/2ta1347341t1cvn/chi-tiet-ban-an,"Bản án:số 1061 ngày 16/08/2023 của  TAND huyện Cần Giuộc,  tỉnh Long An(04.10.2023)",/2ta1347341t1cvn/chi-tiet-ban-an
https://congbobanan.toaan.gov.vn/2ta1346506t1cvn/chi-tiet-ban-an,"Bản án:số 612 ngày 21/07/2023 của  TAND huyện Cần Giuộc,  tỉnh Long An(03.10.2023)",/2ta1346506t1cvn/chi-tiet-ban-an
https://congbobanan.toaan.gov.vn/2ta1346512t1cvn/chi-tiet-ban-an,"Bản án:số 616 ngày 21/07/2023 của  TAND huyện Cần Giuộc,  tỉnh Long An(03.10.2023)",/2ta1346512t1cvn/chi-tiet-ban-an
https://congbobanan.toaan.gov.vn/2ta1346516t1cvn/chi-tiet-ban-an,"Bản án:số 618 ngày 22/07/2023 của  TAND huyện Cần Giuộc,  tỉnh Long An(03.10.2023)",/2ta1346516t1cvn/chi-tiet-ban-an
https://congbobanan.toaan.gov.vn/2ta1346517t1cvn/chi-tiet-ban-an,"Bản án:số 619 ngày 22/07/2023 của  TAND huyện Cần Giuộc,  tỉnh Long An(03.10.2023)",/2ta1346517t1cvn/chi-tiet-ban-an
https://congbobanan.toaan.gov.vn/2ta1346518t1cvn/chi-tiet-ban-an,"Bản án:số 620 ngày 22/07/2023 của  TAND huyện Cần Giuộc,  tỉnh Long An(03.10.2023)",/2ta1346518t1cvn/chi-tiet-ban-an
https://congbobanan.toaan.gov.vn/2ta1346525t1cvn/chi-tiet-ban-an,"Bản án:số 613 ngày 21/07/2023 của  TAND huyện Cần Giuộc,  tỉnh Long An(03.10.2023)",/2ta1346525t1cvn/chi-tiet-ban-an
https://congbobanan.toaan.gov.vn/2ta1346527t1cvn/chi-tiet-ban-an,"Bản án:số 614 ngày 21/07/2023 của  TAND huyện Cần Giuộc,  tỉnh Long An(03.10.2023)",/2ta1346527t1cvn/chi-tiet-ban-an
https://congbobanan.toaan.gov.vn/2ta1346529t1cvn/chi-tiet-ban-an,"Bản án:số 615 ngày 21/07/2023 của  TAND huyện Cần Giuộc,  tỉnh Long An(03.10.2023)",/2ta1346529t1cvn/chi-tiet-ban-an
https://congbobanan.toaan.gov.vn/2ta1346532t1cvn/chi-tiet-ban-an,"Bản án:số 617 ngày 22/07/2023 của  TAND huyện Cần Giuộc,  tỉnh Long An(03.10.2023)",/2ta1346532t1cvn/chi-tiet-ban-an
https://congbobanan.toaan.gov.vn/2ta1346539t1cvn/chi-tiet-ban-an,"Bản án:số 621 ngày 22/07/2023 của  TAND huyện Cần Giuộc,  tỉnh Long An(03.10.2023)",/2ta1346539t1cvn/chi-tiet-ban-an
https://congbobanan.toaan.gov.vn/2ta1346541t1cvn/chi-tiet-ban-an,"Bản án:số 624 ngày 22/07/2023 của  TAND huyện Cần Giuộc,  tỉnh Long An(03.10.2023)",/2ta1346541t1cvn/chi-tiet-ban-an
https://congbobanan.toaan.gov.vn/2ta1346542t1cvn/chi-tiet-ban-an,"Bản án:số 626 ngày 22/07/2023 của  TAND huyện Cần Giuộc,  tỉnh Long An(03.10.2023)",/2ta1346542t1cvn/chi-tiet-ban-an
https://congbobanan.toaan.gov.vn/2ta1346544t1cvn/chi-tiet-ban-an,"Bản án:số 627 ngày 22/07/2023 của  TAND huyện Cần Giuộc,  tỉnh Long An(03.10.2023)",/2ta1346544t1cvn/chi-tiet-ban-an
https://congbobanan.toaan.gov.vn/2ta1346549t1cvn/chi-tiet-ban-an,"Bản án:số 630 ngày 22/07/2023 của  TAND huyện Cần Giuộc,  tỉnh Long An(03.10.2023)",/2ta1346549t1cvn/chi-tiet-ban-an
https://congbobanan.toaan.gov.vn/2ta1346550t1cvn/chi-tiet-ban-an,"Bản án:số 631 ngày 22/07/2023 của  TAND huyện Cần Giuộc,  tỉnh Long An(03.10.2023)",/2ta1346550t1cvn/chi-tiet-ban-an
https://congbobanan.toaan.gov.vn/2ta1346559t1cvn/chi-tiet-ban-an,"Bản án:số 622 ngày 22/07/2023 của  TAND huyện Cần Giuộc,  tỉnh Long An(03.10.2023)",/2ta1346559t1cvn/chi-tiet-ban-an
https://congbobanan.toaan.gov.vn/2ta1346560t1cvn/chi-tiet-ban-an,"Bản án:số 623 ngày 22/07/2023 của  TAND huyện Cần Giuộc,  tỉnh Long An(03.10.2023)",/2ta1346560t1cvn/chi-tiet-ban-an
https://congbobanan.toaan.gov.vn/2ta1346561t1cvn/chi-tiet-ban-an,"Bản án:số 625 ngày 22/07/2023 của  TAND huyện Cần Giuộc,  tỉnh Long An(03.10.2023)",/2ta1346561t1cvn/chi-tiet-ban-an
https://congbobanan.toaan.gov.vn/2ta1346575t1cvn/chi-tiet-ban-an,"Bản án:số 634 ngày 22/07/2023 của  TAND huyện Cần Giuộc,  tỉnh Long An(03.10.2023)",/2ta1346575t1cvn/chi-tiet-ban-an
https://congbobanan.toaan.gov.vn/2ta1346565t1cvn/chi-tiet-ban-an,"Bản án:số 628 ngày 22/07/2023 của  TAND huyện Cần Giuộc,  tỉnh Long An(03.10.2023)",/2ta1346565t1cvn/chi-tiet-ban-an
https://congbobanan.toaan.gov.vn/2ta1346568t1cvn/chi-tiet-ban-an,"Bản án:số 629 ngày 22/07/2023 của  TAND huyện Cần Giuộc,  tỉnh Long An(03.10.2023)",/2ta1346568t1cvn/chi-tiet-ban-an
https://congbobanan.toaan.gov.vn/2ta1346572t1cvn/chi-tiet-ban-an,"Bản án:số 632 ngày 22/07/2023 của  TAND huyện Cần Giuộc,  tỉnh Long An(03.10.2023)",/2ta1346572t1cvn/chi-tiet-ban-an
https://congbobanan.toaan.gov.vn/2ta1346574t1cvn/chi-tiet-ban-an,"Bản án:số 633 ngày 22/07/2023 của  TAND huyện Cần Giuộc,  tỉnh Long An(03.10.2023)",/2ta1346574t1cvn/chi-tiet-ban-an
https://congbobanan.toaan.gov.vn/2ta1346436t1cvn/chi-tiet-ban-an,"Bản án:số 566 ngày 20/07/2023 của  TAND huyện Cần Giuộc,  tỉnh Long An(03.10.2023)",/2ta1346436t1cvn/chi-tiet-ban-an
https://congbobanan.toaan.gov.vn/2ta1346437t1cvn/chi-tiet-ban-an,"Bản án:số 568 ngày 20/07/2023 của  TAND huyện Cần Giuộc,  tỉnh Long An(03.10.2023)",/2ta1346437t1cvn/chi-tiet-ban-an
https://congbobanan.toaan.gov.vn/2ta1346440t1cvn/chi-tiet-ban-an,"Bản án:số 557 ngày 20/07/2023 của  TAND huyện Cần Giuộc,  tỉnh Long An(03.10.2023)",/2ta1346440t1cvn/chi-tiet-ban-an
https://congbobanan.toaan.gov.vn/2ta1346442t1cvn/chi-tiet-ban-an,"Bản án:số 561 ngày 20/07/2023 của  TAND huyện Cần Giuộc,  tỉnh Long An(03.10.2023)",/2ta1346442t1cvn/chi-tiet-ban-an
https://congbobanan.toaan.gov.vn/2ta1346443t1cvn/chi-tiet-ban-an,"Bản án:số 562 ngày 20/07/2023 của  TAND huyện Cần Giuộc,  tỉnh Long An(03.10.2023)",/2ta1346443t1cvn/chi-tiet-ban-an
https://congbobanan.toaan.gov.vn/2ta1346445t1cvn/chi-tiet-ban-an,"Bản án:số 564 ngày 20/07/2023 của  TAND huyện Cần Giuộc,  tỉnh Long An(03.10.2023)",/2ta1346445t1cvn/chi-tiet-ban-an
https://congbobanan.toaan.gov.vn/2ta1346446t1cvn/chi-tiet-ban-an,"Bản án:số 565 ngày 20/07/2023 của  TAND huyện Cần Giuộc,  tỉnh Long An(03.10.2023)",/2ta1346446t1cvn/chi-tiet-ban-an
https://congbobanan.toaan.gov.vn/2ta1346449t1cvn/chi-tiet-ban-an,"Bản án:số 567 ngày 20/07/2023 của  TAND huyện Cần Giuộc,  tỉnh Long An(03.10.2023)",/2ta1346449t1cvn/chi-tiet-ban-an
https://congbobanan.toaan.gov.vn/2ta1346450t1cvn/chi-tiet-ban-an,"Bản án:số 569 ngày 20/07/2023 của  TAND huyện Cần Giuộc,  tỉnh Long An(03.10.2023)",/2ta1346450t1cvn/chi-tiet-ban-an
https://congbobanan.toaan.gov.vn/2ta1346451t1cvn/chi-tiet-ban-an,"Bản án:số 597 ngày 21/07/2023 của  TAND huyện Cần Giuộc,  tỉnh Long An(03.10.2023)",/2ta1346451t1cvn/chi-tiet-ban-an
https://congbobanan.toaan.gov.vn/2ta1346454t1cvn/chi-tiet-ban-an,"Bản án:số 598 ngày 21/07/2023 của  TAND huyện Cần Giuộc,  tỉnh Long An(03.10.2023)",/2ta1346454t1cvn/chi-tiet-ban-an
https://congbobanan.toaan.gov.vn/2ta1346456t1cvn/chi-tiet-ban-an,"Bản án:số 560 ngày 20/07/2023 của  TAND huyện Cần Giuộc,  tỉnh Long An(03.10.2023)",/2ta1346456t1cvn/chi-tiet-ban-an
https://congbobanan.toaan.gov.vn/2ta1346457t1cvn/chi-tiet-ban-an,"Bản án:số 600 ngày 21/07/2023 của  TAND huyện Cần Giuộc,  tỉnh Long An(03.10.2023)",/2ta1346457t1cvn/chi-tiet-ban-an
https://congbobanan.toaan.gov.vn/2ta1346458t1cvn/chi-tiet-ban-an,"Bản án:số 601 ngày 21/07/2023 của  TAND huyện Cần Giuộc,  tỉnh Long An(03.10.2023)",/2ta1346458t1cvn/chi-tiet-ban-an
https://congbobanan.toaan.gov.vn/2ta1346459t1cvn/chi-tiet-ban-an,"Bản án:số 599 ngày 21/07/2023 của  TAND huyện Cần Giuộc,  tỉnh Long An(03.10.2023)",/2ta1346459t1cvn/chi-tiet-ban-an
https://congbobanan.toaan.gov.vn/2ta1346460t1cvn/chi-tiet-ban-an,"Bản án:số 603 ngày 21/07/2023 của  TAND huyện Cần Giuộc,  tỉnh Long An(03.10.2023)",/2ta1346460t1cvn/chi-tiet-ban-an
https://congbobanan.toaan.gov.vn/2ta1346462t1cvn/chi-tiet-ban-an,"Bản án:số 605 ngày 21/07/2023 của  TAND huyện Cần Giuộc,  tỉnh Long An(03.10.2023)",/2ta1346462t1cvn/chi-tiet-ban-an
https://congbobanan.toaan.gov.vn/2ta1346466t1cvn/chi-tiet-ban-an,"Bản án:số 608 ngày 21/07/2023 của  TAND huyện Cần Giuộc,  tỉnh Long An(03.10.2023)",/2ta1346466t1cvn/chi-tiet-ban-an
https://congbobanan.toaan.gov.vn/2ta1346467t1cvn/chi-tiet-ban-an,"Bản án:số 609 ngày 21/07/2023 của  TAND huyện Cần Giuộc,  tỉnh Long An(03.10.2023)",/2ta1346467t1cvn/chi-tiet-ban-an
https://congbobanan.toaan.gov.vn/2ta1346469t1cvn/chi-tiet-ban-an,"Bản án:số 610 ngày 21/07/2023 của  TAND huyện Cần Giuộc,  tỉnh Long An(03.10.2023)",/2ta1346469t1cvn/chi-tiet-ban-an
https://congbobanan.toaan.gov.vn/2ta1346479t1cvn/chi-tiet-ban-an,"Bản án:số 602 ngày 21/07/2023 của  TAND huyện Cần Giuộc,  tỉnh Long An(03.10.2023)",/2ta1346479t1cvn/chi-tiet-ban-an
https://congbobanan.toaan.gov.vn/2ta1346480t1cvn/chi-tiet-ban-an,"Bản án:số 604 ngày 21/07/2023 của  TAND huyện Cần Giuộc,  tỉnh Long An(03.10.2023)",/2ta1346480t1cvn/chi-tiet-ban-an
https://congbobanan.toaan.gov.vn/2ta1346481t1cvn/chi-tiet-ban-an,"Bản án:số 606 ngày 21/07/2023 của  TAND huyện Cần Giuộc,  tỉnh Long An(03.10.2023)",/2ta1346481t1cvn/chi-tiet-ban-an
https://congbobanan.toaan.gov.vn/2ta1346482t1cvn/chi-tiet-ban-an,"Bản án:số 607 ngày 21/07/2023 của  TAND huyện Cần Giuộc,  tỉnh Long An(03.10.2023)",/2ta1346482t1cvn/chi-tiet-ban-an
https://congbobanan.toaan.gov.vn/2ta1346485t1cvn/chi-tiet-ban-an,"Bản án:số 611 ngày 21/07/2023 của  TAND huyện Cần Giuộc,  tỉnh Long An(03.10.2023)",/2ta1346485t1cvn/chi-tiet-ban-an
https://congbobanan.toaan.gov.vn/2ta1346417t1cvn/chi-tiet-ban-an,"Bản án:số 551 ngày 20/07/2023 của  TAND huyện Cần Giuộc,  tỉnh Long An(03.10.2023)",/2ta1346417t1cvn/chi-tiet-ban-an
https://congbobanan.toaan.gov.vn/2ta1346422t1cvn/chi-tiet-ban-an,"Bản án:số 552 ngày 20/07/2023 của  TAND huyện Cần Giuộc,  tỉnh Long An(03.10.2023)",/2ta1346422t1cvn/chi-tiet-ban-an
https://congbobanan.toaan.gov.vn/2ta1346424t1cvn/chi-tiet-ban-an,"Bản án:số 554 ngày 20/07/2023 của  TAND huyện Cần Giuộc,  tỉnh Long An(03.10.2023)",/2ta1346424t1cvn/chi-tiet-ban-an
https://congbobanan.toaan.gov.vn/2ta1346425t1cvn/chi-tiet-ban-an,"Bản án:số 555 ngày 20/07/2023 của  TAND huyện Cần Giuộc,  tỉnh Long An(03.10.2023)",/2ta1346425t1cvn/chi-tiet-ban-an
https://congbobanan.toaan.gov.vn/2ta1346426t1cvn/chi-tiet-ban-an,"Bản án:số 556 ngày 20/07/2023 của  TAND huyện Cần Giuộc,  tỉnh Long An(03.10.2023)",/2ta1346426t1cvn/chi-tiet-ban-an
https://congbobanan.toaan.gov.vn/2ta1346428t1cvn/chi-tiet-ban-an,"Bản án:số 558 ngày 20/07/2023 của  TAND huyện Cần Giuộc,  tỉnh Long An(03.10.2023)",/2ta1346428t1cvn/chi-tiet-ban-an
https://congbobanan.toaan.gov.vn/2ta1346429t1cvn/chi-tiet-ban-an,"Bản án:số 559 ngày 20/07/2023 của  TAND huyện Cần Giuộc,  tỉnh Long An(03.10.2023)",/2ta1346429t1cvn/chi-tiet-ban-an
https://congbobanan.toaan.gov.vn/2ta1346431t1cvn/chi-tiet-ban-an,"Bản án:số 560 ngày 20/07/2023 của  TAND huyện Cần Giuộc,  tỉnh Long An(03.10.2023)",/2ta1346431t1cvn/chi-tiet-ban-an
https://congbobanan.toaan.gov.vn/2ta1346432t1cvn/chi-tiet-ban-an,"Bản án:số 563 ngày 20/07/2023 của  TAND huyện Cần Giuộc,  tỉnh Long An(03.10.2023)",/2ta1346432t1cvn/chi-tiet-ban-an
https://congbobanan.toaan.gov.vn/2ta1346418t1cvn/chi-tiet-ban-an,"Bản án:số 553 ngày 20/07/2023 của  TAND huyện Cần Giuộc,  tỉnh Long An(03.10.2023)",/2ta1346418t1cvn/chi-tiet-ban-an
https://congbobanan.toaan.gov.vn/2ta1346416t1cvn/chi-tiet-ban-an,"Bản án:số 550 ngày 20/07/2023 của  TAND huyện Cần Giuộc,  tỉnh Long An(03.10.2023)",/2ta1346416t1cvn/chi-tiet-ban-an
https://congbobanan.toaan.gov.vn/2ta1345638t1cvn/chi-tiet-ban-an,Bản án:số 600 ngày 26/09/2023 của TAND TP. Hồ Chí Minh(02.10.2023),/2ta1345638t1cvn/chi-tiet-ban-an
https://congbobanan.toaan.gov.vn/2ta1345382t1cvn/chi-tiet-ban-an,Bản án:số 538 ngày 05/05/2023 của TAND TP. Hồ Chí Minh(02.10.2023),/2ta1345382t1cvn/chi-tiet-ban-an
https://congbobanan.toaan.gov.vn/2ta1345170t1cvn/chi-tiet-ban-an,Bản án:số 01 ngày 20/07/2023 của TAND tỉnh Phú Thọ(02.10.2023),/2ta1345170t1cvn/chi-tiet-ban-an
https://congbobanan.toaan.gov.vn/2ta1345269t1cvn/chi-tiet-ban-an,Bản án:số 14 ngày 23/05/2023 của TAND tỉnh Bình Dương(02.10.2023),/2ta1345269t1cvn/chi-tiet-ban-an
https://congbobanan.toaan.gov.vn/2ta1345110t1cvn/chi-tiet-ban-an,Bản án:số 78 ngày 12/01/2023 của TAND TP. Hồ Chí Minh(02.10.2023),/2ta1345110t1cvn/chi-tiet-ban-an
https://congbobanan.toaan.gov.vn/2ta1345112t1cvn/chi-tiet-ban-an,Bản án:số 653 ngày 12/06/2023 của TAND TP. Hồ Chí Minh(02.10.2023),/2ta1345112t1cvn/chi-tiet-ban-an
https://congbobanan.toaan.gov.vn/2ta1345062t1cvn/chi-tiet-ban-an,"Bản án:số 10 ngày 29/06/2023 của  TAND huyện Vĩnh Cửu,  tỉnh Đồng Nai(02.10.2023)",/2ta1345062t1cvn/chi-tiet-ban-an
https://congbobanan.toaan.gov.vn/2ta1344660t1cvn/chi-tiet-ban-an,"Bản án:số 02 ngày 26/04/2023 của  TAND Quận 3,  TP. Hồ Chí Minh(01.10.2023)",/2ta1344660t1cvn/chi-tiet-ban-an
https://congbobanan.toaan.gov.vn/2ta1308310t1cvn/chi-tiet-ban-an,"Bản án:số 02 ngày 30/06/2023 của  TAND TX. Thuận An,  tỉnh Bình Dương(01.10.2023)",/2ta1308310t1cvn/chi-tiet-ban-an
https://congbobanan.toaan.gov.vn/2ta1308318t1cvn/chi-tiet-ban-an,"Bản án:số 03 ngày 30/06/2023 của  TAND TX. Thuận An,  tỉnh Bình Dương(01.10.2023)",/2ta1308318t1cvn/chi-tiet-ban-an
https://congbobanan.toaan.gov.vn/2ta1343111t1cvn/chi-tiet-ban-an,"Bản án:số 05 ngày 21/08/2023 của  TAND huyện Củ Chi,  TP. Hồ Chí Minh(30.09.2023)",/2ta1343111t1cvn/chi-tiet-ban-an
https://congbobanan.toaan.gov.vn/2ta1340943t1cvn/chi-tiet-ban-an,"Bản án:số 09 ngày 07/07/2023 của  TAND TP. Qui Nhơn,  tỉnh Bình Định(30.09.2023)",/2ta1340943t1cvn/chi-tiet-ban-an
https://congbobanan.toaan.gov.vn/2ta1340152t1cvn/chi-tiet-ban-an,"Bản án:số 23/2023 ngày 12/06/2023 của  TAND Q. Tân Bình,  TP. Hồ Chí Minh(30.09.2023)",/2ta1340152t1cvn/chi-tiet-ban-an
https://congbobanan.toaan.gov.vn/2ta1339808t1cvn/chi-tiet-ban-an,Bản án:số 07 ngày 22/09/2023 của TAND tỉnh Đồng Nai(30.09.2023),/2ta1339808t1cvn/chi-tiet-ban-an
https://congbobanan.toaan.gov.vn/2ta1339780t1cvn/chi-tiet-ban-an,Bản án:số 06 ngày 21/09/2023 của TAND tỉnh Đồng Nai(30.09.2023),/2ta1339780t1cvn/chi-tiet-ban-an
https://congbobanan.toaan.gov.vn/2ta1339681t1cvn/chi-tiet-ban-an,Bản án:số 13 ngày 08/09/2023 của TAND tỉnh Đồng Nai(30.09.2023),/2ta1339681t1cvn/chi-tiet-ban-an
https://congbobanan.toaan.gov.vn/2ta1339365t1cvn/chi-tiet-ban-an,"Bản án:số 11 ngày 18/07/2023 của  TAND TP. Qui Nhơn,  tỉnh Bình Định(30.09.2023)",/2ta1339365t1cvn/chi-tiet-ban-an
https://congbobanan.toaan.gov.vn/2ta1337721t1cvn/chi-tiet-ban-an,"Bản án:số 03 ngày 12/07/2023 của  TAND TX. Tân Uyên,  tỉnh Bình Dương(30.09.2023)",/2ta1337721t1cvn/chi-tiet-ban-an
https://congbobanan.toaan.gov.vn/2ta1337258t1cvn/chi-tiet-ban-an,"Bản án:số 04 ngày 17/07/2023 của  TAND TP. Long Xuyên,  tỉnh An Giang(30.09.2023)",/2ta1337258t1cvn/chi-tiet-ban-an
https://congbobanan.toaan.gov.vn/2ta1335899t1cvn/chi-tiet-ban-an,"Bản án:số 21/2023/LĐ-ST ngày 24/05/2023 của  TAND Q. Tân Bình,  TP. Hồ Chí Minh(30.09.2023)",/2ta1335899t1cvn/chi-tiet-ban-an
https://congbobanan.toaan.gov.vn/2ta1334170t1cvn/chi-tiet-ban-an,Bản án:số 01/2023/LĐ-PT ngày 20/09/2023 của TAND tỉnh Ninh Thuận(30.09.2023),/2ta1334170t1cvn/chi-tiet-ban-an
https://congbobanan.toaan.gov.vn/2ta1334052t1cvn/chi-tiet-ban-an,"Bản án:số 02/2023/LĐST ngày 19/06/2023 của  TAND Quận 8,  TP. Hồ Chí Minh(30.09.2023)",/2ta1334052t1cvn/chi-tiet-ban-an
https://congbobanan.toaan.gov.vn/2ta1334069t1cvn/chi-tiet-ban-an,"Bản án:số 01/2023/LĐST ngày 19/06/2023 của  TAND Quận 8,  TP. Hồ Chí Minh(30.09.2023)",/2ta1334069t1cvn/chi-tiet-ban-an
https://congbobanan.toaan.gov.vn/2ta1333844t1cvn/chi-tiet-ban-an,Bản án:số 802/2023/LĐ-PT ngày 01/08/2023 của TAND TP. Hồ Chí Minh(30.09.2023),/2ta1333844t1cvn/chi-tiet-ban-an
https://congbobanan.toaan.gov.vn/2ta1333782t1cvn/chi-tiet-ban-an,Bản án:số 719/2022/LĐ-PT ngày 30/11/2022 của TAND TP. Hồ Chí Minh(30.09.2023),/2ta1333782t1cvn/chi-tiet-ban-an
https://congbobanan.toaan.gov.vn/2ta1333741t1cvn/chi-tiet-ban-an,Bản án:số 620/2023/LĐ-PT ngày 30/05/2023 của TAND TP. Hồ Chí Minh(30.09.2023),/2ta1333741t1cvn/chi-tiet-ban-an
https://congbobanan.toaan.gov.vn/2ta1333719t1cvn/chi-tiet-ban-an,Bản án:số 617/2023/LĐ-PT ngày 29/05/2023 của TAND TP. Hồ Chí Minh(30.09.2023),/2ta1333719t1cvn/chi-tiet-ban-an
https://congbobanan.toaan.gov.vn/2ta1333706t1cvn/chi-tiet-ban-an,Bản án:số 597/2022/LĐ-PT ngày 23/09/2022 của TAND TP. Hồ Chí Minh(30.09.2023),/2ta1333706t1cvn/chi-tiet-ban-an
https://congbobanan.toaan.gov.vn/2ta1333680t1cvn/chi-tiet-ban-an,Bản án:số 429/2023/LĐ-PT ngày 07/04/2023 của TAND TP. Hồ Chí Minh(30.09.2023),/2ta1333680t1cvn/chi-tiet-ban-an
https://congbobanan.toaan.gov.vn/2ta1333645t1cvn/chi-tiet-ban-an,Bản án:số 428/2023/LĐ-PT ngày 10/04/2023 của TAND TP. Hồ Chí Minh(30.09.2023),/2ta1333645t1cvn/chi-tiet-ban-an
https://congbobanan.toaan.gov.vn/2ta1333634t1cvn/chi-tiet-ban-an,Bản án:số 207/2023/LĐ-PT ngày 27/02/2023 của TAND TP. Hồ Chí Minh(30.09.2023),/2ta1333634t1cvn/chi-tiet-ban-an
https://congbobanan.toaan.gov.vn/2ta1332442t1cvn/chi-tiet-ban-an,Bản án:số 538 ngày 05/05/2023 của TAND TP. Hồ Chí Minh(29.09.2023),/2ta1332442t1cvn/chi-tiet-ban-an
https://congbobanan.toaan.gov.vn/2ta1331143t1cvn/chi-tiet-ban-an,Bản án:số 173/2023/LĐ-PT ngày 20/02/2023 của TAND TP. Hồ Chí Minh(29.09.2023),/2ta1331143t1cvn/chi-tiet-ban-an
https://congbobanan.toaan.gov.vn/2ta1331115t1cvn/chi-tiet-ban-an,Bản án:số 171/2023/LĐ-PT ngày 17/02/2023 của TAND TP. Hồ Chí Minh(29.09.2023),/2ta1331115t1cvn/chi-tiet-ban-an
https://congbobanan.toaan.gov.vn/2ta1331105t1cvn/chi-tiet-ban-an,Bản án:số 148/2023/LĐ-PT ngày 10/02/2023 của TAND TP. Hồ Chí Minh(29.09.2023),/2ta1331105t1cvn/chi-tiet-ban-an
https://congbobanan.toaan.gov.vn/2ta1331083t1cvn/chi-tiet-ban-an,Bản án:số 36/2023/LĐ-PT ngày 09/01/2023 của TAND TP. Hồ Chí Minh(29.09.2023),/2ta1331083t1cvn/chi-tiet-ban-an
https://congbobanan.toaan.gov.vn/2ta1331044t1cvn/chi-tiet-ban-an,Bản án:số 34/2023/LĐ-PT ngày 09/01/2023 của TAND TP. Hồ Chí Minh(29.09.2023),/2ta1331044t1cvn/chi-tiet-ban-an
https://congbobanan.toaan.gov.vn/2ta1330727t1cvn/chi-tiet-ban-an,Bản án:số 533/2023/LĐ-ST ngày 18/04/2023 của TAND TP. Hồ Chí Minh(29.09.2023),/2ta1330727t1cvn/chi-tiet-ban-an
https://congbobanan.toaan.gov.vn/2ta1330466t1cvn/chi-tiet-ban-an,Bản án:số 613/2023/LĐ-PT ngày 29/05/2023 của TAND TP. Hồ Chí Minh(29.09.2023),/2ta1330466t1cvn/chi-tiet-ban-an
https://congbobanan.toaan.gov.vn/2ta1329923t1cvn/chi-tiet-ban-an,Bản án:số 605/2023/LĐ-PT ngày 25/05/2023 của TAND TP. Hồ Chí Minh(29.09.2023),/2ta1329923t1cvn/chi-tiet-ban-an
https://congbobanan.toaan.gov.vn/2ta1329757t1cvn/chi-tiet-ban-an,Bản án:số 815/2023/LĐ - PT ngày 02/08/2023 của TAND TP. Hồ Chí Minh(29.09.2023),/2ta1329757t1cvn/chi-tiet-ban-an
https://congbobanan.toaan.gov.vn/2ta1329496t1cvn/chi-tiet-ban-an,Bản án:số 325 ngày 20/03/2023 của TAND TP. Hồ Chí Minh(29.09.2023),/2ta1329496t1cvn/chi-tiet-ban-an
https://congbobanan.toaan.gov.vn/2ta1329543t1cvn/chi-tiet-ban-an,Bản án:số 530 ngày 28/04/2023 của TAND TP. Hồ Chí Minh(29.09.2023),/2ta1329543t1cvn/chi-tiet-ban-an
https://congbobanan.toaan.gov.vn/2ta1329554t1cvn/chi-tiet-ban-an,Bản án:số 198 ngày 23/02/2023 của TAND TP. Hồ Chí Minh(29.09.2023),/2ta1329554t1cvn/chi-tiet-ban-an
https://congbobanan.toaan.gov.vn/2ta1329642t1cvn/chi-tiet-ban-an,Bản án:số 332 ngày 21/03/2023 của TAND TP. Hồ Chí Minh(29.09.2023),/2ta1329642t1cvn/chi-tiet-ban-an
https://congbobanan.toaan.gov.vn/2ta1329652t1cvn/chi-tiet-ban-an,Bản án:số 366 ngày 29/03/2023 của TAND TP. Hồ Chí Minh(29.09.2023),/2ta1329652t1cvn/chi-tiet-ban-an
https://congbobanan.toaan.gov.vn/2ta1329660t1cvn/chi-tiet-ban-an,Bản án:số 794 ngày 31/07/2023 của TAND TP. Hồ Chí Minh(29.09.2023),/2ta1329660t1cvn/chi-tiet-ban-an
https://congbobanan.toaan.gov.vn/2ta1329498t1cvn/chi-tiet-ban-an,Bản án:số 885/2023/LĐ - PT ngày 25/08/2023 của TAND TP. Hồ Chí Minh(29.09.2023),/2ta1329498t1cvn/chi-tiet-ban-an
https://congbobanan.toaan.gov.vn/2ta1329547t1cvn/chi-tiet-ban-an,Bản án:số 885/2023/LĐ - PT ngày 25/08/2023 của TAND TP. Hồ Chí Minh(29.09.2023),/2ta1329547t1cvn/chi-tiet-ban-an
https://congbobanan.toaan.gov.vn/2ta1329439t1cvn/chi-tiet-ban-an,Bản án:số 890/2023/LĐ - PT ngày 28/08/2023 của TAND TP. Hồ Chí Minh(29.09.2023),/2ta1329439t1cvn/chi-tiet-ban-an
https://congbobanan.toaan.gov.vn/2ta1329312t1cvn/chi-tiet-ban-an,Bản án:số 199 ngày 23/02/2023 của TAND TP. Hồ Chí Minh(29.09.2023),/2ta1329312t1cvn/chi-tiet-ban-an
https://congbobanan.toaan.gov.vn/2ta1329330t1cvn/chi-tiet-ban-an,Bản án:số 121 ngày 06/02/2023 của TAND TP. Hồ Chí Minh(29.09.2023),/2ta1329330t1cvn/chi-tiet-ban-an
https://congbobanan.toaan.gov.vn/2ta1329351t1cvn/chi-tiet-ban-an,Bản án:số 611 ngày 27/09/2022 của TAND TP. Hồ Chí Minh(29.09.2023),/2ta1329351t1cvn/chi-tiet-ban-an
https://congbobanan.toaan.gov.vn/2ta1295579t1cvn/chi-tiet-ban-an,"Bản án:số 14 ngày 31/08/2023 của  TAND TP. Qui Nhơn,  tỉnh Bình Định(29.09.2023)",/2ta1295579t1cvn/chi-tiet-ban-an
https://congbobanan.toaan.gov.vn/2ta1329168t1cvn/chi-tiet-ban-an,Bản án:số 20 ngày 07/09/2023 của TAND tỉnh Bình Dương(29.09.2023),/2ta1329168t1cvn/chi-tiet-ban-an
https://congbobanan.toaan.gov.vn/2ta1328392t1cvn/chi-tiet-ban-an,"Bản án:số 939 ngày 10/08/2023 của  TAND huyện Cần Giuộc,  tỉnh Long An(29.09.2023)",/2ta1328392t1cvn/chi-tiet-ban-an
https://congbobanan.toaan.gov.vn/2ta1328411t1cvn/chi-tiet-ban-an,"Bản án:số 940 ngày 10/08/2023 của  TAND huyện Cần Giuộc,  tỉnh Long An(29.09.2023)",/2ta1328411t1cvn/chi-tiet-ban-an
https://congbobanan.toaan.gov.vn/2ta1328417t1cvn/chi-tiet-ban-an,"Bản án:số 942 ngày 10/08/2023 của  TAND huyện Cần Giuộc,  tỉnh Long An(29.09.2023)",/2ta1328417t1cvn/chi-tiet-ban-an
https://congbobanan.toaan.gov.vn/2ta1328422t1cvn/chi-tiet-ban-an,"Bản án:số 941 ngày 10/08/2023 của  TAND huyện Cần Giuộc,  tỉnh Long An(29.09.2023)",/2ta1328422t1cvn/chi-tiet-ban-an
https://congbobanan.toaan.gov.vn/2ta1328438t1cvn/chi-tiet-ban-an,"Bản án:số 943 ngày 10/08/2023 của  TAND huyện Cần Giuộc,  tỉnh Long An(29.09.2023)",/2ta1328438t1cvn/chi-tiet-ban-an
https://congbobanan.toaan.gov.vn/2ta1326416t1cvn/chi-tiet-ban-an,Bản án:số 80 ngày 12/01/2023 của TAND TP. Hồ Chí Minh(29.09.2023),/2ta1326416t1cvn/chi-tiet-ban-an
https://congbobanan.toaan.gov.vn/2ta1326451t1cvn/chi-tiet-ban-an,Bản án:số 177 ngày 20/02/2023 của TAND TP. Hồ Chí Minh(29.09.2023),/2ta1326451t1cvn/chi-tiet-ban-an
https://congbobanan.toaan.gov.vn/2ta1326501t1cvn/chi-tiet-ban-an,Bản án:số 193 ngày 23/02/2023 của TAND TP. Hồ Chí Minh(29.09.2023),/2ta1326501t1cvn/chi-tiet-ban-an
https://congbobanan.toaan.gov.vn/2ta1328004t1cvn/chi-tiet-ban-an,Bản án:số 574 ngày 17/05/2023 của TAND TP. Hồ Chí Minh(29.09.2023),/2ta1328004t1cvn/chi-tiet-ban-an
https://congbobanan.toaan.gov.vn/2ta1328079t1cvn/chi-tiet-ban-an,Bản án:số 767 ngày 14/12/2022 của TAND TP. Hồ Chí Minh(29.09.2023),/2ta1328079t1cvn/chi-tiet-ban-an
https://congbobanan.toaan.gov.vn/2ta1327664t1cvn/chi-tiet-ban-an,Bản án:số 17 ngày 26/06/2023 của TAND tỉnh Bình Dương(29.09.2023),/2ta1327664t1cvn/chi-tiet-ban-an
https://congbobanan.toaan.gov.vn/2ta1327240t1cvn/chi-tiet-ban-an,"Bản án:số 91 ngày 05/09/2023 của  TAND Quận 1,  TP. Hồ Chí Minh(29.09.2023)",/2ta1327240t1cvn/chi-tiet-ban-an
https://congbobanan.toaan.gov.vn/2ta1327044t1cvn/chi-tiet-ban-an,Bản án:số 34/2023/LĐ-PT ngày 09/01/2023 của TAND TP. Hồ Chí Minh(29.09.2023),/2ta1327044t1cvn/chi-tiet-ban-an
https://congbobanan.toaan.gov.vn/2ta1327002t1cvn/chi-tiet-ban-an,Bản án:số 159 ngày 15/02/2023 của TAND TP. Hồ Chí Minh(29.09.2023),/2ta1327002t1cvn/chi-tiet-ban-an
https://congbobanan.toaan.gov.vn/2ta1326986t1cvn/chi-tiet-ban-an,Bản án:số 187 ngày 22/02/2023 của TAND TP. Hồ Chí Minh(29.09.2023),/2ta1326986t1cvn/chi-tiet-ban-an
https://congbobanan.toaan.gov.vn/2ta1326983t1cvn/chi-tiet-ban-an,Bản án:số 220 ngày 28/02/2023 của TAND TP. Hồ Chí Minh(29.09.2023),/2ta1326983t1cvn/chi-tiet-ban-an
https://congbobanan.toaan.gov.vn/2ta1326929t1cvn/chi-tiet-ban-an,Bản án:số 227 ngày 01/03/2023 của TAND TP. Hồ Chí Minh(29.09.2023),/2ta1326929t1cvn/chi-tiet-ban-an
https://congbobanan.toaan.gov.vn/2ta1326896t1cvn/chi-tiet-ban-an,Bản án:số 267 ngày 09/03/2023 của TAND TP. Hồ Chí Minh(29.09.2023),/2ta1326896t1cvn/chi-tiet-ban-an
https://congbobanan.toaan.gov.vn/2ta1326887t1cvn/chi-tiet-ban-an,Bản án:số 756/2022/LĐ - PT ngày 13/12/2022 của TAND TP. Hồ Chí Minh(29.09.2023),/2ta1326887t1cvn/chi-tiet-ban-an
https://congbobanan.toaan.gov.vn/2ta1326886t1cvn/chi-tiet-ban-an,Bản án:số 288 ngày 14/03/2023 của TAND TP. Hồ Chí Minh(29.09.2023),/2ta1326886t1cvn/chi-tiet-ban-an
https://congbobanan.toaan.gov.vn/2ta1326853t1cvn/chi-tiet-ban-an,Bản án:số 295 ngày 15/03/2023 của TAND TP. Hồ Chí Minh(29.09.2023),/2ta1326853t1cvn/chi-tiet-ban-an
https://congbobanan.toaan.gov.vn/2ta1326796t1cvn/chi-tiet-ban-an,Bản án:số 887 ngày 28/08/2023 của TAND TP. Hồ Chí Minh(29.09.2023),/2ta1326796t1cvn/chi-tiet-ban-an
https://congbobanan.toaan.gov.vn/2ta1326789t1cvn/chi-tiet-ban-an,Bản án:số 630 ngày 29/09/2022 của TAND TP. Hồ Chí Minh(29.09.2023),/2ta1326789t1cvn/chi-tiet-ban-an
https://congbobanan.toaan.gov.vn/2ta1326742t1cvn/chi-tiet-ban-an,"Bản án:số 46 ngày 08/08/2023 của  TAND huyện Hóc Môn,  TP. Hồ Chí Minh(29.09.2023)",/2ta1326742t1cvn/chi-tiet-ban-an
https://congbobanan.toaan.gov.vn/2ta1326378t1cvn/chi-tiet-ban-an,Bản án:số 731/2023/LĐ - PT ngày 12/07/2023 của TAND TP. Hồ Chí Minh(29.09.2023),/2ta1326378t1cvn/chi-tiet-ban-an
https://congbobanan.toaan.gov.vn/2ta1325207t1cvn/chi-tiet-ban-an,Bản án:số 41/2023/LDPT ngày 09/01/2023 của TAND TP. Hồ Chí Minh(29.09.2023),/2ta1325207t1cvn/chi-tiet-ban-an
https://congbobanan.toaan.gov.vn/2ta1325435t1cvn/chi-tiet-ban-an,Bản án:số 491/2023/LDPT ngày 24/04/2023 của TAND TP. Hồ Chí Minh(29.09.2023),/2ta1325435t1cvn/chi-tiet-ban-an
https://congbobanan.toaan.gov.vn/2ta1325401t1cvn/chi-tiet-ban-an,Bản án:số 218/2023/LDPT ngày 28/02/2023 của TAND TP. Hồ Chí Minh(29.09.2023),/2ta1325401t1cvn/chi-tiet-ban-an
https://congbobanan.toaan.gov.vn/2ta1325613t1cvn/chi-tiet-ban-an,Bản án:số 592/2022/LDPT ngày 22/09/2022 của TAND TP. Hồ Chí Minh(29.09.2023),/2ta1325613t1cvn/chi-tiet-ban-an
https://congbobanan.toaan.gov.vn/2ta1325173t1cvn/chi-tiet-ban-an,Bản án:số 25/2023/LDPT ngày 05/01/2023 của TAND TP. Hồ Chí Minh(29.09.2023),/2ta1325173t1cvn/chi-tiet-ban-an
https://congbobanan.toaan.gov.vn/2ta1325231t1cvn/chi-tiet-ban-an,Bản án:số 184/2023/LDPT ngày 21/02/2023 của TAND TP. Hồ Chí Minh(29.09.2023),/2ta1325231t1cvn/chi-tiet-ban-an
https://congbobanan.toaan.gov.vn/2ta1325556t1cvn/chi-tiet-ban-an,Bản án:số 589/2023/LDPT ngày 22/05/2023 của TAND TP. Hồ Chí Minh(29.09.2023),/2ta1325556t1cvn/chi-tiet-ban-an
https://congbobanan.toaan.gov.vn/2ta1325700t1cvn/chi-tiet-ban-an,Bản án:số 831/2022/LDPT ngày 26/12/2022 của TAND TP. Hồ Chí Minh(29.09.2023),/2ta1325700t1cvn/chi-tiet-ban-an
https://congbobanan.toaan.gov.vn/2ta1325464t1cvn/chi-tiet-ban-an,Bản án:số 492/2023/LDPT ngày 24/04/2023 của TAND TP. Hồ Chí Minh(29.09.2023),/2ta1325464t1cvn/chi-tiet-ban-an
https://congbobanan.toaan.gov.vn/2ta1325601t1cvn/chi-tiet-ban-an,Bản án:số 591/LDPT/2022 ngày 19/09/2022 của TAND TP. Hồ Chí Minh(29.09.2023),/2ta1325601t1cvn/chi-tiet-ban-an
https://congbobanan.toaan.gov.vn/2ta1325840t1cvn/chi-tiet-ban-an,Bản án:số 414/2023/LĐ - PT ngày 06/04/2023 của TAND TP. Hồ Chí Minh(29.09.2023),/2ta1325840t1cvn/chi-tiet-ban-an
https://congbobanan.toaan.gov.vn/2ta1325782t1cvn/chi-tiet-ban-an,Bản án:số 192/2023/LĐ-PT ngày 22/02/2023 của TAND TP. Hồ Chí Minh(29.09.2023),/2ta1325782t1cvn/chi-tiet-ban-an
https://congbobanan.toaan.gov.vn/2ta1325759t1cvn/chi-tiet-ban-an,Bản án:số 143/2023/LĐ - PT ngày 09/02/2023 của TAND TP. Hồ Chí Minh(29.09.2023),/2ta1325759t1cvn/chi-tiet-ban-an
https://congbobanan.toaan.gov.vn/2ta1325696t1cvn/chi-tiet-ban-an,Bản án:số 64/2023/LĐ - PT ngày 11/01/2023 của TAND TP. Hồ Chí Minh(29.09.2023),/2ta1325696t1cvn/chi-tiet-ban-an
https://congbobanan.toaan.gov.vn/2ta1323120t1cvn/chi-tiet-ban-an,Bản án:số 02 ngày 30/08/2023 của TAND tỉnh Cà Mau(28.09.2023),/2ta1323120t1cvn/chi-tiet-ban-an
https://congbobanan.toaan.gov.vn/2ta1321293t1cvn/chi-tiet-ban-an,"Bản án:số 02 ngày 18/08/2023 của  TAND Q. Sơn Trà,  TP Đà Nẵng(28.09.2023)",/2ta1321293t1cvn/chi-tiet-ban-an
https://congbobanan.toaan.gov.vn/2ta1320193t1cvn/chi-tiet-ban-an,"Bản án:số 14 ngày 30/06/2023 của  TAND huyện Vĩnh Cửu,  tỉnh Đồng Nai(28.09.2023)",/2ta1320193t1cvn/chi-tiet-ban-an
https://congbobanan.toaan.gov.vn/2ta1320230t1cvn/chi-tiet-ban-an,"Bản án:số 12 ngày 30/06/2023 của  TAND huyện Vĩnh Cửu,  tỉnh Đồng Nai(28.09.2023)",/2ta1320230t1cvn/chi-tiet-ban-an
https://congbobanan.toaan.gov.vn/2ta1320210t1cvn/chi-tiet-ban-an,"Bản án:số 13 ngày 30/06/2023 của  TAND huyện Vĩnh Cửu,  tỉnh Đồng Nai(28.09.2023)",/2ta1320210t1cvn/chi-tiet-ban-an
https://congbobanan.toaan.gov.vn/2ta1320235t1cvn/chi-tiet-ban-an,"Bản án:số 11 ngày 30/06/2023 của  TAND huyện Vĩnh Cửu,  tỉnh Đồng Nai(28.09.2023)",/2ta1320235t1cvn/chi-tiet-ban-an
https://congbobanan.toaan.gov.vn/2ta1319746t1cvn/chi-tiet-ban-an,"Bản án:số 1970 ngày 20/06/2023 của  Thành phố Thủ Đức,  TP. Hồ Chí Minh(28.09.2023)",/2ta1319746t1cvn/chi-tiet-ban-an
https://congbobanan.toaan.gov.vn/2ta1319439t1cvn/chi-tiet-ban-an,"Bản án:số 01/2023/LĐ-ST ngày 04/01/2023 của  TAND Quận 1,  TP. Hồ Chí Minh(28.09.2023)",/2ta1319439t1cvn/chi-tiet-ban-an
https://congbobanan.toaan.gov.vn/2ta1318960t1cvn/chi-tiet-ban-an,"Bản án:số 03 ngày 24/07/2023 của  TAND TP. Việt Trì,  tỉnh Phú Thọ(28.09.2023)",/2ta1318960t1cvn/chi-tiet-ban-an
https://congbobanan.toaan.gov.vn/2ta1314776t1cvn/chi-tiet-ban-an,"Bản án:số 31/2023/LĐ-ST ngày 31/07/2023 của  TAND Q. Tân Bình,  TP. Hồ Chí Minh(27.09.2023)",/2ta1314776t1cvn/chi-tiet-ban-an
https://congbobanan.toaan.gov.vn/2ta1314636t1cvn/chi-tiet-ban-an,"Bản án:số 765 ngày 28/07/2023 của  TAND huyện Cần Giuộc,  tỉnh Long An(27.09.2023)",/2ta1314636t1cvn/chi-tiet-ban-an
https://congbobanan.toaan.gov.vn/2ta1314648t1cvn/chi-tiet-ban-an,"Bản án:số 763 ngày 28/07/2023 của  TAND huyện Cần Giuộc,  tỉnh Long An(27.09.2023)",/2ta1314648t1cvn/chi-tiet-ban-an
https://congbobanan.toaan.gov.vn/2ta1314679t1cvn/chi-tiet-ban-an,"Bản án:số 762 ngày 28/07/2023 của  TAND huyện Cần Giuộc,  tỉnh Long An(27.09.2023)",/2ta1314679t1cvn/chi-tiet-ban-an
https://congbobanan.toaan.gov.vn/2ta1314704t1cvn/chi-tiet-ban-an,"Bản án:số 761 ngày 28/07/2023 của  TAND huyện Cần Giuộc,  tỉnh Long An(27.09.2023)",/2ta1314704t1cvn/chi-tiet-ban-an
https://congbobanan.toaan.gov.vn/2ta1314713t1cvn/chi-tiet-ban-an,"Bản án:số 760 ngày 28/07/2023 của  TAND huyện Cần Giuộc,  tỉnh Long An(27.09.2023)",/2ta1314713t1cvn/chi-tiet-ban-an
https://congbobanan.toaan.gov.vn/2ta1314926t1cvn/chi-tiet-ban-an,"Bản án:số 759 ngày 28/07/2023 của  TAND huyện Cần Giuộc,  tỉnh Long An(27.09.2023)",/2ta1314926t1cvn/chi-tiet-ban-an
https://congbobanan.toaan.gov.vn/2ta1314949t1cvn/chi-tiet-ban-an,"Bản án:số 758 ngày 28/07/2023 của  TAND huyện Cần Giuộc,  tỉnh Long An(27.09.2023)",/2ta1314949t1cvn/chi-tiet-ban-an
https://congbobanan.toaan.gov.vn/2ta1315023t1cvn/chi-tiet-ban-an,"Bản án:số 756 ngày 28/07/2023 của  TAND huyện Cần Giuộc,  tỉnh Long An(27.09.2023)",/2ta1315023t1cvn/chi-tiet-ban-an
https://congbobanan.toaan.gov.vn/2ta1315029t1cvn/chi-tiet-ban-an,"Bản án:số 755 ngày 28/07/2023 của  TAND huyện Cần Giuộc,  tỉnh Long An(27.09.2023)",/2ta1315029t1cvn/chi-tiet-ban-an
https://congbobanan.toaan.gov.vn/2ta1315038t1cvn/chi-tiet-ban-an,"Bản án:số 754 ngày 28/07/2023 của  TAND huyện Cần Giuộc,  tỉnh Long An(27.09.2023)",/2ta1315038t1cvn/chi-tiet-ban-an
https://congbobanan.toaan.gov.vn/2ta1315075t1cvn/chi-tiet-ban-an,"Bản án:số 752 ngày 28/07/2023 của  TAND huyện Cần Giuộc,  tỉnh Long An(27.09.2023)",/2ta1315075t1cvn/chi-tiet-ban-an
https://congbobanan.toaan.gov.vn/2ta1315096t1cvn/chi-tiet-ban-an,"Bản án:số 753 ngày 28/07/2023 của  TAND huyện Cần Giuộc,  tỉnh Long An(27.09.2023)",/2ta1315096t1cvn/chi-tiet-ban-an
https://congbobanan.toaan.gov.vn/2ta1315133t1cvn/chi-tiet-ban-an,"Bản án:số 751 ngày 27/07/2023 của  TAND huyện Cần Giuộc,  tỉnh Long An(27.09.2023)",/2ta1315133t1cvn/chi-tiet-ban-an
https://congbobanan.toaan.gov.vn/2ta1315156t1cvn/chi-tiet-ban-an,"Bản án:số 703 ngày 27/07/2023 của  TAND huyện Cần Giuộc,  tỉnh Long An(27.09.2023)",/2ta1315156t1cvn/chi-tiet-ban-an
https://congbobanan.toaan.gov.vn/2ta1315159t1cvn/chi-tiet-ban-an,"Bản án:số 705 ngày 27/07/2023 của  TAND huyện Cần Giuộc,  tỉnh Long An(27.09.2023)",/2ta1315159t1cvn/chi-tiet-ban-an
https://congbobanan.toaan.gov.vn/2ta1315166t1cvn/chi-tiet-ban-an,"Bản án:số 704 ngày 27/07/2023 của  TAND huyện Cần Giuộc,  tỉnh Long An(27.09.2023)",/2ta1315166t1cvn/chi-tiet-ban-an
https://congbobanan.toaan.gov.vn/2ta1315177t1cvn/chi-tiet-ban-an,"Bản án:số 702 ngày 28/07/2023 của  TAND huyện Cần Giuộc,  tỉnh Long An(27.09.2023)",/2ta1315177t1cvn/chi-tiet-ban-an
https://congbobanan.toaan.gov.vn/2ta1315191t1cvn/chi-tiet-ban-an,"Bản án:số 701 ngày 27/07/2023 của  TAND huyện Cần Giuộc,  tỉnh Long An(27.09.2023)",/2ta1315191t1cvn/chi-tiet-ban-an
https://congbobanan.toaan.gov.vn/2ta1315217t1cvn/chi-tiet-ban-an,"Bản án:số 700 ngày 27/07/2023 của  TAND huyện Cần Giuộc,  tỉnh Long An(27.09.2023)",/2ta1315217t1cvn/chi-tiet-ban-an
https://congbobanan.toaan.gov.vn/2ta1315219t1cvn/chi-tiet-ban-an,"Bản án:số 701 ngày 27/07/2023 của  TAND huyện Cần Giuộc,  tỉnh Long An(27.09.2023)",/2ta1315219t1cvn/chi-tiet-ban-an
https://congbobanan.toaan.gov.vn/2ta1314818t1cvn/chi-tiet-ban-an,"Bản án:số 765 ngày 31/07/2023 của  TAND huyện Cần Giuộc,  tỉnh Long An(27.09.2023)",/2ta1314818t1cvn/chi-tiet-ban-an
https://congbobanan.toaan.gov.vn/2ta1314830t1cvn/chi-tiet-ban-an,"Bản án:số 748 ngày 31/07/2023 của  TAND huyện Cần Giuộc,  tỉnh Long An(27.09.2023)",/2ta1314830t1cvn/chi-tiet-ban-an
https://congbobanan.toaan.gov.vn/2ta1314833t1cvn/chi-tiet-ban-an,"Bản án:số 749 ngày 31/07/2023 của  TAND huyện Cần Giuộc,  tỉnh Long An(27.09.2023)",/2ta1314833t1cvn/chi-tiet-ban-an
https://congbobanan.toaan.gov.vn/2ta1314837t1cvn/chi-tiet-ban-an,"Bản án:số 766 ngày 31/07/2023 của  TAND huyện Cần Giuộc,  tỉnh Long An(27.09.2023)",/2ta1314837t1cvn/chi-tiet-ban-an
https://congbobanan.toaan.gov.vn/2ta1314841t1cvn/chi-tiet-ban-an,"Bản án:số 767 ngày 31/07/2023 của  TAND huyện Cần Giuộc,  tỉnh Long An(27.09.2023)",/2ta1314841t1cvn/chi-tiet-ban-an
https://congbobanan.toaan.gov.vn/2ta1314857t1cvn/chi-tiet-ban-an,"Bản án:số 774 ngày 31/07/2023 của  TAND huyện Cần Giuộc,  tỉnh Long An(27.09.2023)",/2ta1314857t1cvn/chi-tiet-ban-an
https://congbobanan.toaan.gov.vn/2ta1314863t1cvn/chi-tiet-ban-an,"Bản án:số 768 ngày 31/07/2023 của  TAND huyện Cần Giuộc,  tỉnh Long An(27.09.2023)",/2ta1314863t1cvn/chi-tiet-ban-an
https://congbobanan.toaan.gov.vn/2ta1314866t1cvn/chi-tiet-ban-an,"Bản án:số 769 ngày 31/07/2023 của  TAND huyện Cần Giuộc,  tỉnh Long An(27.09.2023)",/2ta1314866t1cvn/chi-tiet-ban-an
https://congbobanan.toaan.gov.vn/2ta1314867t1cvn/chi-tiet-ban-an,"Bản án:số 770 ngày 31/07/2023 của  TAND huyện Cần Giuộc,  tỉnh Long An(27.09.2023)",/2ta1314867t1cvn/chi-tiet-ban-an
https://congbobanan.toaan.gov.vn/2ta1314870t1cvn/chi-tiet-ban-an,"Bản án:số 771 ngày 31/07/2023 của  TAND huyện Cần Giuộc,  tỉnh Long An(27.09.2023)",/2ta1314870t1cvn/chi-tiet-ban-an
https://congbobanan.toaan.gov.vn/2ta1314872t1cvn/chi-tiet-ban-an,"Bản án:số 772 ngày 31/07/2023 của  TAND huyện Cần Giuộc,  tỉnh Long An(27.09.2023)",/2ta1314872t1cvn/chi-tiet-ban-an
https://congbobanan.toaan.gov.vn/2ta1314879t1cvn/chi-tiet-ban-an,"Bản án:số 773 ngày 31/07/2023 của  TAND huyện Cần Giuộc,  tỉnh Long An(27.09.2023)",/2ta1314879t1cvn/chi-tiet-ban-an
https://congbobanan.toaan.gov.vn/2ta1314644t1cvn/chi-tiet-ban-an,"Bản án:số 736 ngày 29/07/2023 của  TAND huyện Cần Giuộc,  tỉnh Long An(27.09.2023)",/2ta1314644t1cvn/chi-tiet-ban-an
https://congbobanan.toaan.gov.vn/2ta1314657t1cvn/chi-tiet-ban-an,"Bản án:số 738 ngày 29/07/2023 của  TAND huyện Cần Giuộc,  tỉnh Long An(27.09.2023)",/2ta1314657t1cvn/chi-tiet-ban-an
https://congbobanan.toaan.gov.vn/2ta1314666t1cvn/chi-tiet-ban-an,"Bản án:số 737 ngày 29/07/2023 của  TAND huyện Cần Giuộc,  tỉnh Long An(27.09.2023)",/2ta1314666t1cvn/chi-tiet-ban-an
https://congbobanan.toaan.gov.vn/2ta1314683t1cvn/chi-tiet-ban-an,"Bản án:số 739 ngày 29/07/2023 của  TAND huyện Cần Giuộc,  tỉnh Long An(27.09.2023)",/2ta1314683t1cvn/chi-tiet-ban-an
https://congbobanan.toaan.gov.vn/2ta1314686t1cvn/chi-tiet-ban-an,"Bản án:số 740 ngày 29/07/2023 của  TAND huyện Cần Giuộc,  tỉnh Long An(27.09.2023)",/2ta1314686t1cvn/chi-tiet-ban-an
https://congbobanan.toaan.gov.vn/2ta1314689t1cvn/chi-tiet-ban-an,"Bản án:số 741 ngày 29/07/2023 của  TAND huyện Cần Giuộc,  tỉnh Long An(27.09.2023)",/2ta1314689t1cvn/chi-tiet-ban-an
https://congbobanan.toaan.gov.vn/2ta1314712t1cvn/chi-tiet-ban-an,"Bản án:số 742 ngày 29/07/2023 của  TAND huyện Cần Giuộc,  tỉnh Long An(27.09.2023)",/2ta1314712t1cvn/chi-tiet-ban-an
https://congbobanan.toaan.gov.vn/2ta1314719t1cvn/chi-tiet-ban-an,"Bản án:số 743 ngày 29/07/2023 của  TAND huyện Cần Giuộc,  tỉnh Long An(27.09.2023)",/2ta1314719t1cvn/chi-tiet-ban-an
https://congbobanan.toaan.gov.vn/2ta1314721t1cvn/chi-tiet-ban-an,"Bản án:số 744 ngày 29/07/2023 của  TAND huyện Cần Giuộc,  tỉnh Long An(27.09.2023)",/2ta1314721t1cvn/chi-tiet-ban-an
https://congbobanan.toaan.gov.vn/2ta1314724t1cvn/chi-tiet-ban-an,"Bản án:số 745 ngày 29/07/2023 của  TAND huyện Cần Giuộc,  tỉnh Long An(27.09.2023)",/2ta1314724t1cvn/chi-tiet-ban-an
https://congbobanan.toaan.gov.vn/2ta1314748t1cvn/chi-tiet-ban-an,"Bản án:số 746 ngày 29/07/2023 của  TAND huyện Cần Giuộc,  tỉnh Long An(27.09.2023)",/2ta1314748t1cvn/chi-tiet-ban-an
https://congbobanan.toaan.gov.vn/2ta1314752t1cvn/chi-tiet-ban-an,"Bản án:số 747 ngày 29/07/2023 của  TAND huyện Cần Giuộc,  tỉnh Long An(27.09.2023)",/2ta1314752t1cvn/chi-tiet-ban-an
https://congbobanan.toaan.gov.vn/2ta1314458t1cvn/chi-tiet-ban-an,"Bản án:số 707 ngày 28/07/2023 của  TAND huyện Cần Giuộc,  tỉnh Long An(27.09.2023)",/2ta1314458t1cvn/chi-tiet-ban-an
https://congbobanan.toaan.gov.vn/2ta1314480t1cvn/chi-tiet-ban-an,"Bản án:số 708 ngày 28/07/2023 của  TAND huyện Cần Giuộc,  tỉnh Long An(27.09.2023)",/2ta1314480t1cvn/chi-tiet-ban-an
https://congbobanan.toaan.gov.vn/2ta1314483t1cvn/chi-tiet-ban-an,"Bản án:số 709 ngày 28/07/2023 của  TAND huyện Cần Giuộc,  tỉnh Long An(27.09.2023)",/2ta1314483t1cvn/chi-tiet-ban-an
https://congbobanan.toaan.gov.vn/2ta1314490t1cvn/chi-tiet-ban-an,"Bản án:số 710 ngày 28/07/2023 của  TAND huyện Cần Giuộc,  tỉnh Long An(27.09.2023)",/2ta1314490t1cvn/chi-tiet-ban-an
https://congbobanan.toaan.gov.vn/2ta1314495t1cvn/chi-tiet-ban-an,"Bản án:số 712 ngày 28/07/2023 của  TAND huyện Cần Giuộc,  tỉnh Long An(27.09.2023)",/2ta1314495t1cvn/chi-tiet-ban-an
https://congbobanan.toaan.gov.vn/2ta1314502t1cvn/chi-tiet-ban-an,"Bản án:số 711 ngày 28/07/2023 của  TAND huyện Cần Giuộc,  tỉnh Long An(27.09.2023)",/2ta1314502t1cvn/chi-tiet-ban-an
https://congbobanan.toaan.gov.vn/2ta1314509t1cvn/chi-tiet-ban-an,"Bản án:số 713 ngày 28/07/2023 của  TAND huyện Cần Giuộc,  tỉnh Long An(27.09.2023)",/2ta1314509t1cvn/chi-tiet-ban-an
https://congbobanan.toaan.gov.vn/2ta1314515t1cvn/chi-tiet-ban-an,"Bản án:số 714 ngày 28/07/2023 của  TAND huyện Cần Giuộc,  tỉnh Long An(27.09.2023)",/2ta1314515t1cvn/chi-tiet-ban-an
https://congbobanan.toaan.gov.vn/2ta1314527t1cvn/chi-tiet-ban-an,"Bản án:số 715 ngày 28/07/2023 của  TAND huyện Cần Giuộc,  tỉnh Long An(27.09.2023)",/2ta1314527t1cvn/chi-tiet-ban-an
https://congbobanan.toaan.gov.vn/2ta1314534t1cvn/chi-tiet-ban-an,"Bản án:số 717 ngày 28/07/2023 của  TAND huyện Cần Giuộc,  tỉnh Long An(27.09.2023)",/2ta1314534t1cvn/chi-tiet-ban-an
https://congbobanan.toaan.gov.vn/2ta1314542t1cvn/chi-tiet-ban-an,"Bản án:số 716 ngày 28/07/2023 của  TAND huyện Cần Giuộc,  tỉnh Long An(27.09.2023)",/2ta1314542t1cvn/chi-tiet-ban-an
https://congbobanan.toaan.gov.vn/2ta1314552t1cvn/chi-tiet-ban-an,"Bản án:số 718 ngày 28/07/2023 của  TAND huyện Cần Giuộc,  tỉnh Long An(27.09.2023)",/2ta1314552t1cvn/chi-tiet-ban-an
https://congbobanan.toaan.gov.vn/2ta1314557t1cvn/chi-tiet-ban-an,"Bản án:số 719 ngày 28/07/2023 của  TAND huyện Cần Giuộc,  tỉnh Long An(27.09.2023)",/2ta1314557t1cvn/chi-tiet-ban-an
https://congbobanan.toaan.gov.vn/2ta1314564t1cvn/chi-tiet-ban-an,"Bản án:số 720 ngày 28/07/2023 của  TAND huyện Cần Giuộc,  tỉnh Long An(27.09.2023)",/2ta1314564t1cvn/chi-tiet-ban-an
https://congbobanan.toaan.gov.vn/2ta1314277t1cvn/chi-tiet-ban-an,"Bản án:số 678 ngày 27/07/2023 của  TAND huyện Cần Giuộc,  tỉnh Long An(27.09.2023)",/2ta1314277t1cvn/chi-tiet-ban-an
https://congbobanan.toaan.gov.vn/2ta1314289t1cvn/chi-tiet-ban-an,"Bản án:số 679 ngày 27/07/2023 của  TAND huyện Cần Giuộc,  tỉnh Long An(27.09.2023)",/2ta1314289t1cvn/chi-tiet-ban-an
https://congbobanan.toaan.gov.vn/2ta1314306t1cvn/chi-tiet-ban-an,"Bản án:số 680 ngày 27/07/2023 của  TAND huyện Cần Giuộc,  tỉnh Long An(27.09.2023)",/2ta1314306t1cvn/chi-tiet-ban-an
https://congbobanan.toaan.gov.vn/2ta1314310t1cvn/chi-tiet-ban-an,"Bản án:số 681 ngày 27/07/2023 của  TAND huyện Cần Giuộc,  tỉnh Long An(27.09.2023)",/2ta1314310t1cvn/chi-tiet-ban-an
https://congbobanan.toaan.gov.vn/2ta1314314t1cvn/chi-tiet-ban-an,"Bản án:số 682 ngày 27/07/2023 của  TAND huyện Cần Giuộc,  tỉnh Long An(27.09.2023)",/2ta1314314t1cvn/chi-tiet-ban-an
https://congbobanan.toaan.gov.vn/2ta1314318t1cvn/chi-tiet-ban-an,"Bản án:số 683 ngày 27/07/2023 của  TAND huyện Cần Giuộc,  tỉnh Long An(27.09.2023)",/2ta1314318t1cvn/chi-tiet-ban-an
https://congbobanan.toaan.gov.vn/2ta1314365t1cvn/chi-tiet-ban-an,"Bản án:số 684 ngày 27/07/2023 của  TAND huyện Cần Giuộc,  tỉnh Long An(27.09.2023)",/2ta1314365t1cvn/chi-tiet-ban-an
https://congbobanan.toaan.gov.vn/2ta1314369t1cvn/chi-tiet-ban-an,"Bản án:số 685 ngày 27/07/2023 của  TAND huyện Cần Giuộc,  tỉnh Long An(27.09.2023)",/2ta1314369t1cvn/chi-tiet-ban-an
https://congbobanan.toaan.gov.vn/2ta1314373t1cvn/chi-tiet-ban-an,"Bản án:số 686 ngày 27/07/2023 của  TAND huyện Cần Giuộc,  tỉnh Long An(27.09.2023)",/2ta1314373t1cvn/chi-tiet-ban-an
https://congbobanan.toaan.gov.vn/2ta1314382t1cvn/chi-tiet-ban-an,"Bản án:số 688 ngày 27/07/2023 của  TAND huyện Cần Giuộc,  tỉnh Long An(27.09.2023)",/2ta1314382t1cvn/chi-tiet-ban-an
https://congbobanan.toaan.gov.vn/2ta1314385t1cvn/chi-tiet-ban-an,"Bản án:số 689 ngày 27/07/2023 của  TAND huyện Cần Giuộc,  tỉnh Long An(27.09.2023)",/2ta1314385t1cvn/chi-tiet-ban-an
https://congbobanan.toaan.gov.vn/2ta1314390t1cvn/chi-tiet-ban-an,"Bản án:số 691 ngày 27/07/2023 của  TAND huyện Cần Giuộc,  tỉnh Long An(27.09.2023)",/2ta1314390t1cvn/chi-tiet-ban-an
https://congbobanan.toaan.gov.vn/2ta1314401t1cvn/chi-tiet-ban-an,"Bản án:số 687 ngày 27/07/2023 của  TAND huyện Cần Giuộc,  tỉnh Long An(27.09.2023)",/2ta1314401t1cvn/chi-tiet-ban-an
https://congbobanan.toaan.gov.vn/2ta1314410t1cvn/chi-tiet-ban-an,"Bản án:số 690 ngày 27/07/2023 của  TAND huyện Cần Giuộc,  tỉnh Long An(27.09.2023)",/2ta1314410t1cvn/chi-tiet-ban-an
https://congbobanan.toaan.gov.vn/2ta1314358t1cvn/chi-tiet-ban-an,"Bản án:số 884 ngày 07/08/2023 của  TAND huyện Cần Giuộc,  tỉnh Long An(27.09.2023)",/2ta1314358t1cvn/chi-tiet-ban-an
https://congbobanan.toaan.gov.vn/2ta1314348t1cvn/chi-tiet-ban-an,"Bản án:số 883 ngày 07/08/2023 của  TAND huyện Cần Giuộc,  tỉnh Long An(27.09.2023)",/2ta1314348t1cvn/chi-tiet-ban-an
https://congbobanan.toaan.gov.vn/2ta1314329t1cvn/chi-tiet-ban-an,"Bản án:số 882 ngày 07/08/2023 của  TAND huyện Cần Giuộc,  tỉnh Long An(27.09.2023)",/2ta1314329t1cvn/chi-tiet-ban-an
https://congbobanan.toaan.gov.vn/2ta1314287t1cvn/chi-tiet-ban-an,"Bản án:số 880 ngày 07/08/2023 của  TAND huyện Cần Giuộc,  tỉnh Long An(27.09.2023)",/2ta1314287t1cvn/chi-tiet-ban-an
https://congbobanan.toaan.gov.vn/2ta1314253t1cvn/chi-tiet-ban-an,"Bản án:số 879 ngày 07/08/2023 của  TAND huyện Cần Giuộc,  tỉnh Long An(27.09.2023)",/2ta1314253t1cvn/chi-tiet-ban-an
https://congbobanan.toaan.gov.vn/2ta1314241t1cvn/chi-tiet-ban-an,"Bản án:số 878 ngày 07/08/2023 của  TAND huyện Cần Giuộc,  tỉnh Long An(27.09.2023)",/2ta1314241t1cvn/chi-tiet-ban-an
https://congbobanan.toaan.gov.vn/2ta1314108t1cvn/chi-tiet-ban-an,"Bản án:số 01 ngày 09/08/2023 của  TAND huyện Bến Lức,  tỉnh Long An(27.09.2023)",/2ta1314108t1cvn/chi-tiet-ban-an
https://congbobanan.toaan.gov.vn/2ta1314213t1cvn/chi-tiet-ban-an,"Bản án:số 877 ngày 07/08/2023 của  TAND huyện Cần Giuộc,  tỉnh Long An(27.09.2023)",/2ta1314213t1cvn/chi-tiet-ban-an
https://congbobanan.toaan.gov.vn/2ta1313973t1cvn/chi-tiet-ban-an,"Bản án:số 666 ngày 26/07/2023 của  TAND huyện Cần Giuộc,  tỉnh Long An(27.09.2023)",/2ta1313973t1cvn/chi-tiet-ban-an
https://congbobanan.toaan.gov.vn/2ta1313975t1cvn/chi-tiet-ban-an,"Bản án:số 667 ngày 26/07/2023 của  TAND huyện Cần Giuộc,  tỉnh Long An(27.09.2023)",/2ta1313975t1cvn/chi-tiet-ban-an
https://congbobanan.toaan.gov.vn/2ta1313979t1cvn/chi-tiet-ban-an,"Bản án:số 664 ngày 26/07/2023 của  TAND huyện Cần Giuộc,  tỉnh Long An(27.09.2023)",/2ta1313979t1cvn/chi-tiet-ban-an
https://congbobanan.toaan.gov.vn/2ta1313981t1cvn/chi-tiet-ban-an,"Bản án:số 665 ngày 26/07/2023 của  TAND huyện Cần Giuộc,  tỉnh Long An(27.09.2023)",/2ta1313981t1cvn/chi-tiet-ban-an
https://congbobanan.toaan.gov.vn/2ta1313998t1cvn/chi-tiet-ban-an,"Bản án:số 670 ngày 26/07/2023 của  TAND huyện Cần Giuộc,  tỉnh Long An(27.09.2023)",/2ta1313998t1cvn/chi-tiet-ban-an
https://congbobanan.toaan.gov.vn/2ta1313993t1cvn/chi-tiet-ban-an,"Bản án:số 669 ngày 26/07/2023 của  TAND huyện Cần Giuộc,  tỉnh Long An(27.09.2023)",/2ta1313993t1cvn/chi-tiet-ban-an
https://congbobanan.toaan.gov.vn/2ta1313999t1cvn/chi-tiet-ban-an,"Bản án:số 668 ngày 26/07/2023 của  TAND huyện Cần Giuộc,  tỉnh Long An(27.09.2023)",/2ta1313999t1cvn/chi-tiet-ban-an
https://congbobanan.toaan.gov.vn/2ta1314114t1cvn/chi-tiet-ban-an,"Bản án:số 672 ngày 26/07/2023 của  TAND huyện Cần Giuộc,  tỉnh Long An(27.09.2023)",/2ta1314114t1cvn/chi-tiet-ban-an
https://congbobanan.toaan.gov.vn/2ta1314119t1cvn/chi-tiet-ban-an,"Bản án:số 671 ngày 26/07/2023 của  TAND huyện Cần Giuộc,  tỉnh Long An(27.09.2023)",/2ta1314119t1cvn/chi-tiet-ban-an
https://congbobanan.toaan.gov.vn/2ta1314138t1cvn/chi-tiet-ban-an,"Bản án:số 673 ngày 26/07/2023 của  TAND huyện Cần Giuộc,  tỉnh Long An(27.09.2023)",/2ta1314138t1cvn/chi-tiet-ban-an
https://congbobanan.toaan.gov.vn/2ta1314156t1cvn/chi-tiet-ban-an,"Bản án:số 674 ngày 26/07/2023 của  TAND huyện Cần Giuộc,  tỉnh Long An(27.09.2023)",/2ta1314156t1cvn/chi-tiet-ban-an
https://congbobanan.toaan.gov.vn/2ta1314183t1cvn/chi-tiet-ban-an,"Bản án:số 675 ngày 26/07/2023 của  TAND huyện Cần Giuộc,  tỉnh Long An(27.09.2023)",/2ta1314183t1cvn/chi-tiet-ban-an
https://congbobanan.toaan.gov.vn/2ta1314187t1cvn/chi-tiet-ban-an,"Bản án:số 676 ngày 26/07/2023 của  TAND huyện Cần Giuộc,  tỉnh Long An(27.09.2023)",/2ta1314187t1cvn/chi-tiet-ban-an
https://congbobanan.toaan.gov.vn/2ta1314191t1cvn/chi-tiet-ban-an,"Bản án:số 677 ngày 26/07/2023 của  TAND huyện Cần Giuộc,  tỉnh Long An(27.09.2023)",/2ta1314191t1cvn/chi-tiet-ban-an
https://congbobanan.toaan.gov.vn/2ta1314097t1cvn/chi-tiet-ban-an,"Bản án:số 876 ngày 07/08/2023 của  TAND huyện Cần Giuộc,  tỉnh Long An(27.09.2023)",/2ta1314097t1cvn/chi-tiet-ban-an
https://congbobanan.toaan.gov.vn/2ta1313929t1cvn/chi-tiet-ban-an,"Bản án:số 875 ngày 07/08/2023 của  TAND huyện Cần Giuộc,  tỉnh Long An(27.09.2023)",/2ta1313929t1cvn/chi-tiet-ban-an
https://congbobanan.toaan.gov.vn/2ta1313884t1cvn/chi-tiet-ban-an,"Bản án:số 874 ngày 07/08/2023 của  TAND huyện Cần Giuộc,  tỉnh Long An(27.09.2023)",/2ta1313884t1cvn/chi-tiet-ban-an
https://congbobanan.toaan.gov.vn/2ta1313853t1cvn/chi-tiet-ban-an,"Bản án:số 873 ngày 07/08/2023 của  TAND huyện Cần Giuộc,  tỉnh Long An(27.09.2023)",/2ta1313853t1cvn/chi-tiet-ban-an
https://congbobanan.toaan.gov.vn/2ta1313230t1cvn/chi-tiet-ban-an,"Bản án:số 635 ngày 25/07/2023 của  TAND huyện Cần Giuộc,  tỉnh Long An(27.09.2023)",/2ta1313230t1cvn/chi-tiet-ban-an
https://congbobanan.toaan.gov.vn/2ta1313233t1cvn/chi-tiet-ban-an,"Bản án:số 636 ngày 25/07/2023 của  TAND huyện Cần Giuộc,  tỉnh Long An(27.09.2023)",/2ta1313233t1cvn/chi-tiet-ban-an
https://congbobanan.toaan.gov.vn/2ta1313250t1cvn/chi-tiet-ban-an,"Bản án:số 637 ngày 25/07/2023 của  TAND huyện Cần Giuộc,  tỉnh Long An(27.09.2023)",/2ta1313250t1cvn/chi-tiet-ban-an
https://congbobanan.toaan.gov.vn/2ta1313259t1cvn/chi-tiet-ban-an,"Bản án:số 638 ngày 25/07/2023 của  TAND huyện Cần Giuộc,  tỉnh Long An(27.09.2023)",/2ta1313259t1cvn/chi-tiet-ban-an
https://congbobanan.toaan.gov.vn/2ta1313261t1cvn/chi-tiet-ban-an,"Bản án:số 639 ngày 25/07/2023 của  TAND huyện Cần Giuộc,  tỉnh Long An(27.09.2023)",/2ta1313261t1cvn/chi-tiet-ban-an
https://congbobanan.toaan.gov.vn/2ta1313272t1cvn/chi-tiet-ban-an,"Bản án:số 643 ngày 25/07/2023 của  TAND huyện Cần Giuộc,  tỉnh Long An(27.09.2023)",/2ta1313272t1cvn/chi-tiet-ban-an
https://congbobanan.toaan.gov.vn/2ta1313276t1cvn/chi-tiet-ban-an,"Bản án:số 644 ngày 25/07/2023 của  TAND huyện Cần Giuộc,  tỉnh Long An(27.09.2023)",/2ta1313276t1cvn/chi-tiet-ban-an
https://congbobanan.toaan.gov.vn/2ta1313282t1cvn/chi-tiet-ban-an,"Bản án:số 640 ngày 25/07/2023 của  TAND huyện Cần Giuộc,  tỉnh Long An(27.09.2023)",/2ta1313282t1cvn/chi-tiet-ban-an
https://congbobanan.toaan.gov.vn/2ta1313290t1cvn/chi-tiet-ban-an,"Bản án:số 641 ngày 25/07/2023 của  TAND huyện Cần Giuộc,  tỉnh Long An(27.09.2023)",/2ta1313290t1cvn/chi-tiet-ban-an
https://congbobanan.toaan.gov.vn/2ta1313292t1cvn/chi-tiet-ban-an,"Bản án:số 642 ngày 25/07/2023 của  TAND huyện Cần Giuộc,  tỉnh Long An(27.09.2023)",/2ta1313292t1cvn/chi-tiet-ban-an
https://congbobanan.toaan.gov.vn/2ta1313300t1cvn/chi-tiet-ban-an,"Bản án:số 645 ngày 25/07/2023 của  TAND huyện Cần Giuộc,  tỉnh Long An(27.09.2023)",/2ta1313300t1cvn/chi-tiet-ban-an
https://congbobanan.toaan.gov.vn/2ta1313303t1cvn/chi-tiet-ban-an,"Bản án:số 646 ngày 25/07/2023 của  TAND huyện Cần Giuộc,  tỉnh Long An(27.09.2023)",/2ta1313303t1cvn/chi-tiet-ban-an
https://congbobanan.toaan.gov.vn/2ta1313305t1cvn/chi-tiet-ban-an,"Bản án:số 647 ngày 25/07/2023 của  TAND huyện Cần Giuộc,  tỉnh Long An(27.09.2023)",/2ta1313305t1cvn/chi-tiet-ban-an
https://congbobanan.toaan.gov.vn/2ta1313319t1cvn/chi-tiet-ban-an,"Bản án:số 648 ngày 25/07/2023 của  TAND huyện Cần Giuộc,  tỉnh Long An(27.09.2023)",/2ta1313319t1cvn/chi-tiet-ban-an
https://congbobanan.toaan.gov.vn/2ta1313050t1cvn/chi-tiet-ban-an,"Bản án:số 525 ngày 19/07/2023 của  TAND huyện Cần Giuộc,  tỉnh Long An(27.09.2023)",/2ta1313050t1cvn/chi-tiet-ban-an
https://congbobanan.toaan.gov.vn/2ta1313057t1cvn/chi-tiet-ban-an,"Bản án:số 524 ngày 19/07/2023 của  TAND huyện Cần Giuộc,  tỉnh Long An(27.09.2023)",/2ta1313057t1cvn/chi-tiet-ban-an
https://congbobanan.toaan.gov.vn/2ta1313069t1cvn/chi-tiet-ban-an,"Bản án:số 523 ngày 19/07/2023 của  TAND huyện Cần Giuộc,  tỉnh Long An(27.09.2023)",/2ta1313069t1cvn/chi-tiet-ban-an
https://congbobanan.toaan.gov.vn/2ta1313078t1cvn/chi-tiet-ban-an,"Bản án:số 526 ngày 19/07/2023 của  TAND huyện Cần Giuộc,  tỉnh Long An(27.09.2023)",/2ta1313078t1cvn/chi-tiet-ban-an
https://congbobanan.toaan.gov.vn/2ta1313100t1cvn/chi-tiet-ban-an,"Bản án:số 527 ngày 19/07/2023 của  TAND huyện Cần Giuộc,  tỉnh Long An(27.09.2023)",/2ta1313100t1cvn/chi-tiet-ban-an
https://congbobanan.toaan.gov.vn/2ta1313106t1cvn/chi-tiet-ban-an,"Bản án:số 528 ngày 19/07/2023 của  TAND huyện Cần Giuộc,  tỉnh Long An(27.09.2023)",/2ta1313106t1cvn/chi-tiet-ban-an
https://congbobanan.toaan.gov.vn/2ta1313112t1cvn/chi-tiet-ban-an,"Bản án:số 529 ngày 19/07/2023 của  TAND huyện Cần Giuộc,  tỉnh Long An(27.09.2023)",/2ta1313112t1cvn/chi-tiet-ban-an
https://congbobanan.toaan.gov.vn/2ta1313115t1cvn/chi-tiet-ban-an,"Bản án:số 530 ngày 19/07/2023 của  TAND huyện Cần Giuộc,  tỉnh Long An(27.09.2023)",/2ta1313115t1cvn/chi-tiet-ban-an
https://congbobanan.toaan.gov.vn/2ta1313121t1cvn/chi-tiet-ban-an,"Bản án:số 531 ngày 19/07/2023 của  TAND huyện Cần Giuộc,  tỉnh Long An(27.09.2023)",/2ta1313121t1cvn/chi-tiet-ban-an
https://congbobanan.toaan.gov.vn/2ta1313127t1cvn/chi-tiet-ban-an,"Bản án:số 533 ngày 19/07/2023 của  TAND huyện Cần Giuộc,  tỉnh Long An(27.09.2023)",/2ta1313127t1cvn/chi-tiet-ban-an
https://congbobanan.toaan.gov.vn/2ta1313132t1cvn/chi-tiet-ban-an,"Bản án:số 534 ngày 19/07/2023 của  TAND huyện Cần Giuộc,  tỉnh Long An(27.09.2023)",/2ta1313132t1cvn/chi-tiet-ban-an
https://congbobanan.toaan.gov.vn/2ta1313135t1cvn/chi-tiet-ban-an,"Bản án:số 535 ngày 19/07/2023 của  TAND huyện Cần Giuộc,  tỉnh Long An(27.09.2023)",/2ta1313135t1cvn/chi-tiet-ban-an
https://congbobanan.toaan.gov.vn/2ta1313140t1cvn/chi-tiet-ban-an,"Bản án:số 532 ngày 19/07/2023 của  TAND huyện Cần Giuộc,  tỉnh Long An(27.09.2023)",/2ta1313140t1cvn/chi-tiet-ban-an
https://congbobanan.toaan.gov.vn/2ta1313152t1cvn/chi-tiet-ban-an,"Bản án:số 536 ngày 19/07/2023 của  TAND huyện Cần Giuộc,  tỉnh Long An(27.09.2023)",/2ta1313152t1cvn/chi-tiet-ban-an
https://congbobanan.toaan.gov.vn/2ta1312878t1cvn/chi-tiet-ban-an,"Bản án:số 449 ngày 18/07/2023 của  TAND huyện Cần Giuộc,  tỉnh Long An(27.09.2023)",/2ta1312878t1cvn/chi-tiet-ban-an
https://congbobanan.toaan.gov.vn/2ta1312886t1cvn/chi-tiet-ban-an,"Bản án:số 450 ngày 18/07/2023 của  TAND huyện Cần Giuộc,  tỉnh Long An(27.09.2023)",/2ta1312886t1cvn/chi-tiet-ban-an
https://congbobanan.toaan.gov.vn/2ta1312909t1cvn/chi-tiet-ban-an,"Bản án:số 451 ngày 18/07/2023 của  TAND huyện Cần Giuộc,  tỉnh Long An(27.09.2023)",/2ta1312909t1cvn/chi-tiet-ban-an
https://congbobanan.toaan.gov.vn/2ta1312918t1cvn/chi-tiet-ban-an,"Bản án:số 452 ngày 18/07/2023 của  TAND huyện Cần Giuộc,  tỉnh Long An(27.09.2023)",/2ta1312918t1cvn/chi-tiet-ban-an
https://congbobanan.toaan.gov.vn/2ta1312920t1cvn/chi-tiet-ban-an,"Bản án:số 453 ngày 18/07/2023 của  TAND huyện Cần Giuộc,  tỉnh Long An(27.09.2023)",/2ta1312920t1cvn/chi-tiet-ban-an
https://congbobanan.toaan.gov.vn/2ta1312925t1cvn/chi-tiet-ban-an,"Bản án:số 454 ngày 18/07/2023 của  TAND huyện Cần Giuộc,  tỉnh Long An(27.09.2023)",/2ta1312925t1cvn/chi-tiet-ban-an
https://congbobanan.toaan.gov.vn/2ta1312930t1cvn/chi-tiet-ban-an,"Bản án:số 455 ngày 18/07/2023 của  TAND huyện Cần Giuộc,  tỉnh Long An(27.09.2023)",/2ta1312930t1cvn/chi-tiet-ban-an
https://congbobanan.toaan.gov.vn/2ta1312945t1cvn/chi-tiet-ban-an,"Bản án:số 456 ngày 18/07/2023 của  TAND huyện Cần Giuộc,  tỉnh Long An(27.09.2023)",/2ta1312945t1cvn/chi-tiet-ban-an
https://congbobanan.toaan.gov.vn/2ta1312947t1cvn/chi-tiet-ban-an,"Bản án:số 457 ngày 18/07/2023 của  TAND huyện Cần Giuộc,  tỉnh Long An(27.09.2023)",/2ta1312947t1cvn/chi-tiet-ban-an
https://congbobanan.toaan.gov.vn/2ta1312951t1cvn/chi-tiet-ban-an,"Bản án:số 458 ngày 18/07/2023 của  TAND huyện Cần Giuộc,  tỉnh Long An(27.09.2023)",/2ta1312951t1cvn/chi-tiet-ban-an
https://congbobanan.toaan.gov.vn/2ta1312953t1cvn/chi-tiet-ban-an,"Bản án:số 459 ngày 18/07/2023 của  TAND huyện Cần Giuộc,  tỉnh Long An(27.09.2023)",/2ta1312953t1cvn/chi-tiet-ban-an
https://congbobanan.toaan.gov.vn/2ta1312958t1cvn/chi-tiet-ban-an,"Bản án:số 460 ngày 18/07/2023 của  TAND huyện Cần Giuộc,  tỉnh Long An(27.09.2023)",/2ta1312958t1cvn/chi-tiet-ban-an
https://congbobanan.toaan.gov.vn/2ta1312979t1cvn/chi-tiet-ban-an,"Bản án:số 461 ngày 18/07/2023 của  TAND huyện Cần Giuộc,  tỉnh Long An(27.09.2023)",/2ta1312979t1cvn/chi-tiet-ban-an
https://congbobanan.toaan.gov.vn/2ta1312683t1cvn/chi-tiet-ban-an,"Bản án:số 04/2023/LĐ-ST ngày 07/08/2023 của  TAND Quận 11,  TP. Hồ Chí Minh(27.09.2023)",/2ta1312683t1cvn/chi-tiet-ban-an
https://congbobanan.toaan.gov.vn/2ta1312028t1cvn/chi-tiet-ban-an,"Bản án:số 448 ngày 18/07/2023 của  TAND huyện Cần Giuộc,  tỉnh Long An(27.09.2023)",/2ta1312028t1cvn/chi-tiet-ban-an
https://congbobanan.toaan.gov.vn/2ta1311980t1cvn/chi-tiet-ban-an,"Bản án:số 08/2023/LĐ-ST ngày 18/07/2023 của  TAND Q. Bình Tân,  TP. Hồ Chí Minh(27.09.2023)",/2ta1311980t1cvn/chi-tiet-ban-an
https://congbobanan.toaan.gov.vn/2ta1310377t1cvn/chi-tiet-ban-an,"Bản án:số 1206/2023/LĐ-ST ngày 03/07/2023 của  TAND Q. Bình Thạnh,  TP. Hồ Chí Minh(26.09.2023)",/2ta1310377t1cvn/chi-tiet-ban-an
https://congbobanan.toaan.gov.vn/2ta1309022t1cvn/chi-tiet-ban-an,"Bản án:số 40 ngày 15/06/2020 của  TAND Quận 1,  TP. Hồ Chí Minh(26.09.2023)",/2ta1309022t1cvn/chi-tiet-ban-an
https://congbobanan.toaan.gov.vn/2ta1308238t1cvn/chi-tiet-ban-an,Bản án:số 03 ngày 11/01/2023 của TAND tỉnh Đồng Nai(26.09.2023),/2ta1308238t1cvn/chi-tiet-ban-an
https://congbobanan.toaan.gov.vn/2ta1308312t1cvn/chi-tiet-ban-an,Bản án:số 05 ngày 11/02/2023 của TAND tỉnh Đồng Nai(26.09.2023),/2ta1308312t1cvn/chi-tiet-ban-an
https://congbobanan.toaan.gov.vn/2ta1308348t1cvn/chi-tiet-ban-an,Bản án:số 04 ngày 11/01/2023 của TAND tỉnh Đồng Nai(26.09.2023),/2ta1308348t1cvn/chi-tiet-ban-an
https://congbobanan.toaan.gov.vn/2ta1308325t1cvn/chi-tiet-ban-an,Bản án:số 02 ngày 11/01/2023 của TAND tỉnh Đồng Nai(26.09.2023),/2ta1308325t1cvn/chi-tiet-ban-an
https://congbobanan.toaan.gov.vn/2ta1308351t1cvn/chi-tiet-ban-an,Bản án:số 12 ngày 27/12/2022 của TAND tỉnh Đồng Nai(26.09.2023),/2ta1308351t1cvn/chi-tiet-ban-an
https://congbobanan.toaan.gov.vn/2ta1308426t1cvn/chi-tiet-ban-an,Bản án:số 11 ngày 15/09/2023 của TAND tỉnh Đồng Nai(26.09.2023),/2ta1308426t1cvn/chi-tiet-ban-an
https://congbobanan.toaan.gov.vn/2ta1308125t1cvn/chi-tiet-ban-an,"Bản án:số 651 ngày 26/07/2023 của  TAND huyện Cần Giuộc,  tỉnh Long An(26.09.2023)",/2ta1308125t1cvn/chi-tiet-ban-an
https://congbobanan.toaan.gov.vn/2ta1308165t1cvn/chi-tiet-ban-an,"Bản án:số 653 ngày 26/07/2023 của  TAND huyện Cần Giuộc,  tỉnh Long An(26.09.2023)",/2ta1308165t1cvn/chi-tiet-ban-an
https://congbobanan.toaan.gov.vn/2ta1307659t1cvn/chi-tiet-ban-an,Bản án:số 04 ngày 07/09/2023 của TAND TP. Hải Phòng(26.09.2023),/2ta1307659t1cvn/chi-tiet-ban-an
https://congbobanan.toaan.gov.vn/2ta1307172t1cvn/chi-tiet-ban-an,Bản án:số 04/2023/LĐ-PT ngày 27/08/2023 của TAND TP. Hải Phòng(26.09.2023),/2ta1307172t1cvn/chi-tiet-ban-an
https://congbobanan.toaan.gov.vn/2ta1307134t1cvn/chi-tiet-ban-an,"Bản án:số 02/2023/LĐ-ST ngày 17/08/2023 của  TAND TP. Mỹ Tho,  tỉnh Tiền Giang(26.09.2023)",/2ta1307134t1cvn/chi-tiet-ban-an
https://congbobanan.toaan.gov.vn/2ta1307142t1cvn/chi-tiet-ban-an,"Bản án:số 03 ngày 07/09/2022 của  TAND TP. Trà Vinh,  tỉnh Trà Vinh(26.09.2023)",/2ta1307142t1cvn/chi-tiet-ban-an
https://congbobanan.toaan.gov.vn/2ta1307032t1cvn/chi-tiet-ban-an,"Bản án:số 02 ngày 07/09/2022 của  TAND TP. Trà Vinh,  tỉnh Trà Vinh(26.09.2023)",/2ta1307032t1cvn/chi-tiet-ban-an
https://congbobanan.toaan.gov.vn/2ta1304169t1cvn/chi-tiet-ban-an,"Bản án:số 2989 ngày 14/08/2023 của  Thành phố Thủ Đức,  TP. Hồ Chí Minh(25.09.2023)",/2ta1304169t1cvn/chi-tiet-ban-an
https://congbobanan.toaan.gov.vn/2ta1300258t1cvn/chi-tiet-ban-an,"Bản án:số 930 ngày 09/08/2023 của  TAND huyện Cần Giuộc,  tỉnh Long An(23.09.2023)",/2ta1300258t1cvn/chi-tiet-ban-an
https://congbobanan.toaan.gov.vn/2ta1300261t1cvn/chi-tiet-ban-an,"Bản án:số 929 ngày 09/08/2023 của  TAND huyện Cần Giuộc,  tỉnh Long An(23.09.2023)",/2ta1300261t1cvn/chi-tiet-ban-an
https://congbobanan.toaan.gov.vn/2ta1300266t1cvn/chi-tiet-ban-an,"Bản án:số 931 ngày 09/08/2023 của  TAND huyện Cần Giuộc,  tỉnh Long An(23.09.2023)",/2ta1300266t1cvn/chi-tiet-ban-an
https://congbobanan.toaan.gov.vn/2ta1300268t1cvn/chi-tiet-ban-an,"Bản án:số 932 ngày 09/08/2023 của  TAND huyện Cần Giuộc,  tỉnh Long An(23.09.2023)",/2ta1300268t1cvn/chi-tiet-ban-an
https://congbobanan.toaan.gov.vn/2ta1300271t1cvn/chi-tiet-ban-an,"Bản án:số 934 ngày 09/08/2023 của  TAND huyện Cần Giuộc,  tỉnh Long An(23.09.2023)",/2ta1300271t1cvn/chi-tiet-ban-an
https://congbobanan.toaan.gov.vn/2ta1300277t1cvn/chi-tiet-ban-an,"Bản án:số 937 ngày 09/08/2023 của  TAND huyện Cần Giuộc,  tỉnh Long An(23.09.2023)",/2ta1300277t1cvn/chi-tiet-ban-an
https://congbobanan.toaan.gov.vn/2ta1300286t1cvn/chi-tiet-ban-an,"Bản án:số 933 ngày 09/08/2023 của  TAND huyện Cần Giuộc,  tỉnh Long An(23.09.2023)",/2ta1300286t1cvn/chi-tiet-ban-an
https://congbobanan.toaan.gov.vn/2ta1300289t1cvn/chi-tiet-ban-an,"Bản án:số 935 ngày 09/08/2023 của  TAND huyện Cần Giuộc,  tỉnh Long An(23.09.2023)",/2ta1300289t1cvn/chi-tiet-ban-an
https://congbobanan.toaan.gov.vn/2ta1300292t1cvn/chi-tiet-ban-an,"Bản án:số 936 ngày 09/08/2023 của  TAND huyện Cần Giuộc,  tỉnh Long An(23.09.2023)",/2ta1300292t1cvn/chi-tiet-ban-an
https://congbobanan.toaan.gov.vn/2ta1300301t1cvn/chi-tiet-ban-an,"Bản án:số 938 ngày 09/08/2023 của  TAND huyện Cần Giuộc,  tỉnh Long An(23.09.2023)",/2ta1300301t1cvn/chi-tiet-ban-an
https://congbobanan.toaan.gov.vn/2ta1300198t1cvn/chi-tiet-ban-an,"Bản án:số 898 ngày 08/08/2023 của  TAND huyện Cần Giuộc,  tỉnh Long An(23.09.2023)",/2ta1300198t1cvn/chi-tiet-ban-an
https://congbobanan.toaan.gov.vn/2ta1300213t1cvn/chi-tiet-ban-an,"Bản án:số 895 ngày 08/08/2023 của  TAND huyện Cần Giuộc,  tỉnh Long An(23.09.2023)",/2ta1300213t1cvn/chi-tiet-ban-an
https://congbobanan.toaan.gov.vn/2ta1300214t1cvn/chi-tiet-ban-an,"Bản án:số 896 ngày 08/08/2023 của  TAND huyện Cần Giuộc,  tỉnh Long An(23.09.2023)",/2ta1300214t1cvn/chi-tiet-ban-an
https://congbobanan.toaan.gov.vn/2ta1300218t1cvn/chi-tiet-ban-an,"Bản án:số 897 ngày 08/08/2023 của  TAND huyện Cần Giuộc,  tỉnh Long An(23.09.2023)",/2ta1300218t1cvn/chi-tiet-ban-an
https://congbobanan.toaan.gov.vn/2ta1300220t1cvn/chi-tiet-ban-an,"Bản án:số 900 ngày 08/08/2023 của  TAND huyện Cần Giuộc,  tỉnh Long An(23.09.2023)",/2ta1300220t1cvn/chi-tiet-ban-an
https://congbobanan.toaan.gov.vn/2ta1300223t1cvn/chi-tiet-ban-an,"Bản án:số 901 ngày 08/08/2023 của  TAND huyện Cần Giuộc,  tỉnh Long An(23.09.2023)",/2ta1300223t1cvn/chi-tiet-ban-an
https://congbobanan.toaan.gov.vn/2ta1300224t1cvn/chi-tiet-ban-an,"Bản án:số 902 ngày 08/08/2023 của  TAND huyện Cần Giuộc,  tỉnh Long An(23.09.2023)",/2ta1300224t1cvn/chi-tiet-ban-an
https://congbobanan.toaan.gov.vn/2ta1300225t1cvn/chi-tiet-ban-an,"Bản án:số 903 ngày 08/08/2023 của  TAND huyện Cần Giuộc,  tỉnh Long An(23.09.2023)",/2ta1300225t1cvn/chi-tiet-ban-an
https://congbobanan.toaan.gov.vn/2ta1300241t1cvn/chi-tiet-ban-an,"Bản án:số 899 ngày 08/08/2023 của  TAND huyện Cần Giuộc,  tỉnh Long An(23.09.2023)",/2ta1300241t1cvn/chi-tiet-ban-an
https://congbobanan.toaan.gov.vn/2ta1300247t1cvn/chi-tiet-ban-an,"Bản án:số 904 ngày 08/08/2023 của  TAND huyện Cần Giuộc,  tỉnh Long An(23.09.2023)",/2ta1300247t1cvn/chi-tiet-ban-an
https://congbobanan.toaan.gov.vn/2ta1300190t1cvn/chi-tiet-ban-an,"Bản án:số 889 ngày 07/08/2023 của  TAND huyện Cần Giuộc,  tỉnh Long An(23.09.2023)",/2ta1300190t1cvn/chi-tiet-ban-an
https://congbobanan.toaan.gov.vn/2ta1300192t1cvn/chi-tiet-ban-an,"Bản án:số 893 ngày 07/08/2023 của  TAND huyện Cần Giuộc,  tỉnh Long An(23.09.2023)",/2ta1300192t1cvn/chi-tiet-ban-an
https://congbobanan.toaan.gov.vn/2ta1300193t1cvn/chi-tiet-ban-an,"Bản án:số 894 ngày 07/08/2023 của  TAND huyện Cần Giuộc,  tỉnh Long An(23.09.2023)",/2ta1300193t1cvn/chi-tiet-ban-an
https://congbobanan.toaan.gov.vn/2ta1300201t1cvn/chi-tiet-ban-an,"Bản án:số 885 ngày 07/08/2023 của  TAND huyện Cần Giuộc,  tỉnh Long An(23.09.2023)",/2ta1300201t1cvn/chi-tiet-ban-an
https://congbobanan.toaan.gov.vn/2ta1300202t1cvn/chi-tiet-ban-an,"Bản án:số 886 ngày 07/08/2023 của  TAND huyện Cần Giuộc,  tỉnh Long An(23.09.2023)",/2ta1300202t1cvn/chi-tiet-ban-an
https://congbobanan.toaan.gov.vn/2ta1300203t1cvn/chi-tiet-ban-an,"Bản án:số 887 ngày 07/08/2023 của  TAND huyện Cần Giuộc,  tỉnh Long An(23.09.2023)",/2ta1300203t1cvn/chi-tiet-ban-an
https://congbobanan.toaan.gov.vn/2ta1300204t1cvn/chi-tiet-ban-an,"Bản án:số 888 ngày 07/08/2023 của  TAND huyện Cần Giuộc,  tỉnh Long An(23.09.2023)",/2ta1300204t1cvn/chi-tiet-ban-an
https://congbobanan.toaan.gov.vn/2ta1300205t1cvn/chi-tiet-ban-an,"Bản án:số 890 ngày 07/08/2023 của  TAND huyện Cần Giuộc,  tỉnh Long An(23.09.2023)",/2ta1300205t1cvn/chi-tiet-ban-an
https://congbobanan.toaan.gov.vn/2ta1300206t1cvn/chi-tiet-ban-an,"Bản án:số 891 ngày 07/08/2023 của  TAND huyện Cần Giuộc,  tỉnh Long An(23.09.2023)",/2ta1300206t1cvn/chi-tiet-ban-an
https://congbobanan.toaan.gov.vn/2ta1300207t1cvn/chi-tiet-ban-an,"Bản án:số 892 ngày 07/08/2023 của  TAND huyện Cần Giuộc,  tỉnh Long An(23.09.2023)",/2ta1300207t1cvn/chi-tiet-ban-an
https://congbobanan.toaan.gov.vn/2ta1299634t1cvn/chi-tiet-ban-an,"Bản án:số 850 ngày 04/08/2023 của  TAND huyện Cần Giuộc,  tỉnh Long An(23.09.2023)",/2ta1299634t1cvn/chi-tiet-ban-an
https://congbobanan.toaan.gov.vn/2ta1299663t1cvn/chi-tiet-ban-an,"Bản án:số 851 ngày 04/08/2023 của  TAND huyện Cần Giuộc,  tỉnh Long An(23.09.2023)",/2ta1299663t1cvn/chi-tiet-ban-an
https://congbobanan.toaan.gov.vn/2ta1299667t1cvn/chi-tiet-ban-an,"Bản án:số 852 ngày 04/08/2023 của  TAND huyện Cần Giuộc,  tỉnh Long An(23.09.2023)",/2ta1299667t1cvn/chi-tiet-ban-an
https://congbobanan.toaan.gov.vn/2ta1299681t1cvn/chi-tiet-ban-an,"Bản án:số 853 ngày 04/08/2023 của  TAND huyện Cần Giuộc,  tỉnh Long An(23.09.2023)",/2ta1299681t1cvn/chi-tiet-ban-an
https://congbobanan.toaan.gov.vn/2ta1299682t1cvn/chi-tiet-ban-an,"Bản án:số 854 ngày 04/08/2023 của  TAND huyện Cần Giuộc,  tỉnh Long An(23.09.2023)",/2ta1299682t1cvn/chi-tiet-ban-an
https://congbobanan.toaan.gov.vn/2ta1299684t1cvn/chi-tiet-ban-an,"Bản án:số 855 ngày 04/08/2023 của  TAND huyện Cần Giuộc,  tỉnh Long An(23.09.2023)",/2ta1299684t1cvn/chi-tiet-ban-an
https://congbobanan.toaan.gov.vn/2ta1299686t1cvn/chi-tiet-ban-an,"Bản án:số 856 ngày 04/08/2023 của  TAND huyện Cần Giuộc,  tỉnh Long An(23.09.2023)",/2ta1299686t1cvn/chi-tiet-ban-an
https://congbobanan.toaan.gov.vn/2ta1299816t1cvn/chi-tiet-ban-an,"Bản án:số 857 ngày 04/08/2023 của  TAND huyện Cần Giuộc,  tỉnh Long An(23.09.2023)",/2ta1299816t1cvn/chi-tiet-ban-an
https://congbobanan.toaan.gov.vn/2ta1299828t1cvn/chi-tiet-ban-an,"Bản án:số 858 ngày 04/08/2023 của  TAND huyện Cần Giuộc,  tỉnh Long An(23.09.2023)",/2ta1299828t1cvn/chi-tiet-ban-an
https://congbobanan.toaan.gov.vn/2ta1299833t1cvn/chi-tiet-ban-an,"Bản án:số 859 ngày 04/08/2023 của  TAND huyện Cần Giuộc,  tỉnh Long An(23.09.2023)",/2ta1299833t1cvn/chi-tiet-ban-an
https://congbobanan.toaan.gov.vn/2ta1299652t1cvn/chi-tiet-ban-an,"Bản án:số 849 ngày 03/08/2023 của  TAND huyện Cần Giuộc,  tỉnh Long An(23.09.2023)",/2ta1299652t1cvn/chi-tiet-ban-an
https://congbobanan.toaan.gov.vn/2ta1299646t1cvn/chi-tiet-ban-an,"Bản án:số 846 ngày 03/08/2023 của  TAND huyện Cần Giuộc,  tỉnh Long An(23.09.2023)",/2ta1299646t1cvn/chi-tiet-ban-an
https://congbobanan.toaan.gov.vn/2ta1299644t1cvn/chi-tiet-ban-an,"Bản án:số 845 ngày 03/08/2023 của  TAND huyện Cần Giuộc,  tỉnh Long An(23.09.2023)",/2ta1299644t1cvn/chi-tiet-ban-an
https://congbobanan.toaan.gov.vn/2ta1299641t1cvn/chi-tiet-ban-an,"Bản án:số 844 ngày 03/08/2023 của  TAND huyện Cần Giuộc,  tỉnh Long An(23.09.2023)",/2ta1299641t1cvn/chi-tiet-ban-an
https://congbobanan.toaan.gov.vn/2ta1299639t1cvn/chi-tiet-ban-an,"Bản án:số 843 ngày 03/08/2023 của  TAND huyện Cần Giuộc,  tỉnh Long An(23.09.2023)",/2ta1299639t1cvn/chi-tiet-ban-an
https://congbobanan.toaan.gov.vn/2ta1299629t1cvn/chi-tiet-ban-an,"Bản án:số 848 ngày 03/08/2023 của  TAND huyện Cần Giuộc,  tỉnh Long An(23.09.2023)",/2ta1299629t1cvn/chi-tiet-ban-an
https://congbobanan.toaan.gov.vn/2ta1299627t1cvn/chi-tiet-ban-an,"Bản án:số 847 ngày 03/08/2023 của  TAND huyện Cần Giuộc,  tỉnh Long An(23.09.2023)",/2ta1299627t1cvn/chi-tiet-ban-an
https://congbobanan.toaan.gov.vn/2ta1299621t1cvn/chi-tiet-ban-an,"Bản án:số 842 ngày 03/08/2023 của  TAND huyện Cần Giuộc,  tỉnh Long An(23.09.2023)",/2ta1299621t1cvn/chi-tiet-ban-an
https://congbobanan.toaan.gov.vn/2ta1299620t1cvn/chi-tiet-ban-an,"Bản án:số 841 ngày 03/08/2023 của  TAND huyện Cần Giuộc,  tỉnh Long An(23.09.2023)",/2ta1299620t1cvn/chi-tiet-ban-an
https://congbobanan.toaan.gov.vn/2ta1299597t1cvn/chi-tiet-ban-an,"Bản án:số 840 ngày 03/08/2023 của  TAND huyện Cần Giuộc,  tỉnh Long An(23.09.2023)",/2ta1299597t1cvn/chi-tiet-ban-an
https://congbobanan.toaan.gov.vn/2ta1299547t1cvn/chi-tiet-ban-an,"Bản án:số 800 ngày 02/08/2023 của  TAND huyện Cần Giuộc,  tỉnh Long An(23.09.2023)",/2ta1299547t1cvn/chi-tiet-ban-an
https://congbobanan.toaan.gov.vn/2ta1299555t1cvn/chi-tiet-ban-an,"Bản án:số 802 ngày 02/08/2023 của  TAND huyện Cần Giuộc,  tỉnh Long An(23.09.2023)",/2ta1299555t1cvn/chi-tiet-ban-an
https://congbobanan.toaan.gov.vn/2ta1299559t1cvn/chi-tiet-ban-an,"Bản án:số 801 ngày 02/08/2023 của  TAND huyện Cần Giuộc,  tỉnh Long An(23.09.2023)",/2ta1299559t1cvn/chi-tiet-ban-an
https://congbobanan.toaan.gov.vn/2ta1299565t1cvn/chi-tiet-ban-an,"Bản án:số 803 ngày 02/08/2023 của  TAND huyện Cần Giuộc,  tỉnh Long An(23.09.2023)",/2ta1299565t1cvn/chi-tiet-ban-an
https://congbobanan.toaan.gov.vn/2ta1299568t1cvn/chi-tiet-ban-an,"Bản án:số 804 ngày 02/08/2023 của  TAND huyện Cần Giuộc,  tỉnh Long An(23.09.2023)",/2ta1299568t1cvn/chi-tiet-ban-an
https://congbobanan.toaan.gov.vn/2ta1299575t1cvn/chi-tiet-ban-an,"Bản án:số 806 ngày 02/08/2023 của  TAND huyện Cần Giuộc,  tỉnh Long An(23.09.2023)",/2ta1299575t1cvn/chi-tiet-ban-an
https://congbobanan.toaan.gov.vn/2ta1299578t1cvn/chi-tiet-ban-an,"Bản án:số 807 ngày 02/08/2023 của  TAND huyện Cần Giuộc,  tỉnh Long An(23.09.2023)",/2ta1299578t1cvn/chi-tiet-ban-an
https://congbobanan.toaan.gov.vn/2ta1299587t1cvn/chi-tiet-ban-an,"Bản án:số 809 ngày 02/08/2023 của  TAND huyện Cần Giuộc,  tỉnh Long An(23.09.2023)",/2ta1299587t1cvn/chi-tiet-ban-an
https://congbobanan.toaan.gov.vn/2ta1299593t1cvn/chi-tiet-ban-an,"Bản án:số 805 ngày 02/08/2023 của  TAND huyện Cần Giuộc,  tỉnh Long An(23.09.2023)",/2ta1299593t1cvn/chi-tiet-ban-an
https://congbobanan.toaan.gov.vn/2ta1299600t1cvn/chi-tiet-ban-an,"Bản án:số 808 ngày 02/08/2023 của  TAND huyện Cần Giuộc,  tỉnh Long An(23.09.2023)",/2ta1299600t1cvn/chi-tiet-ban-an
https://congbobanan.toaan.gov.vn/2ta1299528t1cvn/chi-tiet-ban-an,"Bản án:số 799 ngày 01/08/2023 của  TAND huyện Cần Giuộc,  tỉnh Long An(23.09.2023)",/2ta1299528t1cvn/chi-tiet-ban-an
https://congbobanan.toaan.gov.vn/2ta1299513t1cvn/chi-tiet-ban-an,"Bản án:số 798 ngày 01/08/2023 của  TAND huyện Cần Giuộc,  tỉnh Long An(23.09.2023)",/2ta1299513t1cvn/chi-tiet-ban-an
https://congbobanan.toaan.gov.vn/2ta1299519t1cvn/chi-tiet-ban-an,"Bản án:số 797 ngày 01/08/2023 của  TAND huyện Cần Giuộc,  tỉnh Long An(23.09.2023)",/2ta1299519t1cvn/chi-tiet-ban-an
https://congbobanan.toaan.gov.vn/2ta1299497t1cvn/chi-tiet-ban-an,"Bản án:số 796 ngày 01/08/2023 của  TAND huyện Cần Giuộc,  tỉnh Long An(23.09.2023)",/2ta1299497t1cvn/chi-tiet-ban-an
https://congbobanan.toaan.gov.vn/2ta1299493t1cvn/chi-tiet-ban-an,"Bản án:số 795 ngày 01/08/2023 của  TAND huyện Cần Giuộc,  tỉnh Long An(23.09.2023)",/2ta1299493t1cvn/chi-tiet-ban-an
https://congbobanan.toaan.gov.vn/2ta1299504t1cvn/chi-tiet-ban-an,"Bản án:số 794 ngày 01/08/2023 của  TAND huyện Cần Giuộc,  tỉnh Long An(23.09.2023)",/2ta1299504t1cvn/chi-tiet-ban-an
https://congbobanan.toaan.gov.vn/2ta1299502t1cvn/chi-tiet-ban-an,"Bản án:số 793 ngày 01/08/2023 của  TAND huyện Cần Giuộc,  tỉnh Long An(23.09.2023)",/2ta1299502t1cvn/chi-tiet-ban-an
https://congbobanan.toaan.gov.vn/2ta1299485t1cvn/chi-tiet-ban-an,"Bản án:số 792 ngày 01/08/2023 của  TAND huyện Cần Giuộc,  tỉnh Long An(23.09.2023)",/2ta1299485t1cvn/chi-tiet-ban-an
https://congbobanan.toaan.gov.vn/2ta1299419t1cvn/chi-tiet-ban-an,"Bản án:số 791 ngày 01/08/2023 của  TAND huyện Cần Giuộc,  tỉnh Long An(23.09.2023)",/2ta1299419t1cvn/chi-tiet-ban-an
https://congbobanan.toaan.gov.vn/2ta1299403t1cvn/chi-tiet-ban-an,"Bản án:số 790 ngày 01/08/2023 của  TAND huyện Cần Giuộc,  tỉnh Long An(23.09.2023)",/2ta1299403t1cvn/chi-tiet-ban-an
https://congbobanan.toaan.gov.vn/2ta1294709t1cvn/chi-tiet-ban-an,"Bản án:số 02/2023/QĐST-LĐ ngày 30/05/2023 của  TAND TP. Thái Nguyên,  tỉnh Thái Nguyên(22.09.2023)",/2ta1294709t1cvn/chi-tiet-ban-an
https://congbobanan.toaan.gov.vn/2ta1296322t1cvn/chi-tiet-ban-an,"Bản án:số 246 ngày 12/07/2023 của  TAND huyện Cần Giuộc,  tỉnh Long An(21.09.2023)",/2ta1296322t1cvn/chi-tiet-ban-an
https://congbobanan.toaan.gov.vn/2ta1294447t1cvn/chi-tiet-ban-an,"Bản án:số 14 ngày 03/07/2023 của  TAND huyện Cần Giuộc,  tỉnh Long An(21.09.2023)",/2ta1294447t1cvn/chi-tiet-ban-an
https://congbobanan.toaan.gov.vn/2ta1292657t1cvn/chi-tiet-ban-an,"Bản án:số 3151 ngày 21/08/2023 của  Thành phố Thủ Đức,  TP. Hồ Chí Minh(20.09.2023)",/2ta1292657t1cvn/chi-tiet-ban-an
https://congbobanan.toaan.gov.vn/2ta1293094t1cvn/chi-tiet-ban-an,Bản án:số 04 ngày 24/08/2023 của TAND tỉnh Bến Tre(20.09.2023),/2ta1293094t1cvn/chi-tiet-ban-an
https://congbobanan.toaan.gov.vn/2ta1292439t1cvn/chi-tiet-ban-an,"Bản án:số 13 ngày 18/08/2023 của  TAND TP. Qui Nhơn,  tỉnh Bình Định(20.09.2023)",/2ta1292439t1cvn/chi-tiet-ban-an
https://congbobanan.toaan.gov.vn/2ta1254711t1cvn/chi-tiet-ban-an,Bản án:số 01 ngày 05/04/2023 của TAND tỉnh Bà Rịa_Vũng Tàu(20.09.2023),/2ta1254711t1cvn/chi-tiet-ban-an
https://congbobanan.toaan.gov.vn/2ta1290472t1cvn/chi-tiet-ban-an,"Bản án:số 01 ngày 18/08/2023 của  TAND Q. Sơn Trà,  TP Đà Nẵng(19.09.2023)",/2ta1290472t1cvn/chi-tiet-ban-an
https://congbobanan.toaan.gov.vn/2ta1290237t1cvn/chi-tiet-ban-an,Bản án:số 02 ngày 28/09/2022 của TAND tỉnh Kiên Giang(19.09.2023),/2ta1290237t1cvn/chi-tiet-ban-an
https://congbobanan.toaan.gov.vn/2ta1290270t1cvn/chi-tiet-ban-an,Bản án:số 02 ngày 31/07/2023 của TAND tỉnh Kiên Giang(19.09.2023),/2ta1290270t1cvn/chi-tiet-ban-an
https://congbobanan.toaan.gov.vn/2ta1290282t1cvn/chi-tiet-ban-an,Bản án:số 01 ngày 29/03/2023 của TAND tỉnh Kiên Giang(19.09.2023),/2ta1290282t1cvn/chi-tiet-ban-an
https://congbobanan.toaan.gov.vn/2ta1290306t1cvn/chi-tiet-ban-an,Bản án:số 03 ngày 09/12/2022 của TAND tỉnh Kiên Giang(19.09.2023),/2ta1290306t1cvn/chi-tiet-ban-an
https://congbobanan.toaan.gov.vn/2ta1290302t1cvn/chi-tiet-ban-an,"Bản án:số 02 ngày 03/11/2022 của  TAND TP. Hải Dương,  tỉnh Hải Dương(19.09.2023)",/2ta1290302t1cvn/chi-tiet-ban-an
https://congbobanan.toaan.gov.vn/2ta1288352t1cvn/chi-tiet-ban-an,"Bản án:số 02 ngày 20/08/2023 của  TAND TP. Việt Trì,  tỉnh Phú Thọ(18.09.2023)",/2ta1288352t1cvn/chi-tiet-ban-an
https://congbobanan.toaan.gov.vn/2ta1287799t1cvn/chi-tiet-ban-an,Bản án:số 01 ngày 03/08/2023 của TAND tỉnh Sóc Trăng(18.09.2023),/2ta1287799t1cvn/chi-tiet-ban-an
https://congbobanan.toaan.gov.vn/2ta1286805t1cvn/chi-tiet-ban-an,Bản án:số 903 ngày 30/08/2023 của TAND TP. Hồ Chí Minh(18.09.2023),/2ta1286805t1cvn/chi-tiet-ban-an
https://congbobanan.toaan.gov.vn/2ta1286498t1cvn/chi-tiet-ban-an,Bản án:số 595 ngày 22/05/2023 của TAND TP. Hồ Chí Minh(18.09.2023),/2ta1286498t1cvn/chi-tiet-ban-an
https://congbobanan.toaan.gov.vn/2ta1286505t1cvn/chi-tiet-ban-an,Bản án:số 481 ngày 20/04/2023 của TAND TP. Hồ Chí Minh(18.09.2023),/2ta1286505t1cvn/chi-tiet-ban-an
https://congbobanan.toaan.gov.vn/2ta1286484t1cvn/chi-tiet-ban-an,Bản án:số 306 ngày 16/03/2023 của TAND TP. Hồ Chí Minh(18.09.2023),/2ta1286484t1cvn/chi-tiet-ban-an
https://congbobanan.toaan.gov.vn/2ta1286481t1cvn/chi-tiet-ban-an,Bản án:số 275 ngày 13/03/2023 của TAND TP. Hồ Chí Minh(18.09.2023),/2ta1286481t1cvn/chi-tiet-ban-an
https://congbobanan.toaan.gov.vn/2ta1286405t1cvn/chi-tiet-ban-an,Bản án:số 225 ngày 01/03/2023 của TAND TP. Hồ Chí Minh(18.09.2023),/2ta1286405t1cvn/chi-tiet-ban-an
https://congbobanan.toaan.gov.vn/2ta1286358t1cvn/chi-tiet-ban-an,"Bản án:số 503 ngày 19/07/2023 của  TAND huyện Cần Giuộc,  tỉnh Long An(18.09.2023)",/2ta1286358t1cvn/chi-tiet-ban-an
https://congbobanan.toaan.gov.vn/2ta1286373t1cvn/chi-tiet-ban-an,"Bản án:số 504 ngày 19/07/2023 của  TAND huyện Cần Giuộc,  tỉnh Long An(18.09.2023)",/2ta1286373t1cvn/chi-tiet-ban-an
https://congbobanan.toaan.gov.vn/2ta1286375t1cvn/chi-tiet-ban-an,"Bản án:số 506 ngày 19/07/2023 của  TAND huyện Cần Giuộc,  tỉnh Long An(18.09.2023)",/2ta1286375t1cvn/chi-tiet-ban-an
https://congbobanan.toaan.gov.vn/2ta1286377t1cvn/chi-tiet-ban-an,"Bản án:số 508 ngày 19/07/2023 của  TAND huyện Cần Giuộc,  tỉnh Long An(18.09.2023)",/2ta1286377t1cvn/chi-tiet-ban-an
https://congbobanan.toaan.gov.vn/2ta1286379t1cvn/chi-tiet-ban-an,"Bản án:số 505 ngày 19/07/2023 của  TAND huyện Cần Giuộc,  tỉnh Long An(18.09.2023)",/2ta1286379t1cvn/chi-tiet-ban-an
https://congbobanan.toaan.gov.vn/2ta1286380t1cvn/chi-tiet-ban-an,"Bản án:số 507 ngày 19/07/2023 của  TAND huyện Cần Giuộc,  tỉnh Long An(18.09.2023)",/2ta1286380t1cvn/chi-tiet-ban-an
https://congbobanan.toaan.gov.vn/2ta1286382t1cvn/chi-tiet-ban-an,"Bản án:số 509 ngày 19/07/2023 của  TAND huyện Cần Giuộc,  tỉnh Long An(18.09.2023)",/2ta1286382t1cvn/chi-tiet-ban-an
https://congbobanan.toaan.gov.vn/2ta1286383t1cvn/chi-tiet-ban-an,"Bản án:số 510 ngày 19/07/2023 của  TAND huyện Cần Giuộc,  tỉnh Long An(18.09.2023)",/2ta1286383t1cvn/chi-tiet-ban-an
https://congbobanan.toaan.gov.vn/2ta1286384t1cvn/chi-tiet-ban-an,"Bản án:số 511 ngày 19/07/2023 của  TAND huyện Cần Giuộc,  tỉnh Long An(18.09.2023)",/2ta1286384t1cvn/chi-tiet-ban-an
https://congbobanan.toaan.gov.vn/2ta1286385t1cvn/chi-tiet-ban-an,"Bản án:số 512 ngày 19/07/2023 của  TAND huyện Cần Giuộc,  tỉnh Long An(18.09.2023)",/2ta1286385t1cvn/chi-tiet-ban-an
https://congbobanan.toaan.gov.vn/2ta1286387t1cvn/chi-tiet-ban-an,"Bản án:số 516 ngày 19/07/2023 của  TAND huyện Cần Giuộc,  tỉnh Long An(18.09.2023)",/2ta1286387t1cvn/chi-tiet-ban-an
https://congbobanan.toaan.gov.vn/2ta1286392t1cvn/chi-tiet-ban-an,"Bản án:số 517 ngày 19/07/2023 của  TAND huyện Cần Giuộc,  tỉnh Long An(18.09.2023)",/2ta1286392t1cvn/chi-tiet-ban-an
https://congbobanan.toaan.gov.vn/2ta1286393t1cvn/chi-tiet-ban-an,"Bản án:số 519 ngày 19/07/2023 của  TAND huyện Cần Giuộc,  tỉnh Long An(18.09.2023)",/2ta1286393t1cvn/chi-tiet-ban-an
https://congbobanan.toaan.gov.vn/2ta1286394t1cvn/chi-tiet-ban-an,"Bản án:số 520 ngày 19/07/2023 của  TAND huyện Cần Giuộc,  tỉnh Long An(18.09.2023)",/2ta1286394t1cvn/chi-tiet-ban-an
https://congbobanan.toaan.gov.vn/2ta1286395t1cvn/chi-tiet-ban-an,"Bản án:số 521 ngày 19/07/2023 của  TAND huyện Cần Giuộc,  tỉnh Long An(18.09.2023)",/2ta1286395t1cvn/chi-tiet-ban-an
https://congbobanan.toaan.gov.vn/2ta1286401t1cvn/chi-tiet-ban-an,"Bản án:số 513 ngày 19/07/2023 của  TAND huyện Cần Giuộc,  tỉnh Long An(18.09.2023)",/2ta1286401t1cvn/chi-tiet-ban-an
https://congbobanan.toaan.gov.vn/2ta1286403t1cvn/chi-tiet-ban-an,"Bản án:số 514 ngày 19/07/2023 của  TAND huyện Cần Giuộc,  tỉnh Long An(18.09.2023)",/2ta1286403t1cvn/chi-tiet-ban-an
https://congbobanan.toaan.gov.vn/2ta1286404t1cvn/chi-tiet-ban-an,"Bản án:số 515 ngày 19/07/2023 của  TAND huyện Cần Giuộc,  tỉnh Long An(18.09.2023)",/2ta1286404t1cvn/chi-tiet-ban-an
https://congbobanan.toaan.gov.vn/2ta1286407t1cvn/chi-tiet-ban-an,"Bản án:số 518 ngày 19/07/2023 của  TAND huyện Cần Giuộc,  tỉnh Long An(18.09.2023)",/2ta1286407t1cvn/chi-tiet-ban-an
https://congbobanan.toaan.gov.vn/2ta1286419t1cvn/chi-tiet-ban-an,"Bản án:số 522 ngày 19/07/2023 của  TAND huyện Cần Giuộc,  tỉnh Long An(18.09.2023)",/2ta1286419t1cvn/chi-tiet-ban-an
https://congbobanan.toaan.gov.vn/2ta1284665t1cvn/chi-tiet-ban-an,Bản án:số 02/2023/LĐ-PT ngày 14/08/2023 của TAND cấp cao tại Đà Nẵng(16.09.2023),/2ta1284665t1cvn/chi-tiet-ban-an
https://congbobanan.toaan.gov.vn/2ta1283011t1cvn/chi-tiet-ban-an,"Bản án:số 13 ngày 03/07/2023 của  TAND huyện Cần Giuộc,  tỉnh Long An(15.09.2023)",/2ta1283011t1cvn/chi-tiet-ban-an
https://congbobanan.toaan.gov.vn/2ta1282989t1cvn/chi-tiet-ban-an,"Bản án:số 2939 ngày 10/08/2023 của  Thành phố Thủ Đức,  TP. Hồ Chí Minh(15.09.2023)",/2ta1282989t1cvn/chi-tiet-ban-an
https://congbobanan.toaan.gov.vn/2ta1282930t1cvn/chi-tiet-ban-an,"Bản án:số 463 ngày 18/07/2023 của  TAND huyện Cần Giuộc,  tỉnh Long An(15.09.2023)",/2ta1282930t1cvn/chi-tiet-ban-an
https://congbobanan.toaan.gov.vn/2ta1282933t1cvn/chi-tiet-ban-an,"Bản án:số 464 ngày 18/07/2023 của  TAND huyện Cần Giuộc,  tỉnh Long An(15.09.2023)",/2ta1282933t1cvn/chi-tiet-ban-an
https://congbobanan.toaan.gov.vn/2ta1282934t1cvn/chi-tiet-ban-an,"Bản án:số 465 ngày 18/07/2023 của  TAND huyện Cần Giuộc,  tỉnh Long An(15.09.2023)",/2ta1282934t1cvn/chi-tiet-ban-an
https://congbobanan.toaan.gov.vn/2ta1282935t1cvn/chi-tiet-ban-an,"Bản án:số 466 ngày 18/07/2023 của  TAND huyện Cần Giuộc,  tỉnh Long An(15.09.2023)",/2ta1282935t1cvn/chi-tiet-ban-an
https://congbobanan.toaan.gov.vn/2ta1282937t1cvn/chi-tiet-ban-an,"Bản án:số 468 ngày 18/07/2023 của  TAND huyện Cần Giuộc,  tỉnh Long An(15.09.2023)",/2ta1282937t1cvn/chi-tiet-ban-an
https://congbobanan.toaan.gov.vn/2ta1282938t1cvn/chi-tiet-ban-an,"Bản án:số 469 ngày 18/07/2023 của  TAND huyện Cần Giuộc,  tỉnh Long An(15.09.2023)",/2ta1282938t1cvn/chi-tiet-ban-an
https://congbobanan.toaan.gov.vn/2ta1282939t1cvn/chi-tiet-ban-an,"Bản án:số 462 ngày 18/07/2023 của  TAND huyện Cần Giuộc,  tỉnh Long An(15.09.2023)",/2ta1282939t1cvn/chi-tiet-ban-an
https://congbobanan.toaan.gov.vn/2ta1282943t1cvn/chi-tiet-ban-an,"Bản án:số 467 ngày 18/07/2023 của  TAND huyện Cần Giuộc,  tỉnh Long An(15.09.2023)",/2ta1282943t1cvn/chi-tiet-ban-an
https://congbobanan.toaan.gov.vn/2ta1282946t1cvn/chi-tiet-ban-an,"Bản án:số 471 ngày 18/07/2023 của  TAND huyện Cần Giuộc,  tỉnh Long An(15.09.2023)",/2ta1282946t1cvn/chi-tiet-ban-an
https://congbobanan.toaan.gov.vn/2ta1282948t1cvn/chi-tiet-ban-an,"Bản án:số 472 ngày 18/07/2023 của  TAND huyện Cần Giuộc,  tỉnh Long An(15.09.2023)",/2ta1282948t1cvn/chi-tiet-ban-an
https://congbobanan.toaan.gov.vn/2ta1282952t1cvn/chi-tiet-ban-an,"Bản án:số 474 ngày 18/07/2023 của  TAND huyện Cần Giuộc,  tỉnh Long An(15.09.2023)",/2ta1282952t1cvn/chi-tiet-ban-an
https://congbobanan.toaan.gov.vn/2ta1282953t1cvn/chi-tiet-ban-an,"Bản án:số 475 ngày 18/07/2023 của  TAND huyện Cần Giuộc,  tỉnh Long An(15.09.2023)",/2ta1282953t1cvn/chi-tiet-ban-an
https://congbobanan.toaan.gov.vn/2ta1282955t1cvn/chi-tiet-ban-an,"Bản án:số 476 ngày 18/07/2023 của  TAND huyện Cần Giuộc,  tỉnh Long An(15.09.2023)",/2ta1282955t1cvn/chi-tiet-ban-an
https://congbobanan.toaan.gov.vn/2ta1282957t1cvn/chi-tiet-ban-an,"Bản án:số 478 ngày 18/07/2023 của  TAND huyện Cần Giuộc,  tỉnh Long An(15.09.2023)",/2ta1282957t1cvn/chi-tiet-ban-an
https://congbobanan.toaan.gov.vn/2ta1282959t1cvn/chi-tiet-ban-an,"Bản án:số 470 ngày 18/07/2023 của  TAND huyện Cần Giuộc,  tỉnh Long An(15.09.2023)",/2ta1282959t1cvn/chi-tiet-ban-an
https://congbobanan.toaan.gov.vn/2ta1282961t1cvn/chi-tiet-ban-an,"Bản án:số 473 ngày 18/07/2023 của  TAND huyện Cần Giuộc,  tỉnh Long An(15.09.2023)",/2ta1282961t1cvn/chi-tiet-ban-an
https://congbobanan.toaan.gov.vn/2ta1282969t1cvn/chi-tiet-ban-an,"Bản án:số 477 ngày 18/07/2023 của  TAND huyện Cần Giuộc,  tỉnh Long An(15.09.2023)",/2ta1282969t1cvn/chi-tiet-ban-an
https://congbobanan.toaan.gov.vn/2ta1282979t1cvn/chi-tiet-ban-an,"Bản án:số 479 ngày 18/07/2023 của  TAND huyện Cần Giuộc,  tỉnh Long An(15.09.2023)",/2ta1282979t1cvn/chi-tiet-ban-an
https://congbobanan.toaan.gov.vn/2ta1282981t1cvn/chi-tiet-ban-an,"Bản án:số 480 ngày 18/07/2023 của  TAND huyện Cần Giuộc,  tỉnh Long An(15.09.2023)",/2ta1282981t1cvn/chi-tiet-ban-an
https://congbobanan.toaan.gov.vn/2ta1282986t1cvn/chi-tiet-ban-an,"Bản án:số 481 ngày 18/07/2023 của  TAND huyện Cần Giuộc,  tỉnh Long An(15.09.2023)",/2ta1282986t1cvn/chi-tiet-ban-an
https://congbobanan.toaan.gov.vn/2ta1282634t1cvn/chi-tiet-ban-an,"Bản án:số 391 ngày 17/07/2023 của  TAND huyện Cần Giuộc,  tỉnh Long An(15.09.2023)",/2ta1282634t1cvn/chi-tiet-ban-an
https://congbobanan.toaan.gov.vn/2ta1282638t1cvn/chi-tiet-ban-an,"Bản án:số 393 ngày 17/07/2023 của  TAND huyện Cần Giuộc,  tỉnh Long An(15.09.2023)",/2ta1282638t1cvn/chi-tiet-ban-an
https://congbobanan.toaan.gov.vn/2ta1282644t1cvn/chi-tiet-ban-an,"Bản án:số 392 ngày 17/07/2023 của  TAND huyện Cần Giuộc,  tỉnh Long An(15.09.2023)",/2ta1282644t1cvn/chi-tiet-ban-an
https://congbobanan.toaan.gov.vn/2ta1282647t1cvn/chi-tiet-ban-an,"Bản án:số 394 ngày 17/07/2023 của  TAND huyện Cần Giuộc,  tỉnh Long An(15.09.2023)",/2ta1282647t1cvn/chi-tiet-ban-an
https://congbobanan.toaan.gov.vn/2ta1282649t1cvn/chi-tiet-ban-an,"Bản án:số 397 ngày 17/07/2023 của  TAND huyện Cần Giuộc,  tỉnh Long An(15.09.2023)",/2ta1282649t1cvn/chi-tiet-ban-an
https://congbobanan.toaan.gov.vn/2ta1282651t1cvn/chi-tiet-ban-an,"Bản án:số 398 ngày 17/07/2023 của  TAND huyện Cần Giuộc,  tỉnh Long An(15.09.2023)",/2ta1282651t1cvn/chi-tiet-ban-an
https://congbobanan.toaan.gov.vn/2ta1282652t1cvn/chi-tiet-ban-an,"Bản án:số 399 ngày 17/07/2023 của  TAND huyện Cần Giuộc,  tỉnh Long An(15.09.2023)",/2ta1282652t1cvn/chi-tiet-ban-an
https://congbobanan.toaan.gov.vn/2ta1282656t1cvn/chi-tiet-ban-an,"Bản án:số 400 ngày 17/07/2023 của  TAND huyện Cần Giuộc,  tỉnh Long An(15.09.2023)",/2ta1282656t1cvn/chi-tiet-ban-an
https://congbobanan.toaan.gov.vn/2ta1282662t1cvn/chi-tiet-ban-an,"Bản án:số 395 ngày 17/07/2023 của  TAND huyện Cần Giuộc,  tỉnh Long An(15.09.2023)",/2ta1282662t1cvn/chi-tiet-ban-an
https://congbobanan.toaan.gov.vn/2ta1282665t1cvn/chi-tiet-ban-an,"Bản án:số 396 ngày 17/07/2023 của  TAND huyện Cần Giuộc,  tỉnh Long An(15.09.2023)",/2ta1282665t1cvn/chi-tiet-ban-an
https://congbobanan.toaan.gov.vn/2ta1282675t1cvn/chi-tiet-ban-an,"Bản án:số 401 ngày 17/07/2023 của  TAND huyện Cần Giuộc,  tỉnh Long An(15.09.2023)",/2ta1282675t1cvn/chi-tiet-ban-an
https://congbobanan.toaan.gov.vn/2ta1282677t1cvn/chi-tiet-ban-an,"Bản án:số 404 ngày 17/07/2023 của  TAND huyện Cần Giuộc,  tỉnh Long An(15.09.2023)",/2ta1282677t1cvn/chi-tiet-ban-an
https://congbobanan.toaan.gov.vn/2ta1282679t1cvn/chi-tiet-ban-an,"Bản án:số 402 ngày 17/07/2023 của  TAND huyện Cần Giuộc,  tỉnh Long An(15.09.2023)",/2ta1282679t1cvn/chi-tiet-ban-an
https://congbobanan.toaan.gov.vn/2ta1282687t1cvn/chi-tiet-ban-an,"Bản án:số 403 ngày 17/07/2023 của  TAND huyện Cần Giuộc,  tỉnh Long An(15.09.2023)",/2ta1282687t1cvn/chi-tiet-ban-an
https://congbobanan.toaan.gov.vn/2ta1282690t1cvn/chi-tiet-ban-an,"Bản án:số 405 ngày 17/07/2023 của  TAND huyện Cần Giuộc,  tỉnh Long An(15.09.2023)",/2ta1282690t1cvn/chi-tiet-ban-an
https://congbobanan.toaan.gov.vn/2ta1282698t1cvn/chi-tiet-ban-an,"Bản án:số 408 ngày 17/07/2023 của  TAND huyện Cần Giuộc,  tỉnh Long An(15.09.2023)",/2ta1282698t1cvn/chi-tiet-ban-an
https://congbobanan.toaan.gov.vn/2ta1282704t1cvn/chi-tiet-ban-an,"Bản án:số 406 ngày 17/07/2023 của  TAND huyện Cần Giuộc,  tỉnh Long An(15.09.2023)",/2ta1282704t1cvn/chi-tiet-ban-an
https://congbobanan.toaan.gov.vn/2ta1282707t1cvn/chi-tiet-ban-an,"Bản án:số 407 ngày 17/07/2023 của  TAND huyện Cần Giuộc,  tỉnh Long An(15.09.2023)",/2ta1282707t1cvn/chi-tiet-ban-an
https://congbobanan.toaan.gov.vn/2ta1282711t1cvn/chi-tiet-ban-an,"Bản án:số 409 ngày 17/07/2023 của  TAND huyện Cần Giuộc,  tỉnh Long An(15.09.2023)",/2ta1282711t1cvn/chi-tiet-ban-an
https://congbobanan.toaan.gov.vn/2ta1282722t1cvn/chi-tiet-ban-an,"Bản án:số 410 ngày 17/07/2023 của  TAND huyện Cần Giuộc,  tỉnh Long An(15.09.2023)",/2ta1282722t1cvn/chi-tiet-ban-an
https://congbobanan.toaan.gov.vn/2ta1282321t1cvn/chi-tiet-ban-an,"Bản án:số 01 ngày 04/05/2023 của  TAND TP. Trà Vinh,  tỉnh Trà Vinh(15.09.2023)",/2ta1282321t1cvn/chi-tiet-ban-an
https://congbobanan.toaan.gov.vn/2ta1281658t1cvn/chi-tiet-ban-an,"Bản án:số 49 ngày 04/07/2023 của  TAND huyện Cần Giuộc,  tỉnh Long An(15.09.2023)",/2ta1281658t1cvn/chi-tiet-ban-an
https://congbobanan.toaan.gov.vn/2ta1281622t1cvn/chi-tiet-ban-an,"Bản án:số 48 ngày 04/07/2023 của  TAND huyện Cần Giuộc,  tỉnh Long An(15.09.2023)",/2ta1281622t1cvn/chi-tiet-ban-an
https://congbobanan.toaan.gov.vn/2ta1281578t1cvn/chi-tiet-ban-an,"Bản án:số 47 ngày 04/07/2023 của  TAND huyện Cần Giuộc,  tỉnh Long An(15.09.2023)",/2ta1281578t1cvn/chi-tiet-ban-an
https://congbobanan.toaan.gov.vn/2ta1281552t1cvn/chi-tiet-ban-an,"Bản án:số 45 ngày 04/07/2023 của  TAND huyện Cần Giuộc,  tỉnh Long An(15.09.2023)",/2ta1281552t1cvn/chi-tiet-ban-an
https://congbobanan.toaan.gov.vn/2ta1281540t1cvn/chi-tiet-ban-an,"Bản án:số 44 ngày 04/07/2023 của  TAND huyện Cần Giuộc,  tỉnh Long An(15.09.2023)",/2ta1281540t1cvn/chi-tiet-ban-an
https://congbobanan.toaan.gov.vn/2ta1281493t1cvn/chi-tiet-ban-an,"Bản án:số 43 ngày 04/07/2023 của  TAND huyện Cần Giuộc,  tỉnh Long An(15.09.2023)",/2ta1281493t1cvn/chi-tiet-ban-an
https://congbobanan.toaan.gov.vn/2ta1280674t1cvn/chi-tiet-ban-an,"Bản án:số 10 ngày 31/03/2023 của  TAND huyện Đức Hòa,  tỉnh Long An(14.09.2023)",/2ta1280674t1cvn/chi-tiet-ban-an
https://congbobanan.toaan.gov.vn/2ta1280695t1cvn/chi-tiet-ban-an,"Bản án:số 12 ngày 08/06/2023 của  TAND huyện Đức Hòa,  tỉnh Long An(14.09.2023)",/2ta1280695t1cvn/chi-tiet-ban-an
https://congbobanan.toaan.gov.vn/2ta1280696t1cvn/chi-tiet-ban-an,"Bản án:số 07 ngày 31/03/2023 của  TAND huyện Đức Hòa,  tỉnh Long An(14.09.2023)",/2ta1280696t1cvn/chi-tiet-ban-an
https://congbobanan.toaan.gov.vn/2ta1280699t1cvn/chi-tiet-ban-an,"Bản án:số 05 ngày 31/03/2023 của  TAND huyện Đức Hòa,  tỉnh Long An(14.09.2023)",/2ta1280699t1cvn/chi-tiet-ban-an
https://congbobanan.toaan.gov.vn/2ta1280701t1cvn/chi-tiet-ban-an,"Bản án:số 13 ngày 09/06/2023 của  TAND huyện Đức Hòa,  tỉnh Long An(14.09.2023)",/2ta1280701t1cvn/chi-tiet-ban-an
https://congbobanan.toaan.gov.vn/2ta1280702t1cvn/chi-tiet-ban-an,"Bản án:số 04 ngày 31/03/2023 của  TAND huyện Đức Hòa,  tỉnh Long An(14.09.2023)",/2ta1280702t1cvn/chi-tiet-ban-an
https://congbobanan.toaan.gov.vn/2ta1280704t1cvn/chi-tiet-ban-an,"Bản án:số 08 ngày 31/03/2023 của  TAND huyện Đức Hòa,  tỉnh Long An(14.09.2023)",/2ta1280704t1cvn/chi-tiet-ban-an
https://congbobanan.toaan.gov.vn/2ta1280705t1cvn/chi-tiet-ban-an,"Bản án:số 11 ngày 31/03/2023 của  TAND huyện Đức Hòa,  tỉnh Long An(14.09.2023)",/2ta1280705t1cvn/chi-tiet-ban-an
https://congbobanan.toaan.gov.vn/2ta1279355t1cvn/chi-tiet-ban-an,"Bản án:số 489 ngày 14/08/2023 của  TAND huyện Cần Giuộc,  tỉnh Long An(14.09.2023)",/2ta1279355t1cvn/chi-tiet-ban-an
https://congbobanan.toaan.gov.vn/2ta1279284t1cvn/chi-tiet-ban-an,"Bản án:số 12 ngày 03/07/2023 của  TAND huyện Cần Giuộc,  tỉnh Long An(14.09.2023)",/2ta1279284t1cvn/chi-tiet-ban-an
https://congbobanan.toaan.gov.vn/2ta1279268t1cvn/chi-tiet-ban-an,"Bản án:số 11 ngày 03/07/2023 của  TAND huyện Cần Giuộc,  tỉnh Long An(14.09.2023)",/2ta1279268t1cvn/chi-tiet-ban-an
https://congbobanan.toaan.gov.vn/2ta1279264t1cvn/chi-tiet-ban-an,"Bản án:số 10 ngày 03/07/2023 của  TAND huyện Cần Giuộc,  tỉnh Long An(14.09.2023)",/2ta1279264t1cvn/chi-tiet-ban-an
https://congbobanan.toaan.gov.vn/2ta1279240t1cvn/chi-tiet-ban-an,"Bản án:số 09 ngày 03/07/2023 của  TAND huyện Cần Giuộc,  tỉnh Long An(14.09.2023)",/2ta1279240t1cvn/chi-tiet-ban-an
https://congbobanan.toaan.gov.vn/2ta1279186t1cvn/chi-tiet-ban-an,"Bản án:số 426 ngày 17/07/2023 của  TAND huyện Cần Giuộc,  tỉnh Long An(14.09.2023)",/2ta1279186t1cvn/chi-tiet-ban-an
https://congbobanan.toaan.gov.vn/2ta1279189t1cvn/chi-tiet-ban-an,"Bản án:số 427 ngày 17/07/2023 của  TAND huyện Cần Giuộc,  tỉnh Long An(14.09.2023)",/2ta1279189t1cvn/chi-tiet-ban-an
https://congbobanan.toaan.gov.vn/2ta1279193t1cvn/chi-tiet-ban-an,"Bản án:số 428 ngày 17/07/2023 của  TAND huyện Cần Giuộc,  tỉnh Long An(14.09.2023)",/2ta1279193t1cvn/chi-tiet-ban-an
https://congbobanan.toaan.gov.vn/2ta1279195t1cvn/chi-tiet-ban-an,"Bản án:số 429 ngày 17/07/2023 của  TAND huyện Cần Giuộc,  tỉnh Long An(14.09.2023)",/2ta1279195t1cvn/chi-tiet-ban-an
https://congbobanan.toaan.gov.vn/2ta1279201t1cvn/chi-tiet-ban-an,"Bản án:số 430 ngày 17/07/2023 của  TAND huyện Cần Giuộc,  tỉnh Long An(14.09.2023)",/2ta1279201t1cvn/chi-tiet-ban-an
https://congbobanan.toaan.gov.vn/2ta1279204t1cvn/chi-tiet-ban-an,"Bản án:số 431 ngày 17/07/2023 của  TAND huyện Cần Giuộc,  tỉnh Long An(14.09.2023)",/2ta1279204t1cvn/chi-tiet-ban-an
https://congbobanan.toaan.gov.vn/2ta1279206t1cvn/chi-tiet-ban-an,"Bản án:số 432 ngày 17/07/2023 của  TAND huyện Cần Giuộc,  tỉnh Long An(14.09.2023)",/2ta1279206t1cvn/chi-tiet-ban-an
https://congbobanan.toaan.gov.vn/2ta1279208t1cvn/chi-tiet-ban-an,"Bản án:số 434 ngày 17/07/2023 của  TAND huyện Cần Giuộc,  tỉnh Long An(14.09.2023)",/2ta1279208t1cvn/chi-tiet-ban-an
https://congbobanan.toaan.gov.vn/2ta1279212t1cvn/chi-tiet-ban-an,"Bản án:số 435 ngày 17/07/2023 của  TAND huyện Cần Giuộc,  tỉnh Long An(14.09.2023)",/2ta1279212t1cvn/chi-tiet-ban-an
https://congbobanan.toaan.gov.vn/2ta1279214t1cvn/chi-tiet-ban-an,"Bản án:số 436 ngày 17/07/2023 của  TAND huyện Cần Giuộc,  tỉnh Long An(14.09.2023)",/2ta1279214t1cvn/chi-tiet-ban-an
https://congbobanan.toaan.gov.vn/2ta1279219t1cvn/chi-tiet-ban-an,"Bản án:số 433 ngày 17/07/2023 của  TAND huyện Cần Giuộc,  tỉnh Long An(14.09.2023)",/2ta1279219t1cvn/chi-tiet-ban-an
https://congbobanan.toaan.gov.vn/2ta1279224t1cvn/chi-tiet-ban-an,"Bản án:số 437 ngày 17/07/2023 của  TAND huyện Cần Giuộc,  tỉnh Long An(14.09.2023)",/2ta1279224t1cvn/chi-tiet-ban-an
https://congbobanan.toaan.gov.vn/2ta1279185t1cvn/chi-tiet-ban-an,"Bản án:số 08 ngày 03/07/2023 của  TAND huyện Cần Giuộc,  tỉnh Long An(14.09.2023)",/2ta1279185t1cvn/chi-tiet-ban-an
https://congbobanan.toaan.gov.vn/2ta1279157t1cvn/chi-tiet-ban-an,"Bản án:số 424 ngày 17/07/2023 của  TAND huyện Cần Giuộc,  tỉnh Long An(14.09.2023)",/2ta1279157t1cvn/chi-tiet-ban-an
https://congbobanan.toaan.gov.vn/2ta1279165t1cvn/chi-tiet-ban-an,"Bản án:số 425 ngày 17/07/2023 của  TAND huyện Cần Giuộc,  tỉnh Long An(14.09.2023)",/2ta1279165t1cvn/chi-tiet-ban-an
https://congbobanan.toaan.gov.vn/2ta1279138t1cvn/chi-tiet-ban-an,"Bản án:số 07 ngày 03/07/2023 của  TAND huyện Cần Giuộc,  tỉnh Long An(14.09.2023)",/2ta1279138t1cvn/chi-tiet-ban-an
https://congbobanan.toaan.gov.vn/2ta1279115t1cvn/chi-tiet-ban-an,"Bản án:số 06 ngày 03/07/2023 của  TAND huyện Cần Giuộc,  tỉnh Long An(14.09.2023)",/2ta1279115t1cvn/chi-tiet-ban-an
https://congbobanan.toaan.gov.vn/2ta1279060t1cvn/chi-tiet-ban-an,"Bản án:số 05 ngày 03/07/2023 của  TAND huyện Cần Giuộc,  tỉnh Long An(14.09.2023)",/2ta1279060t1cvn/chi-tiet-ban-an
https://congbobanan.toaan.gov.vn/2ta1279014t1cvn/chi-tiet-ban-an,"Bản án:số 04 ngày 03/07/2023 của  TAND huyện Cần Giuộc,  tỉnh Long An(14.09.2023)",/2ta1279014t1cvn/chi-tiet-ban-an
https://congbobanan.toaan.gov.vn/2ta1278992t1cvn/chi-tiet-ban-an,"Bản án:số 03 ngày 03/07/2023 của  TAND huyện Cần Giuộc,  tỉnh Long An(14.09.2023)",/2ta1278992t1cvn/chi-tiet-ban-an
https://congbobanan.toaan.gov.vn/2ta1278831t1cvn/chi-tiet-ban-an,"Bản án:số 2248 ngày 05/07/2023 của  Thành phố Thủ Đức,  TP. Hồ Chí Minh(14.09.2023)",/2ta1278831t1cvn/chi-tiet-ban-an
https://congbobanan.toaan.gov.vn/2ta1278822t1cvn/chi-tiet-ban-an,"Bản án:số 20 ngày 26/07/2023 của  TAND TX. Tân Uyên,  tỉnh Bình Dương(14.09.2023)",/2ta1278822t1cvn/chi-tiet-ban-an
https://congbobanan.toaan.gov.vn/2ta1278037t1cvn/chi-tiet-ban-an,"Bản án:số 754 ngày 04/05/2023 của  TAND Q. Bình Thạnh,  TP. Hồ Chí Minh(13.09.2023)",/2ta1278037t1cvn/chi-tiet-ban-an
https://congbobanan.toaan.gov.vn/2ta1278231t1cvn/chi-tiet-ban-an,Bản án:số 01 ngày 28/09/2022 của TAND tỉnh Kiên Giang(13.09.2023),/2ta1278231t1cvn/chi-tiet-ban-an
https://congbobanan.toaan.gov.vn/2ta1277932t1cvn/chi-tiet-ban-an,"Bản án:số 60 ngày 13/08/2023 của  TAND huyện Cần Giuộc,  tỉnh Long An(13.09.2023)",/2ta1277932t1cvn/chi-tiet-ban-an
https://congbobanan.toaan.gov.vn/2ta1277867t1cvn/chi-tiet-ban-an,"Bản án:số 06 ngày 24/07/2023 của  TAND Quận 8,  TP. Hồ Chí Minh(13.09.2023)",/2ta1277867t1cvn/chi-tiet-ban-an
https://congbobanan.toaan.gov.vn/2ta1276460t1cvn/chi-tiet-ban-an,Bản án:số 04/2023/LĐ-PT ngày 23/06/2023 của TAND tỉnh Tiền Giang(12.09.2023),/2ta1276460t1cvn/chi-tiet-ban-an
https://congbobanan.toaan.gov.vn/2ta1276421t1cvn/chi-tiet-ban-an,Bản án:số 01/2023/LĐ-PT ngày 10/02/2023 của TAND tỉnh Tiền Giang(12.09.2023),/2ta1276421t1cvn/chi-tiet-ban-an
https://congbobanan.toaan.gov.vn/2ta1275447t1cvn/chi-tiet-ban-an,"Bản án:số 10 ngày 19/06/2023 của  TAND huyện Đức Hòa,  tỉnh Long An(11.09.2023)",/2ta1275447t1cvn/chi-tiet-ban-an
https://congbobanan.toaan.gov.vn/2ta1274185t1cvn/chi-tiet-ban-an,Bản án:số 01 ngày 12/01/2022 của TAND tỉnh Trà Vinh(10.09.2023),/2ta1274185t1cvn/chi-tiet-ban-an
https://congbobanan.toaan.gov.vn/2ta1272633t1cvn/chi-tiet-ban-an,Bản án:số 05/2023/LĐPT ngày 02/08/2023 của TAND tỉnh Tiền Giang(08.09.2023),/2ta1272633t1cvn/chi-tiet-ban-an
https://congbobanan.toaan.gov.vn/2ta1270718t1cvn/chi-tiet-ban-an,"Bản án:số 05 ngày 01/08/2023 của  TAND TX. Tân Uyên,  tỉnh Bình Dương(06.09.2023)",/2ta1270718t1cvn/chi-tiet-ban-an
https://congbobanan.toaan.gov.vn/2ta1270381t1cvn/chi-tiet-ban-an,Bản án:số 01 ngày 30/08/2023 của TAND tỉnh Kon Tum(06.09.2023),/2ta1270381t1cvn/chi-tiet-ban-an
https://congbobanan.toaan.gov.vn/2ta1267221t1cvn/chi-tiet-ban-an,"Bản án:số 05 ngày 27/06/2023 của  TAND huyện Vĩnh Cửu,  tỉnh Đồng Nai(03.09.2023)",/2ta1267221t1cvn/chi-tiet-ban-an
https://congbobanan.toaan.gov.vn/2ta1267222t1cvn/chi-tiet-ban-an,"Bản án:số 06 ngày 27/06/2023 của  TAND huyện Vĩnh Cửu,  tỉnh Đồng Nai(03.09.2023)",/2ta1267222t1cvn/chi-tiet-ban-an
https://congbobanan.toaan.gov.vn/2ta1266994t1cvn/chi-tiet-ban-an,Bản án:số 06/2022/LĐ-PT ngày 06/12/2022 của TAND tỉnh Long An(02.09.2023),/2ta1266994t1cvn/chi-tiet-ban-an
https://congbobanan.toaan.gov.vn/2ta1267137t1cvn/chi-tiet-ban-an,Bản án:số 04/2023/LĐ-PT ngày 26/04/2023 của TAND tỉnh Long An(02.09.2023),/2ta1267137t1cvn/chi-tiet-ban-an
https://congbobanan.toaan.gov.vn/2ta1267168t1cvn/chi-tiet-ban-an,Bản án:số 08/2023/LĐ-PT ngày 18/07/2023 của TAND tỉnh Long An(02.09.2023),/2ta1267168t1cvn/chi-tiet-ban-an
https://congbobanan.toaan.gov.vn/2ta1265513t1cvn/chi-tiet-ban-an,Bản án:số 01/2023/LĐ-PT ngày 26/06/2023 của TAND cấp cao tại Hà Nội(31.08.2023),/2ta1265513t1cvn/chi-tiet-ban-an
https://congbobanan.toaan.gov.vn/2ta1262576t1cvn/chi-tiet-ban-an,"Bản án:số 2602/2023/LĐ-ST ngày 25/07/2023 của  Thành phố Thủ Đức,  TP. Hồ Chí Minh(30.08.2023)",/2ta1262576t1cvn/chi-tiet-ban-an
https://congbobanan.toaan.gov.vn/2ta1259286t1cvn/chi-tiet-ban-an,"Bản án:số 18 ngày 18/07/2023 của  TAND huyện Vĩnh Cửu,  tỉnh Đồng Nai(26.08.2023)",/2ta1259286t1cvn/chi-tiet-ban-an
https://congbobanan.toaan.gov.vn/2ta1259307t1cvn/chi-tiet-ban-an,"Bản án:số 19 ngày 18/07/2023 của  TAND huyện Vĩnh Cửu,  tỉnh Đồng Nai(26.08.2023)",/2ta1259307t1cvn/chi-tiet-ban-an
https://congbobanan.toaan.gov.vn/2ta1258608t1cvn/chi-tiet-ban-an,Bản án:số 02 ngày 21/04/2023 của TAND tỉnh Bà Rịa_Vũng Tàu(25.08.2023),/2ta1258608t1cvn/chi-tiet-ban-an
https://congbobanan.toaan.gov.vn/2ta1258546t1cvn/chi-tiet-ban-an,Bản án:số 03 ngày 21/04/2023 của TAND tỉnh Bà Rịa_Vũng Tàu(25.08.2023),/2ta1258546t1cvn/chi-tiet-ban-an
https://congbobanan.toaan.gov.vn/2ta1256355t1cvn/chi-tiet-ban-an,Bản án:số 416 ngày 06/04/2023 của TAND TP. Hồ Chí Minh(23.08.2023),/2ta1256355t1cvn/chi-tiet-ban-an
https://congbobanan.toaan.gov.vn/2ta1256372t1cvn/chi-tiet-ban-an,Bản án:số 236 ngày 03/03/2023 của TAND TP. Hồ Chí Minh(23.08.2023),/2ta1256372t1cvn/chi-tiet-ban-an
https://congbobanan.toaan.gov.vn/2ta1256197t1cvn/chi-tiet-ban-an,"Bản án:số 15 ngày 18/07/2023 của  TAND huyện Vĩnh Cửu,  tỉnh Đồng Nai(23.08.2023)",/2ta1256197t1cvn/chi-tiet-ban-an
https://congbobanan.toaan.gov.vn/2ta1256212t1cvn/chi-tiet-ban-an,"Bản án:số 08 ngày 29/06/2023 của  TAND huyện Vĩnh Cửu,  tỉnh Đồng Nai(23.08.2023)",/2ta1256212t1cvn/chi-tiet-ban-an
https://congbobanan.toaan.gov.vn/2ta1256213t1cvn/chi-tiet-ban-an,"Bản án:số 07 ngày 29/06/2023 của  TAND huyện Vĩnh Cửu,  tỉnh Đồng Nai(23.08.2023)",/2ta1256213t1cvn/chi-tiet-ban-an
https://congbobanan.toaan.gov.vn/2ta1256214t1cvn/chi-tiet-ban-an,"Bản án:số 09 ngày 29/06/2023 của  TAND huyện Vĩnh Cửu,  tỉnh Đồng Nai(23.08.2023)",/2ta1256214t1cvn/chi-tiet-ban-an
https://congbobanan.toaan.gov.vn/2ta1256215t1cvn/chi-tiet-ban-an,"Bản án:số 16 ngày 18/07/2023 của  TAND huyện Vĩnh Cửu,  tỉnh Đồng Nai(23.08.2023)",/2ta1256215t1cvn/chi-tiet-ban-an
https://congbobanan.toaan.gov.vn/2ta1256218t1cvn/chi-tiet-ban-an,"Bản án:số 17 ngày 18/07/2023 của  TAND huyện Vĩnh Cửu,  tỉnh Đồng Nai(23.08.2023)",/2ta1256218t1cvn/chi-tiet-ban-an
https://congbobanan.toaan.gov.vn/2ta1253878t1cvn/chi-tiet-ban-an,"Bản án:số 01 ngày 08/06/2023 của  TAND Q. Ninh Kiều,  TP. Cần Thơ(20.08.2023)",/2ta1253878t1cvn/chi-tiet-ban-an
https://congbobanan.toaan.gov.vn/2ta1253689t1cvn/chi-tiet-ban-an,"Bản án:số 01/2023/LĐ-ST ngày 15/06/2023 của  TAND TP. Ngã Bảy,  tỉnh Hậu Giang(19.08.2023)",/2ta1253689t1cvn/chi-tiet-ban-an
https://congbobanan.toaan.gov.vn/2ta1252246t1cvn/chi-tiet-ban-an,Bản án:số 639 ngày 02/06/2023 của TAND TP. Hồ Chí Minh(17.08.2023),/2ta1252246t1cvn/chi-tiet-ban-an
https://congbobanan.toaan.gov.vn/2ta1252247t1cvn/chi-tiet-ban-an,Bản án:số 597 ngày 22/05/2023 của TAND TP. Hồ Chí Minh(17.08.2023),/2ta1252247t1cvn/chi-tiet-ban-an
https://congbobanan.toaan.gov.vn/2ta1252127t1cvn/chi-tiet-ban-an,Bản án:số 04 /2022/LĐPT ngày 14/12/2022 của TAND TP. Cần Thơ(17.08.2023),/2ta1252127t1cvn/chi-tiet-ban-an
https://congbobanan.toaan.gov.vn/2ta1250255t1cvn/chi-tiet-ban-an,"Bản án:số 83/2022/LĐ-ST ngày 26/09/2022 của  TAND Quận 1,  TP. Hồ Chí Minh(15.08.2023)",/2ta1250255t1cvn/chi-tiet-ban-an
https://congbobanan.toaan.gov.vn/2ta1248235t1cvn/chi-tiet-ban-an,Bản án:số 02 ngày 23/06/2023 của TAND TP. Cần Thơ(12.08.2023),/2ta1248235t1cvn/chi-tiet-ban-an
https://congbobanan.toaan.gov.vn/2ta1246924t1cvn/chi-tiet-ban-an,Bản án:số 09 ngày 31/07/2023 của TAND tỉnh Long An(10.08.2023),/2ta1246924t1cvn/chi-tiet-ban-an
https://congbobanan.toaan.gov.vn/2ta1243579t1cvn/chi-tiet-ban-an,"Bản án:số 776 ngày 23/03/2023 của  Thành phố Thủ Đức,  TP. Hồ Chí Minh(08.08.2023)",/2ta1243579t1cvn/chi-tiet-ban-an
https://congbobanan.toaan.gov.vn/2ta1241353t1cvn/chi-tiet-ban-an,"Bản án:số 02 ngày 04/05/2023 của  TAND TP. Trà Vinh,  tỉnh Trà Vinh(05.08.2023)",/2ta1241353t1cvn/chi-tiet-ban-an
https://congbobanan.toaan.gov.vn/2ta1241066t1cvn/chi-tiet-ban-an,"Bản án:số 04/2023/LĐ-ST ngày 10/05/2023 của  TAND Quận 5,  TP. Hồ Chí Minh(04.08.2023)",/2ta1241066t1cvn/chi-tiet-ban-an
https://congbobanan.toaan.gov.vn/2ta1239614t1cvn/chi-tiet-ban-an,Bản án:số 07/2023/LD-PT ngày 10/07/2023 của TAND tỉnh Long An(03.08.2023),/2ta1239614t1cvn/chi-tiet-ban-an
https://congbobanan.toaan.gov.vn/2ta1237195t1cvn/chi-tiet-ban-an,Bản án:số 06 ngày 03/07/2023 của TAND tỉnh Long An(31.07.2023),/2ta1237195t1cvn/chi-tiet-ban-an
https://congbobanan.toaan.gov.vn/2ta1235716t1cvn/chi-tiet-ban-an,Bản án:số 01 ngày 10/05/2023 của TAND tỉnh Khánh Hòa(31.07.2023),/2ta1235716t1cvn/chi-tiet-ban-an
https://congbobanan.toaan.gov.vn/2ta1231171t1cvn/chi-tiet-ban-an,Bản án:số 19 ngày 19/07/2023 của TAND tỉnh Bình Dương(26.07.2023),/2ta1231171t1cvn/chi-tiet-ban-an
https://congbobanan.toaan.gov.vn/2ta1230642t1cvn/chi-tiet-ban-an,"Bản án:số 96 ngày 22/12/2022 của  TAND Quận 12,  TP. Hồ Chí Minh(26.07.2023)",/2ta1230642t1cvn/chi-tiet-ban-an
https://congbobanan.toaan.gov.vn/2ta1228561t1cvn/chi-tiet-ban-an,"Bản án:số 02 ngày 31/05/2023 của  TAND huyện Vĩnh Cửu,  tỉnh Đồng Nai(24.07.2023)",/2ta1228561t1cvn/chi-tiet-ban-an
https://congbobanan.toaan.gov.vn/2ta1228560t1cvn/chi-tiet-ban-an,"Bản án:số 03 ngày 31/05/2023 của  TAND huyện Vĩnh Cửu,  tỉnh Đồng Nai(24.07.2023)",/2ta1228560t1cvn/chi-tiet-ban-an
https://congbobanan.toaan.gov.vn/2ta1228537t1cvn/chi-tiet-ban-an,"Bản án:số 04 ngày 31/05/2023 của  TAND huyện Vĩnh Cửu,  tỉnh Đồng Nai(24.07.2023)",/2ta1228537t1cvn/chi-tiet-ban-an
https://congbobanan.toaan.gov.vn/2ta1228536t1cvn/chi-tiet-ban-an,"Bản án:số 01 ngày 31/05/2023 của  TAND huyện Vĩnh Cửu,  tỉnh Đồng Nai(24.07.2023)",/2ta1228536t1cvn/chi-tiet-ban-an
https://congbobanan.toaan.gov.vn/2ta1222033t1cvn/chi-tiet-ban-an,"Bản án:số 01 ngày 21/05/2023 của  TAND huyện Yên Minh,  tỉnh Hà Giang(13.07.2023)",/2ta1222033t1cvn/chi-tiet-ban-an
https://congbobanan.toaan.gov.vn/2ta1221279t1cvn/chi-tiet-ban-an,"Bản án:số 05 ngày 06/01/2023 của  TAND huyện Yên Dũng,  tỉnh Bắc Giang(11.07.2023)",/2ta1221279t1cvn/chi-tiet-ban-an
https://congbobanan.toaan.gov.vn/2ta1221278t1cvn/chi-tiet-ban-an,"Bản án:số 01 ngày 06/01/2023 của  TAND huyện Yên Dũng,  tỉnh Bắc Giang(11.07.2023)",/2ta1221278t1cvn/chi-tiet-ban-an
https://congbobanan.toaan.gov.vn/2ta1221276t1cvn/chi-tiet-ban-an,"Bản án:số 02 ngày 06/01/2023 của  TAND huyện Yên Dũng,  tỉnh Bắc Giang(11.07.2023)",/2ta1221276t1cvn/chi-tiet-ban-an
https://congbobanan.toaan.gov.vn/2ta1221249t1cvn/chi-tiet-ban-an,"Bản án:số 04 ngày 06/01/2023 của  TAND huyện Yên Dũng,  tỉnh Bắc Giang(11.07.2023)",/2ta1221249t1cvn/chi-tiet-ban-an
https://congbobanan.toaan.gov.vn/2ta1221271t1cvn/chi-tiet-ban-an,"Bản án:số 03 ngày 06/01/2023 của  TAND huyện Yên Dũng,  tỉnh Bắc Giang(11.07.2023)",/2ta1221271t1cvn/chi-tiet-ban-an
https://congbobanan.toaan.gov.vn/2ta1219203t1cvn/chi-tiet-ban-an,"Bản án:số 1020 ngày 12/04/2023 của  Thành phố Thủ Đức,  TP. Hồ Chí Minh(07.07.2023)",/2ta1219203t1cvn/chi-tiet-ban-an
https://congbobanan.toaan.gov.vn/2ta1218215t1cvn/chi-tiet-ban-an,Bản án:số 01/2023/LĐ-PT ngày 20/06/2023 của TAND tỉnh Phú Yên(06.07.2023),/2ta1218215t1cvn/chi-tiet-ban-an
https://congbobanan.toaan.gov.vn/2ta1218232t1cvn/chi-tiet-ban-an,Bản án:số 01/2023/LĐ-PT ngày 20/06/2023 của TAND tỉnh Phú Yên(06.07.2023),/2ta1218232t1cvn/chi-tiet-ban-an
https://congbobanan.toaan.gov.vn/2ta1215371t1cvn/chi-tiet-ban-an,"Bản án:số 01 ngày 31/05/2023 của  TAND TP. Việt Trì,  tỉnh Phú Thọ(02.07.2023)",/2ta1215371t1cvn/chi-tiet-ban-an
https://congbobanan.toaan.gov.vn/2ta1213356t1cvn/chi-tiet-ban-an,"Bản án:số 02/2023/LĐST ngày 31/05/2023 của  TAND Q. Cầu Giấy,  TP. Hà Nội(30.06.2023)",/2ta1213356t1cvn/chi-tiet-ban-an
https://congbobanan.toaan.gov.vn/2ta1213037t1cvn/chi-tiet-ban-an,Bản án:số 15 ngày 20/06/2023 của TAND tỉnh Bình Dương(30.06.2023),/2ta1213037t1cvn/chi-tiet-ban-an
https://congbobanan.toaan.gov.vn/2ta1213043t1cvn/chi-tiet-ban-an,Bản án:số 16 ngày 23/06/2023 của TAND tỉnh Bình Dương(30.06.2023),/2ta1213043t1cvn/chi-tiet-ban-an
https://congbobanan.toaan.gov.vn/2ta1210614t1cvn/chi-tiet-ban-an,"Bản án:số 01 ngày 25/05/2023 của  TAND TP. Bạc Liêu,  tỉnh Bạc Liêu(28.06.2023)",/2ta1210614t1cvn/chi-tiet-ban-an
https://congbobanan.toaan.gov.vn/2ta1210051t1cvn/chi-tiet-ban-an,Bản án:số 06 ngày 07/06/2023 của TAND cấp cao tại TP Hồ Chí Minh(28.06.2023),/2ta1210051t1cvn/chi-tiet-ban-an
https://congbobanan.toaan.gov.vn/2ta1209015t1cvn/chi-tiet-ban-an,"Bản án:số 01 ngày 01/03/2023 của  TAND TX. Thuận An,  tỉnh Bình Dương(27.06.2023)",/2ta1209015t1cvn/chi-tiet-ban-an
https://congbobanan.toaan.gov.vn/2ta1203929t1cvn/chi-tiet-ban-an,Bản án:số 03/2023/LĐ-PT ngày 06/04/2023 của TAND tỉnh Bến Tre(18.06.2023),/2ta1203929t1cvn/chi-tiet-ban-an
https://congbobanan.toaan.gov.vn/2ta1203384t1cvn/chi-tiet-ban-an,"Bản án:số 04 ngày 24/04/2023 của  TAND TX. Dĩ An,  tỉnh Bình Dương(16.06.2023)",/2ta1203384t1cvn/chi-tiet-ban-an
https://congbobanan.toaan.gov.vn/2ta1202357t1cvn/chi-tiet-ban-an,"Bản án:số 02/2023/LĐ-ST ngày 25/04/2023 của  TAND TP. Tân An,  tỉnh Long An(14.06.2023)",/2ta1202357t1cvn/chi-tiet-ban-an
https://congbobanan.toaan.gov.vn/2ta1200711t1cvn/chi-tiet-ban-an,Bản án:số 02/2023/LĐ -PT ngày 23/03/2023 của TAND cấp cao tại TP Hồ Chí Minh(13.06.2023),/2ta1200711t1cvn/chi-tiet-ban-an
https://congbobanan.toaan.gov.vn/2ta1201224t1cvn/chi-tiet-ban-an,"Bản án:số 03 ngày 18/04/2023 của  TAND TP. Long Xuyên,  tỉnh An Giang(12.06.2023)",/2ta1201224t1cvn/chi-tiet-ban-an
https://congbobanan.toaan.gov.vn/2ta1198985t1cvn/chi-tiet-ban-an,"Bản án:số 01 ngày 26/04/2023 của  TAND TX. Phổ Yên,  tỉnh Thái Nguyên(07.06.2023)",/2ta1198985t1cvn/chi-tiet-ban-an
https://congbobanan.toaan.gov.vn/2ta1196827t1cvn/chi-tiet-ban-an,Bản án:số 08 ngày 17/05/2023 của TAND tỉnh Bà Rịa_Vũng Tàu(02.06.2023),/2ta1196827t1cvn/chi-tiet-ban-an
https://congbobanan.toaan.gov.vn/2ta1193002t1cvn/chi-tiet-ban-an,Bản án:số 13 ngày 23/05/2023 của TAND tỉnh Bình Dương(31.05.2023),/2ta1193002t1cvn/chi-tiet-ban-an
https://congbobanan.toaan.gov.vn/2ta1192978t1cvn/chi-tiet-ban-an,Bản án:số 12 ngày 23/05/2023 của TAND tỉnh Bình Dương(31.05.2023),/2ta1192978t1cvn/chi-tiet-ban-an
https://congbobanan.toaan.gov.vn/2ta1191490t1cvn/chi-tiet-ban-an,"Bản án:số 776/2023/LĐ-ST ngày 24/03/2023 của  Thành phố Thủ Đức,  TP. Hồ Chí Minh(30.05.2023)",/2ta1191490t1cvn/chi-tiet-ban-an
https://congbobanan.toaan.gov.vn/2ta1189578t1cvn/chi-tiet-ban-an,Bản án:số 05 ngày 21/04/2023 của TAND tỉnh Bà Rịa_Vũng Tàu(26.05.2023),/2ta1189578t1cvn/chi-tiet-ban-an
https://congbobanan.toaan.gov.vn/2ta1189557t1cvn/chi-tiet-ban-an,Bản án:số 04 ngày 21/04/2023 của TAND tỉnh Bà Rịa_Vũng Tàu(26.05.2023),/2ta1189557t1cvn/chi-tiet-ban-an
https://congbobanan.toaan.gov.vn/2ta1186936t1cvn/chi-tiet-ban-an,Bản án:số 03/2023/LĐ-PT ngày 26/04/2023 của TAND tỉnh Tiền Giang(22.05.2023),/2ta1186936t1cvn/chi-tiet-ban-an
https://congbobanan.toaan.gov.vn/2ta1186862t1cvn/chi-tiet-ban-an,"Bản án:số 02 ngày 28/07/2022 của  TAND huyện Bá Thước,  tỉnh Thanh Hóa(22.05.2023)",/2ta1186862t1cvn/chi-tiet-ban-an
https://congbobanan.toaan.gov.vn/2ta1186079t1cvn/chi-tiet-ban-an,"Bản án:số 01/2023/LĐ-ST ngày 03/02/2023 của  TAND TP. Cà Mau,  tỉnh Cà Mau(19.05.2023)",/2ta1186079t1cvn/chi-tiet-ban-an
https://congbobanan.toaan.gov.vn/2ta1184250t1cvn/chi-tiet-ban-an,Bản án:số 11 ngày 19/04/2023 của TAND tỉnh Bình Dương(16.05.2023),/2ta1184250t1cvn/chi-tiet-ban-an
https://congbobanan.toaan.gov.vn/2ta1183451t1cvn/chi-tiet-ban-an,Bản án:số 03/2023/LĐ-PT ngày 03/04/2023 của TAND tỉnh Bắc Ninh(15.05.2023),/2ta1183451t1cvn/chi-tiet-ban-an
https://congbobanan.toaan.gov.vn/2ta1181551t1cvn/chi-tiet-ban-an,"Bản án:số 13 ngày 12/09/2022 của  TAND Q. Gò Vấp,  TP. Hồ Chí Minh(10.05.2023)",/2ta1181551t1cvn/chi-tiet-ban-an
https://congbobanan.toaan.gov.vn/2ta1180134t1cvn/chi-tiet-ban-an,Bản án:số 275 ngày 13/03/2023 của TAND TP. Hồ Chí Minh(08.05.2023),/2ta1180134t1cvn/chi-tiet-ban-an
https://congbobanan.toaan.gov.vn/2ta1177721t1cvn/chi-tiet-ban-an,Bản án:số 01/2023/LĐ-PT ngày 20/04/2023 của TAND TP Đà Nẵng(04.05.2023),/2ta1177721t1cvn/chi-tiet-ban-an
https://congbobanan.toaan.gov.vn/2ta1173648t1cvn/chi-tiet-ban-an,Bản án:số 02 ngày 28/03/2023 của TAND tỉnh Long An(26.04.2023),/2ta1173648t1cvn/chi-tiet-ban-an
https://congbobanan.toaan.gov.vn/2ta1173649t1cvn/chi-tiet-ban-an,Bản án:số 03 ngày 28/03/2023 của TAND tỉnh Long An(26.04.2023),/2ta1173649t1cvn/chi-tiet-ban-an
https://congbobanan.toaan.gov.vn/2ta1173650t1cvn/chi-tiet-ban-an,Bản án:số 04 ngày 28/03/2023 của TAND tỉnh Long An(26.04.2023),/2ta1173650t1cvn/chi-tiet-ban-an
https://congbobanan.toaan.gov.vn/2ta1173670t1cvn/chi-tiet-ban-an,Bản án:số 01/2023/LĐ - PT ngày 24/04/2023 của TAND tỉnh Quảng Bình(26.04.2023),/2ta1173670t1cvn/chi-tiet-ban-an
https://congbobanan.toaan.gov.vn/2ta1173137t1cvn/chi-tiet-ban-an,Bản án:số 01 ngày 13/04/2023 của TAND tỉnh Bắc Giang(26.04.2023),/2ta1173137t1cvn/chi-tiet-ban-an
https://congbobanan.toaan.gov.vn/2ta1173061t1cvn/chi-tiet-ban-an,"Bản án:số 01 ngày 14/03/2023 của  TAND huyện Kim Thành,  tỉnh Hải Dương(25.04.2023)",/2ta1173061t1cvn/chi-tiet-ban-an
https://congbobanan.toaan.gov.vn/2ta1171016t1cvn/chi-tiet-ban-an,"Bản án:số 01 ngày 13/02/2023 của  TAND TX. Tân Uyên,  tỉnh Bình Dương(21.04.2023)",/2ta1171016t1cvn/chi-tiet-ban-an
https://congbobanan.toaan.gov.vn/2ta1170984t1cvn/chi-tiet-ban-an,Bản án:số 225 ngày 01/03/2023 của TAND TP. Hồ Chí Minh(21.04.2023),/2ta1170984t1cvn/chi-tiet-ban-an
https://congbobanan.toaan.gov.vn/2ta1169664t1cvn/chi-tiet-ban-an,"Bản án:số 04 ngày 07/09/2022 của  TAND TP. Trà Vinh,  tỉnh Trà Vinh(19.04.2023)",/2ta1169664t1cvn/chi-tiet-ban-an
https://congbobanan.toaan.gov.vn/2ta1169570t1cvn/chi-tiet-ban-an,Bản án:số 02/2023/LĐPT ngày 31/03/2023 của TAND tỉnh Bắc Ninh(19.04.2023),/2ta1169570t1cvn/chi-tiet-ban-an
https://congbobanan.toaan.gov.vn/2ta1169569t1cvn/chi-tiet-ban-an,Bản án:số 01/2023/LĐPT ngày 31/03/2023 của TAND tỉnh Bắc Ninh(19.04.2023),/2ta1169569t1cvn/chi-tiet-ban-an
https://congbobanan.toaan.gov.vn/2ta1168246t1cvn/chi-tiet-ban-an,Bản án:số 10 ngày 07/04/2023 của TAND tỉnh Bình Dương(17.04.2023),/2ta1168246t1cvn/chi-tiet-ban-an
https://congbobanan.toaan.gov.vn/2ta1168244t1cvn/chi-tiet-ban-an,Bản án:số 9 ngày 03/04/2023 của TAND tỉnh Bình Dương(17.04.2023),/2ta1168244t1cvn/chi-tiet-ban-an
https://congbobanan.toaan.gov.vn/2ta1167490t1cvn/chi-tiet-ban-an,"Bản án:số 02/2023/LĐ-ST ngày 07/03/2023 của  TAND huyện Buôn Đôn,  tỉnh Đắk Lắk(14.04.2023)",/2ta1167490t1cvn/chi-tiet-ban-an
https://congbobanan.toaan.gov.vn/2ta1167466t1cvn/chi-tiet-ban-an,"Bản án:số 01/2023/LĐ-ST ngày 07/03/2023 của  TAND huyện Buôn Đôn,  tỉnh Đắk Lắk(14.04.2023)",/2ta1167466t1cvn/chi-tiet-ban-an
https://congbobanan.toaan.gov.vn/2ta1167187t1cvn/chi-tiet-ban-an,Bản án:số 319 ngày 17/03/2023 của TAND TP. Hồ Chí Minh(13.04.2023),/2ta1167187t1cvn/chi-tiet-ban-an
https://congbobanan.toaan.gov.vn/2ta1167020t1cvn/chi-tiet-ban-an,"Bản án:số 01 ngày 03/03/2023 của  TAND TX. Dĩ An,  tỉnh Bình Dương(13.04.2023)",/2ta1167020t1cvn/chi-tiet-ban-an
https://congbobanan.toaan.gov.vn/2ta1167018t1cvn/chi-tiet-ban-an,"Bản án:số 02 ngày 03/03/2023 của  TAND TX. Dĩ An,  tỉnh Bình Dương(13.04.2023)",/2ta1167018t1cvn/chi-tiet-ban-an
https://congbobanan.toaan.gov.vn/2ta1163840t1cvn/chi-tiet-ban-an,Bản án:số 169 ngày 17/02/2023 của TAND TP. Hồ Chí Minh(07.04.2023),/2ta1163840t1cvn/chi-tiet-ban-an
https://congbobanan.toaan.gov.vn/2ta1163854t1cvn/chi-tiet-ban-an,Bản án:số 241 ngày 06/03/2023 của TAND TP. Hồ Chí Minh(07.04.2023),/2ta1163854t1cvn/chi-tiet-ban-an
https://congbobanan.toaan.gov.vn/2ta1163805t1cvn/chi-tiet-ban-an,Bản án:số 122 ngày 07/02/2023 của TAND TP. Hồ Chí Minh(07.04.2023),/2ta1163805t1cvn/chi-tiet-ban-an
https://congbobanan.toaan.gov.vn/2ta1152000t1cvn/chi-tiet-ban-an,"Bản án:số 09 ngày 31/08/2022 của  TAND TP. Bạc Liêu,  tỉnh Bạc Liêu(30.03.2023)",/2ta1152000t1cvn/chi-tiet-ban-an
https://congbobanan.toaan.gov.vn/2ta1151998t1cvn/chi-tiet-ban-an,"Bản án:số 05 ngày 31/08/2022 của  TAND TP. Bạc Liêu,  tỉnh Bạc Liêu(30.03.2023)",/2ta1151998t1cvn/chi-tiet-ban-an
https://congbobanan.toaan.gov.vn/2ta1152017t1cvn/chi-tiet-ban-an,"Bản án:số 08 ngày 31/08/2022 của  TAND TP. Bạc Liêu,  tỉnh Bạc Liêu(30.03.2023)",/2ta1152017t1cvn/chi-tiet-ban-an
https://congbobanan.toaan.gov.vn/2ta1152013t1cvn/chi-tiet-ban-an,"Bản án:số 06 ngày 31/08/2022 của  TAND TP. Bạc Liêu,  tỉnh Bạc Liêu(30.03.2023)",/2ta1152013t1cvn/chi-tiet-ban-an
https://congbobanan.toaan.gov.vn/2ta1152019t1cvn/chi-tiet-ban-an,"Bản án:số 07 ngày 31/08/2022 của  TAND TP. Bạc Liêu,  tỉnh Bạc Liêu(30.03.2023)",/2ta1152019t1cvn/chi-tiet-ban-an
https://congbobanan.toaan.gov.vn/2ta1149811t1cvn/chi-tiet-ban-an,Bản án:số 01/2023/LĐ-PT ngày 06/02/2023 của TAND tỉnh Bến Tre(29.03.2023),/2ta1149811t1cvn/chi-tiet-ban-an
https://congbobanan.toaan.gov.vn/2ta1147474t1cvn/chi-tiet-ban-an,Bản án:số 08/2023/LĐ-PT ngày 06/03/2023 của TAND tỉnh Đồng Nai(27.03.2023),/2ta1147474t1cvn/chi-tiet-ban-an
https://congbobanan.toaan.gov.vn/2ta1146720t1cvn/chi-tiet-ban-an,"Bản án:số 02 ngày 17/02/2023 của  TAND TP. Long Xuyên,  tỉnh An Giang(26.03.2023)",/2ta1146720t1cvn/chi-tiet-ban-an
https://congbobanan.toaan.gov.vn/2ta1146320t1cvn/chi-tiet-ban-an,"Bản án:số 07/2022/LĐ- ST ngày 06/10/2021 của  TAND huyện Trảng Bàng,  tỉnh Tây Ninh(25.03.2023)",/2ta1146320t1cvn/chi-tiet-ban-an
https://congbobanan.toaan.gov.vn/2ta1145684t1cvn/chi-tiet-ban-an,Bản án:số 01 /2023/LĐ - PT ngày 16/02/2023 của TAND cấp cao tại Đà Nẵng(24.03.2023),/2ta1145684t1cvn/chi-tiet-ban-an
https://congbobanan.toaan.gov.vn/2ta1145478t1cvn/chi-tiet-ban-an,Bản án:số 07 ngày 06/03/2023 của TAND tỉnh Bình Dương(24.03.2023),/2ta1145478t1cvn/chi-tiet-ban-an
https://congbobanan.toaan.gov.vn/2ta1145439t1cvn/chi-tiet-ban-an,Bản án:số 01/2022/LĐ-PT ngày 28/11/2022 của TAND tỉnh Tiền Giang(24.03.2023),/2ta1145439t1cvn/chi-tiet-ban-an
https://congbobanan.toaan.gov.vn/2ta1144941t1cvn/chi-tiet-ban-an,"Bản án:số 05/2022/LĐ-ST ngày 05/09/2022 của  TAND huyện Trảng Bàng,  tỉnh Tây Ninh(24.03.2023)",/2ta1144941t1cvn/chi-tiet-ban-an
https://congbobanan.toaan.gov.vn/2ta1141512t1cvn/chi-tiet-ban-an,Bản án:số 07/2023/LĐ-PT ngày 03/01/2023 của TAND TP. Hồ Chí Minh(20.03.2023),/2ta1141512t1cvn/chi-tiet-ban-an
https://congbobanan.toaan.gov.vn/2ta1141535t1cvn/chi-tiet-ban-an,Bản án:số 84/2023/LĐ-PT ngày 13/01/2023 của TAND TP. Hồ Chí Minh(20.03.2023),/2ta1141535t1cvn/chi-tiet-ban-an
https://congbobanan.toaan.gov.vn/2ta1141519t1cvn/chi-tiet-ban-an,Bản án:số 168/2023/LĐ-PT ngày 17/02/2023 của TAND TP. Hồ Chí Minh(20.03.2023),/2ta1141519t1cvn/chi-tiet-ban-an
https://congbobanan.toaan.gov.vn/2ta1141500t1cvn/chi-tiet-ban-an,Bản án:số 155/2023/LĐ-PT ngày 15/02/2023 của TAND TP. Hồ Chí Minh(20.03.2023),/2ta1141500t1cvn/chi-tiet-ban-an
https://congbobanan.toaan.gov.vn/2ta1139580t1cvn/chi-tiet-ban-an,Bản án:số 02/2023/LĐPT ngày 02/03/2023 của TAND tỉnh Tiền Giang(16.03.2023),/2ta1139580t1cvn/chi-tiet-ban-an
https://congbobanan.toaan.gov.vn/2ta1137960t1cvn/chi-tiet-ban-an,Bản án:số 71 ngày 11/01/2023 của TAND TP. Hồ Chí Minh(14.03.2023),/2ta1137960t1cvn/chi-tiet-ban-an
https://congbobanan.toaan.gov.vn/2ta1137961t1cvn/chi-tiet-ban-an,Bản án:số 72 ngày 12/01/2023 của TAND TP. Hồ Chí Minh(14.03.2023),/2ta1137961t1cvn/chi-tiet-ban-an
https://congbobanan.toaan.gov.vn/2ta1137522t1cvn/chi-tiet-ban-an,Bản án:số 21 ngày 05/01/2023 của TAND TP. Hồ Chí Minh(13.03.2023),/2ta1137522t1cvn/chi-tiet-ban-an
https://congbobanan.toaan.gov.vn/2ta1137577t1cvn/chi-tiet-ban-an,Bản án:số 553 ngày 08/09/2022 của TAND TP. Hồ Chí Minh(13.03.2023),/2ta1137577t1cvn/chi-tiet-ban-an
https://congbobanan.toaan.gov.vn/2ta1137580t1cvn/chi-tiet-ban-an,Bản án:số 687 ngày 23/11/2022 của TAND TP. Hồ Chí Minh(13.03.2023),/2ta1137580t1cvn/chi-tiet-ban-an
https://congbobanan.toaan.gov.vn/2ta1137286t1cvn/chi-tiet-ban-an,Bản án:số 17/2022/LĐ-PT ngày 22/12/2022 của TAND TP. Hà Nội(13.03.2023),/2ta1137286t1cvn/chi-tiet-ban-an
https://congbobanan.toaan.gov.vn/2ta1136556t1cvn/chi-tiet-ban-an,Bản án:số 6 ngày 02/03/2023 của TAND tỉnh Bình Dương(10.03.2023),/2ta1136556t1cvn/chi-tiet-ban-an
https://congbobanan.toaan.gov.vn/2ta1135357t1cvn/chi-tiet-ban-an,Bản án:số 01 ngày 27/02/2023 của TAND tỉnh Bình Định(08.03.2023),/2ta1135357t1cvn/chi-tiet-ban-an
https://congbobanan.toaan.gov.vn/2ta1135082t1cvn/chi-tiet-ban-an,Bản án:số 01/2023/LĐ-PT ngày 05/01/2023 của TAND tỉnh Gia Lai(08.03.2023),/2ta1135082t1cvn/chi-tiet-ban-an
https://congbobanan.toaan.gov.vn/2ta1134841t1cvn/chi-tiet-ban-an,Bản án:số 07/2022/LĐ-PT ngày 01/12/2022 của TAND tỉnh Tây Ninh(07.03.2023),/2ta1134841t1cvn/chi-tiet-ban-an
https://congbobanan.toaan.gov.vn/2ta1134831t1cvn/chi-tiet-ban-an,Bản án:số 08/2022/LĐ-PT ngày 15/12/2022 của TAND tỉnh Tây Ninh(07.03.2023),/2ta1134831t1cvn/chi-tiet-ban-an
https://congbobanan.toaan.gov.vn/2ta1134828t1cvn/chi-tiet-ban-an,Bản án:số 09/2022/LĐ-PT ngày 28/12/2022 của TAND tỉnh Tây Ninh(07.03.2023),/2ta1134828t1cvn/chi-tiet-ban-an
https://congbobanan.toaan.gov.vn/2ta1130405t1cvn/chi-tiet-ban-an,Bản án:số 01/2023/LĐ-PT ngày 14/02/2023 của TAND TP. Cần Thơ(28.02.2023),/2ta1130405t1cvn/chi-tiet-ban-an
https://congbobanan.toaan.gov.vn/2ta1129633t1cvn/chi-tiet-ban-an,"Bản án:số 57 ngày 12/01/2023 của  TAND Q. Bình Thạnh,  TP. Hồ Chí Minh(28.02.2023)",/2ta1129633t1cvn/chi-tiet-ban-an
https://congbobanan.toaan.gov.vn/2ta1123483t1cvn/chi-tiet-ban-an,"Bản án:số 20 ngày 22/08/2022 của  TAND Q. Tân Phú,  TP. Hồ Chí Minh(28.02.2023)",/2ta1123483t1cvn/chi-tiet-ban-an
https://congbobanan.toaan.gov.vn/2ta1128468t1cvn/chi-tiet-ban-an,"Bản án:số 05 ngày 27/12/2022 của  TAND huyện Yên Dũng,  tỉnh Bắc Giang(27.02.2023)",/2ta1128468t1cvn/chi-tiet-ban-an
https://congbobanan.toaan.gov.vn/2ta1128483t1cvn/chi-tiet-ban-an,"Bản án:số 04 ngày 27/12/2022 của  TAND huyện Yên Dũng,  tỉnh Bắc Giang(27.02.2023)",/2ta1128483t1cvn/chi-tiet-ban-an
https://congbobanan.toaan.gov.vn/2ta1128264t1cvn/chi-tiet-ban-an,Bản án:số 560 ngày 08/09/2022 của TAND TP. Hồ Chí Minh(27.02.2023),/2ta1128264t1cvn/chi-tiet-ban-an
https://congbobanan.toaan.gov.vn/2ta1128202t1cvn/chi-tiet-ban-an,Bản án:số 121 ngày 06/02/2023 của TAND TP. Hồ Chí Minh(27.02.2023),/2ta1128202t1cvn/chi-tiet-ban-an
https://congbobanan.toaan.gov.vn/2ta1128203t1cvn/chi-tiet-ban-an,Bản án:số 615 ngày 28/09/2022 của TAND TP. Hồ Chí Minh(27.02.2023),/2ta1128203t1cvn/chi-tiet-ban-an
https://congbobanan.toaan.gov.vn/2ta1122499t1cvn/chi-tiet-ban-an,"Bản án:số 01 ngày 10/01/2023 của  TAND Q. Hải An,  TP. Hải Phòng(15.02.2023)",/2ta1122499t1cvn/chi-tiet-ban-an
https://congbobanan.toaan.gov.vn/2ta1121072t1cvn/chi-tiet-ban-an,Bản án:số 03/2023/LĐ-PT ngày 24/01/2023 của TAND tỉnh Thanh Hóa(13.02.2023),/2ta1121072t1cvn/chi-tiet-ban-an
https://congbobanan.toaan.gov.vn/2ta1116877t1cvn/chi-tiet-ban-an,"Bản án:số 01 ngày 12/01/2023 của  TAND TP. Qui Nhơn,  tỉnh Bình Định(11.02.2023)",/2ta1116877t1cvn/chi-tiet-ban-an
https://congbobanan.toaan.gov.vn/2ta1119972t1cvn/chi-tiet-ban-an,Bản án:số 595/2022/LĐ-PT ngày 23/09/2022 của TAND TP. Hồ Chí Minh(09.02.2023),/2ta1119972t1cvn/chi-tiet-ban-an
https://congbobanan.toaan.gov.vn/2ta1119964t1cvn/chi-tiet-ban-an,Bản án:số 835/2022/LĐ-PT ngày 27/12/2022 của TAND TP. Hồ Chí Minh(09.02.2023),/2ta1119964t1cvn/chi-tiet-ban-an
https://congbobanan.toaan.gov.vn/2ta1119961t1cvn/chi-tiet-ban-an,Bản án:số 834/2022/LĐ-PT ngày 27/12/2022 của TAND TP. Hồ Chí Minh(09.02.2023),/2ta1119961t1cvn/chi-tiet-ban-an
https://congbobanan.toaan.gov.vn/2ta1119957t1cvn/chi-tiet-ban-an,Bản án:số 759/2022/LĐ-PT ngày 13/12/2022 của TAND TP. Hồ Chí Minh(09.02.2023),/2ta1119957t1cvn/chi-tiet-ban-an
https://congbobanan.toaan.gov.vn/2ta1119936t1cvn/chi-tiet-ban-an,Bản án:số 758/2022/LĐ-PT ngày 13/12/2022 của TAND TP. Hồ Chí Minh(09.02.2023),/2ta1119936t1cvn/chi-tiet-ban-an
https://congbobanan.toaan.gov.vn/2ta1118197t1cvn/chi-tiet-ban-an,"Bản án:số 01 ngày 03/01/2023 của  TAND Quận 3,  TP. Hồ Chí Minh(07.02.2023)",/2ta1118197t1cvn/chi-tiet-ban-an
https://congbobanan.toaan.gov.vn/2ta1116230t1cvn/chi-tiet-ban-an,Bản án:số 04/2022/LĐ-PT ngày 15/12/2022 của TAND tỉnh An Giang(02.02.2023),/2ta1116230t1cvn/chi-tiet-ban-an
https://congbobanan.toaan.gov.vn/2ta1115467t1cvn/chi-tiet-ban-an,Bản án:số 04 ngày 09/01/2023 của TAND tỉnh Bình Dương(01.02.2023),/2ta1115467t1cvn/chi-tiet-ban-an
https://congbobanan.toaan.gov.vn/2ta1114881t1cvn/chi-tiet-ban-an,Bản án:số 05 ngày 10/01/2023 của TAND tỉnh Bình Dương(01.02.2023),/2ta1114881t1cvn/chi-tiet-ban-an
https://congbobanan.toaan.gov.vn/2ta1114277t1cvn/chi-tiet-ban-an,"Bản án:số 19 ngày 30/09/2022 của  TAND Quận 10,  TP. Hồ Chí Minh(31.01.2023)",/2ta1114277t1cvn/chi-tiet-ban-an
https://congbobanan.toaan.gov.vn/2ta1109885t1cvn/chi-tiet-ban-an,Bản án:số 6 ngày 11/01/2023 của TAND tỉnh Bình Dương(18.01.2023),/2ta1109885t1cvn/chi-tiet-ban-an
https://congbobanan.toaan.gov.vn/2ta1109862t1cvn/chi-tiet-ban-an,Bản án:số 02 ngày 06/01/2023 của TAND tỉnh Bình Dương(18.01.2023),/2ta1109862t1cvn/chi-tiet-ban-an
https://congbobanan.toaan.gov.vn/2ta1109714t1cvn/chi-tiet-ban-an,Bản án:số 01/2023/LĐ-PT ngày 09/01/2023 của TAND tỉnh Lâm Đồng(18.01.2023),/2ta1109714t1cvn/chi-tiet-ban-an
https://congbobanan.toaan.gov.vn/2ta1109414t1cvn/chi-tiet-ban-an,"Bản án:số 35 ngày 28/10/2022 của  TAND Quận 7,  TP. Hồ Chí Minh(17.01.2023)",/2ta1109414t1cvn/chi-tiet-ban-an
https://congbobanan.toaan.gov.vn/2ta1107968t1cvn/chi-tiet-ban-an,Bản án:số 03 ngày 09/12/2022 của TAND cấp cao tại Đà Nẵng(13.01.2023),/2ta1107968t1cvn/chi-tiet-ban-an
https://congbobanan.toaan.gov.vn/2ta1107918t1cvn/chi-tiet-ban-an,Bản án:số 01 ngày 16/12/2022 của TAND tỉnh Vĩnh Long(13.01.2023),/2ta1107918t1cvn/chi-tiet-ban-an
https://congbobanan.toaan.gov.vn/2ta1107504t1cvn/chi-tiet-ban-an,Bản án:số 01 ngày 05/01/2023 của TAND tỉnh Bình Dương(12.01.2023),/2ta1107504t1cvn/chi-tiet-ban-an
https://congbobanan.toaan.gov.vn/2ta1107334t1cvn/chi-tiet-ban-an,Bản án:số 3 ngày 09/01/2023 của TAND tỉnh Bình Dương(12.01.2023),/2ta1107334t1cvn/chi-tiet-ban-an
https://congbobanan.toaan.gov.vn/2ta1107315t1cvn/chi-tiet-ban-an,Bản án:số 23 ngày 29/12/2022 của TAND tỉnh Bình Dương(12.01.2023),/2ta1107315t1cvn/chi-tiet-ban-an
https://congbobanan.toaan.gov.vn/2ta1105503t1cvn/chi-tiet-ban-an,"Bản án:số 12 ngày 21/11/2022 của  TAND TX. Tân Uyên,  tỉnh Bình Dương(08.01.2023)",/2ta1105503t1cvn/chi-tiet-ban-an
https://congbobanan.toaan.gov.vn/2ta1105524t1cvn/chi-tiet-ban-an,"Bản án:số 11 ngày 21/11/2022 của  TAND TX. Tân Uyên,  tỉnh Bình Dương(08.01.2023)",/2ta1105524t1cvn/chi-tiet-ban-an
https://congbobanan.toaan.gov.vn/2ta1104892t1cvn/chi-tiet-ban-an,"Bản án:số 15/2022/LĐ-ST ngày 21/11/2022 của  TAND TX. Tân Uyên,  tỉnh Bình Dương(06.01.2023)",/2ta1104892t1cvn/chi-tiet-ban-an
https://congbobanan.toaan.gov.vn/2ta1104740t1cvn/chi-tiet-ban-an,"Bản án:số 13/2022/LĐ-ST ngày 21/11/2022 của  TAND TX. Tân Uyên,  tỉnh Bình Dương(05.01.2023)",/2ta1104740t1cvn/chi-tiet-ban-an
https://congbobanan.toaan.gov.vn/2ta1104666t1cvn/chi-tiet-ban-an,"Bản án:số 14/2022/LĐ-ST ngày 21/11/2022 của  TAND TX. Tân Uyên,  tỉnh Bình Dương(05.01.2023)",/2ta1104666t1cvn/chi-tiet-ban-an
https://congbobanan.toaan.gov.vn/2ta1102922t1cvn/chi-tiet-ban-an,Bản án:số 13/2022/LĐ-PT ngày 27/12/2022 của TAND tỉnh Đồng Nai(03.01.2023),/2ta1102922t1cvn/chi-tiet-ban-an
https://congbobanan.toaan.gov.vn/2ta1102904t1cvn/chi-tiet-ban-an,Bản án:số 11/2022/LĐ-PT ngày 08/12/2022 của TAND tỉnh Đồng Nai(03.01.2023),/2ta1102904t1cvn/chi-tiet-ban-an
https://congbobanan.toaan.gov.vn/2ta1101873t1cvn/chi-tiet-ban-an,Bản án:số 02 ngày 01/12/2022 của TAND tỉnh Thái Nguyên(31.12.2022),/2ta1101873t1cvn/chi-tiet-ban-an
https://congbobanan.toaan.gov.vn/2ta1101429t1cvn/chi-tiet-ban-an,Bản án:số 21 ngày 21/12/2022 của TAND tỉnh Bình Dương(30.12.2022),/2ta1101429t1cvn/chi-tiet-ban-an
https://congbobanan.toaan.gov.vn/2ta1101422t1cvn/chi-tiet-ban-an,Bản án:số 22 ngày 21/12/2022 của TAND tỉnh Bình Dương(30.12.2022),/2ta1101422t1cvn/chi-tiet-ban-an
https://congbobanan.toaan.gov.vn/2ta1098190t1cvn/chi-tiet-ban-an,Bản án:số 6 ngày 09/12/2022 của TAND TP. Hải Phòng(26.12.2022),/2ta1098190t1cvn/chi-tiet-ban-an
https://congbobanan.toaan.gov.vn/2ta1096109t1cvn/chi-tiet-ban-an,Bản án:số 5 ngày 05/12/2022 của TAND TP. Hải Phòng(20.12.2022),/2ta1096109t1cvn/chi-tiet-ban-an
https://congbobanan.toaan.gov.vn/2ta1093669t1cvn/chi-tiet-ban-an,Bản án:số 19 ngày 02/12/2022 của TAND tỉnh Bình Dương(14.12.2022),/2ta1093669t1cvn/chi-tiet-ban-an
https://congbobanan.toaan.gov.vn/2ta1093610t1cvn/chi-tiet-ban-an,Bản án:số 18 ngày 02/12/2022 của TAND tỉnh Bình Dương(14.12.2022),/2ta1093610t1cvn/chi-tiet-ban-an
https://congbobanan.toaan.gov.vn/2ta1093247t1cvn/chi-tiet-ban-an,Bản án:số 20 ngày 05/12/2022 của TAND tỉnh Bình Dương(13.12.2022),/2ta1093247t1cvn/chi-tiet-ban-an
https://congbobanan.toaan.gov.vn/2ta1092243t1cvn/chi-tiet-ban-an,Bản án:số 06 ngày 02/11/2022 của TAND tỉnh Tây Ninh(09.12.2022),/2ta1092243t1cvn/chi-tiet-ban-an
https://congbobanan.toaan.gov.vn/2ta1091946t1cvn/chi-tiet-ban-an,"Bản án:số 27 ngày 30/09/2022 của  TAND huyện Củ Chi,  TP. Hồ Chí Minh(08.12.2022)",/2ta1091946t1cvn/chi-tiet-ban-an
https://congbobanan.toaan.gov.vn/2ta1090691t1cvn/chi-tiet-ban-an,Bản án:số 16 ngày 25/11/2022 của TAND tỉnh Bình Dương(06.12.2022),/2ta1090691t1cvn/chi-tiet-ban-an
https://congbobanan.toaan.gov.vn/2ta1090593t1cvn/chi-tiet-ban-an,Bản án:số 17 ngày 29/11/2022 của TAND tỉnh Bình Dương(06.12.2022),/2ta1090593t1cvn/chi-tiet-ban-an
https://congbobanan.toaan.gov.vn/2ta1086797t1cvn/chi-tiet-ban-an,"Bản án:số 02 ngày 30/09/2022 của  TAND huyện Thủ Thừa,  tỉnh Long An(30.11.2022)",/2ta1086797t1cvn/chi-tiet-ban-an
https://congbobanan.toaan.gov.vn/2ta1046817t1cvn/chi-tiet-ban-an,"Bản án:số 1240 ngày 08/07/2022 của  TAND Q. Bình Thạnh,  TP. Hồ Chí Minh(28.11.2022)",/2ta1046817t1cvn/chi-tiet-ban-an
https://congbobanan.toaan.gov.vn/2ta1084493t1cvn/chi-tiet-ban-an,Bản án:số 03/2022/LĐPT ngày 16/09/2022 của TAND tỉnh Bắc Ninh(24.11.2022),/2ta1084493t1cvn/chi-tiet-ban-an
https://congbobanan.toaan.gov.vn/2ta1084164t1cvn/chi-tiet-ban-an,"Bản án:số 02 ngày 30/08/2022 của  TAND huyện Long Thành,  tỉnh Đồng Nai(24.11.2022)",/2ta1084164t1cvn/chi-tiet-ban-an
https://congbobanan.toaan.gov.vn/2ta1084074t1cvn/chi-tiet-ban-an,"Bản án:số 03 ngày 29/08/2022 của  TAND huyện Đức Hòa,  tỉnh Long An(23.11.2022)",/2ta1084074t1cvn/chi-tiet-ban-an
https://congbobanan.toaan.gov.vn/2ta1082175t1cvn/chi-tiet-ban-an,"Bản án:số 02 ngày 16/09/2022 của  TAND TP. Móng Cái,  tỉnh Quảng Ninh(16.11.2022)",/2ta1082175t1cvn/chi-tiet-ban-an
https://congbobanan.toaan.gov.vn/2ta1081899t1cvn/chi-tiet-ban-an,"Bản án:số 04/2022/LĐ-ST ngày 25/04/2022 của  TAND Q. Cái Răng,  TP. Cần Thơ(16.11.2022)",/2ta1081899t1cvn/chi-tiet-ban-an
https://congbobanan.toaan.gov.vn/2ta1081323t1cvn/chi-tiet-ban-an,"Bản án:số 03 ngày 30/09/2022 của  TAND huyện Yên Dũng,  tỉnh Bắc Giang(15.11.2022)",/2ta1081323t1cvn/chi-tiet-ban-an
https://congbobanan.toaan.gov.vn/2ta1081339t1cvn/chi-tiet-ban-an,"Bản án:số 02 ngày 30/09/2022 của  TAND huyện Yên Dũng,  tỉnh Bắc Giang(15.11.2022)",/2ta1081339t1cvn/chi-tiet-ban-an
https://congbobanan.toaan.gov.vn/2ta1080310t1cvn/chi-tiet-ban-an,"Bản án:số 15 ngày 29/09/2022 của  TAND TP. Thủ Dầu Một,  tỉnh Bình Dương(11.11.2022)",/2ta1080310t1cvn/chi-tiet-ban-an
https://congbobanan.toaan.gov.vn/2ta1080266t1cvn/chi-tiet-ban-an,Bản án:số 05/2022/LĐPT ngày 15/09/2022 của TAND tỉnh Phú Yên(11.11.2022),/2ta1080266t1cvn/chi-tiet-ban-an
https://congbobanan.toaan.gov.vn/2ta1078414t1cvn/chi-tiet-ban-an,"Bản án:số 62 ngày 30/09/2022 của  TAND Q. Tân Bình,  TP. Hồ Chí Minh(08.11.2022)",/2ta1078414t1cvn/chi-tiet-ban-an
https://congbobanan.toaan.gov.vn/2ta1077854t1cvn/chi-tiet-ban-an,Bản án:số 05 ngày 26/10/2022 của TAND cấp cao tại TP Hồ Chí Minh(07.11.2022),/2ta1077854t1cvn/chi-tiet-ban-an
https://congbobanan.toaan.gov.vn/2ta1076956t1cvn/chi-tiet-ban-an,"Bản án:số 02/2022/LĐ-ST ngày 23/09/2022 của  TAND huyện Bến Lức,  tỉnh Long An(05.11.2022)",/2ta1076956t1cvn/chi-tiet-ban-an
https://congbobanan.toaan.gov.vn/2ta1076728t1cvn/chi-tiet-ban-an,"Bản án:số 01 ngày 08/09/2022 của  TAND TP. Buôn Ma Thuột,  tỉnh Đắk Lắk(04.11.2022)",/2ta1076728t1cvn/chi-tiet-ban-an
https://congbobanan.toaan.gov.vn/2ta1075214t1cvn/chi-tiet-ban-an,Bản án:số 03/2022/LĐPT ngày 21/09/2022 của TAND tỉnh Cà Mau(02.11.2022),/2ta1075214t1cvn/chi-tiet-ban-an
https://congbobanan.toaan.gov.vn/2ta1074635t1cvn/chi-tiet-ban-an,"Bản án:số 01/2022/LĐ-ST ngày 27/09/2022 của  TAND TP. PLeiku,  tỉnh Gia Lai(01.11.2022)",/2ta1074635t1cvn/chi-tiet-ban-an
https://congbobanan.toaan.gov.vn/2ta1073023t1cvn/chi-tiet-ban-an,"Bản án:số 14/2022/LĐ-ST Ngày: 22/9/2022 ngày 22/09/2022 của  TAND TP. Biên Hòa,  tỉnh Đồng Nai(31.10.2022)",/2ta1073023t1cvn/chi-tiet-ban-an
https://congbobanan.toaan.gov.vn/2ta1072189t1cvn/chi-tiet-ban-an,Bản án:số 05 ngày 29/09/2022 của TAND TP Đà Nẵng(28.10.2022),/2ta1072189t1cvn/chi-tiet-ban-an
https://congbobanan.toaan.gov.vn/2ta1071274t1cvn/chi-tiet-ban-an,"Bản án:số 09 ngày 16/09/2022 của  TAND TP. Qui Nhơn,  tỉnh Bình Định(26.10.2022)",/2ta1071274t1cvn/chi-tiet-ban-an
https://congbobanan.toaan.gov.vn/2ta1070308t1cvn/chi-tiet-ban-an,"Bản án:số 51/2022/LĐ-ST ngày 13/09/2022 của  TAND Q. Tân Bình,  TP. Hồ Chí Minh(24.10.2022)",/2ta1070308t1cvn/chi-tiet-ban-an
https://congbobanan.toaan.gov.vn/2ta1069186t1cvn/chi-tiet-ban-an,Bản án:số 05/2022/LĐ-PT ngày 20/09/2022 của TAND tỉnh Long An(19.10.2022),/2ta1069186t1cvn/chi-tiet-ban-an
https://congbobanan.toaan.gov.vn/2ta1067783t1cvn/chi-tiet-ban-an,"Bản án:số 21 ngày 17/08/2022 của  TAND Quận 7,  TP. Hồ Chí Minh(14.10.2022)",/2ta1067783t1cvn/chi-tiet-ban-an
https://congbobanan.toaan.gov.vn/2ta1066039t1cvn/chi-tiet-ban-an,"Bản án:số 13/2022/LĐ-ST ngày 16/06/2022 của  TAND Quận 7,  TP. Hồ Chí Minh(07.10.2022)",/2ta1066039t1cvn/chi-tiet-ban-an
https://congbobanan.toaan.gov.vn/2ta1065943t1cvn/chi-tiet-ban-an,Bản án:số 03/2022/LĐ-PT ngày 23/08/2022 của TAND cấp cao tại TP Hồ Chí Minh(07.10.2022),/2ta1065943t1cvn/chi-tiet-ban-an
https://congbobanan.toaan.gov.vn/2ta1064062t1cvn/chi-tiet-ban-an,Bản án:số 01/2022/LĐ-PT ngày 25/02/2022 của TAND tỉnh Tây Ninh(04.10.2022),/2ta1064062t1cvn/chi-tiet-ban-an
https://congbobanan.toaan.gov.vn/2ta1063954t1cvn/chi-tiet-ban-an,Bản án:số 08/2022/LĐ-PT ngày 09/09/2022 của TAND tỉnh Đồng Nai(04.10.2022),/2ta1063954t1cvn/chi-tiet-ban-an
https://congbobanan.toaan.gov.vn/2ta1063564t1cvn/chi-tiet-ban-an,"Bản án:số 01 ngày 09/02/2022 của  TAND Quận 7,  TP. Hồ Chí Minh(04.10.2022)",/2ta1063564t1cvn/chi-tiet-ban-an
https://congbobanan.toaan.gov.vn/2ta1063578t1cvn/chi-tiet-ban-an,"Bản án:số 05 ngày 31/03/2022 của  TAND Quận 7,  TP. Hồ Chí Minh(04.10.2022)",/2ta1063578t1cvn/chi-tiet-ban-an
https://congbobanan.toaan.gov.vn/2ta1063229t1cvn/chi-tiet-ban-an,Bản án:số 02/2022/LĐ-PT ngày 25/07/2022 của TAND tỉnh An Giang(03.10.2022),/2ta1063229t1cvn/chi-tiet-ban-an
https://congbobanan.toaan.gov.vn/2ta1063210t1cvn/chi-tiet-ban-an,Bản án:số 03/2022/LĐ-PT ngày 15/09/2022 của TAND tỉnh An Giang(03.10.2022),/2ta1063210t1cvn/chi-tiet-ban-an
https://congbobanan.toaan.gov.vn/2ta1063193t1cvn/chi-tiet-ban-an,"Bản án:số 57 ngày 17/08/2022 của  TAND Quận 12,  TP. Hồ Chí Minh(03.10.2022)",/2ta1063193t1cvn/chi-tiet-ban-an
https://congbobanan.toaan.gov.vn/2ta1063063t1cvn/chi-tiet-ban-an,Bản án:số 39/2022/LĐPT ngày 17/01/2022 của TAND TP. Hồ Chí Minh(03.10.2022),/2ta1063063t1cvn/chi-tiet-ban-an
https://congbobanan.toaan.gov.vn/2ta1063079t1cvn/chi-tiet-ban-an,Bản án:số 71/2022/LĐPT ngày 18/01/2022 của TAND TP. Hồ Chí Minh(03.10.2022),/2ta1063079t1cvn/chi-tiet-ban-an
https://congbobanan.toaan.gov.vn/2ta1062956t1cvn/chi-tiet-ban-an,"Bản án:số 54 ngày 26/07/2022 của  TAND Quận 12,  TP. Hồ Chí Minh(03.10.2022)",/2ta1062956t1cvn/chi-tiet-ban-an
https://congbobanan.toaan.gov.vn/2ta1062932t1cvn/chi-tiet-ban-an,"Bản án:số 43 ngày 29/06/2022 của  TAND Quận 12,  TP. Hồ Chí Minh(03.10.2022)",/2ta1062932t1cvn/chi-tiet-ban-an
https://congbobanan.toaan.gov.vn/2ta1062337t1cvn/chi-tiet-ban-an,Bản án:số 02 ngày 30/06/2022 của TAND tỉnh Lâm Đồng(03.10.2022),/2ta1062337t1cvn/chi-tiet-ban-an
https://congbobanan.toaan.gov.vn/2ta1061929t1cvn/chi-tiet-ban-an,"Bản án:số 02/2022/LĐ-ST ngày 14/06/2022 của  TAND TP. Mỹ Tho,  tỉnh Tiền Giang(03.10.2022)",/2ta1061929t1cvn/chi-tiet-ban-an
https://congbobanan.toaan.gov.vn/2ta1060868t1cvn/chi-tiet-ban-an,"Bản án:số 12 ngày 23/05/2022 của  TAND Quận 7,  TP. Hồ Chí Minh(02.10.2022)",/2ta1060868t1cvn/chi-tiet-ban-an
https://congbobanan.toaan.gov.vn/2ta1060870t1cvn/chi-tiet-ban-an,"Bản án:số 01 ngày 30/08/2022 của  TAND huyện Kinh Môn,  tỉnh Hải Dương(02.10.2022)",/2ta1060870t1cvn/chi-tiet-ban-an
https://congbobanan.toaan.gov.vn/2ta1060503t1cvn/chi-tiet-ban-an,"Bản án:số 01 ngày 06/07/2022 của  TAND TX. Bình Minh,  tỉnh Vĩnh Long(01.10.2022)",/2ta1060503t1cvn/chi-tiet-ban-an
https://congbobanan.toaan.gov.vn/2ta1027858t1cvn/chi-tiet-ban-an,"Bản án:số 05 ngày 08/08/2022 của  TAND Quận 11,  TP. Hồ Chí Minh(01.10.2022)",/2ta1027858t1cvn/chi-tiet-ban-an
https://congbobanan.toaan.gov.vn/2ta1059553t1cvn/chi-tiet-ban-an,"Bản án:số 12 ngày 12/08/2022 của  TAND Q. Gò Vấp,  TP. Hồ Chí Minh(01.10.2022)",/2ta1059553t1cvn/chi-tiet-ban-an
https://congbobanan.toaan.gov.vn/2ta1059126t1cvn/chi-tiet-ban-an,Bản án:số 02 ngày 22/09/2022 của TAND tỉnh Đồng Tháp(01.10.2022),/2ta1059126t1cvn/chi-tiet-ban-an
https://congbobanan.toaan.gov.vn/2ta1057615t1cvn/chi-tiet-ban-an,"Bản án:số 02 ngày 05/08/2022 của  TAND huyện Gò Dầu,  tỉnh Tây Ninh(30.09.2022)",/2ta1057615t1cvn/chi-tiet-ban-an
https://congbobanan.toaan.gov.vn/2ta1056621t1cvn/chi-tiet-ban-an,Bản án:số 02/2022/LĐ-PT ngày 12/09/2022 của TAND TP. Cần Thơ(30.09.2022),/2ta1056621t1cvn/chi-tiet-ban-an
https://congbobanan.toaan.gov.vn/2ta1056516t1cvn/chi-tiet-ban-an,Bản án:số 01 ngày 27/07/2022 của TAND tỉnh Nghệ An(30.09.2022),/2ta1056516t1cvn/chi-tiet-ban-an
https://congbobanan.toaan.gov.vn/2ta1055509t1cvn/chi-tiet-ban-an,"Bản án:số 01 ngày 26/04/2022 của  TAND huyện Phước Long,  tỉnh Bạc Liêu(30.09.2022)",/2ta1055509t1cvn/chi-tiet-ban-an
https://congbobanan.toaan.gov.vn/2ta1053378t1cvn/chi-tiet-ban-an,"Bản án:số 04/2021/LĐ-ST ngày 06/12/2021 của  TAND huyện Long Thành,  tỉnh Đồng Nai(30.09.2022)",/2ta1053378t1cvn/chi-tiet-ban-an
https://congbobanan.toaan.gov.vn/2ta1051792t1cvn/chi-tiet-ban-an,"Bản án:số 17 ngày 31/08/2022 của  TAND TP. Bạc Liêu,  tỉnh Bạc Liêu(30.09.2022)",/2ta1051792t1cvn/chi-tiet-ban-an
https://congbobanan.toaan.gov.vn/2ta1051589t1cvn/chi-tiet-ban-an,"Bản án:số 16 ngày 31/08/2022 của  TAND TP. Bạc Liêu,  tỉnh Bạc Liêu(30.09.2022)",/2ta1051589t1cvn/chi-tiet-ban-an
https://congbobanan.toaan.gov.vn/2ta1051240t1cvn/chi-tiet-ban-an,"Bản án:số 15 ngày 31/08/2022 của  TAND TP. Bạc Liêu,  tỉnh Bạc Liêu(30.09.2022)",/2ta1051240t1cvn/chi-tiet-ban-an
https://congbobanan.toaan.gov.vn/2ta1051178t1cvn/chi-tiet-ban-an,"Bản án:số 14 ngày 31/08/2022 của  TAND TP. Bạc Liêu,  tỉnh Bạc Liêu(30.09.2022)",/2ta1051178t1cvn/chi-tiet-ban-an
https://congbobanan.toaan.gov.vn/2ta1050924t1cvn/chi-tiet-ban-an,"Bản án:số 13 ngày 31/08/2022 của  TAND TP. Bạc Liêu,  tỉnh Bạc Liêu(30.09.2022)",/2ta1050924t1cvn/chi-tiet-ban-an
https://congbobanan.toaan.gov.vn/2ta1050829t1cvn/chi-tiet-ban-an,"Bản án:số 12 ngày 31/08/2022 của  TAND TP. Bạc Liêu,  tỉnh Bạc Liêu(30.09.2022)",/2ta1050829t1cvn/chi-tiet-ban-an
https://congbobanan.toaan.gov.vn/2ta1050745t1cvn/chi-tiet-ban-an,"Bản án:số 11 ngày 31/08/2022 của  TAND TP. Bạc Liêu,  tỉnh Bạc Liêu(30.09.2022)",/2ta1050745t1cvn/chi-tiet-ban-an
https://congbobanan.toaan.gov.vn/2ta1050931t1cvn/chi-tiet-ban-an,"Bản án:số 47/2022/LĐ-ST ngày 22/07/2022 của  TAND Quận 1,  TP. Hồ Chí Minh(30.09.2022)",/2ta1050931t1cvn/chi-tiet-ban-an
https://congbobanan.toaan.gov.vn/2ta1049124t1cvn/chi-tiet-ban-an,"Bản án:số 61 ngày 24/12/2021 của  TAND Quận 1,  TP. Hồ Chí Minh(30.09.2022)",/2ta1049124t1cvn/chi-tiet-ban-an
https://congbobanan.toaan.gov.vn/2ta1048670t1cvn/chi-tiet-ban-an,"Bản án:số 06 ngày 03/08/2022 của  TAND TX. Thuận An,  tỉnh Bình Dương(30.09.2022)",/2ta1048670t1cvn/chi-tiet-ban-an
https://congbobanan.toaan.gov.vn/2ta1047131t1cvn/chi-tiet-ban-an,"Bản án:số 11/2022/LĐST ngày 12/08/2022 của  TAND Q. Gò Vấp,  TP. Hồ Chí Minh(30.09.2022)",/2ta1047131t1cvn/chi-tiet-ban-an
https://congbobanan.toaan.gov.vn/2ta1046453t1cvn/chi-tiet-ban-an,Bản án:số 176 ngày 20/04/2022 của TAND TP. Hồ Chí Minh(30.09.2022),/2ta1046453t1cvn/chi-tiet-ban-an
https://congbobanan.toaan.gov.vn/2ta1046300t1cvn/chi-tiet-ban-an,"Bản án:số 01 ngày 29/07/2022 của  TAND TP. Móng Cái,  tỉnh Quảng Ninh(30.09.2022)",/2ta1046300t1cvn/chi-tiet-ban-an
https://congbobanan.toaan.gov.vn/2ta1030791t1cvn/chi-tiet-ban-an,Bản án:số 274 ngày 27/05/2022 của TAND TP. Hồ Chí Minh(29.09.2022),/2ta1030791t1cvn/chi-tiet-ban-an
https://congbobanan.toaan.gov.vn/2ta1044228t1cvn/chi-tiet-ban-an,"Bản án:số 05 ngày 03/09/2022 của  TAND TX. Thuận An,  tỉnh Bình Dương(29.09.2022)",/2ta1044228t1cvn/chi-tiet-ban-an
https://congbobanan.toaan.gov.vn/2ta1044009t1cvn/chi-tiet-ban-an,Bản án:số 01/2022/LĐ-PT ngày 27/07/2022 của TAND tỉnh Nghệ An(29.09.2022),/2ta1044009t1cvn/chi-tiet-ban-an
https://congbobanan.toaan.gov.vn/2ta1043609t1cvn/chi-tiet-ban-an,Bản án:số 01 ngày 29/12/2021 của TAND tỉnh Sóc Trăng(29.09.2022),/2ta1043609t1cvn/chi-tiet-ban-an
https://congbobanan.toaan.gov.vn/2ta1043518t1cvn/chi-tiet-ban-an,Bản án:số 01 ngày 04/01/2022 của TAND tỉnh Sóc Trăng(29.09.2022),/2ta1043518t1cvn/chi-tiet-ban-an
https://congbobanan.toaan.gov.vn/2ta1043673t1cvn/chi-tiet-ban-an,"Bản án:số 535/2022/LĐ-ST ngày 20/07/2022 của  Thành phố Thủ Đức,  TP. Hồ Chí Minh(29.09.2022)",/2ta1043673t1cvn/chi-tiet-ban-an
https://congbobanan.toaan.gov.vn/2ta1043064t1cvn/chi-tiet-ban-an,"Bản án:số 10 ngày 21/03/2022 của  TAND Quận 1,  TP. Hồ Chí Minh(29.09.2022)",/2ta1043064t1cvn/chi-tiet-ban-an
https://congbobanan.toaan.gov.vn/2ta1042680t1cvn/chi-tiet-ban-an,"Bản án:số 475 ngày 23/02/2022 của  Thành phố Thủ Đức,  TP. Hồ Chí Minh(29.09.2022)",/2ta1042680t1cvn/chi-tiet-ban-an
https://congbobanan.toaan.gov.vn/2ta1042725t1cvn/chi-tiet-ban-an,"Bản án:số 2266 ngày 22/06/2022 của  Thành phố Thủ Đức,  TP. Hồ Chí Minh(29.09.2022)",/2ta1042725t1cvn/chi-tiet-ban-an
https://congbobanan.toaan.gov.vn/2ta1041775t1cvn/chi-tiet-ban-an,"Bản án:số 02 ngày 22/08/2022 của  TAND huyện Đức Hòa,  tỉnh Long An(29.09.2022)",/2ta1041775t1cvn/chi-tiet-ban-an
https://congbobanan.toaan.gov.vn/2ta1040901t1cvn/chi-tiet-ban-an,"Bản án:số 39 ngày 30/06/2022 của  TAND Quận 1,  TP. Hồ Chí Minh(29.09.2022)",/2ta1040901t1cvn/chi-tiet-ban-an
https://congbobanan.toaan.gov.vn/2ta1040946t1cvn/chi-tiet-ban-an,"Bản án:số 49 ngày 25/07/2022 của  TAND Quận 1,  TP. Hồ Chí Minh(29.09.2022)",/2ta1040946t1cvn/chi-tiet-ban-an
https://congbobanan.toaan.gov.vn/2ta1040681t1cvn/chi-tiet-ban-an,Bản án:số 04/2022/LĐ-PT ngày 22/04/2022 của TAND tỉnh Phú Yên(29.09.2022),/2ta1040681t1cvn/chi-tiet-ban-an
https://congbobanan.toaan.gov.vn/2ta1039120t1cvn/chi-tiet-ban-an,Bản án:số 378 ngày 11/07/2022 của TAND TP. Hồ Chí Minh(29.09.2022),/2ta1039120t1cvn/chi-tiet-ban-an
https://congbobanan.toaan.gov.vn/2ta1039088t1cvn/chi-tiet-ban-an,Bản án:số 238 ngày 13/05/2022 của TAND TP. Hồ Chí Minh(29.09.2022),/2ta1039088t1cvn/chi-tiet-ban-an
https://congbobanan.toaan.gov.vn/2ta1038360t1cvn/chi-tiet-ban-an,"Bản án:số 40/2022/LĐ-ST ngày 09/08/2022 của  TAND Q. Tân Bình,  TP. Hồ Chí Minh(29.09.2022)",/2ta1038360t1cvn/chi-tiet-ban-an
https://congbobanan.toaan.gov.vn/2ta1038418t1cvn/chi-tiet-ban-an,"Bản án:số 35/2022/LĐ-ST ngày 01/08/2022 của  TAND Q. Tân Bình,  TP. Hồ Chí Minh(29.09.2022)",/2ta1038418t1cvn/chi-tiet-ban-an
https://congbobanan.toaan.gov.vn/2ta1038437t1cvn/chi-tiet-ban-an,"Bản án:số 36/2022/LĐ-ST ngày 01/08/2022 của  TAND Q. Tân Bình,  TP. Hồ Chí Minh(29.09.2022)",/2ta1038437t1cvn/chi-tiet-ban-an
https://congbobanan.toaan.gov.vn/2ta1037179t1cvn/chi-tiet-ban-an,"Bản án:số 02 ngày 05/07/2022 của  TAND TP. Nam Định,  tỉnh Nam Định(29.09.2022)",/2ta1037179t1cvn/chi-tiet-ban-an
https://congbobanan.toaan.gov.vn/2ta1037319t1cvn/chi-tiet-ban-an,Bản án:số 280/2022/LĐ-PT ngày 30/05/2022 của TAND TP. Hồ Chí Minh(29.09.2022),/2ta1037319t1cvn/chi-tiet-ban-an
https://congbobanan.toaan.gov.vn/2ta1036159t1cvn/chi-tiet-ban-an,Bản án:số 323/2022/LĐ-PT ngày 22/06/2022 của TAND TP. Hồ Chí Minh(29.09.2022),/2ta1036159t1cvn/chi-tiet-ban-an
https://congbobanan.toaan.gov.vn/2ta1034391t1cvn/chi-tiet-ban-an,"Bản án:số 04 ngày 15/08/2022 của  TAND huyện Cao Lãnh,  tỉnh Đồng Tháp(28.09.2022)",/2ta1034391t1cvn/chi-tiet-ban-an
https://congbobanan.toaan.gov.vn/2ta1034375t1cvn/chi-tiet-ban-an,"Bản án:số 02 ngày 18/07/2022 của  TAND huyện Nhơn Trạch,  tỉnh Đồng Nai(28.09.2022)",/2ta1034375t1cvn/chi-tiet-ban-an
https://congbobanan.toaan.gov.vn/2ta1032082t1cvn/chi-tiet-ban-an,"Bản án:số 02/2022/LĐST ngày 19/08/2022 của  TAND Q. Cầu Giấy,  TP. Hà Nội(28.09.2022)",/2ta1032082t1cvn/chi-tiet-ban-an
https://congbobanan.toaan.gov.vn/2ta1031875t1cvn/chi-tiet-ban-an,Bản án:số 01/2022/LĐPT ngày 16/09/2022 của TAND tỉnh Bắc Ninh(28.09.2022),/2ta1031875t1cvn/chi-tiet-ban-an
https://congbobanan.toaan.gov.vn/2ta1031882t1cvn/chi-tiet-ban-an,Bản án:số 02/2022/LĐPT ngày 16/09/2022 của TAND tỉnh Bắc Ninh(28.09.2022),/2ta1031882t1cvn/chi-tiet-ban-an
https://congbobanan.toaan.gov.vn/2ta1031309t1cvn/chi-tiet-ban-an,Bản án:số 01/2022/LĐ-PT ngày 24/08/2022 của TAND tỉnh Quảng Ngãi(28.09.2022),/2ta1031309t1cvn/chi-tiet-ban-an
https://congbobanan.toaan.gov.vn/2ta1029295t1cvn/chi-tiet-ban-an,Bản án:số 488/2022/LĐ-PT ngày 22/08/2022 của TAND TP. Hồ Chí Minh(28.09.2022),/2ta1029295t1cvn/chi-tiet-ban-an
https://congbobanan.toaan.gov.vn/2ta1028662t1cvn/chi-tiet-ban-an,"Bản án:số 31 ngày 31/05/2022 của  TAND Quận 1,  TP. Hồ Chí Minh(27.09.2022)",/2ta1028662t1cvn/chi-tiet-ban-an
https://congbobanan.toaan.gov.vn/2ta1028606t1cvn/chi-tiet-ban-an,"Bản án:số 42 ngày 06/07/2022 của  TAND Quận 1,  TP. Hồ Chí Minh(27.09.2022)",/2ta1028606t1cvn/chi-tiet-ban-an
https://congbobanan.toaan.gov.vn/2ta1027878t1cvn/chi-tiet-ban-an,"Bản án:số 05 ngày 08/08/2022 của  TAND Quận 11,  TP. Hồ Chí Minh(27.09.2022)",/2ta1027878t1cvn/chi-tiet-ban-an
https://congbobanan.toaan.gov.vn/2ta1027115t1cvn/chi-tiet-ban-an,"Bản án:số 01 ngày 17/05/2022 của  TAND TP. Việt Trì,  tỉnh Phú Thọ(27.09.2022)",/2ta1027115t1cvn/chi-tiet-ban-an
https://congbobanan.toaan.gov.vn/2ta1026777t1cvn/chi-tiet-ban-an,"Bản án:số 41/2022/LĐ-ST ngày 12/08/2022 của  TAND Q. Tân Bình,  TP. Hồ Chí Minh(27.09.2022)",/2ta1026777t1cvn/chi-tiet-ban-an
https://congbobanan.toaan.gov.vn/2ta1018927t1cvn/chi-tiet-ban-an,"Bản án:số 05/2022/LĐ-ST ngày 06/09/2022 của  TAND Quận 3,  TP. Hồ Chí Minh(27.09.2022)",/2ta1018927t1cvn/chi-tiet-ban-an
https://congbobanan.toaan.gov.vn/2ta1024157t1cvn/chi-tiet-ban-an,Bản án:số 68/2022/LĐ-PT ngày 24/01/2022 của TAND TP. Hồ Chí Minh(27.09.2022),/2ta1024157t1cvn/chi-tiet-ban-an
https://congbobanan.toaan.gov.vn/2ta1024165t1cvn/chi-tiet-ban-an,Bản án:số 463/2022/LĐ-PT ngày 11/08/2022 của TAND TP. Hồ Chí Minh(27.09.2022),/2ta1024165t1cvn/chi-tiet-ban-an
https://congbobanan.toaan.gov.vn/2ta1024181t1cvn/chi-tiet-ban-an,Bản án:số 334/2022/LĐ-PT ngày 28/06/2022 của TAND TP. Hồ Chí Minh(27.09.2022),/2ta1024181t1cvn/chi-tiet-ban-an
https://congbobanan.toaan.gov.vn/2ta1024224t1cvn/chi-tiet-ban-an,Bản án:số 57/2022/LĐ-PT ngày 17/01/2022 của TAND TP. Hồ Chí Minh(27.09.2022),/2ta1024224t1cvn/chi-tiet-ban-an
https://congbobanan.toaan.gov.vn/2ta1022825t1cvn/chi-tiet-ban-an,Bản án:số 52/2022/LĐ-PT ngày 19/01/2022 của TAND TP. Hồ Chí Minh(26.09.2022),/2ta1022825t1cvn/chi-tiet-ban-an
https://congbobanan.toaan.gov.vn/2ta1022832t1cvn/chi-tiet-ban-an,Bản án:số 284/2022/LĐ-PT ngày 31/05/2022 của TAND TP. Hồ Chí Minh(26.09.2022),/2ta1022832t1cvn/chi-tiet-ban-an
https://congbobanan.toaan.gov.vn/2ta1022852t1cvn/chi-tiet-ban-an,Bản án:số 546/2022/LĐ-PT ngày 06/09/2022 của TAND TP. Hồ Chí Minh(26.09.2022),/2ta1022852t1cvn/chi-tiet-ban-an
https://congbobanan.toaan.gov.vn/2ta1022857t1cvn/chi-tiet-ban-an,Bản án:số 450/2022/LĐ-PT ngày 05/08/2022 của TAND TP. Hồ Chí Minh(26.09.2022),/2ta1022857t1cvn/chi-tiet-ban-an
https://congbobanan.toaan.gov.vn/2ta1022088t1cvn/chi-tiet-ban-an,"Bản án:số 2677 ngày 18/07/2022 của  Thành phố Thủ Đức,  TP. Hồ Chí Minh(26.09.2022)",/2ta1022088t1cvn/chi-tiet-ban-an
https://congbobanan.toaan.gov.vn/2ta1020597t1cvn/chi-tiet-ban-an,Bản án:số 314 ngày 15/06/2022 của TAND TP. Hồ Chí Minh(26.09.2022),/2ta1020597t1cvn/chi-tiet-ban-an
https://congbobanan.toaan.gov.vn/2ta1019519t1cvn/chi-tiet-ban-an,Bản án:số 553 ngày 08/09/2022 của TAND TP. Hồ Chí Minh(26.09.2022),/2ta1019519t1cvn/chi-tiet-ban-an
https://congbobanan.toaan.gov.vn/2ta1019109t1cvn/chi-tiet-ban-an,"Bản án:số 03/2022/LĐ- ST ngày 06/06/2022 của  TAND huyện Trảng Bàng,  tỉnh Tây Ninh(25.09.2022)",/2ta1019109t1cvn/chi-tiet-ban-an
https://congbobanan.toaan.gov.vn/2ta1019133t1cvn/chi-tiet-ban-an,"Bản án:số 04/2022/LĐ- ST ngày 06/07/2022 của  TAND huyện Trảng Bàng,  tỉnh Tây Ninh(25.09.2022)",/2ta1019133t1cvn/chi-tiet-ban-an
https://congbobanan.toaan.gov.vn/2ta1017321t1cvn/chi-tiet-ban-an,Bản án:số 03/2022/LĐ-PT ngày 23/08/2022 của TAND tỉnh Tây Ninh(24.09.2022),/2ta1017321t1cvn/chi-tiet-ban-an
https://congbobanan.toaan.gov.vn/2ta1007162t1cvn/chi-tiet-ban-an,"Bản án:số 02/2022/LĐ-ST ngày 29/07/2022 của  TAND TP. Vũng Tàu,  tỉnh Bà Rịa_Vũng Tàu(24.09.2022)",/2ta1007162t1cvn/chi-tiet-ban-an
https://congbobanan.toaan.gov.vn/2ta1015173t1cvn/chi-tiet-ban-an,Bản án:số 15 ngày 13/09/2022 của TAND tỉnh Bình Dương(23.09.2022),/2ta1015173t1cvn/chi-tiet-ban-an
https://congbobanan.toaan.gov.vn/2ta1014804t1cvn/chi-tiet-ban-an,"Bản án:số 01/2022/LĐ-ST ngày 10/08/2022 của  TAND TP. Tuy Hòa,  tỉnh Phú Yên(23.09.2022)",/2ta1014804t1cvn/chi-tiet-ban-an
https://congbobanan.toaan.gov.vn/2ta1014245t1cvn/chi-tiet-ban-an,Bản án:số 01 ngày 29/08/2022 của TAND tỉnh Đồng Tháp(23.09.2022),/2ta1014245t1cvn/chi-tiet-ban-an
https://congbobanan.toaan.gov.vn/2ta1013977t1cvn/chi-tiet-ban-an,"Bản án:số 2300 ngày 27/07/2022 của  Thành phố Thủ Đức,  TP. Hồ Chí Minh(23.09.2022)",/2ta1013977t1cvn/chi-tiet-ban-an
https://congbobanan.toaan.gov.vn/2ta1013824t1cvn/chi-tiet-ban-an,Bản án:số 403 ngày 21/07/2022 của TAND TP. Hồ Chí Minh(23.09.2022),/2ta1013824t1cvn/chi-tiet-ban-an
https://congbobanan.toaan.gov.vn/2ta1013773t1cvn/chi-tiet-ban-an,Bản án:số 161 ngày 14/04/2022 của TAND TP. Hồ Chí Minh(23.09.2022),/2ta1013773t1cvn/chi-tiet-ban-an
https://congbobanan.toaan.gov.vn/2ta1011773t1cvn/chi-tiet-ban-an,Bản án:số 04/2022/LĐ-PT ngày 05/09/2022 của TAND tỉnh Long An(22.09.2022),/2ta1011773t1cvn/chi-tiet-ban-an
https://congbobanan.toaan.gov.vn/2ta1010917t1cvn/chi-tiet-ban-an,Bản án:số 06 ngày 29/08/2022 của TAND tỉnh Đồng Nai(22.09.2022),/2ta1010917t1cvn/chi-tiet-ban-an
https://congbobanan.toaan.gov.vn/2ta1010942t1cvn/chi-tiet-ban-an,Bản án:số 07 ngày 12/09/2022 của TAND tỉnh Đồng Nai(22.09.2022),/2ta1010942t1cvn/chi-tiet-ban-an
https://congbobanan.toaan.gov.vn/2ta1010689t1cvn/chi-tiet-ban-an,"Bản án:số 01 ngày 07/07/2022 của  TAND huyện Cam Lâm,  tỉnh Khánh Hòa(22.09.2022)",/2ta1010689t1cvn/chi-tiet-ban-an
https://congbobanan.toaan.gov.vn/2ta1010735t1cvn/chi-tiet-ban-an,Bản án:số 41 ngày 17/01/2022 của TAND TP. Hồ Chí Minh(22.09.2022),/2ta1010735t1cvn/chi-tiet-ban-an
https://congbobanan.toaan.gov.vn/2ta1010747t1cvn/chi-tiet-ban-an,Bản án:số 201 ngày 27/04/2022 của TAND TP. Hồ Chí Minh(22.09.2022),/2ta1010747t1cvn/chi-tiet-ban-an
https://congbobanan.toaan.gov.vn/2ta1010760t1cvn/chi-tiet-ban-an,Bản án:số 423 ngày 27/07/2022 của TAND TP. Hồ Chí Minh(22.09.2022),/2ta1010760t1cvn/chi-tiet-ban-an
https://congbobanan.toaan.gov.vn/2ta1010576t1cvn/chi-tiet-ban-an,Bản án:số 01/2022/LĐ-PT ngày 24/08/2022 của TAND tỉnh Thái Bình(22.09.2022),/2ta1010576t1cvn/chi-tiet-ban-an
https://congbobanan.toaan.gov.vn/2ta1010084t1cvn/chi-tiet-ban-an,"Bản án:số 04 ngày 08/04/2022 của  TAND Quận 10,  TP. Hồ Chí Minh(22.09.2022)",/2ta1010084t1cvn/chi-tiet-ban-an
https://congbobanan.toaan.gov.vn/2ta1009731t1cvn/chi-tiet-ban-an,Bản án:số 380/2022/LĐ-PT ngày 14/07/2022 của TAND TP. Hồ Chí Minh(22.09.2022),/2ta1009731t1cvn/chi-tiet-ban-an
https://congbobanan.toaan.gov.vn/2ta1008718t1cvn/chi-tiet-ban-an,Bản án:số 344 ngày 29/06/2022 của TAND TP. Hồ Chí Minh(21.09.2022),/2ta1008718t1cvn/chi-tiet-ban-an
https://congbobanan.toaan.gov.vn/2ta1008730t1cvn/chi-tiet-ban-an,Bản án:số 413 ngày 26/07/2022 của TAND TP. Hồ Chí Minh(21.09.2022),/2ta1008730t1cvn/chi-tiet-ban-an
https://congbobanan.toaan.gov.vn/2ta1008513t1cvn/chi-tiet-ban-an,"Bản án:số 561/2022/LĐ-ST ngày 26/07/2022 của  TAND Q. Phú Nhuận,  TP. Hồ Chí Minh(21.09.2022)",/2ta1008513t1cvn/chi-tiet-ban-an
https://congbobanan.toaan.gov.vn/2ta1008303t1cvn/chi-tiet-ban-an,"Bản án:số 37/2021/QĐST-LĐ ngày 04/08/2022 của  TAND Q. Tân Bình,  TP. Hồ Chí Minh(21.09.2022)",/2ta1008303t1cvn/chi-tiet-ban-an
https://congbobanan.toaan.gov.vn/2ta1008307t1cvn/chi-tiet-ban-an,"Bản án:số 38/2022/QĐST-LĐ ngày 04/08/2022 của  TAND Q. Tân Bình,  TP. Hồ Chí Minh(21.09.2022)",/2ta1008307t1cvn/chi-tiet-ban-an
https://congbobanan.toaan.gov.vn/2ta1008295t1cvn/chi-tiet-ban-an,"Bản án:số 37/2022/QĐST-LĐ ngày 04/08/2022 của  TAND Q. Tân Bình,  TP. Hồ Chí Minh(21.09.2022)",/2ta1008295t1cvn/chi-tiet-ban-an
https://congbobanan.toaan.gov.vn/2ta1008393t1cvn/chi-tiet-ban-an,"Bản án:số 37/2021/QĐST-LĐ ngày 04/08/2022 của  TAND Q. Tân Bình,  TP. Hồ Chí Minh(21.09.2022)",/2ta1008393t1cvn/chi-tiet-ban-an
https://congbobanan.toaan.gov.vn/2ta1008459t1cvn/chi-tiet-ban-an,"Bản án:số 38/2021/QĐST-LĐ ngày 04/08/2022 của  TAND Q. Tân Bình,  TP. Hồ Chí Minh(21.09.2022)",/2ta1008459t1cvn/chi-tiet-ban-an
https://congbobanan.toaan.gov.vn/2ta1008102t1cvn/chi-tiet-ban-an,Bản án:số 04 ngày 24/08/2022 của TAND tỉnh Đắk Lắk(21.09.2022),/2ta1008102t1cvn/chi-tiet-ban-an
https://congbobanan.toaan.gov.vn/2ta1007848t1cvn/chi-tiet-ban-an,"Bản án:số 608/2022/LĐ-ST ngày 04/08/2022 của  TAND Q. Phú Nhuận,  TP. Hồ Chí Minh(21.09.2022)",/2ta1007848t1cvn/chi-tiet-ban-an
https://congbobanan.toaan.gov.vn/2ta1006901t1cvn/chi-tiet-ban-an,"Bản án:số 11 ngày 23/03/2022 của  TAND Quận 1,  TP. Hồ Chí Minh(21.09.2022)",/2ta1006901t1cvn/chi-tiet-ban-an
https://congbobanan.toaan.gov.vn/2ta1005713t1cvn/chi-tiet-ban-an,Bản án:số 324/2022/LĐ-PT ngày 22/06/2022 của TAND TP. Hồ Chí Minh(20.09.2022),/2ta1005713t1cvn/chi-tiet-ban-an
https://congbobanan.toaan.gov.vn/2ta1006211t1cvn/chi-tiet-ban-an,Bản án:số 531/2022/LĐ-PT ngày 30/08/2022 của TAND TP. Hồ Chí Minh(20.09.2022),/2ta1006211t1cvn/chi-tiet-ban-an
https://congbobanan.toaan.gov.vn/2ta1006224t1cvn/chi-tiet-ban-an,Bản án:số 563/2022/LĐ-PT ngày 13/09/2022 của TAND TP. Hồ Chí Minh(20.09.2022),/2ta1006224t1cvn/chi-tiet-ban-an
https://congbobanan.toaan.gov.vn/2ta1005335t1cvn/chi-tiet-ban-an,Bản án:số 479 ngày 17/08/2022 của TAND TP. Hồ Chí Minh(20.09.2022),/2ta1005335t1cvn/chi-tiet-ban-an
https://congbobanan.toaan.gov.vn/2ta1005040t1cvn/chi-tiet-ban-an,Bản án:số 315/2022/LĐ-PT ngày 21/06/2022 của TAND TP. Hồ Chí Minh(20.09.2022),/2ta1005040t1cvn/chi-tiet-ban-an
https://congbobanan.toaan.gov.vn/2ta1004088t1cvn/chi-tiet-ban-an,Bản án:số 507 ngày 24/08/2022 của TAND TP. Hồ Chí Minh(19.09.2022),/2ta1004088t1cvn/chi-tiet-ban-an
https://congbobanan.toaan.gov.vn/2ta1004103t1cvn/chi-tiet-ban-an,Bản án:số 415 ngày 26/07/2022 của TAND TP. Hồ Chí Minh(19.09.2022),/2ta1004103t1cvn/chi-tiet-ban-an
https://congbobanan.toaan.gov.vn/2ta1003864t1cvn/chi-tiet-ban-an,Bản án:số 735 ngày 28/12/2021 của TAND TP. Hồ Chí Minh(19.09.2022),/2ta1003864t1cvn/chi-tiet-ban-an
https://congbobanan.toaan.gov.vn/2ta1003312t1cvn/chi-tiet-ban-an,"Bản án:số 1442/2022/BA-LĐ ngày 01/08/2022 của  TAND Q. Bình Thạnh,  TP. Hồ Chí Minh(19.09.2022)",/2ta1003312t1cvn/chi-tiet-ban-an
https://congbobanan.toaan.gov.vn/2ta1002449t1cvn/chi-tiet-ban-an,Bản án:số 14 ngày 08/09/2022 của TAND tỉnh Bình Dương(19.09.2022),/2ta1002449t1cvn/chi-tiet-ban-an
https://congbobanan.toaan.gov.vn/2ta1002432t1cvn/chi-tiet-ban-an,Bản án:số 12 ngày 26/08/2022 của TAND tỉnh Bình Dương(19.09.2022),/2ta1002432t1cvn/chi-tiet-ban-an
https://congbobanan.toaan.gov.vn/2ta1002409t1cvn/chi-tiet-ban-an,Bản án:số 13 ngày 29/08/2022 của TAND tỉnh Bình Dương(19.09.2022),/2ta1002409t1cvn/chi-tiet-ban-an
https://congbobanan.toaan.gov.vn/2ta1002218t1cvn/chi-tiet-ban-an,Bản án:số 01 ngày 16/08/2022 của TAND tỉnh Điện Biên(19.09.2022),/2ta1002218t1cvn/chi-tiet-ban-an
https://congbobanan.toaan.gov.vn/2ta999869t1cvn/chi-tiet-ban-an,Bản án:số 412 ngày 26/07/2022 của TAND TP. Hồ Chí Minh(16.09.2022),/2ta999869t1cvn/chi-tiet-ban-an
https://congbobanan.toaan.gov.vn/2ta998098t1cvn/chi-tiet-ban-an,Bản án:số 01/2022/LĐPT ngày 03/03/2022 của TAND tỉnh Khánh Hòa(14.09.2022),/2ta998098t1cvn/chi-tiet-ban-an
https://congbobanan.toaan.gov.vn/2ta997875t1cvn/chi-tiet-ban-an,"Bản án:số 01 ngày 26/07/2022 của  TAND Q. Hải Châu,  TP Đà Nẵng(14.09.2022)",/2ta997875t1cvn/chi-tiet-ban-an
https://congbobanan.toaan.gov.vn/2ta995677t1cvn/chi-tiet-ban-an,"Bản án:số 32/2022/LĐ-ST ngày 20/06/2022 của  TAND Q. Tân Bình,  TP. Hồ Chí Minh(12.09.2022)",/2ta995677t1cvn/chi-tiet-ban-an
https://congbobanan.toaan.gov.vn/2ta995463t1cvn/chi-tiet-ban-an,"Bản án:số 469 ngày 27/06/2022 của  TAND Q. Phú Nhuận,  TP. Hồ Chí Minh(12.09.2022)",/2ta995463t1cvn/chi-tiet-ban-an
https://congbobanan.toaan.gov.vn/2ta994723t1cvn/chi-tiet-ban-an,Bản án:số 03/2022/LĐ-ST ngày 12/08/2022 của TAND tỉnh Long An(11.09.2022),/2ta994723t1cvn/chi-tiet-ban-an
https://congbobanan.toaan.gov.vn/2ta992450t1cvn/chi-tiet-ban-an,Bản án:số 12 ngày 26/08/2022 của TAND tỉnh Bình Dương(08.09.2022),/2ta992450t1cvn/chi-tiet-ban-an
https://congbobanan.toaan.gov.vn/2ta991637t1cvn/chi-tiet-ban-an,Bản án:số 01 ngày 23/08/2022 của TAND tỉnh Quảng Ninh(07.09.2022),/2ta991637t1cvn/chi-tiet-ban-an
https://congbobanan.toaan.gov.vn/2ta985803t1cvn/chi-tiet-ban-an,Bản án:số 01/2022/LĐ-PT ngày 12/08/2022 của TAND tỉnh Yên Bái(30.08.2022),/2ta985803t1cvn/chi-tiet-ban-an
https://congbobanan.toaan.gov.vn/2ta980232t1cvn/chi-tiet-ban-an,"Bản án:số 01 ngày 01/06/2022 của  TAND huyện Củ Chi,  TP. Hồ Chí Minh(24.08.2022)",/2ta980232t1cvn/chi-tiet-ban-an
https://congbobanan.toaan.gov.vn/2ta979472t1cvn/chi-tiet-ban-an,Bản án:số 01/2022/LĐ-PT ngày 07/01/2022 của TAND TP. Hải Phòng(24.08.2022),/2ta979472t1cvn/chi-tiet-ban-an
https://congbobanan.toaan.gov.vn/2ta979174t1cvn/chi-tiet-ban-an,"Bản án:số 01/2022/LĐ-ST ngày 30/06/2022 của  TAND TP. Tân An,  tỉnh Long An(23.08.2022)",/2ta979174t1cvn/chi-tiet-ban-an
https://congbobanan.toaan.gov.vn/2ta978960t1cvn/chi-tiet-ban-an,"Bản án:số 04 ngày 19/07/2022 của  TAND TX. Thuận An,  tỉnh Bình Dương(23.08.2022)",/2ta978960t1cvn/chi-tiet-ban-an
https://congbobanan.toaan.gov.vn/2ta978446t1cvn/chi-tiet-ban-an,Bản án:số 02/2022/LĐPT ngày 18/07/2022 của TAND tỉnh Cà Mau(23.08.2022),/2ta978446t1cvn/chi-tiet-ban-an
https://congbobanan.toaan.gov.vn/2ta977619t1cvn/chi-tiet-ban-an,"Bản án:số 08 ngày 22/07/2022 của  TAND huyện Yên Dũng,  tỉnh Bắc Giang(20.08.2022)",/2ta977619t1cvn/chi-tiet-ban-an
https://congbobanan.toaan.gov.vn/2ta976192t1cvn/chi-tiet-ban-an,"Bản án:số 01 ngày 27/06/2022 của  TAND huyện Sơn Tịnh,  tỉnh Quảng Ngãi(18.08.2022)",/2ta976192t1cvn/chi-tiet-ban-an
https://congbobanan.toaan.gov.vn/2ta970633t1cvn/chi-tiet-ban-an,Bản án:số 03 ngày 26/01/2022 của TAND tỉnh Đồng Nai(11.08.2022),/2ta970633t1cvn/chi-tiet-ban-an
https://congbobanan.toaan.gov.vn/2ta970656t1cvn/chi-tiet-ban-an,Bản án:số 01/2022/LĐ-PT ngày 24/05/2022 của TAND tỉnh Gia Lai(11.08.2022),/2ta970656t1cvn/chi-tiet-ban-an
https://congbobanan.toaan.gov.vn/2ta969079t1cvn/chi-tiet-ban-an,"Bản án:số 03/2022/LĐ-ST ngày 22/06/2022 của  TAND TP. Mỹ Tho,  tỉnh Tiền Giang(09.08.2022)",/2ta969079t1cvn/chi-tiet-ban-an
https://congbobanan.toaan.gov.vn/2ta968568t1cvn/chi-tiet-ban-an,Bản án:số 02/2022/LĐ-PT ngày 18/07/2022 của TAND tỉnh Cà Mau(08.08.2022),/2ta968568t1cvn/chi-tiet-ban-an
https://congbobanan.toaan.gov.vn/2ta968326t1cvn/chi-tiet-ban-an,Bản án:số 11 ngày 05/08/2022 của TAND tỉnh Bình Dương(08.08.2022),/2ta968326t1cvn/chi-tiet-ban-an
https://congbobanan.toaan.gov.vn/2ta968338t1cvn/chi-tiet-ban-an,Bản án:số 10 ngày 03/08/2022 của TAND tỉnh Bình Dương(08.08.2022),/2ta968338t1cvn/chi-tiet-ban-an
https://congbobanan.toaan.gov.vn/2ta965738t1cvn/chi-tiet-ban-an,Bản án:số 02 ngày 16/06/2022 của TAND tỉnh Sóc Trăng(03.08.2022),/2ta965738t1cvn/chi-tiet-ban-an
https://congbobanan.toaan.gov.vn/2ta958860t1cvn/chi-tiet-ban-an,"Bản án:số 1175/2022/LĐ-ST ngày 30/06/2022 của  TAND Q. Bình Thạnh,  TP. Hồ Chí Minh(26.07.2022)",/2ta958860t1cvn/chi-tiet-ban-an
https://congbobanan.toaan.gov.vn/2ta957201t1cvn/chi-tiet-ban-an,Bản án:số 9 ngày 30/06/2022 của TAND tỉnh Bình Dương(22.07.2022),/2ta957201t1cvn/chi-tiet-ban-an
https://congbobanan.toaan.gov.vn/2ta954645t1cvn/chi-tiet-ban-an,"Bản án:số 02/2022/LĐST ngày 03/06/2022 của  TAND huyện Ea H'Leo,  tỉnh Đắk Lắk(18.07.2022)",/2ta954645t1cvn/chi-tiet-ban-an
https://congbobanan.toaan.gov.vn/2ta950162t1cvn/chi-tiet-ban-an,"Bản án:số 01/2022/LĐ-ST ngày 12/05/2022 của  TAND TX. Long Khánh,  tỉnh Đồng Nai(09.07.2022)",/2ta950162t1cvn/chi-tiet-ban-an
https://congbobanan.toaan.gov.vn/2ta948027t1cvn/chi-tiet-ban-an,Bản án:số 05/2022/LĐ-PT ngày 07/06/2022 của TAND tỉnh Đồng Nai(06.07.2022),/2ta948027t1cvn/chi-tiet-ban-an
https://congbobanan.toaan.gov.vn/2ta945105t1cvn/chi-tiet-ban-an,Bản án:số 04/2022/LĐ-PT ngày 02/06/2022 của TAND TP Đà Nẵng(01.07.2022),/2ta945105t1cvn/chi-tiet-ban-an
https://congbobanan.toaan.gov.vn/2ta944591t1cvn/chi-tiet-ban-an,"Bản án:số 18/2022/LĐ-ST ngày 06/04/2022 của  TAND Quận 1,  TP. Hồ Chí Minh(01.07.2022)",/2ta944591t1cvn/chi-tiet-ban-an
https://congbobanan.toaan.gov.vn/2ta942003t1cvn/chi-tiet-ban-an,Bản án:số 01 ngày 23/03/2022 của TAND tỉnh Thái Nguyên(30.06.2022),/2ta942003t1cvn/chi-tiet-ban-an
https://congbobanan.toaan.gov.vn/2ta941271t1cvn/chi-tiet-ban-an,"Bản án:số 03 ngày 21/04/2022 của  TAND huyện Bắc Tân Uyên,  tỉnh Bình Dương(29.06.2022)",/2ta941271t1cvn/chi-tiet-ban-an
https://congbobanan.toaan.gov.vn/2ta940105t1cvn/chi-tiet-ban-an,"Bản án:số 01 ngày 19/04/2022 của  TAND huyện Phú Lộc,  TP. Huế(28.06.2022)",/2ta940105t1cvn/chi-tiet-ban-an
https://congbobanan.toaan.gov.vn/2ta936707t1cvn/chi-tiet-ban-an,"Bản án:số 01 ngày 19/05/2022 của  TAND huyện Bàu Bàng,  tỉnh Bình Dương(23.06.2022)",/2ta936707t1cvn/chi-tiet-ban-an
https://congbobanan.toaan.gov.vn/2ta936212t1cvn/chi-tiet-ban-an,"Bản án:số 01 ngày 12/05/2022 của  TAND huyện Long Phú,  tỉnh Sóc Trăng(23.06.2022)",/2ta936212t1cvn/chi-tiet-ban-an
https://congbobanan.toaan.gov.vn/2ta936010t1cvn/chi-tiet-ban-an,"Bản án:số 05 ngày 19/05/2022 của  TAND Q. Cái Răng,  TP. Cần Thơ(22.06.2022)",/2ta936010t1cvn/chi-tiet-ban-an
https://congbobanan.toaan.gov.vn/2ta936011t1cvn/chi-tiet-ban-an,"Bản án:số 03 ngày 21/03/2022 của  TAND Q. Cái Răng,  TP. Cần Thơ(22.06.2022)",/2ta936011t1cvn/chi-tiet-ban-an
https://congbobanan.toaan.gov.vn/2ta935278t1cvn/chi-tiet-ban-an,Bản án:số 8 ngày 15/06/2022 của TAND tỉnh Bình Dương(22.06.2022),/2ta935278t1cvn/chi-tiet-ban-an
https://congbobanan.toaan.gov.vn/2ta933251t1cvn/chi-tiet-ban-an,"Bản án:số 01 ngày 10/05/2022 của  TAND TP. Long Xuyên,  tỉnh An Giang(17.06.2022)",/2ta933251t1cvn/chi-tiet-ban-an
https://congbobanan.toaan.gov.vn/2ta933097t1cvn/chi-tiet-ban-an,Bản án:số 02/2022/LĐ-PT ngày 27/05/2022 của TAND tỉnh Long An(17.06.2022),/2ta933097t1cvn/chi-tiet-ban-an
https://congbobanan.toaan.gov.vn/2ta932868t1cvn/chi-tiet-ban-an,"Bản án:số 02 ngày 18/03/2022 của  TAND TX. Bến Cát,  tỉnh Bình Dương(16.06.2022)",/2ta932868t1cvn/chi-tiet-ban-an
https://congbobanan.toaan.gov.vn/2ta931588t1cvn/chi-tiet-ban-an,Bản án:số 7 ngày 01/06/2022 của TAND tỉnh Bình Dương(15.06.2022),/2ta931588t1cvn/chi-tiet-ban-an
https://congbobanan.toaan.gov.vn/2ta931575t1cvn/chi-tiet-ban-an,Bản án:số 6 ngày 01/06/2022 của TAND tỉnh Bình Dương(15.06.2022),/2ta931575t1cvn/chi-tiet-ban-an
https://congbobanan.toaan.gov.vn/2ta931572t1cvn/chi-tiet-ban-an,Bản án:số 5 ngày 01/06/2022 của TAND tỉnh Bình Dương(15.06.2022),/2ta931572t1cvn/chi-tiet-ban-an
https://congbobanan.toaan.gov.vn/2ta931571t1cvn/chi-tiet-ban-an,Bản án:số 4 ngày 01/06/2022 của TAND tỉnh Bình Dương(15.06.2022),/2ta931571t1cvn/chi-tiet-ban-an
https://congbobanan.toaan.gov.vn/2ta928192t1cvn/chi-tiet-ban-an,"Bản án:số 05 ngày 06/05/2022 của  TAND TX. Bến Cát,  tỉnh Bình Dương(08.06.2022)",/2ta928192t1cvn/chi-tiet-ban-an
https://congbobanan.toaan.gov.vn/2ta924199t1cvn/chi-tiet-ban-an,"Bản án:số 925 ngày 30/03/2022 của  Thành phố Thủ Đức,  TP. Hồ Chí Minh(02.06.2022)",/2ta924199t1cvn/chi-tiet-ban-an
https://congbobanan.toaan.gov.vn/2ta924187t1cvn/chi-tiet-ban-an,"Bản án:số 03 ngày 31/03/2022 của  TAND TX. Bến Cát,  tỉnh Bình Dương(02.06.2022)",/2ta924187t1cvn/chi-tiet-ban-an
https://congbobanan.toaan.gov.vn/2ta922360t1cvn/chi-tiet-ban-an,"Bản án:số 02/2022/LĐ-ST ngày 24/02/2022 của  TAND Q. Cái Răng,  TP. Cần Thơ(31.05.2022)",/2ta922360t1cvn/chi-tiet-ban-an
https://congbobanan.toaan.gov.vn/2ta920238t1cvn/chi-tiet-ban-an,"Bản án:số 04 ngày 29/03/2022 của  TAND TX. Tân Uyên,  tỉnh Bình Dương(27.05.2022)",/2ta920238t1cvn/chi-tiet-ban-an
https://congbobanan.toaan.gov.vn/2ta920151t1cvn/chi-tiet-ban-an,Bản án:số 3 ngày 19/05/2022 của TAND tỉnh Bình Dương(27.05.2022),/2ta920151t1cvn/chi-tiet-ban-an
https://congbobanan.toaan.gov.vn/2ta919285t1cvn/chi-tiet-ban-an,"Bản án:số 01 ngày 09/03/2022 của  TAND huyện Yên Dũng,  tỉnh Bắc Giang(26.05.2022)",/2ta919285t1cvn/chi-tiet-ban-an
https://congbobanan.toaan.gov.vn/2ta918153t1cvn/chi-tiet-ban-an,"Bản án:số 1132 ngày 12/04/2022 của  Thành phố Thủ Đức,  TP. Hồ Chí Minh(24.05.2022)",/2ta918153t1cvn/chi-tiet-ban-an
https://congbobanan.toaan.gov.vn/2ta917193t1cvn/chi-tiet-ban-an,Bản án:số 01 ngày 22/04/2022 của TAND tỉnh Lạng Sơn(20.05.2022),/2ta917193t1cvn/chi-tiet-ban-an
https://congbobanan.toaan.gov.vn/2ta915165t1cvn/chi-tiet-ban-an,"Bản án:số 03 ngày 21/03/2022 của  TAND TX. Tân Uyên,  tỉnh Bình Dương(17.05.2022)",/2ta915165t1cvn/chi-tiet-ban-an
https://congbobanan.toaan.gov.vn/2ta913309t1cvn/chi-tiet-ban-an,"Bản án:số 01 ngày 22/03/2022 của  TAND TX. Cai Lậy,  tỉnh Tiền Giang(13.05.2022)",/2ta913309t1cvn/chi-tiet-ban-an
https://congbobanan.toaan.gov.vn/2ta912834t1cvn/chi-tiet-ban-an,"Bản án:số 03 ngày 01/03/2022 của  TAND TP. Thủ Dầu Một,  tỉnh Bình Dương(12.05.2022)",/2ta912834t1cvn/chi-tiet-ban-an
https://congbobanan.toaan.gov.vn/2ta912353t1cvn/chi-tiet-ban-an,Bản án:số 01 ngày 25/03/2022 của TAND tỉnh Ninh Bình(11.05.2022),/2ta912353t1cvn/chi-tiet-ban-an
https://congbobanan.toaan.gov.vn/2ta912024t1cvn/chi-tiet-ban-an,Bản án:số 02/2022/LĐ-PT ngày 14/04/2022 của TAND tỉnh Đắk Lắk(11.05.2022),/2ta912024t1cvn/chi-tiet-ban-an
https://congbobanan.toaan.gov.vn/2ta896763t1cvn/chi-tiet-ban-an,Bản án:số 02/2022/LĐ-PT ngày 14/01/2022 của TAND TP. Huế(10.05.2022),/2ta896763t1cvn/chi-tiet-ban-an
https://congbobanan.toaan.gov.vn/2ta911105t1cvn/chi-tiet-ban-an,Bản án:số 04 ngày 11/04/2022 của TAND tỉnh Đồng Nai(09.05.2022),/2ta911105t1cvn/chi-tiet-ban-an
https://congbobanan.toaan.gov.vn/2ta909493t1cvn/chi-tiet-ban-an,"Bản án:số 12/2022/LĐ-ST ngày 25/03/2022 của  TAND Quận 1,  TP. Hồ Chí Minh(05.05.2022)",/2ta909493t1cvn/chi-tiet-ban-an
https://congbobanan.toaan.gov.vn/2ta906942t1cvn/chi-tiet-ban-an,"Bản án:số 03 ngày 13/10/2021 của  TAND Q. Hoàn Kiếm,  TP. Hà Nội(29.04.2022)",/2ta906942t1cvn/chi-tiet-ban-an
https://congbobanan.toaan.gov.vn/2ta906768t1cvn/chi-tiet-ban-an,"Bản án:số 01/2022/LĐ- ST ngày 15/02/2022 của  TAND huyện Trảng Bàng,  tỉnh Tây Ninh(29.04.2022)",/2ta906768t1cvn/chi-tiet-ban-an
https://congbobanan.toaan.gov.vn/2ta902280t1cvn/chi-tiet-ban-an,"Bản án:số 1775 ngày 28/10/2020 của  TAND Q. Bình Thạnh,  TP. Hồ Chí Minh(21.04.2022)",/2ta902280t1cvn/chi-tiet-ban-an
https://congbobanan.toaan.gov.vn/2ta900110t1cvn/chi-tiet-ban-an,Bản án:số 01 ngày 21/03/2022 của TAND tỉnh Bắc Giang(15.04.2022),/2ta900110t1cvn/chi-tiet-ban-an
https://congbobanan.toaan.gov.vn/2ta900132t1cvn/chi-tiet-ban-an,Bản án:số 03 ngày 17/03/2022 của TAND TP Đà Nẵng(15.04.2022),/2ta900132t1cvn/chi-tiet-ban-an
https://congbobanan.toaan.gov.vn/2ta897400t1cvn/chi-tiet-ban-an,"Bản án:số 01/2022/LĐ-ST ngày 11/02/2022 của  TAND huyện Ea H'Leo,  tỉnh Đắk Lắk(08.04.2022)",/2ta897400t1cvn/chi-tiet-ban-an
https://congbobanan.toaan.gov.vn/2ta896669t1cvn/chi-tiet-ban-an,Bản án:số 2 ngày 28/03/2022 của TAND tỉnh Bình Dương(07.04.2022),/2ta896669t1cvn/chi-tiet-ban-an
https://congbobanan.toaan.gov.vn/2ta896516t1cvn/chi-tiet-ban-an,Bản án:số 03/2022/LĐ-ST ngày 21/01/2022 của TAND TP. Hồ Chí Minh(07.04.2022),/2ta896516t1cvn/chi-tiet-ban-an
https://congbobanan.toaan.gov.vn/2ta894459t1cvn/chi-tiet-ban-an,"Bản án:số 01 ngày 24/09/2021 của  TAND Q. Lê Chân,  TP. Hải Phòng(04.04.2022)",/2ta894459t1cvn/chi-tiet-ban-an
https://congbobanan.toaan.gov.vn/2ta893788t1cvn/chi-tiet-ban-an,Bản án:số 01/2021/LĐ-PT ngày 29/12/2021 của TAND TP. Huế(04.04.2022),/2ta893788t1cvn/chi-tiet-ban-an
https://congbobanan.toaan.gov.vn/2ta893692t1cvn/chi-tiet-ban-an,"Bản án:số 583 ngày 16/12/2021 của  TAND Quận 3,  TP. Hồ Chí Minh(04.04.2022)",/2ta893692t1cvn/chi-tiet-ban-an
https://congbobanan.toaan.gov.vn/2ta892789t1cvn/chi-tiet-ban-an,Bản án:số 01 ngày 18/03/2022 của TAND tỉnh Hải Dương(01.04.2022),/2ta892789t1cvn/chi-tiet-ban-an
https://congbobanan.toaan.gov.vn/2ta891227t1cvn/chi-tiet-ban-an,"Bản án:số 01 ngày 10/01/2022 của  TAND TP. Hải Dương,  tỉnh Hải Dương(31.03.2022)",/2ta891227t1cvn/chi-tiet-ban-an
https://congbobanan.toaan.gov.vn/2ta890168t1cvn/chi-tiet-ban-an,Bản án:số 01 ngày 24/01/2022 của TAND tỉnh Lâm Đồng(31.03.2022),/2ta890168t1cvn/chi-tiet-ban-an
https://congbobanan.toaan.gov.vn/2ta888466t1cvn/chi-tiet-ban-an,"Bản án:số 09 ngày 25/11/2021 của  TAND TP. Biên Hòa,  tỉnh Đồng Nai(30.03.2022)",/2ta888466t1cvn/chi-tiet-ban-an
https://congbobanan.toaan.gov.vn/2ta888000t1cvn/chi-tiet-ban-an,Bản án:số 548/2021/LĐ-PT ngày 29/06/2021 của TAND TP. Hồ Chí Minh(30.03.2022),/2ta888000t1cvn/chi-tiet-ban-an
https://congbobanan.toaan.gov.vn/2ta887799t1cvn/chi-tiet-ban-an,"Bản án:số 08 ngày 22/11/2021 của  TAND huyện Đức Hòa,  tỉnh Long An(29.03.2022)",/2ta887799t1cvn/chi-tiet-ban-an
https://congbobanan.toaan.gov.vn/2ta887798t1cvn/chi-tiet-ban-an,"Bản án:số 07 ngày 22/11/2021 của  TAND huyện Đức Hòa,  tỉnh Long An(29.03.2022)",/2ta887798t1cvn/chi-tiet-ban-an
https://congbobanan.toaan.gov.vn/2ta887797t1cvn/chi-tiet-ban-an,"Bản án:số 09 ngày 22/11/2021 của  TAND huyện Đức Hòa,  tỉnh Long An(29.03.2022)",/2ta887797t1cvn/chi-tiet-ban-an
https://congbobanan.toaan.gov.vn/2ta887843t1cvn/chi-tiet-ban-an,"Bản án:số 06 ngày 22/11/2021 của  TAND huyện Đức Hòa,  tỉnh Long An(29.03.2022)",/2ta887843t1cvn/chi-tiet-ban-an
https://congbobanan.toaan.gov.vn/2ta887236t1cvn/chi-tiet-ban-an,Bản án:số 01/2022/LĐ-PT ngày 18/01/2022 của TAND tỉnh Phú Yên(29.03.2022),/2ta887236t1cvn/chi-tiet-ban-an
https://congbobanan.toaan.gov.vn/2ta885331t1cvn/chi-tiet-ban-an,"Bản án:số 01 ngày 25/01/2022 của  TAND TX. Tân Uyên,  tỉnh Bình Dương(25.03.2022)",/2ta885331t1cvn/chi-tiet-ban-an
https://congbobanan.toaan.gov.vn/2ta883621t1cvn/chi-tiet-ban-an,"Bản án:số 01 ngày 06/01/2022 của  TAND huyện Tân Phú Đông,  tỉnh Tiền Giang(23.03.2022)",/2ta883621t1cvn/chi-tiet-ban-an
https://congbobanan.toaan.gov.vn/2ta883622t1cvn/chi-tiet-ban-an,"Bản án:số 02 ngày 06/01/2022 của  TAND huyện Tân Phú Đông,  tỉnh Tiền Giang(23.03.2022)",/2ta883622t1cvn/chi-tiet-ban-an
https://congbobanan.toaan.gov.vn/2ta883627t1cvn/chi-tiet-ban-an,"Bản án:số 03 ngày 06/01/2022 của  TAND huyện Tân Phú Đông,  tỉnh Tiền Giang(23.03.2022)",/2ta883627t1cvn/chi-tiet-ban-an
https://congbobanan.toaan.gov.vn/2ta881992t1cvn/chi-tiet-ban-an,"Bản án:số 01/2021/LĐ-ST ngày 27/10/2021 của  TAND Q. Cái Răng,  TP. Cần Thơ(21.03.2022)",/2ta881992t1cvn/chi-tiet-ban-an
https://congbobanan.toaan.gov.vn/2ta881902t1cvn/chi-tiet-ban-an,"Bản án:số 02/2021/LĐ-ST ngày 27/10/2021 của  TAND Q. Cái Răng,  TP. Cần Thơ(21.03.2022)",/2ta881902t1cvn/chi-tiet-ban-an
https://congbobanan.toaan.gov.vn/2ta879234t1cvn/chi-tiet-ban-an,"Bản án:số 12 ngày 27/05/2021 của  TAND Quận 8,  TP. Hồ Chí Minh(16.03.2022)",/2ta879234t1cvn/chi-tiet-ban-an
https://congbobanan.toaan.gov.vn/2ta877734t1cvn/chi-tiet-ban-an,Bản án:số 02 ngày 17/02/2022 của TAND TP Đà Nẵng(15.03.2022),/2ta877734t1cvn/chi-tiet-ban-an
https://congbobanan.toaan.gov.vn/2ta875660t1cvn/chi-tiet-ban-an,"Bản án:số 06/2021/LĐ-ST ngày 29/12/2021 của  TAND huyện Hóc Môn,  TP. Hồ Chí Minh(11.03.2022)",/2ta875660t1cvn/chi-tiet-ban-an
https://congbobanan.toaan.gov.vn/2ta871091t1cvn/chi-tiet-ban-an,"Bản án:số 04 ngày 09/12/2021 của  TAND TP. Thủ Dầu Một,  tỉnh Bình Dương(04.03.2022)",/2ta871091t1cvn/chi-tiet-ban-an
https://congbobanan.toaan.gov.vn/2ta863528t1cvn/chi-tiet-ban-an,Bản án:số 02 ngày 10/01/2022 của TAND tỉnh Đồng Nai(02.03.2022),/2ta863528t1cvn/chi-tiet-ban-an
https://congbobanan.toaan.gov.vn/2ta867169t1cvn/chi-tiet-ban-an,"Bản án:số 31 ngày 30/09/2020 của  TAND huyện Củ Chi,  TP. Hồ Chí Minh(01.03.2022)",/2ta867169t1cvn/chi-tiet-ban-an
https://congbobanan.toaan.gov.vn/2ta865871t1cvn/chi-tiet-ban-an,"Bản án:số 09 ngày 24/11/2021 của  TAND TP. Biên Hòa,  tỉnh Đồng Nai(28.02.2022)",/2ta865871t1cvn/chi-tiet-ban-an
https://congbobanan.toaan.gov.vn/2ta863486t1cvn/chi-tiet-ban-an,"Bản án:số 43/2021/LĐ-ST ngày 27/12/2021 của  TAND Q. Tân Bình,  TP. Hồ Chí Minh(24.02.2022)",/2ta863486t1cvn/chi-tiet-ban-an
https://congbobanan.toaan.gov.vn/2ta863451t1cvn/chi-tiet-ban-an,Bản án:số 04/2021/LĐ-PT ngày 30/11/2021 của TAND tỉnh Bình Thuận(24.02.2022),/2ta863451t1cvn/chi-tiet-ban-an
https://congbobanan.toaan.gov.vn/2ta861479t1cvn/chi-tiet-ban-an,Bản án:số 01/2022/LĐ-PT ngày 08/02/2022 của TAND tỉnh An Giang(23.02.2022),/2ta861479t1cvn/chi-tiet-ban-an
https://congbobanan.toaan.gov.vn/2ta860021t1cvn/chi-tiet-ban-an,Bản án:số 06 ngày 28/04/2021 của TAND tỉnh Đồng Nai(22.02.2022),/2ta860021t1cvn/chi-tiet-ban-an
https://congbobanan.toaan.gov.vn/2ta860062t1cvn/chi-tiet-ban-an,Bản án:số 09 ngày 12/05/2020 của TAND tỉnh Đồng Nai(22.02.2022),/2ta860062t1cvn/chi-tiet-ban-an
https://congbobanan.toaan.gov.vn/2ta859745t1cvn/chi-tiet-ban-an,Bản án:số 01/2022/LĐ-PT ngày 06/01/2022 của TAND tỉnh Đồng Nai(21.02.2022),/2ta859745t1cvn/chi-tiet-ban-an
https://congbobanan.toaan.gov.vn/2ta859756t1cvn/chi-tiet-ban-an,Bản án:số 11/2021/LĐ-PT ngày 08/11/2021 của TAND tỉnh Đồng Nai(21.02.2022),/2ta859756t1cvn/chi-tiet-ban-an
https://congbobanan.toaan.gov.vn/2ta859225t1cvn/chi-tiet-ban-an,Bản án:số 05/2021/LĐ-PT ngày 23/04/2021 của TAND tỉnh Đồng Nai(21.02.2022),/2ta859225t1cvn/chi-tiet-ban-an
https://congbobanan.toaan.gov.vn/2ta859307t1cvn/chi-tiet-ban-an,Bản án:số 04/2021/LĐ-PT ngày 30/03/2021 của TAND tỉnh Đồng Nai(21.02.2022),/2ta859307t1cvn/chi-tiet-ban-an
https://congbobanan.toaan.gov.vn/2ta852339t1cvn/chi-tiet-ban-an,"Bản án:số 07 ngày 30/12/2021 của  TAND huyện Hóc Môn,  TP. Hồ Chí Minh(16.02.2022)",/2ta852339t1cvn/chi-tiet-ban-an
https://congbobanan.toaan.gov.vn/2ta849623t1cvn/chi-tiet-ban-an,Bản án:số 03/2021/LĐ-PT ngày 18/11/2021 của TAND tỉnh Tiền Giang(15.02.2022),/2ta849623t1cvn/chi-tiet-ban-an
https://congbobanan.toaan.gov.vn/2ta848088t1cvn/chi-tiet-ban-an,"Bản án:số 2467 ngày 16/12/2021 của  Thành phố Thủ Đức,  TP. Hồ Chí Minh(14.02.2022)",/2ta848088t1cvn/chi-tiet-ban-an
https://congbobanan.toaan.gov.vn/2ta847818t1cvn/chi-tiet-ban-an,"Bản án:số 14 ngày 12/04/2021 của  TAND Q. Bình Tân,  TP. Hồ Chí Minh(14.02.2022)",/2ta847818t1cvn/chi-tiet-ban-an
https://congbobanan.toaan.gov.vn/2ta847819t1cvn/chi-tiet-ban-an,"Bản án:số 12 ngày 30/03/2021 của  TAND Q. Bình Tân,  TP. Hồ Chí Minh(14.02.2022)",/2ta847819t1cvn/chi-tiet-ban-an
https://congbobanan.toaan.gov.vn/2ta847373t1cvn/chi-tiet-ban-an,"Bản án:số 05 ngày 28/01/2021 của  TAND Quận 12,  TP. Hồ Chí Minh(14.02.2022)",/2ta847373t1cvn/chi-tiet-ban-an
https://congbobanan.toaan.gov.vn/2ta846610t1cvn/chi-tiet-ban-an,"Bản án:số 2547 ngày 21/12/2021 của  Thành phố Thủ Đức,  TP. Hồ Chí Minh(13.02.2022)",/2ta846610t1cvn/chi-tiet-ban-an
https://congbobanan.toaan.gov.vn/2ta845739t1cvn/chi-tiet-ban-an,"Bản án:số 07 ngày 14/05/2021 của  TAND Q. Gò Vấp,  TP. Hồ Chí Minh(13.02.2022)",/2ta845739t1cvn/chi-tiet-ban-an
https://congbobanan.toaan.gov.vn/2ta841668t1cvn/chi-tiet-ban-an,"Bản án:số số: 377/2020/LĐ-ST ngày 25/09/2020 của  TAND huyện Hóc Môn,  TP. Hồ Chí Minh(11.02.2022)",/2ta841668t1cvn/chi-tiet-ban-an
https://congbobanan.toaan.gov.vn/2ta841682t1cvn/chi-tiet-ban-an,"Bản án:số số: 378/2020/LĐ-ST ngày 25/09/2020 của  TAND huyện Hóc Môn,  TP. Hồ Chí Minh(11.02.2022)",/2ta841682t1cvn/chi-tiet-ban-an
https://congbobanan.toaan.gov.vn/2ta841731t1cvn/chi-tiet-ban-an,"Bản án:số số: 376/2020/LĐ-ST ngày 25/09/2020 của  TAND huyện Hóc Môn,  TP. Hồ Chí Minh(11.02.2022)",/2ta841731t1cvn/chi-tiet-ban-an
https://congbobanan.toaan.gov.vn/2ta841743t1cvn/chi-tiet-ban-an,"Bản án:số số: 379/2020/LĐ-ST ngày 25/09/2020 của  TAND huyện Hóc Môn,  TP. Hồ Chí Minh(11.02.2022)",/2ta841743t1cvn/chi-tiet-ban-an
https://congbobanan.toaan.gov.vn/2ta841748t1cvn/chi-tiet-ban-an,"Bản án:số số: 380/2020/LĐ-ST ngày 25/09/2020 của  TAND huyện Hóc Môn,  TP. Hồ Chí Minh(11.02.2022)",/2ta841748t1cvn/chi-tiet-ban-an
https://congbobanan.toaan.gov.vn/2ta841760t1cvn/chi-tiet-ban-an,"Bản án:số số: 382/2020/LĐ-ST ngày 25/09/2020 của  TAND huyện Hóc Môn,  TP. Hồ Chí Minh(11.02.2022)",/2ta841760t1cvn/chi-tiet-ban-an
https://congbobanan.toaan.gov.vn/2ta841772t1cvn/chi-tiet-ban-an,"Bản án:số số: 381/2020/LĐ-ST ngày 25/09/2020 của  TAND huyện Hóc Môn,  TP. Hồ Chí Minh(11.02.2022)",/2ta841772t1cvn/chi-tiet-ban-an
https://congbobanan.toaan.gov.vn/2ta841779t1cvn/chi-tiet-ban-an,"Bản án:số số: 383/2020/LĐ-ST ngày 25/09/2020 của  TAND huyện Hóc Môn,  TP. Hồ Chí Minh(11.02.2022)",/2ta841779t1cvn/chi-tiet-ban-an
https://congbobanan.toaan.gov.vn/2ta841799t1cvn/chi-tiet-ban-an,"Bản án:số số: 384/2020/LĐ-ST ngày 25/09/2020 của  TAND huyện Hóc Môn,  TP. Hồ Chí Minh(11.02.2022)",/2ta841799t1cvn/chi-tiet-ban-an
https://congbobanan.toaan.gov.vn/2ta841807t1cvn/chi-tiet-ban-an,"Bản án:số số: 385/2020/LĐ-ST ngày 25/09/2020 của  TAND huyện Hóc Môn,  TP. Hồ Chí Minh(11.02.2022)",/2ta841807t1cvn/chi-tiet-ban-an
https://congbobanan.toaan.gov.vn/2ta841820t1cvn/chi-tiet-ban-an,"Bản án:số số: 386/2020/LĐ-ST ngày 25/09/2020 của  TAND huyện Hóc Môn,  TP. Hồ Chí Minh(11.02.2022)",/2ta841820t1cvn/chi-tiet-ban-an
https://congbobanan.toaan.gov.vn/2ta840371t1cvn/chi-tiet-ban-an,"Bản án:số 2684 ngày 29/12/2021 của  Thành phố Thủ Đức,  TP. Hồ Chí Minh(10.02.2022)",/2ta840371t1cvn/chi-tiet-ban-an
https://congbobanan.toaan.gov.vn/2ta840163t1cvn/chi-tiet-ban-an,"Bản án:số 61 ngày 24/12/2021 của  TAND Quận 1,  TP. Hồ Chí Minh(10.02.2022)",/2ta840163t1cvn/chi-tiet-ban-an
https://congbobanan.toaan.gov.vn/2ta840006t1cvn/chi-tiet-ban-an,"Bản án:số 2217 ngày 29/11/2021 của  Thành phố Thủ Đức,  TP. Hồ Chí Minh(10.02.2022)",/2ta840006t1cvn/chi-tiet-ban-an
https://congbobanan.toaan.gov.vn/2ta839117t1cvn/chi-tiet-ban-an,"Bản án:số 55 ngày 12/11/2021 của  TAND Quận 1,  TP. Hồ Chí Minh(10.02.2022)",/2ta839117t1cvn/chi-tiet-ban-an
https://congbobanan.toaan.gov.vn/2ta839101t1cvn/chi-tiet-ban-an,"Bản án:số 39 ngày 01/07/2021 của  TAND Quận 1,  TP. Hồ Chí Minh(10.02.2022)",/2ta839101t1cvn/chi-tiet-ban-an
https://congbobanan.toaan.gov.vn/2ta838422t1cvn/chi-tiet-ban-an,"Bản án:số 38/2021/LĐ-ST ngày 24/06/2021 của  TAND Quận 1,  TP. Hồ Chí Minh(09.02.2022)",/2ta838422t1cvn/chi-tiet-ban-an
https://congbobanan.toaan.gov.vn/2ta835094t1cvn/chi-tiet-ban-an,"Bản án:số 02 ngày 07/12/2021 của  TAND TX. Hà Tiên,  tỉnh Kiên Giang(07.02.2022)",/2ta835094t1cvn/chi-tiet-ban-an
https://congbobanan.toaan.gov.vn/2ta834499t1cvn/chi-tiet-ban-an,"Bản án:số 18 ngày 01/12/2021 của  TAND TX. Dĩ An,  tỉnh Bình Dương(31.01.2022)",/2ta834499t1cvn/chi-tiet-ban-an
https://congbobanan.toaan.gov.vn/2ta834498t1cvn/chi-tiet-ban-an,"Bản án:số 15 ngày 01/12/2021 của  TAND TX. Dĩ An,  tỉnh Bình Dương(31.01.2022)",/2ta834498t1cvn/chi-tiet-ban-an
https://congbobanan.toaan.gov.vn/2ta834497t1cvn/chi-tiet-ban-an,"Bản án:số 17 ngày 01/12/2021 của  TAND TX. Dĩ An,  tỉnh Bình Dương(31.01.2022)",/2ta834497t1cvn/chi-tiet-ban-an
https://congbobanan.toaan.gov.vn/2ta834496t1cvn/chi-tiet-ban-an,"Bản án:số 19 ngày 01/12/2021 của  TAND TX. Dĩ An,  tỉnh Bình Dương(31.01.2022)",/2ta834496t1cvn/chi-tiet-ban-an
https://congbobanan.toaan.gov.vn/2ta834495t1cvn/chi-tiet-ban-an,"Bản án:số 16 ngày 01/12/2021 của  TAND TX. Dĩ An,  tỉnh Bình Dương(31.01.2022)",/2ta834495t1cvn/chi-tiet-ban-an
https://congbobanan.toaan.gov.vn/2ta834093t1cvn/chi-tiet-ban-an,"Bản án:số 07 ngày 30/12/2021 của  TAND huyện Hóc Môn,  TP. Hồ Chí Minh(28.01.2022)",/2ta834093t1cvn/chi-tiet-ban-an
https://congbobanan.toaan.gov.vn/2ta833316t1cvn/chi-tiet-ban-an,"Bản án:số 09 ngày 30/11/2021 của  TAND TX. Dĩ An,  tỉnh Bình Dương(28.01.2022)",/2ta833316t1cvn/chi-tiet-ban-an
https://congbobanan.toaan.gov.vn/2ta833310t1cvn/chi-tiet-ban-an,"Bản án:số 07 ngày 30/11/2021 của  TAND TX. Dĩ An,  tỉnh Bình Dương(28.01.2022)",/2ta833310t1cvn/chi-tiet-ban-an
https://congbobanan.toaan.gov.vn/2ta833268t1cvn/chi-tiet-ban-an,"Bản án:số 08 ngày 30/11/2021 của  TAND TX. Dĩ An,  tỉnh Bình Dương(28.01.2022)",/2ta833268t1cvn/chi-tiet-ban-an
https://congbobanan.toaan.gov.vn/2ta833232t1cvn/chi-tiet-ban-an,"Bản án:số 10 ngày 30/11/2021 của  TAND TX. Dĩ An,  tỉnh Bình Dương(28.01.2022)",/2ta833232t1cvn/chi-tiet-ban-an
https://congbobanan.toaan.gov.vn/2ta832479t1cvn/chi-tiet-ban-an,Bản án:số 738/2021/LĐ-PT ngày 29/12/2021 của TAND TP. Hồ Chí Minh(27.01.2022),/2ta832479t1cvn/chi-tiet-ban-an
https://congbobanan.toaan.gov.vn/2ta831545t1cvn/chi-tiet-ban-an,Bản án:số 570/2021/LĐ - PT ngày 29/10/2021 của TAND TP. Hồ Chí Minh(26.01.2022),/2ta831545t1cvn/chi-tiet-ban-an
https://congbobanan.toaan.gov.vn/2ta831520t1cvn/chi-tiet-ban-an,Bản án:số 581/2021/LĐ-PT ngày 04/11/2021 của TAND TP. Hồ Chí Minh(26.01.2022),/2ta831520t1cvn/chi-tiet-ban-an
https://congbobanan.toaan.gov.vn/2ta718671t1cvn/chi-tiet-ban-an,Bản án:số 07 ngày 20/05/2021 của TAND cấp cao tại TP Hồ Chí Minh(26.01.2022),/2ta718671t1cvn/chi-tiet-ban-an
https://congbobanan.toaan.gov.vn/2ta830761t1cvn/chi-tiet-ban-an,Bản án:số 11/2022/LĐ-PT ngày 06/01/2022 của TAND TP. Hồ Chí Minh(26.01.2022),/2ta830761t1cvn/chi-tiet-ban-an
https://congbobanan.toaan.gov.vn/2ta830760t1cvn/chi-tiet-ban-an,Bản án:số 710/2021/LĐ-PT ngày 20/12/2021 của TAND TP. Hồ Chí Minh(26.01.2022),/2ta830760t1cvn/chi-tiet-ban-an
https://congbobanan.toaan.gov.vn/2ta830607t1cvn/chi-tiet-ban-an,Bản án:số 01 ngày 05/01/2022 của TAND tỉnh Bình Dương(25.01.2022),/2ta830607t1cvn/chi-tiet-ban-an
https://congbobanan.toaan.gov.vn/2ta829827t1cvn/chi-tiet-ban-an,Bản án:số 623/2021/LĐ-PT ngày 24/11/2021 của TAND TP. Hồ Chí Minh(25.01.2022),/2ta829827t1cvn/chi-tiet-ban-an
https://congbobanan.toaan.gov.vn/2ta829760t1cvn/chi-tiet-ban-an,Bản án:số 05/2021/LĐ-PT ngày 13/12/2021 của TAND tỉnh Long An(24.01.2022),/2ta829760t1cvn/chi-tiet-ban-an
https://congbobanan.toaan.gov.vn/2ta829580t1cvn/chi-tiet-ban-an,Bản án:số 645/2021/LĐ-PT ngày 29/11/2021 của TAND TP. Hồ Chí Minh(24.01.2022),/2ta829580t1cvn/chi-tiet-ban-an
https://congbobanan.toaan.gov.vn/2ta829177t1cvn/chi-tiet-ban-an,Bản án:số 700/2021/LĐ-PT ngày 17/12/2021 của TAND TP. Hồ Chí Minh(24.01.2022),/2ta829177t1cvn/chi-tiet-ban-an
https://congbobanan.toaan.gov.vn/2ta829173t1cvn/chi-tiet-ban-an,Bản án:số 671/2021/LĐ-PT ngày 07/12/2021 của TAND TP. Hồ Chí Minh(24.01.2022),/2ta829173t1cvn/chi-tiet-ban-an
https://congbobanan.toaan.gov.vn/2ta829174t1cvn/chi-tiet-ban-an,Bản án:số 669/2021/LĐ-PT ngày 07/12/2021 của TAND TP. Hồ Chí Minh(24.01.2022),/2ta829174t1cvn/chi-tiet-ban-an
https://congbobanan.toaan.gov.vn/2ta829175t1cvn/chi-tiet-ban-an,Bản án:số 668/2021/LĐ-PT ngày 06/12/2021 của TAND TP. Hồ Chí Minh(24.01.2022),/2ta829175t1cvn/chi-tiet-ban-an
https://congbobanan.toaan.gov.vn/2ta828480t1cvn/chi-tiet-ban-an,"Bản án:số 14 ngày 30/11/2021 của  TAND TX. Dĩ An,  tỉnh Bình Dương(21.01.2022)",/2ta828480t1cvn/chi-tiet-ban-an
https://congbobanan.toaan.gov.vn/2ta828490t1cvn/chi-tiet-ban-an,"Bản án:số 13 ngày 30/11/2021 của  TAND TX. Dĩ An,  tỉnh Bình Dương(21.01.2022)",/2ta828490t1cvn/chi-tiet-ban-an
https://congbobanan.toaan.gov.vn/2ta828488t1cvn/chi-tiet-ban-an,"Bản án:số 12 ngày 30/11/2021 của  TAND TX. Dĩ An,  tỉnh Bình Dương(21.01.2022)",/2ta828488t1cvn/chi-tiet-ban-an
https://congbobanan.toaan.gov.vn/2ta828487t1cvn/chi-tiet-ban-an,"Bản án:số 11 ngày 30/11/2021 của  TAND TX. Dĩ An,  tỉnh Bình Dương(21.01.2022)",/2ta828487t1cvn/chi-tiet-ban-an
https://congbobanan.toaan.gov.vn/2ta828453t1cvn/chi-tiet-ban-an,"Bản án:số 20 ngày 01/12/2021 của  TAND TX. Dĩ An,  tỉnh Bình Dương(21.01.2022)",/2ta828453t1cvn/chi-tiet-ban-an
https://congbobanan.toaan.gov.vn/2ta828083t1cvn/chi-tiet-ban-an,Bản án:số 03 ngày 02/12/2021 của TAND tỉnh Cà Mau(21.01.2022),/2ta828083t1cvn/chi-tiet-ban-an
https://congbobanan.toaan.gov.vn/2ta825008t1cvn/chi-tiet-ban-an,Bản án:số 06 ngày 31/12/2021 của TAND tỉnh Long An(12.01.2022),/2ta825008t1cvn/chi-tiet-ban-an
https://congbobanan.toaan.gov.vn/2ta823040t1cvn/chi-tiet-ban-an,"Bản án:số 06 ngày 08/12/2021 của  TAND Quận 11,  TP. Hồ Chí Minh(07.01.2022)",/2ta823040t1cvn/chi-tiet-ban-an
https://congbobanan.toaan.gov.vn/2ta822911t1cvn/chi-tiet-ban-an,"Bản án:số 06 ngày 29/11/2021 của  TAND TX. Dĩ An,  tỉnh Bình Dương(06.01.2022)",/2ta822911t1cvn/chi-tiet-ban-an
https://congbobanan.toaan.gov.vn/2ta822910t1cvn/chi-tiet-ban-an,"Bản án:số 05 ngày 29/11/2021 của  TAND TX. Dĩ An,  tỉnh Bình Dương(06.01.2022)",/2ta822910t1cvn/chi-tiet-ban-an
https://congbobanan.toaan.gov.vn/2ta822909t1cvn/chi-tiet-ban-an,"Bản án:số 04 ngày 29/11/2021 của  TAND TX. Dĩ An,  tỉnh Bình Dương(06.01.2022)",/2ta822909t1cvn/chi-tiet-ban-an
https://congbobanan.toaan.gov.vn/2ta822227t1cvn/chi-tiet-ban-an,"Bản án:số 03 ngày 29/12/2021 của  TAND Q. Cái Răng,  TP. Cần Thơ(05.01.2022)",/2ta822227t1cvn/chi-tiet-ban-an
https://congbobanan.toaan.gov.vn/2ta818698t1cvn/chi-tiet-ban-an,Bản án:số 04/2021/LĐ-PT ngày 23/11/2021 của TAND tỉnh Long An(27.12.2021),/2ta818698t1cvn/chi-tiet-ban-an
https://congbobanan.toaan.gov.vn/2ta818423t1cvn/chi-tiet-ban-an,"Bản án:số 03 ngày 04/11/2021 của  TAND TX. Tân Uyên,  tỉnh Bình Dương(27.12.2021)",/2ta818423t1cvn/chi-tiet-ban-an
https://congbobanan.toaan.gov.vn/2ta818177t1cvn/chi-tiet-ban-an,Bản án:số 10/2021/LĐ-PT ngày 22/11/2021 của TAND cấp cao tại TP Hồ Chí Minh(25.12.2021),/2ta818177t1cvn/chi-tiet-ban-an
https://congbobanan.toaan.gov.vn/2ta817136t1cvn/chi-tiet-ban-an,"Bản án:số 03/2021/LĐ-ST ngày 09/11/2021 của  TAND TX. Bến Cát,  tỉnh Bình Dương(22.12.2021)",/2ta817136t1cvn/chi-tiet-ban-an
https://congbobanan.toaan.gov.vn/2ta816579t1cvn/chi-tiet-ban-an,Bản án:số 02/2021/LĐ-PT ngày 01/12/2021 của TAND tỉnh Cà Mau(20.12.2021),/2ta816579t1cvn/chi-tiet-ban-an
https://congbobanan.toaan.gov.vn/2ta815863t1cvn/chi-tiet-ban-an,Bản án:số 06 ngày 01/12/2021 của TAND tỉnh Đắk Lắk(17.12.2021),/2ta815863t1cvn/chi-tiet-ban-an
https://congbobanan.toaan.gov.vn/2ta815452t1cvn/chi-tiet-ban-an,Bản án:số 19 ngày 03/12/2021 của TAND tỉnh Bình Dương(16.12.2021),/2ta815452t1cvn/chi-tiet-ban-an
https://congbobanan.toaan.gov.vn/2ta814095t1cvn/chi-tiet-ban-an,Bản án:số 09 ngày 17/11/2021 của TAND cấp cao tại TP Hồ Chí Minh(10.12.2021),/2ta814095t1cvn/chi-tiet-ban-an
https://congbobanan.toaan.gov.vn/2ta813499t1cvn/chi-tiet-ban-an,Bản án:số 05/2021/LĐ-PT ngày 01/12/2021 của TAND tỉnh Đắk Lắk(08.12.2021),/2ta813499t1cvn/chi-tiet-ban-an
https://congbobanan.toaan.gov.vn/2ta810393t1cvn/chi-tiet-ban-an,"Bản án:số 02/2021/LĐST ngày 30/09/2021 của  TAND huyện Ea H'Leo,  tỉnh Đắk Lắk(29.11.2021)",/2ta810393t1cvn/chi-tiet-ban-an
https://congbobanan.toaan.gov.vn/2ta810554t1cvn/chi-tiet-ban-an,Bản án:số 02/2021/LĐ-PT ngày 15/10/2021 của TAND cấp cao tại Đà Nẵng(29.11.2021),/2ta810554t1cvn/chi-tiet-ban-an
https://congbobanan.toaan.gov.vn/2ta810026t1cvn/chi-tiet-ban-an,"Bản án:số 01 ngày 13/09/2021 của  TAND huyện Xuyên Mộc,  tỉnh Bà Rịa_Vũng Tàu(27.11.2021)",/2ta810026t1cvn/chi-tiet-ban-an
https://congbobanan.toaan.gov.vn/2ta809372t1cvn/chi-tiet-ban-an,"Bản án:số 01 ngày 26/03/2021 của  TAND TP. Thái Bình,  tỉnh Thái Bình(25.11.2021)",/2ta809372t1cvn/chi-tiet-ban-an
https://congbobanan.toaan.gov.vn/2ta809312t1cvn/chi-tiet-ban-an,"Bản án:số 01 ngày 30/09/2021 của  TAND huyện Tuy Đức,  tỉnh Đắk Nông(25.11.2021)",/2ta809312t1cvn/chi-tiet-ban-an
https://congbobanan.toaan.gov.vn/2ta808982t1cvn/chi-tiet-ban-an,Bản án:số 03.2021.LĐ-PT ngày 28/10/2021 của TAND tỉnh Long An(24.11.2021),/2ta808982t1cvn/chi-tiet-ban-an
https://congbobanan.toaan.gov.vn/2ta808981t1cvn/chi-tiet-ban-an,Bản án:số 02.2021.LĐ-PT ngày 28/10/2021 của TAND tỉnh Long An(24.11.2021),/2ta808981t1cvn/chi-tiet-ban-an
https://congbobanan.toaan.gov.vn/2ta808838t1cvn/chi-tiet-ban-an,Bản án:số Bản án số 07 ngày 28/10/2021 của TAND TP. Cần Thơ(23.11.2021),/2ta808838t1cvn/chi-tiet-ban-an
https://congbobanan.toaan.gov.vn/2ta808485t1cvn/chi-tiet-ban-an,"Bản án:số 01/2021/LĐ-ST ngày 15/10/2021 của  TAND TX. Buôn Hồ,  tỉnh Đắk Lắk(22.11.2021)",/2ta808485t1cvn/chi-tiet-ban-an
https://congbobanan.toaan.gov.vn/2ta808349t1cvn/chi-tiet-ban-an,"Bản án:số 09 ngày 14/10/2021 của  TAND Q. Hải Châu,  TP Đà Nẵng(22.11.2021)",/2ta808349t1cvn/chi-tiet-ban-an
https://congbobanan.toaan.gov.vn/2ta808063t1cvn/chi-tiet-ban-an,"Bản án:số 02 ngày 29/09/2021 của  TAND huyện Bắc Tân Uyên,  tỉnh Bình Dương(19.11.2021)",/2ta808063t1cvn/chi-tiet-ban-an
https://congbobanan.toaan.gov.vn/2ta806885t1cvn/chi-tiet-ban-an,Bản án:số 02 ngày 09/11/2021 của TAND tỉnh Phú Yên(16.11.2021),/2ta806885t1cvn/chi-tiet-ban-an
https://congbobanan.toaan.gov.vn/2ta806210t1cvn/chi-tiet-ban-an,Bản án:số 22/2020/LĐ-PT ngày 09/11/2020 của TAND TP. Hà Nội(12.11.2021),/2ta806210t1cvn/chi-tiet-ban-an
https://congbobanan.toaan.gov.vn/2ta806184t1cvn/chi-tiet-ban-an,Bản án:số 05/2021/LĐ-PT ngày 22/01/2021 của TAND TP. Hà Nội(12.11.2021),/2ta806184t1cvn/chi-tiet-ban-an
https://congbobanan.toaan.gov.vn/2ta806207t1cvn/chi-tiet-ban-an,Bản án:số 37/2020/LĐ-PT ngày 17/12/2020 của TAND TP. Hà Nội(12.11.2021),/2ta806207t1cvn/chi-tiet-ban-an
https://congbobanan.toaan.gov.vn/2ta806037t1cvn/chi-tiet-ban-an,Bản án:số 18 ngày 26/10/2021 của TAND tỉnh Bình Dương(11.11.2021),/2ta806037t1cvn/chi-tiet-ban-an
https://congbobanan.toaan.gov.vn/2ta805602t1cvn/chi-tiet-ban-an,Bản án:số 17 ngày 26/10/2021 của TAND tỉnh Bình Dương(10.11.2021),/2ta805602t1cvn/chi-tiet-ban-an
https://congbobanan.toaan.gov.vn/2ta804450t1cvn/chi-tiet-ban-an,"Bản án:số 08/2021/LĐ-ST ngày 29/09/2021 của  TAND Q. Hải Châu,  TP Đà Nẵng(05.11.2021)",/2ta804450t1cvn/chi-tiet-ban-an
https://congbobanan.toaan.gov.vn/2ta799833t1cvn/chi-tiet-ban-an,Bản án:số 04/2021/LĐ - PT ngày 29/09/2021 của TAND tỉnh Đắk Lắk(21.10.2021),/2ta799833t1cvn/chi-tiet-ban-an
https://congbobanan.toaan.gov.vn/2ta797650t1cvn/chi-tiet-ban-an,Bản án:số 01/2021/LĐPT ngày 23/09/2021 của TAND tỉnh Tây Ninh(11.10.2021),/2ta797650t1cvn/chi-tiet-ban-an
https://congbobanan.toaan.gov.vn/2ta795586t1cvn/chi-tiet-ban-an,Bản án:số 01/2021/LĐ_PT ngày 20/09/2021 của TAND TP. Huế(05.10.2021),/2ta795586t1cvn/chi-tiet-ban-an
https://congbobanan.toaan.gov.vn/2ta794719t1cvn/chi-tiet-ban-an,Bản án:số Số 03/2021/LĐPT ngày 24/09/2021 của TAND tỉnh Đắk Lắk(04.10.2021),/2ta794719t1cvn/chi-tiet-ban-an
https://congbobanan.toaan.gov.vn/2ta793886t1cvn/chi-tiet-ban-an,"Bản án:số 180/2021/LĐ-ST  ngày 05/02/2021 của  TAND Q. Bình Thạnh,  TP. Hồ Chí Minh(02.10.2021)",/2ta793886t1cvn/chi-tiet-ban-an
https://congbobanan.toaan.gov.vn/2ta793642t1cvn/chi-tiet-ban-an,Bản án:số 02 ngày 01/02/2021 của TAND cấp cao tại TP Hồ Chí Minh(01.10.2021),/2ta793642t1cvn/chi-tiet-ban-an
https://congbobanan.toaan.gov.vn/2ta793253t1cvn/chi-tiet-ban-an,"Bản án:số 02/2021/LĐST ngày 04/03/2021 của  TAND TP. Vĩnh Long,  tỉnh Vĩnh Long(01.10.2021)",/2ta793253t1cvn/chi-tiet-ban-an
https://congbobanan.toaan.gov.vn/2ta791878t1cvn/chi-tiet-ban-an,Bản án:số 02 ngày 09/09/2021 của TAND tỉnh Quảng Ninh(30.09.2021),/2ta791878t1cvn/chi-tiet-ban-an
https://congbobanan.toaan.gov.vn/2ta791720t1cvn/chi-tiet-ban-an,Bản án:số 01 ngày 26/01/2021 của TAND tỉnh Nghệ An(30.09.2021),/2ta791720t1cvn/chi-tiet-ban-an
https://congbobanan.toaan.gov.vn/2ta791240t1cvn/chi-tiet-ban-an,Bản án:số 03 ngày 24/03/2021 của TAND cấp cao tại TP Hồ Chí Minh(30.09.2021),/2ta791240t1cvn/chi-tiet-ban-an
https://congbobanan.toaan.gov.vn/2ta791305t1cvn/chi-tiet-ban-an,Bản án:số 02 ngày 08/06/2021 của TAND tỉnh Đồng Tháp(30.09.2021),/2ta791305t1cvn/chi-tiet-ban-an
https://congbobanan.toaan.gov.vn/2ta789970t1cvn/chi-tiet-ban-an,Bản án:số 08/2021/LĐ-PT ngày 07/06/2021 của TAND cấp cao tại TP Hồ Chí Minh(30.09.2021),/2ta789970t1cvn/chi-tiet-ban-an
https://congbobanan.toaan.gov.vn/2ta789696t1cvn/chi-tiet-ban-an,Bản án:số 08/2021/LĐ-PT ngày 04/01/2021 của TAND TP. Hồ Chí Minh(30.09.2021),/2ta789696t1cvn/chi-tiet-ban-an
https://congbobanan.toaan.gov.vn/2ta789109t1cvn/chi-tiet-ban-an,Bản án:số 95/2021/LĐ-PT ngày 26/01/2021 của TAND TP. Hồ Chí Minh(30.09.2021),/2ta789109t1cvn/chi-tiet-ban-an
https://congbobanan.toaan.gov.vn/2ta789085t1cvn/chi-tiet-ban-an,Bản án:số 550/2021/LĐ-PT ngày 30/06/2021 của TAND TP. Hồ Chí Minh(30.09.2021),/2ta789085t1cvn/chi-tiet-ban-an
https://congbobanan.toaan.gov.vn/2ta789138t1cvn/chi-tiet-ban-an,Bản án:số 01 ngày 18/03/2021 của TAND tỉnh Đồng Tháp(30.09.2021),/2ta789138t1cvn/chi-tiet-ban-an
https://congbobanan.toaan.gov.vn/2ta785986t1cvn/chi-tiet-ban-an,Bản án:số 01 ngày 29/03/2021 của TAND tỉnh Thái Nguyên(30.09.2021),/2ta785986t1cvn/chi-tiet-ban-an
https://congbobanan.toaan.gov.vn/2ta785930t1cvn/chi-tiet-ban-an,Bản án:số 474/2021/LĐ-PT ngày 19/05/2021 của TAND TP. Hồ Chí Minh(30.09.2021),/2ta785930t1cvn/chi-tiet-ban-an
https://congbobanan.toaan.gov.vn/2ta785955t1cvn/chi-tiet-ban-an,Bản án:số 17/2021/LĐ-PT ngày 11/01/2021 của TAND TP. Hồ Chí Minh(30.09.2021),/2ta785955t1cvn/chi-tiet-ban-an
https://congbobanan.toaan.gov.vn/2ta785941t1cvn/chi-tiet-ban-an,Bản án:số 41/2021/LĐ-PT ngày 15/01/2021 của TAND TP. Hồ Chí Minh(30.09.2021),/2ta785941t1cvn/chi-tiet-ban-an
https://congbobanan.toaan.gov.vn/2ta785393t1cvn/chi-tiet-ban-an,"Bản án:số 16/2020/LĐ-ST ngày 30/09/2020 của  TAND huyện Vĩnh Cửu,  tỉnh Đồng Nai(29.09.2021)",/2ta785393t1cvn/chi-tiet-ban-an
https://congbobanan.toaan.gov.vn/2ta784338t1cvn/chi-tiet-ban-an,Bản án:số 02/2021/LĐ-PT ngày 17/05/2021 của TAND tỉnh An Giang(29.09.2021),/2ta784338t1cvn/chi-tiet-ban-an
https://congbobanan.toaan.gov.vn/2ta781423t1cvn/chi-tiet-ban-an,Bản án:số 485/2021/LĐ-PT ngày 20/05/2021 của TAND TP. Hồ Chí Minh(29.09.2021),/2ta781423t1cvn/chi-tiet-ban-an
https://congbobanan.toaan.gov.vn/2ta781321t1cvn/chi-tiet-ban-an,Bản án:số 449/2021/LĐ-PT ngày 11/05/2021 của TAND TP. Hồ Chí Minh(29.09.2021),/2ta781321t1cvn/chi-tiet-ban-an
https://congbobanan.toaan.gov.vn/2ta781326t1cvn/chi-tiet-ban-an,Bản án:số 394/2021/QĐ-PT  ngày 22/04/2021 của TAND TP. Hồ Chí Minh(29.09.2021),/2ta781326t1cvn/chi-tiet-ban-an
https://congbobanan.toaan.gov.vn/2ta779616t1cvn/chi-tiet-ban-an,Bản án:số 01 ngày 10/05/2021 của TAND tỉnh Kon Tum(28.09.2021),/2ta779616t1cvn/chi-tiet-ban-an
https://congbobanan.toaan.gov.vn/2ta779441t1cvn/chi-tiet-ban-an,Bản án:số 147/2021/LĐ-PT  ngày 02/02/2021 của TAND TP. Hồ Chí Minh(28.09.2021),/2ta779441t1cvn/chi-tiet-ban-an
https://congbobanan.toaan.gov.vn/2ta779451t1cvn/chi-tiet-ban-an,Bản án:số 77/2021/LĐ-PT  ngày 22/01/2021 của TAND TP. Hồ Chí Minh(28.09.2021),/2ta779451t1cvn/chi-tiet-ban-an
https://congbobanan.toaan.gov.vn/2ta779445t1cvn/chi-tiet-ban-an,Bản án:số 124/2021/LĐ-PT  ngày 29/01/2021 của TAND TP. Hồ Chí Minh(28.09.2021),/2ta779445t1cvn/chi-tiet-ban-an
https://congbobanan.toaan.gov.vn/2ta779224t1cvn/chi-tiet-ban-an,"Bản án:số 496 ngày 29/09/2020 của  TAND huyện Hóc Môn,  TP. Hồ Chí Minh(28.09.2021)",/2ta779224t1cvn/chi-tiet-ban-an
https://congbobanan.toaan.gov.vn/2ta779205t1cvn/chi-tiet-ban-an,"Bản án:số 495 ngày 29/09/2020 của  TAND huyện Hóc Môn,  TP. Hồ Chí Minh(28.09.2021)",/2ta779205t1cvn/chi-tiet-ban-an
https://congbobanan.toaan.gov.vn/2ta779184t1cvn/chi-tiet-ban-an,"Bản án:số 494 ngày 29/09/2020 của  TAND huyện Hóc Môn,  TP. Hồ Chí Minh(28.09.2021)",/2ta779184t1cvn/chi-tiet-ban-an
https://congbobanan.toaan.gov.vn/2ta779166t1cvn/chi-tiet-ban-an,"Bản án:số 493 ngày 29/09/2020 của  TAND huyện Hóc Môn,  TP. Hồ Chí Minh(28.09.2021)",/2ta779166t1cvn/chi-tiet-ban-an
https://congbobanan.toaan.gov.vn/2ta779133t1cvn/chi-tiet-ban-an,"Bản án:số 492 ngày 29/09/2020 của  TAND huyện Hóc Môn,  TP. Hồ Chí Minh(28.09.2021)",/2ta779133t1cvn/chi-tiet-ban-an
https://congbobanan.toaan.gov.vn/2ta779097t1cvn/chi-tiet-ban-an,"Bản án:số 491 ngày 29/09/2020 của  TAND huyện Hóc Môn,  TP. Hồ Chí Minh(28.09.2021)",/2ta779097t1cvn/chi-tiet-ban-an
https://congbobanan.toaan.gov.vn/2ta779068t1cvn/chi-tiet-ban-an,"Bản án:số 490 ngày 29/09/2020 của  TAND huyện Hóc Môn,  TP. Hồ Chí Minh(28.09.2021)",/2ta779068t1cvn/chi-tiet-ban-an
https://congbobanan.toaan.gov.vn/2ta779015t1cvn/chi-tiet-ban-an,"Bản án:số 489 ngày 29/09/2020 của  TAND huyện Hóc Môn,  TP. Hồ Chí Minh(28.09.2021)",/2ta779015t1cvn/chi-tiet-ban-an
https://congbobanan.toaan.gov.vn/2ta778967t1cvn/chi-tiet-ban-an,Bản án:số 504/2021/LĐ-PT ngày 25/05/2021 của TAND TP. Hồ Chí Minh(28.09.2021),/2ta778967t1cvn/chi-tiet-ban-an
https://congbobanan.toaan.gov.vn/2ta778955t1cvn/chi-tiet-ban-an,"Bản án:số 488 ngày 29/09/2020 của  TAND huyện Hóc Môn,  TP. Hồ Chí Minh(28.09.2021)",/2ta778955t1cvn/chi-tiet-ban-an
https://congbobanan.toaan.gov.vn/2ta778913t1cvn/chi-tiet-ban-an,"Bản án:số 487 ngày 29/09/2020 của  TAND huyện Hóc Môn,  TP. Hồ Chí Minh(28.09.2021)",/2ta778913t1cvn/chi-tiet-ban-an
https://congbobanan.toaan.gov.vn/2ta778848t1cvn/chi-tiet-ban-an,Bản án:số 144/2021/LĐ -PT ngày 02/02/2021 của TAND TP. Hồ Chí Minh(28.09.2021),/2ta778848t1cvn/chi-tiet-ban-an
https://congbobanan.toaan.gov.vn/2ta778787t1cvn/chi-tiet-ban-an,Bản án:số 722/2020/LĐ -PT ngày 29/07/2020 của TAND TP. Hồ Chí Minh(28.09.2021),/2ta778787t1cvn/chi-tiet-ban-an
https://congbobanan.toaan.gov.vn/2ta778858t1cvn/chi-tiet-ban-an,"Bản án:số 486 ngày 29/09/2020 của  TAND huyện Hóc Môn,  TP. Hồ Chí Minh(28.09.2021)",/2ta778858t1cvn/chi-tiet-ban-an
https://congbobanan.toaan.gov.vn/2ta777827t1cvn/chi-tiet-ban-an,Bản án:số 515/2021/LĐ-PT ngày 28/05/2021 của TAND TP. Hồ Chí Minh(28.09.2021),/2ta777827t1cvn/chi-tiet-ban-an
https://congbobanan.toaan.gov.vn/2ta776086t1cvn/chi-tiet-ban-an,"Bản án:số 01/2021/LĐ-ST ngày 25/01/2021 của  TAND TP. Biên Hòa,  tỉnh Đồng Nai(27.09.2021)",/2ta776086t1cvn/chi-tiet-ban-an
https://congbobanan.toaan.gov.vn/2ta773285t1cvn/chi-tiet-ban-an,Bản án:số 453/2021/LĐ-PT ngày 11/05/2021 của TAND TP. Hồ Chí Minh(24.09.2021),/2ta773285t1cvn/chi-tiet-ban-an
https://congbobanan.toaan.gov.vn/2ta772141t1cvn/chi-tiet-ban-an,"Bản án:số 03 ngày 14/05/2021 của  TAND TP. Cà Mau,  tỉnh Cà Mau(24.09.2021)",/2ta772141t1cvn/chi-tiet-ban-an
https://congbobanan.toaan.gov.vn/2ta771368t1cvn/chi-tiet-ban-an,Bản án:số 01/2021/LĐPT ngày 14/09/2021 của TAND tỉnh Thái Bình(24.09.2021),/2ta771368t1cvn/chi-tiet-ban-an
https://congbobanan.toaan.gov.vn/2ta770920t1cvn/chi-tiet-ban-an,Bản án:số 544/2021/LĐ-PT ngày 21/06/2021 của TAND TP. Hồ Chí Minh(24.09.2021),/2ta770920t1cvn/chi-tiet-ban-an
https://congbobanan.toaan.gov.vn/2ta770895t1cvn/chi-tiet-ban-an,Bản án:số 409/2021/LĐ-PT ngày 27/04/2021 của TAND TP. Hồ Chí Minh(24.09.2021),/2ta770895t1cvn/chi-tiet-ban-an
https://congbobanan.toaan.gov.vn/2ta769489t1cvn/chi-tiet-ban-an,"Bản án:số 451 ngày 17/03/2021 của  Thành phố Thủ Đức,  TP. Hồ Chí Minh(23.09.2021)",/2ta769489t1cvn/chi-tiet-ban-an
https://congbobanan.toaan.gov.vn/2ta766283t1cvn/chi-tiet-ban-an,"Bản án:số 06 ngày 03/12/2020 của  TAND Quận 6,  TP. Hồ Chí Minh(21.09.2021)",/2ta766283t1cvn/chi-tiet-ban-an
https://congbobanan.toaan.gov.vn/2ta755362t1cvn/chi-tiet-ban-an,Bản án:số 01 ngày 30/12/2020 của TAND tỉnh Quảng Ninh(20.09.2021),/2ta755362t1cvn/chi-tiet-ban-an
https://congbobanan.toaan.gov.vn/2ta756496t1cvn/chi-tiet-ban-an,Bản án:số 01/2021/LĐ-PT ngày 21/06/2021 của TAND tỉnh Phú Yên(09.09.2021),/2ta756496t1cvn/chi-tiet-ban-an
https://congbobanan.toaan.gov.vn/2ta755938t1cvn/chi-tiet-ban-an,"Bản án:số 02 ngày 25/06/2021 của  TAND TP. Hải Dương,  tỉnh Hải Dương(08.09.2021)",/2ta755938t1cvn/chi-tiet-ban-an
https://congbobanan.toaan.gov.vn/2ta755364t1cvn/chi-tiet-ban-an,Bản án:số 01 ngày 30/12/2020 của TAND tỉnh Quảng Ninh(08.09.2021),/2ta755364t1cvn/chi-tiet-ban-an
https://congbobanan.toaan.gov.vn/2ta753112t1cvn/chi-tiet-ban-an,Bản án:số 01 ngày 13/01/2021 của TAND tỉnh Phú Thọ(03.09.2021),/2ta753112t1cvn/chi-tiet-ban-an
https://congbobanan.toaan.gov.vn/2ta752070t1cvn/chi-tiet-ban-an,Bản án:số 03/2021/LĐ-PT ngày 23/06/2021 của TAND cấp cao tại Hà Nội(31.08.2021),/2ta752070t1cvn/chi-tiet-ban-an
https://congbobanan.toaan.gov.vn/2ta751489t1cvn/chi-tiet-ban-an,Bản án:số Bản án số 06 ngày 17/06/2021 của TAND TP. Cần Thơ(31.08.2021),/2ta751489t1cvn/chi-tiet-ban-an
https://congbobanan.toaan.gov.vn/2ta750438t1cvn/chi-tiet-ban-an,Bản án:số 02 ngày 13/04/2021 của TAND cấp cao tại Hà Nội(28.08.2021),/2ta750438t1cvn/chi-tiet-ban-an
https://congbobanan.toaan.gov.vn/2ta749138t1cvn/chi-tiet-ban-an,"Bản án:số 01 ngày 21/05/2021 của  TAND huyện Cao Lãnh,  tỉnh Đồng Tháp(26.08.2021)",/2ta749138t1cvn/chi-tiet-ban-an
https://congbobanan.toaan.gov.vn/2ta745602t1cvn/chi-tiet-ban-an,"Bản án:số 05 ngày 22/03/2021 của  TAND Q. Tân Phú,  TP. Hồ Chí Minh(18.08.2021)",/2ta745602t1cvn/chi-tiet-ban-an
https://congbobanan.toaan.gov.vn/2ta744320t1cvn/chi-tiet-ban-an,Bản án:số 01 ngày 15/07/2021 của TAND tỉnh Bắc Giang(16.08.2021),/2ta744320t1cvn/chi-tiet-ban-an
https://congbobanan.toaan.gov.vn/2ta742856t1cvn/chi-tiet-ban-an,Bản án:số 01 ngày 16/07/2021 của TAND tỉnh Quảng Nam(11.08.2021),/2ta742856t1cvn/chi-tiet-ban-an
https://congbobanan.toaan.gov.vn/2ta742258t1cvn/chi-tiet-ban-an,Bản án:số 01/2021/LĐ-PT ngày 27/05/2021 của TAND TP. Hải Phòng(10.08.2021),/2ta742258t1cvn/chi-tiet-ban-an
https://congbobanan.toaan.gov.vn/2ta742262t1cvn/chi-tiet-ban-an,Bản án:số 02/2021/LĐ-PT ngày 31/05/2021 của TAND TP. Hải Phòng(10.08.2021),/2ta742262t1cvn/chi-tiet-ban-an
https://congbobanan.toaan.gov.vn/2ta736079t1cvn/chi-tiet-ban-an,Bản án:số 03 ngày 24/07/2021 của TAND tỉnh Hải Dương(29.07.2021),/2ta736079t1cvn/chi-tiet-ban-an
https://congbobanan.toaan.gov.vn/2ta732106t1cvn/chi-tiet-ban-an,"Bản án:số 3 ngày 15/04/2021 của  TAND TP.  Bảo Lộc,  tỉnh Lâm Đồng(22.07.2021)",/2ta732106t1cvn/chi-tiet-ban-an
https://congbobanan.toaan.gov.vn/2ta731894t1cvn/chi-tiet-ban-an,Bản án:số 02 ngày 06/07/2021 của TAND tỉnh Đắk Lắk(22.07.2021),/2ta731894t1cvn/chi-tiet-ban-an
https://congbobanan.toaan.gov.vn/2ta731007t1cvn/chi-tiet-ban-an,"Bản án:số 04/2020/LĐ-ST ngày 25/08/2020 của  TAND TP. Phan Thiết,  tỉnh Bình Thuận(20.07.2021)",/2ta731007t1cvn/chi-tiet-ban-an
https://congbobanan.toaan.gov.vn/2ta729416t1cvn/chi-tiet-ban-an,"Bản án:số 02 ngày 17/05/2021 của  TAND TX. Tân Uyên,  tỉnh Bình Dương(16.07.2021)",/2ta729416t1cvn/chi-tiet-ban-an
https://congbobanan.toaan.gov.vn/2ta729222t1cvn/chi-tiet-ban-an,"Bản án:số 05/2021/LĐ-ST ngày 08/06/2021 của  TAND Q. Hải Châu,  TP Đà Nẵng(16.07.2021)",/2ta729222t1cvn/chi-tiet-ban-an
https://congbobanan.toaan.gov.vn/2ta728618t1cvn/chi-tiet-ban-an,Bản án:số 02 ngày 01/02/2021 của TAND tỉnh Bà Rịa_Vũng Tàu(15.07.2021),/2ta728618t1cvn/chi-tiet-ban-an
https://congbobanan.toaan.gov.vn/2ta728584t1cvn/chi-tiet-ban-an,Bản án:số 01 ngày 28/01/2021 của TAND tỉnh Bà Rịa_Vũng Tàu(15.07.2021),/2ta728584t1cvn/chi-tiet-ban-an
https://congbobanan.toaan.gov.vn/2ta728385t1cvn/chi-tiet-ban-an,Bản án:số 02/2021/LĐPT ngày 26/02/2021 của TAND tỉnh Tiền Giang(15.07.2021),/2ta728385t1cvn/chi-tiet-ban-an
https://congbobanan.toaan.gov.vn/2ta717231t1cvn/chi-tiet-ban-an,"Bản án:số 04 ngày 24/05/2021 của  TAND Q. Đống Đa,  TP. Hà Nội(25.06.2021)",/2ta717231t1cvn/chi-tiet-ban-an
https://congbobanan.toaan.gov.vn/2ta715518t1cvn/chi-tiet-ban-an,Bản án:số 03/2021/LĐ-PT ngày 25/03/2021 của TAND tỉnh Đồng Nai(22.06.2021),/2ta715518t1cvn/chi-tiet-ban-an
https://congbobanan.toaan.gov.vn/2ta713782t1cvn/chi-tiet-ban-an,"Bản án:số 01/2021/LĐ-ST ngày 13/01/2021 của  TAND huyện Long Điền,  tỉnh Bà Rịa_Vũng Tàu(18.06.2021)",/2ta713782t1cvn/chi-tiet-ban-an
https://congbobanan.toaan.gov.vn/2ta713179t1cvn/chi-tiet-ban-an,"Bản án:số 09 ngày 22/04/2021 của  TAND huyện Yên Dũng,  tỉnh Bắc Giang(17.06.2021)",/2ta713179t1cvn/chi-tiet-ban-an
https://congbobanan.toaan.gov.vn/2ta712107t1cvn/chi-tiet-ban-an,Bản án:số 01/2021/LĐ-PT ngày 13/04/2021 của TAND cấp cao tại Hà Nội(15.06.2021),/2ta712107t1cvn/chi-tiet-ban-an
https://congbobanan.toaan.gov.vn/2ta710689t1cvn/chi-tiet-ban-an,"Bản án:số 03 ngày 26/04/2021 của  TAND TX. Dĩ An,  tỉnh Bình Dương(11.06.2021)",/2ta710689t1cvn/chi-tiet-ban-an
https://congbobanan.toaan.gov.vn/2ta710308t1cvn/chi-tiet-ban-an,"Bản án:số 04 ngày 05/05/2021 của  TAND Q. Hải Châu,  TP Đà Nẵng(10.06.2021)",/2ta710308t1cvn/chi-tiet-ban-an
https://congbobanan.toaan.gov.vn/2ta707996t1cvn/chi-tiet-ban-an,Bản án:số 02/2021/LĐ-PT ngày 19/04/2021 của TAND tỉnh Hải Dương(05.06.2021),/2ta707996t1cvn/chi-tiet-ban-an
https://congbobanan.toaan.gov.vn/2ta706211t1cvn/chi-tiet-ban-an,Bản án:số 16 ngày 13/05/2021 của TAND tỉnh Bình Dương(02.06.2021),/2ta706211t1cvn/chi-tiet-ban-an
https://congbobanan.toaan.gov.vn/2ta706207t1cvn/chi-tiet-ban-an,Bản án:số 15 ngày 13/05/2021 của TAND tỉnh Bình Dương(02.06.2021),/2ta706207t1cvn/chi-tiet-ban-an
https://congbobanan.toaan.gov.vn/2ta705535t1cvn/chi-tiet-ban-an,"Bản án:số 05/2021/LĐ-ST ngày 19/04/2021 của  TAND TX. Thuận An,  tỉnh Bình Dương(01.06.2021)",/2ta705535t1cvn/chi-tiet-ban-an
https://congbobanan.toaan.gov.vn/2ta704444t1cvn/chi-tiet-ban-an,"Bản án:số 01 ngày 14/04/2021 của  TAND TP. Buôn Ma Thuột,  tỉnh Đắk Lắk(31.05.2021)",/2ta704444t1cvn/chi-tiet-ban-an
https://congbobanan.toaan.gov.vn/2ta703798t1cvn/chi-tiet-ban-an,"Bản án:số 01 ngày 25/02/2021 của  TAND huyện Bắc Tân Uyên,  tỉnh Bình Dương(30.05.2021)",/2ta703798t1cvn/chi-tiet-ban-an
https://congbobanan.toaan.gov.vn/2ta703763t1cvn/chi-tiet-ban-an,Bản án:số Bản án số 04 ngày 13/04/2021 của TAND TP. Cần Thơ(30.05.2021),/2ta703763t1cvn/chi-tiet-ban-an
https://congbobanan.toaan.gov.vn/2ta701657t1cvn/chi-tiet-ban-an,"Bản án:số 01 ngày 28/01/2021 của  TAND TX. Phú Mỹ,  tỉnh Bà Rịa_Vũng Tàu(26.05.2021)",/2ta701657t1cvn/chi-tiet-ban-an
https://congbobanan.toaan.gov.vn/2ta701681t1cvn/chi-tiet-ban-an,Bản án:số 14/2021/LĐPT ngày 06/05/2021 của TAND tỉnh Bình Dương(26.05.2021),/2ta701681t1cvn/chi-tiet-ban-an
https://congbobanan.toaan.gov.vn/2ta701615t1cvn/chi-tiet-ban-an,Bản án:số 12/2021/LĐPT ngày 27/04/2021 của TAND tỉnh Bình Dương(26.05.2021),/2ta701615t1cvn/chi-tiet-ban-an
https://congbobanan.toaan.gov.vn/2ta699519t1cvn/chi-tiet-ban-an,"Bản án:số 01 ngày 28/09/2020 của  TAND Q. Kiến An,  TP. Hải Phòng(21.05.2021)",/2ta699519t1cvn/chi-tiet-ban-an
https://congbobanan.toaan.gov.vn/2ta699115t1cvn/chi-tiet-ban-an,Bản án:số 01 ngày 19/03/2021 của TAND tỉnh Quảng Ninh(21.05.2021),/2ta699115t1cvn/chi-tiet-ban-an
https://congbobanan.toaan.gov.vn/2ta697151t1cvn/chi-tiet-ban-an,Bản án:số 02/2021/LĐ-PT ngày 22/04/2021 của TAND tỉnh Bình Thuận(18.05.2021),/2ta697151t1cvn/chi-tiet-ban-an
https://congbobanan.toaan.gov.vn/2ta697143t1cvn/chi-tiet-ban-an,Bản án:số 01/2021/LĐ-PT ngày 26/03/2021 của TAND tỉnh Bình Thuận(18.05.2021),/2ta697143t1cvn/chi-tiet-ban-an
https://congbobanan.toaan.gov.vn/2ta696555t1cvn/chi-tiet-ban-an,Bản án:số 09 ngày 22/04/2021 của TAND tỉnh Bình Dương(17.05.2021),/2ta696555t1cvn/chi-tiet-ban-an
https://congbobanan.toaan.gov.vn/2ta696479t1cvn/chi-tiet-ban-an,Bản án:số 06 ngày 06/04/2021 của TAND tỉnh Bình Dương(17.05.2021),/2ta696479t1cvn/chi-tiet-ban-an
https://congbobanan.toaan.gov.vn/2ta696421t1cvn/chi-tiet-ban-an,Bản án:số 07 ngày 14/04/2021 của TAND tỉnh Bình Dương(17.05.2021),/2ta696421t1cvn/chi-tiet-ban-an
https://congbobanan.toaan.gov.vn/2ta696386t1cvn/chi-tiet-ban-an,Bản án:số 11 ngày 22/04/2021 của TAND tỉnh Bình Dương(17.05.2021),/2ta696386t1cvn/chi-tiet-ban-an
https://congbobanan.toaan.gov.vn/2ta696369t1cvn/chi-tiet-ban-an,Bản án:số 13 ngày 05/05/2021 của TAND tỉnh Bình Dương(17.05.2021),/2ta696369t1cvn/chi-tiet-ban-an
https://congbobanan.toaan.gov.vn/2ta696338t1cvn/chi-tiet-ban-an,Bản án:số 08 ngày 19/04/2021 của TAND tỉnh Bình Dương(17.05.2021),/2ta696338t1cvn/chi-tiet-ban-an
https://congbobanan.toaan.gov.vn/2ta696227t1cvn/chi-tiet-ban-an,Bản án:số 22 – 4 – 2021 ngày 22/04/2021 của TAND TP Đà Nẵng(17.05.2021),/2ta696227t1cvn/chi-tiet-ban-an
https://congbobanan.toaan.gov.vn/2ta695802t1cvn/chi-tiet-ban-an,Bản án:số 05/2021/LĐ-PT ngày 30/03/2021 của TAND cấp cao tại TP Hồ Chí Minh(14.05.2021),/2ta695802t1cvn/chi-tiet-ban-an
https://congbobanan.toaan.gov.vn/2ta695715t1cvn/chi-tiet-ban-an,"Bản án:số 02 ngày 08/04/2021 của  TAND TX. Bến Cát,  tỉnh Bình Dương(14.05.2021)",/2ta695715t1cvn/chi-tiet-ban-an
https://congbobanan.toaan.gov.vn/2ta694798t1cvn/chi-tiet-ban-an,Bản án:số 1058/2020/LĐ-PT ngày 26/11/2020 của TAND TP. Hồ Chí Minh(13.05.2021),/2ta694798t1cvn/chi-tiet-ban-an
https://congbobanan.toaan.gov.vn/2ta694785t1cvn/chi-tiet-ban-an,Bản án:số 151/2021/LĐ-PT ngày 03/02/2021 của TAND TP. Hồ Chí Minh(13.05.2021),/2ta694785t1cvn/chi-tiet-ban-an
https://congbobanan.toaan.gov.vn/2ta694700t1cvn/chi-tiet-ban-an,Bản án:số 01/2021/LĐ-PT ngày 14/01/2021 của TAND cấp cao tại TP Hồ Chí Minh(13.05.2021),/2ta694700t1cvn/chi-tiet-ban-an
https://congbobanan.toaan.gov.vn/2ta694473t1cvn/chi-tiet-ban-an,"Bản án:số 20/2020/LĐ-ST ngày 23/09/2020 của  TAND TP. Phan Thiết,  tỉnh Bình Thuận(12.05.2021)",/2ta694473t1cvn/chi-tiet-ban-an
https://congbobanan.toaan.gov.vn/2ta694474t1cvn/chi-tiet-ban-an,"Bản án:số 19/2020/LĐ-ST ngày 23/09/2020 của  TAND TP. Phan Thiết,  tỉnh Bình Thuận(12.05.2021)",/2ta694474t1cvn/chi-tiet-ban-an
https://congbobanan.toaan.gov.vn/2ta693651t1cvn/chi-tiet-ban-an,"Bản án:số 423/2020/LĐ-ST ngày 28/09/2020 của  TAND huyện Hóc Môn,  TP. Hồ Chí Minh(12.05.2021)",/2ta693651t1cvn/chi-tiet-ban-an
https://congbobanan.toaan.gov.vn/2ta693653t1cvn/chi-tiet-ban-an,"Bản án:số 501/2020/LĐ-ST ngày 29/09/2020 của  TAND huyện Hóc Môn,  TP. Hồ Chí Minh(12.05.2021)",/2ta693653t1cvn/chi-tiet-ban-an
https://congbobanan.toaan.gov.vn/2ta693654t1cvn/chi-tiet-ban-an,"Bản án:số 556/2020/LĐ-ST ngày 30/09/2020 của  TAND huyện Hóc Môn,  TP. Hồ Chí Minh(12.05.2021)",/2ta693654t1cvn/chi-tiet-ban-an
https://congbobanan.toaan.gov.vn/2ta693655t1cvn/chi-tiet-ban-an,"Bản án:số 421/2020/LĐ-ST ngày 28/09/2020 của  TAND huyện Hóc Môn,  TP. Hồ Chí Minh(12.05.2021)",/2ta693655t1cvn/chi-tiet-ban-an
https://congbobanan.toaan.gov.vn/2ta693657t1cvn/chi-tiet-ban-an,"Bản án:số 559/2020/LĐ-ST ngày 30/09/2020 của  TAND huyện Hóc Môn,  TP. Hồ Chí Minh(12.05.2021)",/2ta693657t1cvn/chi-tiet-ban-an
https://congbobanan.toaan.gov.vn/2ta693658t1cvn/chi-tiet-ban-an,"Bản án:số 560/2020/LĐ-ST ngày 30/09/2020 của  TAND huyện Hóc Môn,  TP. Hồ Chí Minh(12.05.2021)",/2ta693658t1cvn/chi-tiet-ban-an
https://congbobanan.toaan.gov.vn/2ta693659t1cvn/chi-tiet-ban-an,"Bản án:số 499/2020/LĐ-ST ngày 29/09/2020 của  TAND huyện Hóc Môn,  TP. Hồ Chí Minh(12.05.2021)",/2ta693659t1cvn/chi-tiet-ban-an
https://congbobanan.toaan.gov.vn/2ta693660t1cvn/chi-tiet-ban-an,"Bản án:số 500/2020/LĐ-ST ngày 29/09/2020 của  TAND huyện Hóc Môn,  TP. Hồ Chí Minh(12.05.2021)",/2ta693660t1cvn/chi-tiet-ban-an
https://congbobanan.toaan.gov.vn/2ta693661t1cvn/chi-tiet-ban-an,"Bản án:số 558/2020/LĐ-ST ngày 30/09/2020 của  TAND huyện Hóc Môn,  TP. Hồ Chí Minh(12.05.2021)",/2ta693661t1cvn/chi-tiet-ban-an
https://congbobanan.toaan.gov.vn/2ta693662t1cvn/chi-tiet-ban-an,"Bản án:số 497/2020/LĐ-ST ngày 29/09/2020 của  TAND huyện Hóc Môn,  TP. Hồ Chí Minh(12.05.2021)",/2ta693662t1cvn/chi-tiet-ban-an
https://congbobanan.toaan.gov.vn/2ta693663t1cvn/chi-tiet-ban-an,"Bản án:số 557/2020/LĐ-ST ngày 30/09/2020 của  TAND huyện Hóc Môn,  TP. Hồ Chí Minh(12.05.2021)",/2ta693663t1cvn/chi-tiet-ban-an
https://congbobanan.toaan.gov.vn/2ta693664t1cvn/chi-tiet-ban-an,"Bản án:số 498/2020/LĐ-ST ngày 29/09/2020 của  TAND huyện Hóc Môn,  TP. Hồ Chí Minh(12.05.2021)",/2ta693664t1cvn/chi-tiet-ban-an
https://congbobanan.toaan.gov.vn/2ta693665t1cvn/chi-tiet-ban-an,"Bản án:số 424/2020/LĐ-ST ngày 28/09/2020 của  TAND huyện Hóc Môn,  TP. Hồ Chí Minh(12.05.2021)",/2ta693665t1cvn/chi-tiet-ban-an
https://congbobanan.toaan.gov.vn/2ta693666t1cvn/chi-tiet-ban-an,"Bản án:số 555/2020/LĐ-ST ngày 30/09/2020 của  TAND huyện Hóc Môn,  TP. Hồ Chí Minh(12.05.2021)",/2ta693666t1cvn/chi-tiet-ban-an
https://congbobanan.toaan.gov.vn/2ta693667t1cvn/chi-tiet-ban-an,"Bản án:số 422/2020/LĐ-ST ngày 28/09/2020 của  TAND huyện Hóc Môn,  TP. Hồ Chí Minh(12.05.2021)",/2ta693667t1cvn/chi-tiet-ban-an
https://congbobanan.toaan.gov.vn/2ta692781t1cvn/chi-tiet-ban-an,Bản án:số 1060/2020/ LĐ - PT ngày 24/11/2020 của TAND TP. Hồ Chí Minh(10.05.2021),/2ta692781t1cvn/chi-tiet-ban-an
https://congbobanan.toaan.gov.vn/2ta692761t1cvn/chi-tiet-ban-an,Bản án:số 275/2021/LĐ-PT ngày 26/03/2021 của TAND TP. Hồ Chí Minh(10.05.2021),/2ta692761t1cvn/chi-tiet-ban-an
https://congbobanan.toaan.gov.vn/2ta692759t1cvn/chi-tiet-ban-an,Bản án:số 852/2020/LĐ-PT ngày 07/09/2020 của TAND TP. Hồ Chí Minh(10.05.2021),/2ta692759t1cvn/chi-tiet-ban-an
https://congbobanan.toaan.gov.vn/2ta692764t1cvn/chi-tiet-ban-an,Bản án:số 263/2021/LĐ-PT ngày 24/03/2021 của TAND TP. Hồ Chí Minh(10.05.2021),/2ta692764t1cvn/chi-tiet-ban-an
https://congbobanan.toaan.gov.vn/2ta692390t1cvn/chi-tiet-ban-an,Bản án:số 913/2020/LĐ-PT ngày 23/09/2020 của TAND TP. Hồ Chí Minh(10.05.2021),/2ta692390t1cvn/chi-tiet-ban-an
https://congbobanan.toaan.gov.vn/2ta692432t1cvn/chi-tiet-ban-an,Bản án:số 205/2021/LĐ - PT ngày 08/03/2021 của TAND TP. Hồ Chí Minh(10.05.2021),/2ta692432t1cvn/chi-tiet-ban-an
https://congbobanan.toaan.gov.vn/2ta692430t1cvn/chi-tiet-ban-an,Bản án:số 206/2021/ LĐ - PT ngày 08/03/2021 của TAND TP. Hồ Chí Minh(10.05.2021),/2ta692430t1cvn/chi-tiet-ban-an
https://congbobanan.toaan.gov.vn/2ta692427t1cvn/chi-tiet-ban-an,Bản án:số 286/2021/LĐ-PT ngày 30/03/2021 của TAND TP. Hồ Chí Minh(10.05.2021),/2ta692427t1cvn/chi-tiet-ban-an
https://congbobanan.toaan.gov.vn/2ta692380t1cvn/chi-tiet-ban-an,Bản án:số 02 ngày 18/03/2021 của TAND tỉnh Đồng Nai(10.05.2021),/2ta692380t1cvn/chi-tiet-ban-an
https://congbobanan.toaan.gov.vn/2ta692395t1cvn/chi-tiet-ban-an,"Bản án:số 03/2021/LĐ-ST ngày 31/03/2021 của  TAND TP. Biên Hòa,  tỉnh Đồng Nai(10.05.2021)",/2ta692395t1cvn/chi-tiet-ban-an
https://congbobanan.toaan.gov.vn/2ta692340t1cvn/chi-tiet-ban-an,Bản án:số 1067/2020/LĐ-PT ngày 04/12/2020 của TAND TP. Hồ Chí Minh(10.05.2021),/2ta692340t1cvn/chi-tiet-ban-an
https://congbobanan.toaan.gov.vn/2ta692323t1cvn/chi-tiet-ban-an,Bản án:số 211/2021/LĐ-PT ngày 09/03/2021 của TAND TP. Hồ Chí Minh(10.05.2021),/2ta692323t1cvn/chi-tiet-ban-an
https://congbobanan.toaan.gov.vn/2ta691254t1cvn/chi-tiet-ban-an,Bản án:số 203/2021/LĐ-PT ngày 08/03/2021 của TAND TP. Hồ Chí Minh(07.05.2021),/2ta691254t1cvn/chi-tiet-ban-an
https://congbobanan.toaan.gov.vn/2ta691260t1cvn/chi-tiet-ban-an,Bản án:số 1143/2020/LĐ-PT ngày 29/12/2020 của TAND TP. Hồ Chí Minh(07.05.2021),/2ta691260t1cvn/chi-tiet-ban-an
https://congbobanan.toaan.gov.vn/2ta691257t1cvn/chi-tiet-ban-an,Bản án:số 173/2021/LĐ-PT ngày 23/02/2021 của TAND TP. Hồ Chí Minh(07.05.2021),/2ta691257t1cvn/chi-tiet-ban-an
https://congbobanan.toaan.gov.vn/2ta691253t1cvn/chi-tiet-ban-an,Bản án:số 246/2021/LĐ-PT ngày 22/03/2021 của TAND TP. Hồ Chí Minh(07.05.2021),/2ta691253t1cvn/chi-tiet-ban-an
https://congbobanan.toaan.gov.vn/2ta691249t1cvn/chi-tiet-ban-an,Bản án:số 86/2021/LĐ-PT ngày 25/01/2021 của TAND TP. Hồ Chí Minh(07.05.2021),/2ta691249t1cvn/chi-tiet-ban-an
https://congbobanan.toaan.gov.vn/2ta690803t1cvn/chi-tiet-ban-an,Bản án:số 384/2021/LĐ-PT ngày 22/04/2021 của TAND TP. Hồ Chí Minh(06.05.2021),/2ta690803t1cvn/chi-tiet-ban-an
https://congbobanan.toaan.gov.vn/2ta690795t1cvn/chi-tiet-ban-an,Bản án:số 249/2021/LĐ-PT ngày 22/03/2021 của TAND TP. Hồ Chí Minh(06.05.2021),/2ta690795t1cvn/chi-tiet-ban-an
https://congbobanan.toaan.gov.vn/2ta687820t1cvn/chi-tiet-ban-an,Bản án:số 01/2021/LĐ-PT ngày 05/04/2021 của TAND tỉnh An Giang(30.04.2021),/2ta687820t1cvn/chi-tiet-ban-an
https://congbobanan.toaan.gov.vn/2ta687094t1cvn/chi-tiet-ban-an,Bản án:số 02/2020/LĐPT ngày 14/12/2020 của TAND tỉnh Phú Yên(29.04.2021),/2ta687094t1cvn/chi-tiet-ban-an
https://congbobanan.toaan.gov.vn/2ta687085t1cvn/chi-tiet-ban-an,Bản án:số 09/2021/LĐ-PT ngày 19/04/2021 của TAND tỉnh Bình Dương(29.04.2021),/2ta687085t1cvn/chi-tiet-ban-an
https://congbobanan.toaan.gov.vn/2ta684957t1cvn/chi-tiet-ban-an,Bản án:số 04 ngày 23/03/2021 của TAND tỉnh Bình Dương(26.04.2021),/2ta684957t1cvn/chi-tiet-ban-an
https://congbobanan.toaan.gov.vn/2ta684956t1cvn/chi-tiet-ban-an,Bản án:số 05 ngày 25/02/2021 của TAND tỉnh Bình Dương(26.04.2021),/2ta684956t1cvn/chi-tiet-ban-an
https://congbobanan.toaan.gov.vn/2ta684882t1cvn/chi-tiet-ban-an,Bản án:số 01 ngày 02/03/2021 của TAND tỉnh Long An(26.04.2021),/2ta684882t1cvn/chi-tiet-ban-an
https://congbobanan.toaan.gov.vn/2ta684118t1cvn/chi-tiet-ban-an,"Bản án:số 12/2021/LĐ-ST ngày 30/03/2021 của  TAND Q. Bình Tân,  TP. Hồ Chí Minh(23.04.2021)",/2ta684118t1cvn/chi-tiet-ban-an
https://congbobanan.toaan.gov.vn/2ta682310t1cvn/chi-tiet-ban-an,"Bản án:số 24/2020/LĐ - ST ngày 30/09/2020 của  TAND Quận 5,  TP. Hồ Chí Minh(19.04.2021)",/2ta682310t1cvn/chi-tiet-ban-an
https://congbobanan.toaan.gov.vn/2ta681330t1cvn/chi-tiet-ban-an,"Bản án:số 02 ngày 26/02/2021 của  TAND TX. Dĩ An,  tỉnh Bình Dương(16.04.2021)",/2ta681330t1cvn/chi-tiet-ban-an
https://congbobanan.toaan.gov.vn/2ta679584t1cvn/chi-tiet-ban-an,Bản án:số 03 ngày 19/03/2021 của TAND tỉnh Bình Dương(13.04.2021),/2ta679584t1cvn/chi-tiet-ban-an
https://congbobanan.toaan.gov.vn/2ta679576t1cvn/chi-tiet-ban-an,Bản án:số 02 ngày 17/03/2021 của TAND tỉnh Bình Dương(13.04.2021),/2ta679576t1cvn/chi-tiet-ban-an
https://congbobanan.toaan.gov.vn/2ta679142t1cvn/chi-tiet-ban-an,Bản án:số 04/2021/LĐ-PT ngày 26/03/2021 của TAND cấp cao tại TP Hồ Chí Minh(12.04.2021),/2ta679142t1cvn/chi-tiet-ban-an
https://congbobanan.toaan.gov.vn/2ta669542t1cvn/chi-tiet-ban-an,"Bản án:số 19 ngày 30/09/2020 của  TAND Q. Tân Phú,  TP. Hồ Chí Minh(30.03.2021)",/2ta669542t1cvn/chi-tiet-ban-an
https://congbobanan.toaan.gov.vn/2ta669545t1cvn/chi-tiet-ban-an,"Bản án:số 18 ngày 30/09/2020 của  TAND Q. Tân Phú,  TP. Hồ Chí Minh(30.03.2021)",/2ta669545t1cvn/chi-tiet-ban-an
https://congbobanan.toaan.gov.vn/2ta668715t1cvn/chi-tiet-ban-an,Bản án:số 01/2021/LĐ-PT ngày 16/03/2021 của TAND tỉnh Bình Dương(30.03.2021),/2ta668715t1cvn/chi-tiet-ban-an
https://congbobanan.toaan.gov.vn/2ta666283t1cvn/chi-tiet-ban-an,"Bản án:số 01 ngày 01/02/2021 của  TAND TX. Bến Cát,  tỉnh Bình Dương(26.03.2021)",/2ta666283t1cvn/chi-tiet-ban-an
https://congbobanan.toaan.gov.vn/2ta665915t1cvn/chi-tiet-ban-an,"Bản án:số 22/2019/LĐ-ST ngày 21/11/2020 của  TAND TP. Biên Hòa,  tỉnh Đồng Nai(26.03.2021)",/2ta665915t1cvn/chi-tiet-ban-an
https://congbobanan.toaan.gov.vn/2ta665167t1cvn/chi-tiet-ban-an,Bản án:số 07/2020/LĐ-PT ngày 12/09/2020 của TAND TP. Hải Phòng(24.03.2021),/2ta665167t1cvn/chi-tiet-ban-an
https://congbobanan.toaan.gov.vn/2ta662399t1cvn/chi-tiet-ban-an,"Bản án:số 14 ngày 30/09/2020 của  TAND Q. Gò Vấp,  TP. Hồ Chí Minh(19.03.2021)",/2ta662399t1cvn/chi-tiet-ban-an
https://congbobanan.toaan.gov.vn/2ta662015t1cvn/chi-tiet-ban-an,"Bản án:số 19 ngày 02/12/2020 của  TAND TP. Biên Hòa,  tỉnh Đồng Nai(19.03.2021)",/2ta662015t1cvn/chi-tiet-ban-an
https://congbobanan.toaan.gov.vn/2ta662011t1cvn/chi-tiet-ban-an,Bản án:số 08 ngày 22/02/2021 của TAND TP. Hải Phòng(19.03.2021),/2ta662011t1cvn/chi-tiet-ban-an
https://congbobanan.toaan.gov.vn/2ta660415t1cvn/chi-tiet-ban-an,Bản án:số 30 ngày 29/12/2020 của TAND TP. Cần Thơ(15.03.2021),/2ta660415t1cvn/chi-tiet-ban-an
https://congbobanan.toaan.gov.vn/2ta660197t1cvn/chi-tiet-ban-an,"Bản án:số 02/2021/LĐ-ST ngày 03/02/2021 của  TAND Q. Gò Vấp,  TP. Hồ Chí Minh(15.03.2021)",/2ta660197t1cvn/chi-tiet-ban-an
https://congbobanan.toaan.gov.vn/2ta659521t1cvn/chi-tiet-ban-an,Bản án:số 01/2021/LĐ - PT ngày 12/02/2021 của TAND TP Đà Nẵng(12.03.2021),/2ta659521t1cvn/chi-tiet-ban-an
https://congbobanan.toaan.gov.vn/2ta658564t1cvn/chi-tiet-ban-an,Bản án:số Bản án số 1 ngày 25/01/2021 của TAND TP. Cần Thơ(10.03.2021),/2ta658564t1cvn/chi-tiet-ban-an
https://congbobanan.toaan.gov.vn/2ta658263t1cvn/chi-tiet-ban-an,"Bản án:số 22 ngày 23/09/2020 của  TAND TP. Phan Thiết,  tỉnh Bình Thuận(10.03.2021)",/2ta658263t1cvn/chi-tiet-ban-an
https://congbobanan.toaan.gov.vn/2ta658262t1cvn/chi-tiet-ban-an,"Bản án:số 21 ngày 23/09/2020 của  TAND TP. Phan Thiết,  tỉnh Bình Thuận(10.03.2021)",/2ta658262t1cvn/chi-tiet-ban-an
https://congbobanan.toaan.gov.vn/2ta658071t1cvn/chi-tiet-ban-an,"Bản án:số 30 ngày 18/11/2020 của  TAND TP. Phan Thiết,  tỉnh Bình Thuận(09.03.2021)",/2ta658071t1cvn/chi-tiet-ban-an
https://congbobanan.toaan.gov.vn/2ta657712t1cvn/chi-tiet-ban-an,"Bản án:số 03 ngày 26/01/2021 của  TAND Q. Hải Châu,  TP Đà Nẵng(09.03.2021)",/2ta657712t1cvn/chi-tiet-ban-an
https://congbobanan.toaan.gov.vn/2ta657710t1cvn/chi-tiet-ban-an,"Bản án:số 02 ngày 26/01/2021 của  TAND Q. Hải Châu,  TP Đà Nẵng(09.03.2021)",/2ta657710t1cvn/chi-tiet-ban-an
https://congbobanan.toaan.gov.vn/2ta656973t1cvn/chi-tiet-ban-an,"Bản án:số 02 ngày 25/01/2021 của  TAND huyện Đức Hòa,  tỉnh Long An(06.03.2021)",/2ta656973t1cvn/chi-tiet-ban-an
https://congbobanan.toaan.gov.vn/2ta656972t1cvn/chi-tiet-ban-an,"Bản án:số 01 ngày 25/01/2021 của  TAND huyện Đức Hòa,  tỉnh Long An(06.03.2021)",/2ta656972t1cvn/chi-tiet-ban-an
https://congbobanan.toaan.gov.vn/2ta656394t1cvn/chi-tiet-ban-an,"Bản án:số 01/BA ngày 15/10/2021 của  TAND TP.  Bảo Lộc,  tỉnh Lâm Đồng(04.03.2021)",/2ta656394t1cvn/chi-tiet-ban-an
https://congbobanan.toaan.gov.vn/2ta656396t1cvn/chi-tiet-ban-an,"Bản án:số 02/BA ngày 15/10/2021 của  TAND TP.  Bảo Lộc,  tỉnh Lâm Đồng(04.03.2021)",/2ta656396t1cvn/chi-tiet-ban-an
https://congbobanan.toaan.gov.vn/2ta656057t1cvn/chi-tiet-ban-an,"Bản án:số 01 ngày 28/01/2021 của  TAND Q. Thanh Khê,  TP Đà Nẵng(04.03.2021)",/2ta656057t1cvn/chi-tiet-ban-an
https://congbobanan.toaan.gov.vn/2ta655908t1cvn/chi-tiet-ban-an,"Bản án:số 08 ngày 22/09/2020 của  TAND TX. Thuận An,  tỉnh Bình Dương(03.03.2021)",/2ta655908t1cvn/chi-tiet-ban-an
https://congbobanan.toaan.gov.vn/2ta655906t1cvn/chi-tiet-ban-an,"Bản án:số 07 ngày 22/09/2020 của  TAND TX. Thuận An,  tỉnh Bình Dương(03.03.2021)",/2ta655906t1cvn/chi-tiet-ban-an
https://congbobanan.toaan.gov.vn/2ta655829t1cvn/chi-tiet-ban-an,"Bản án:số 45 ngày 21/09/2020 của  TAND Quận 1,  TP. Hồ Chí Minh(03.03.2021)",/2ta655829t1cvn/chi-tiet-ban-an
https://congbobanan.toaan.gov.vn/2ta655645t1cvn/chi-tiet-ban-an,"Bản án:số 01/2021/LĐ-ST ngày 25/01/2021 của  TAND Q. Hải Châu,  TP Đà Nẵng(03.03.2021)",/2ta655645t1cvn/chi-tiet-ban-an
https://congbobanan.toaan.gov.vn/2ta655368t1cvn/chi-tiet-ban-an,"Bản án:số 01/2021 ngày 29/01/2021 của  TAND TP. Tân An,  tỉnh Long An(03.03.2021)",/2ta655368t1cvn/chi-tiet-ban-an
https://congbobanan.toaan.gov.vn/2ta652830t1cvn/chi-tiet-ban-an,"Bản án:số 01/2020/LĐ-ST ngày 17/09/2020 của  TAND TP. Bắc Giang,  tỉnh Bắc Giang(26.02.2021)",/2ta652830t1cvn/chi-tiet-ban-an
https://congbobanan.toaan.gov.vn/2ta650032t1cvn/chi-tiet-ban-an,"Bản án:số 09 ngày 21/09/2020 của  TAND TX. Phú Mỹ,  tỉnh Bà Rịa_Vũng Tàu(22.02.2021)",/2ta650032t1cvn/chi-tiet-ban-an
https://congbobanan.toaan.gov.vn/2ta650052t1cvn/chi-tiet-ban-an,"Bản án:số 10 ngày 21/09/2020 của  TAND TX. Phú Mỹ,  tỉnh Bà Rịa_Vũng Tàu(22.02.2021)",/2ta650052t1cvn/chi-tiet-ban-an
https://congbobanan.toaan.gov.vn/2ta650028t1cvn/chi-tiet-ban-an,Bản án:số 01/2021/LĐ-PT ngày 04/01/2021 của TAND TP. Hà Nội(22.02.2021),/2ta650028t1cvn/chi-tiet-ban-an
https://congbobanan.toaan.gov.vn/2ta643135t1cvn/chi-tiet-ban-an,Bản án:số 1 ngày 25/01/2021 của TAND tỉnh Hải Dương(31.01.2021),/2ta643135t1cvn/chi-tiet-ban-an
https://congbobanan.toaan.gov.vn/2ta641683t1cvn/chi-tiet-ban-an,"Bản án:số 29/2020/LĐ-ST ngày 11/11/2020 của  TAND TP. Phan Thiết,  tỉnh Bình Thuận(27.01.2021)",/2ta641683t1cvn/chi-tiet-ban-an
https://congbobanan.toaan.gov.vn/2ta641673t1cvn/chi-tiet-ban-an,Bản án:số 02/2020/LĐ-PT ngày 30/12/2020 của TAND cấp cao tại Hà Nội(27.01.2021),/2ta641673t1cvn/chi-tiet-ban-an
https://congbobanan.toaan.gov.vn/2ta637981t1cvn/chi-tiet-ban-an,Bản án:số 09/2020/LĐ-PT ngày 28/12/2020 của TAND tỉnh Long An(27.01.2021),/2ta637981t1cvn/chi-tiet-ban-an
https://congbobanan.toaan.gov.vn/2ta637979t1cvn/chi-tiet-ban-an,Bản án:số 08/2020/LĐ-PT ngày 23/12/2020 của TAND tỉnh Long An(27.01.2021),/2ta637979t1cvn/chi-tiet-ban-an
https://congbobanan.toaan.gov.vn/2ta639867t1cvn/chi-tiet-ban-an,"Bản án:số 01/2020/LĐ-ST ngày 08/12/2020 của  TAND huyện Hàm Thuận Nam,  tỉnh Bình Thuận(22.01.2021)",/2ta639867t1cvn/chi-tiet-ban-an
https://congbobanan.toaan.gov.vn/2ta639773t1cvn/chi-tiet-ban-an,Bản án:số 14 ngày 24/12/2020 của TAND tỉnh Bình Dương(22.01.2021),/2ta639773t1cvn/chi-tiet-ban-an
https://congbobanan.toaan.gov.vn/2ta639772t1cvn/chi-tiet-ban-an,Bản án:số 13 ngày 23/12/2020 của TAND tỉnh Bình Dương(22.01.2021),/2ta639772t1cvn/chi-tiet-ban-an
https://congbobanan.toaan.gov.vn/2ta638786t1cvn/chi-tiet-ban-an,Bản án:số 07 ngày 03/08/2020 của TAND tỉnh Bà Rịa_Vũng Tàu(20.01.2021),/2ta638786t1cvn/chi-tiet-ban-an
https://congbobanan.toaan.gov.vn/2ta638774t1cvn/chi-tiet-ban-an,Bản án:số 05 ngày 03/08/2020 của TAND tỉnh Bà Rịa_Vũng Tàu(20.01.2021),/2ta638774t1cvn/chi-tiet-ban-an
https://congbobanan.toaan.gov.vn/2ta638723t1cvn/chi-tiet-ban-an,Bản án:số 06 ngày 03/08/2020 của TAND tỉnh Bà Rịa_Vũng Tàu(20.01.2021),/2ta638723t1cvn/chi-tiet-ban-an
https://congbobanan.toaan.gov.vn/2ta638734t1cvn/chi-tiet-ban-an,Bản án:số 03 ngày 03/08/2020 của TAND tỉnh Bà Rịa_Vũng Tàu(20.01.2021),/2ta638734t1cvn/chi-tiet-ban-an
https://congbobanan.toaan.gov.vn/2ta638575t1cvn/chi-tiet-ban-an,Bản án:số 02 ngày 03/08/2020 của TAND tỉnh Bà Rịa_Vũng Tàu(19.01.2021),/2ta638575t1cvn/chi-tiet-ban-an
https://congbobanan.toaan.gov.vn/2ta637851t1cvn/chi-tiet-ban-an,"Bản án:số 18 ngày 22/07/2020 của  TAND Q. Đống Đa,  TP. Hà Nội(18.01.2021)",/2ta637851t1cvn/chi-tiet-ban-an
https://congbobanan.toaan.gov.vn/2ta637854t1cvn/chi-tiet-ban-an,"Bản án:số 17 ngày 22/07/2020 của  TAND Q. Đống Đa,  TP. Hà Nội(18.01.2021)",/2ta637854t1cvn/chi-tiet-ban-an
https://congbobanan.toaan.gov.vn/2ta637968t1cvn/chi-tiet-ban-an,Bản án:số 01 ngày 03/08/2020 của TAND tỉnh Bà Rịa_Vũng Tàu(18.01.2021),/2ta637968t1cvn/chi-tiet-ban-an
https://congbobanan.toaan.gov.vn/2ta631321t1cvn/chi-tiet-ban-an,Bản án:số 04 ngày 03/08/2020 của TAND tỉnh Bà Rịa_Vũng Tàu(18.01.2021),/2ta631321t1cvn/chi-tiet-ban-an
https://congbobanan.toaan.gov.vn/2ta637399t1cvn/chi-tiet-ban-an,Bản án:số 08/2020/LĐ-PT ngày 25/12/2020 của TAND tỉnh Cà Mau(16.01.2021),/2ta637399t1cvn/chi-tiet-ban-an
https://congbobanan.toaan.gov.vn/2ta636401t1cvn/chi-tiet-ban-an,Bản án:số 13/2020/LĐ-PT ngày 12/06/2020 của TAND TP. Hà Nội(13.01.2021),/2ta636401t1cvn/chi-tiet-ban-an
https://congbobanan.toaan.gov.vn/2ta636410t1cvn/chi-tiet-ban-an,Bản án:số 33/2020/LĐ-PT ngày 18/11/2020 của TAND TP. Hà Nội(13.01.2021),/2ta636410t1cvn/chi-tiet-ban-an
https://congbobanan.toaan.gov.vn/2ta635813t1cvn/chi-tiet-ban-an,"Bản án:số 26 ngày 28/12/2020 của  TAND TP. Việt Trì,  tỉnh Phú Thọ(12.01.2021)",/2ta635813t1cvn/chi-tiet-ban-an
https://congbobanan.toaan.gov.vn/2ta635788t1cvn/chi-tiet-ban-an,Bản án:số 15/2020/LĐ-PT ngày 25/12/2020 của TAND tỉnh Bình Dương(12.01.2021),/2ta635788t1cvn/chi-tiet-ban-an
https://congbobanan.toaan.gov.vn/2ta635158t1cvn/chi-tiet-ban-an,Bản án:số 01 ngày 25/12/2020 của TAND tỉnh Hải Dương(11.01.2021),/2ta635158t1cvn/chi-tiet-ban-an
https://congbobanan.toaan.gov.vn/2ta633519t1cvn/chi-tiet-ban-an,Bản án:số 07/2020/LĐ-PT ngày 08/12/2020 của TAND tỉnh Long An(05.01.2021),/2ta633519t1cvn/chi-tiet-ban-an
https://congbobanan.toaan.gov.vn/2ta632653t1cvn/chi-tiet-ban-an,Bản án:số 05 ngày 18/05/2020 của TAND TP. Hà Nội(04.01.2021),/2ta632653t1cvn/chi-tiet-ban-an
https://congbobanan.toaan.gov.vn/2ta632354t1cvn/chi-tiet-ban-an,Bản án:số 18/2020/LĐ-PT ngày 28/08/2020 của TAND TP. Hà Nội(04.01.2021),/2ta632354t1cvn/chi-tiet-ban-an
https://congbobanan.toaan.gov.vn/2ta631350t1cvn/chi-tiet-ban-an,Bản án:số 04 ngày 03/08/2020 của TAND tỉnh Bà Rịa_Vũng Tàu(31.12.2020),/2ta631350t1cvn/chi-tiet-ban-an
https://congbobanan.toaan.gov.vn/2ta631113t1cvn/chi-tiet-ban-an,"Bản án:số 343 ngày 25/09/2020 của  TAND huyện Hóc Môn,  TP. Hồ Chí Minh(31.12.2020)",/2ta631113t1cvn/chi-tiet-ban-an
https://congbobanan.toaan.gov.vn/2ta631090t1cvn/chi-tiet-ban-an,"Bản án:số 341 ngày 25/09/2020 của  TAND huyện Hóc Môn,  TP. Hồ Chí Minh(31.12.2020)",/2ta631090t1cvn/chi-tiet-ban-an
https://congbobanan.toaan.gov.vn/2ta631085t1cvn/chi-tiet-ban-an,"Bản án:số 342 ngày 25/09/2020 của  TAND huyện Hóc Môn,  TP. Hồ Chí Minh(31.12.2020)",/2ta631085t1cvn/chi-tiet-ban-an
https://congbobanan.toaan.gov.vn/2ta631042t1cvn/chi-tiet-ban-an,"Bản án:số 306 ngày 24/09/2020 của  TAND huyện Hóc Môn,  TP. Hồ Chí Minh(31.12.2020)",/2ta631042t1cvn/chi-tiet-ban-an
https://congbobanan.toaan.gov.vn/2ta631038t1cvn/chi-tiet-ban-an,"Bản án:số 305 ngày 24/09/2020 của  TAND huyện Hóc Môn,  TP. Hồ Chí Minh(31.12.2020)",/2ta631038t1cvn/chi-tiet-ban-an
https://congbobanan.toaan.gov.vn/2ta631028t1cvn/chi-tiet-ban-an,"Bản án:số 304 ngày 24/09/2020 của  TAND huyện Hóc Môn,  TP. Hồ Chí Minh(31.12.2020)",/2ta631028t1cvn/chi-tiet-ban-an
https://congbobanan.toaan.gov.vn/2ta631018t1cvn/chi-tiet-ban-an,"Bản án:số 303 ngày 24/09/2020 của  TAND huyện Hóc Môn,  TP. Hồ Chí Minh(31.12.2020)",/2ta631018t1cvn/chi-tiet-ban-an
https://congbobanan.toaan.gov.vn/2ta631012t1cvn/chi-tiet-ban-an,"Bản án:số 302 ngày 24/09/2020 của  TAND huyện Hóc Môn,  TP. Hồ Chí Minh(31.12.2020)",/2ta631012t1cvn/chi-tiet-ban-an
https://congbobanan.toaan.gov.vn/2ta630988t1cvn/chi-tiet-ban-an,"Bản án:số 301 ngày 24/09/2020 của  TAND huyện Hóc Môn,  TP. Hồ Chí Minh(31.12.2020)",/2ta630988t1cvn/chi-tiet-ban-an
https://congbobanan.toaan.gov.vn/2ta630975t1cvn/chi-tiet-ban-an,"Bản án:số 300 ngày 24/09/2020 của  TAND huyện Hóc Môn,  TP. Hồ Chí Minh(31.12.2020)",/2ta630975t1cvn/chi-tiet-ban-an
https://congbobanan.toaan.gov.vn/2ta630966t1cvn/chi-tiet-ban-an,"Bản án:số 299 ngày 24/09/2020 của  TAND huyện Hóc Môn,  TP. Hồ Chí Minh(31.12.2020)",/2ta630966t1cvn/chi-tiet-ban-an
https://congbobanan.toaan.gov.vn/2ta631249t1cvn/chi-tiet-ban-an,Bản án:số 05 ngày 03/08/2020 của TAND tỉnh Bà Rịa_Vũng Tàu(31.12.2020),/2ta631249t1cvn/chi-tiet-ban-an
https://congbobanan.toaan.gov.vn/2ta630460t1cvn/chi-tiet-ban-an,Bản án:số 34/LĐPT ngày 25/11/2020 của TAND TP. Hà Nội(30.12.2020),/2ta630460t1cvn/chi-tiet-ban-an
https://congbobanan.toaan.gov.vn/2ta628877t1cvn/chi-tiet-ban-an,Bản án:số 06 ngày 16/11/2020 của TAND tỉnh Long An(25.12.2020),/2ta628877t1cvn/chi-tiet-ban-an
https://congbobanan.toaan.gov.vn/2ta627572t1cvn/chi-tiet-ban-an,"Bản án:số 02 ngày 30/09/2020 của  TAND Q. Thanh Khê,  TP Đà Nẵng(23.12.2020)",/2ta627572t1cvn/chi-tiet-ban-an
https://congbobanan.toaan.gov.vn/2ta625690t1cvn/chi-tiet-ban-an,Bản án:số 26/2020/LĐ-PT ngày 17/11/2020 của TAND tỉnh Đồng Nai(16.12.2020),/2ta625690t1cvn/chi-tiet-ban-an
https://congbobanan.toaan.gov.vn/2ta624966t1cvn/chi-tiet-ban-an,Bản án:số 19 ngày 30/07/2020 của TAND tỉnh Đồng Nai(13.12.2020),/2ta624966t1cvn/chi-tiet-ban-an
https://congbobanan.toaan.gov.vn/2ta621582t1cvn/chi-tiet-ban-an,"Bản án:số 02 ngày 22/09/2020 của  TAND TP. Cao Lãnh,  tỉnh Đồng Tháp(02.12.2020)",/2ta621582t1cvn/chi-tiet-ban-an
https://congbobanan.toaan.gov.vn/2ta618902t1cvn/chi-tiet-ban-an,"Bản án:số 03 ngày 29/09/2020 của  TAND huyện Bến Lức,  tỉnh Long An(25.11.2020)",/2ta618902t1cvn/chi-tiet-ban-an
https://congbobanan.toaan.gov.vn/2ta618903t1cvn/chi-tiet-ban-an,"Bản án:số 04 ngày 29/09/2020 của  TAND huyện Bến Lức,  tỉnh Long An(25.11.2020)",/2ta618903t1cvn/chi-tiet-ban-an
https://congbobanan.toaan.gov.vn/2ta618904t1cvn/chi-tiet-ban-an,"Bản án:số 05 ngày 30/09/2020 của  TAND huyện Bến Lức,  tỉnh Long An(25.11.2020)",/2ta618904t1cvn/chi-tiet-ban-an
https://congbobanan.toaan.gov.vn/2ta618425t1cvn/chi-tiet-ban-an,"Bản án:số 05/2020/LĐ-ST ngày 30/09/2020 của  TAND huyện Trảng Bàng,  tỉnh Tây Ninh(24.11.2020)",/2ta618425t1cvn/chi-tiet-ban-an
https://congbobanan.toaan.gov.vn/2ta617942t1cvn/chi-tiet-ban-an,"Bản án:số 12/2020/LĐ-ST ngày 28/09/2020 của  TAND Q. Tân Bình,  TP. Hồ Chí Minh(23.11.2020)",/2ta617942t1cvn/chi-tiet-ban-an
https://congbobanan.toaan.gov.vn/2ta617546t1cvn/chi-tiet-ban-an,"Bản án:số 05 ngày 04/08/2020 của  TAND TX. Tân Uyên,  tỉnh Bình Dương(23.11.2020)",/2ta617546t1cvn/chi-tiet-ban-an
https://congbobanan.toaan.gov.vn/2ta617363t1cvn/chi-tiet-ban-an,"Bản án:số 12 ngày 07/09/2020 của  TAND TX. Tân Uyên,  tỉnh Bình Dương(22.11.2020)",/2ta617363t1cvn/chi-tiet-ban-an
https://congbobanan.toaan.gov.vn/2ta617361t1cvn/chi-tiet-ban-an,"Bản án:số 11 ngày 07/09/2020 của  TAND TX. Tân Uyên,  tỉnh Bình Dương(22.11.2020)",/2ta617361t1cvn/chi-tiet-ban-an
https://congbobanan.toaan.gov.vn/2ta617385t1cvn/chi-tiet-ban-an,"Bản án:số 17 ngày 08/09/2020 của  TAND TX. Tân Uyên,  tỉnh Bình Dương(22.11.2020)",/2ta617385t1cvn/chi-tiet-ban-an
https://congbobanan.toaan.gov.vn/2ta617360t1cvn/chi-tiet-ban-an,"Bản án:số 16 ngày 08/09/2020 của  TAND TX. Tân Uyên,  tỉnh Bình Dương(22.11.2020)",/2ta617360t1cvn/chi-tiet-ban-an
https://congbobanan.toaan.gov.vn/2ta617384t1cvn/chi-tiet-ban-an,"Bản án:số 13 ngày 07/09/2020 của  TAND TX. Tân Uyên,  tỉnh Bình Dương(22.11.2020)",/2ta617384t1cvn/chi-tiet-ban-an
https://congbobanan.toaan.gov.vn/2ta617359t1cvn/chi-tiet-ban-an,"Bản án:số 15 ngày 07/09/2020 của  TAND TX. Tân Uyên,  tỉnh Bình Dương(22.11.2020)",/2ta617359t1cvn/chi-tiet-ban-an
https://congbobanan.toaan.gov.vn/2ta617383t1cvn/chi-tiet-ban-an,"Bản án:số 14 ngày 07/09/2020 của  TAND TX. Tân Uyên,  tỉnh Bình Dương(22.11.2020)",/2ta617383t1cvn/chi-tiet-ban-an
https://congbobanan.toaan.gov.vn/2ta617382t1cvn/chi-tiet-ban-an,"Bản án:số 20 ngày 08/09/2020 của  TAND TX. Tân Uyên,  tỉnh Bình Dương(22.11.2020)",/2ta617382t1cvn/chi-tiet-ban-an
https://congbobanan.toaan.gov.vn/2ta617358t1cvn/chi-tiet-ban-an,"Bản án:số 10 ngày 07/09/2020 của  TAND TX. Tân Uyên,  tỉnh Bình Dương(22.11.2020)",/2ta617358t1cvn/chi-tiet-ban-an
https://congbobanan.toaan.gov.vn/2ta617381t1cvn/chi-tiet-ban-an,"Bản án:số 18 ngày 08/09/2020 của  TAND TX. Tân Uyên,  tỉnh Bình Dương(22.11.2020)",/2ta617381t1cvn/chi-tiet-ban-an
https://congbobanan.toaan.gov.vn/2ta617380t1cvn/chi-tiet-ban-an,"Bản án:số 19 ngày 08/09/2020 của  TAND TX. Tân Uyên,  tỉnh Bình Dương(22.11.2020)",/2ta617380t1cvn/chi-tiet-ban-an
https://congbobanan.toaan.gov.vn/2ta617296t1cvn/chi-tiet-ban-an,"Bản án:số 09 ngày 31/08/2020 của  TAND TX. Tân Uyên,  tỉnh Bình Dương(22.11.2020)",/2ta617296t1cvn/chi-tiet-ban-an
https://congbobanan.toaan.gov.vn/2ta617295t1cvn/chi-tiet-ban-an,"Bản án:số 08 ngày 31/08/2020 của  TAND TX. Tân Uyên,  tỉnh Bình Dương(22.11.2020)",/2ta617295t1cvn/chi-tiet-ban-an
https://congbobanan.toaan.gov.vn/2ta617294t1cvn/chi-tiet-ban-an,"Bản án:số 07 ngày 31/08/2020 của  TAND TX. Tân Uyên,  tỉnh Bình Dương(22.11.2020)",/2ta617294t1cvn/chi-tiet-ban-an
https://congbobanan.toaan.gov.vn/2ta617091t1cvn/chi-tiet-ban-an,Bản án:số 04/2020/LĐ-PT ngày 10/08/2020 của TAND cấp cao tại TP Hồ Chí Minh(21.11.2020),/2ta617091t1cvn/chi-tiet-ban-an
https://congbobanan.toaan.gov.vn/2ta616622t1cvn/chi-tiet-ban-an,Bản án:số 05/2020/LĐ-PT ngày 17/09/2020 của TAND cấp cao tại TP Hồ Chí Minh(19.11.2020),/2ta616622t1cvn/chi-tiet-ban-an
https://congbobanan.toaan.gov.vn/2ta616623t1cvn/chi-tiet-ban-an,Bản án:số 06/2020/LĐ-PT ngày 30/09/2020 của TAND cấp cao tại TP Hồ Chí Minh(19.11.2020),/2ta616623t1cvn/chi-tiet-ban-an
https://congbobanan.toaan.gov.vn/2ta616018t1cvn/chi-tiet-ban-an,"Bản án:số 446/2020/LĐ-ST ngày 28/09/2020 của  TAND huyện Hóc Môn,  TP. Hồ Chí Minh(18.11.2020)",/2ta616018t1cvn/chi-tiet-ban-an
https://congbobanan.toaan.gov.vn/2ta616013t1cvn/chi-tiet-ban-an,"Bản án:số 447/2020/LĐ-ST ngày 28/09/2020 của  TAND huyện Hóc Môn,  TP. Hồ Chí Minh(18.11.2020)",/2ta616013t1cvn/chi-tiet-ban-an
https://congbobanan.toaan.gov.vn/2ta613642t1cvn/chi-tiet-ban-an,Bản án:số 05 ngày 22/04/2020 của TAND tỉnh Bình Dương(12.11.2020),/2ta613642t1cvn/chi-tiet-ban-an
https://congbobanan.toaan.gov.vn/2ta613609t1cvn/chi-tiet-ban-an,Bản án:số 08 ngày 10/08/2020 của TAND tỉnh Bình Dương(12.11.2020),/2ta613609t1cvn/chi-tiet-ban-an
https://congbobanan.toaan.gov.vn/2ta611805t1cvn/chi-tiet-ban-an,"Bản án:số 13 ngày 29/09/2020 của  TAND huyện Bình Chánh,  TP. Hồ Chí Minh(09.11.2020)",/2ta611805t1cvn/chi-tiet-ban-an
https://congbobanan.toaan.gov.vn/2ta610784t1cvn/chi-tiet-ban-an,"Bản án:số 04 ngày 28/09/2020 của  TAND TX. Dĩ An,  tỉnh Bình Dương(05.11.2020)",/2ta610784t1cvn/chi-tiet-ban-an
https://congbobanan.toaan.gov.vn/2ta610119t1cvn/chi-tiet-ban-an,"Bản án:số 514 ngày 29/09/2020 của  TAND huyện Hóc Môn,  TP. Hồ Chí Minh(04.11.2020)",/2ta610119t1cvn/chi-tiet-ban-an
https://congbobanan.toaan.gov.vn/2ta610113t1cvn/chi-tiet-ban-an,"Bản án:số 506 ngày 29/09/2020 của  TAND huyện Hóc Môn,  TP. Hồ Chí Minh(04.11.2020)",/2ta610113t1cvn/chi-tiet-ban-an
https://congbobanan.toaan.gov.vn/2ta610110t1cvn/chi-tiet-ban-an,"Bản án:số 511 ngày 29/09/2020 của  TAND huyện Hóc Môn,  TP. Hồ Chí Minh(04.11.2020)",/2ta610110t1cvn/chi-tiet-ban-an
https://congbobanan.toaan.gov.vn/2ta610095t1cvn/chi-tiet-ban-an,"Bản án:số 505 ngày 29/09/2020 của  TAND huyện Hóc Môn,  TP. Hồ Chí Minh(04.11.2020)",/2ta610095t1cvn/chi-tiet-ban-an
https://congbobanan.toaan.gov.vn/2ta610073t1cvn/chi-tiet-ban-an,"Bản án:số 510 ngày 29/09/2020 của  TAND huyện Hóc Môn,  TP. Hồ Chí Minh(04.11.2020)",/2ta610073t1cvn/chi-tiet-ban-an
https://congbobanan.toaan.gov.vn/2ta610068t1cvn/chi-tiet-ban-an,"Bản án:số 512 ngày 29/09/2020 của  TAND huyện Hóc Môn,  TP. Hồ Chí Minh(04.11.2020)",/2ta610068t1cvn/chi-tiet-ban-an
https://congbobanan.toaan.gov.vn/2ta610056t1cvn/chi-tiet-ban-an,"Bản án:số 507 ngày 29/09/2020 của  TAND huyện Hóc Môn,  TP. Hồ Chí Minh(04.11.2020)",/2ta610056t1cvn/chi-tiet-ban-an
https://congbobanan.toaan.gov.vn/2ta610039t1cvn/chi-tiet-ban-an,"Bản án:số 509 ngày 29/09/2020 của  TAND huyện Hóc Môn,  TP. Hồ Chí Minh(04.11.2020)",/2ta610039t1cvn/chi-tiet-ban-an
https://congbobanan.toaan.gov.vn/2ta610047t1cvn/chi-tiet-ban-an,"Bản án:số 513 ngày 29/09/2020 của  TAND huyện Hóc Môn,  TP. Hồ Chí Minh(04.11.2020)",/2ta610047t1cvn/chi-tiet-ban-an
https://congbobanan.toaan.gov.vn/2ta610046t1cvn/chi-tiet-ban-an,"Bản án:số 508 ngày 29/09/2020 của  TAND huyện Hóc Môn,  TP. Hồ Chí Minh(04.11.2020)",/2ta610046t1cvn/chi-tiet-ban-an
https://congbobanan.toaan.gov.vn/2ta610021t1cvn/chi-tiet-ban-an,"Bản án:số 515 ngày 29/09/2020 của  TAND huyện Hóc Môn,  TP. Hồ Chí Minh(04.11.2020)",/2ta610021t1cvn/chi-tiet-ban-an
https://congbobanan.toaan.gov.vn/2ta609903t1cvn/chi-tiet-ban-an,Bản án:số 15/2020/LĐ-PT ngày 02/06/2020 của TAND tỉnh Đồng Nai(04.11.2020),/2ta609903t1cvn/chi-tiet-ban-an
https://congbobanan.toaan.gov.vn/2ta609777t1cvn/chi-tiet-ban-an,Bản án:số 12/2020/LĐ-PT ngày 25/05/2020 của TAND tỉnh Đồng Nai(04.11.2020),/2ta609777t1cvn/chi-tiet-ban-an
https://congbobanan.toaan.gov.vn/2ta608846t1cvn/chi-tiet-ban-an,"Bản án:số 12/2020/LĐ-ST ngày 25/09/2020 của  TAND TP. Biên Hòa,  tỉnh Đồng Nai(02.11.2020)",/2ta608846t1cvn/chi-tiet-ban-an
https://congbobanan.toaan.gov.vn/2ta608162t1cvn/chi-tiet-ban-an,"Bản án:số 01 ngày 21/09/2020 của  TAND Q. Thanh Khê,  TP Đà Nẵng(02.11.2020)",/2ta608162t1cvn/chi-tiet-ban-an
https://congbobanan.toaan.gov.vn/2ta605773t1cvn/chi-tiet-ban-an,"Bản án:số 03/2020 ngày 25/09/2020 của  TAND TP. Yên Bái,  tỉnh Yên Bái(27.10.2020)",/2ta605773t1cvn/chi-tiet-ban-an
https://congbobanan.toaan.gov.vn/2ta604772t1cvn/chi-tiet-ban-an,Bản án:số 05 ngày 28/09/2020 của TAND TP Đà Nẵng(24.10.2020),/2ta604772t1cvn/chi-tiet-ban-an
https://congbobanan.toaan.gov.vn/2ta604170t1cvn/chi-tiet-ban-an,"Bản án:số 05 ngày 20/08/2020 của  TAND TP. Cà Mau,  tỉnh Cà Mau(22.10.2020)",/2ta604170t1cvn/chi-tiet-ban-an
https://congbobanan.toaan.gov.vn/2ta603754t1cvn/chi-tiet-ban-an,Bản án:số 01/2020/LĐ-PT ngày 06/07/2020 của TAND TP. Cần Thơ(21.10.2020),/2ta603754t1cvn/chi-tiet-ban-an
https://congbobanan.toaan.gov.vn/2ta603573t1cvn/chi-tiet-ban-an,Bản án:số 23/2020/LĐ-PT  ngày 18/09/2020 của TAND tỉnh Đồng Nai(21.10.2020),/2ta603573t1cvn/chi-tiet-ban-an
https://congbobanan.toaan.gov.vn/2ta603586t1cvn/chi-tiet-ban-an,Bản án:số 20/2020/LĐ-PT ngày 13/08/2020 của TAND tỉnh Đồng Nai(21.10.2020),/2ta603586t1cvn/chi-tiet-ban-an
https://congbobanan.toaan.gov.vn/2ta471640t1cvn/chi-tiet-ban-an,Bản án:số 01/2020/LĐ-PT ngày 06/03/2020 của TAND cấp cao tại TP Hồ Chí Minh(15.10.2020),/2ta471640t1cvn/chi-tiet-ban-an
https://congbobanan.toaan.gov.vn/2ta601100t1cvn/chi-tiet-ban-an,"Bản án:số 01 ngày 25/08/2020 của  TAND TP. Yên Bái,  tỉnh Yên Bái(14.10.2020)",/2ta601100t1cvn/chi-tiet-ban-an
https://congbobanan.toaan.gov.vn/2ta600189t1cvn/chi-tiet-ban-an,Bản án:số 03/2020/LĐ-PT ngày 17/04/2020 của TAND tỉnh Đồng Nai(12.10.2020),/2ta600189t1cvn/chi-tiet-ban-an
https://congbobanan.toaan.gov.vn/2ta599097t1cvn/chi-tiet-ban-an,Bản án:số 02/2020/LĐ-PT ngày 17/04/2020 của TAND tỉnh Đồng Nai(12.10.2020),/2ta599097t1cvn/chi-tiet-ban-an
https://congbobanan.toaan.gov.vn/2ta599260t1cvn/chi-tiet-ban-an,Bản án:số 04/2020/LĐ-PT ngày 17/04/2020 của TAND tỉnh Đồng Nai(12.10.2020),/2ta599260t1cvn/chi-tiet-ban-an
https://congbobanan.toaan.gov.vn/2ta599190t1cvn/chi-tiet-ban-an,Bản án:số 13/2020/LĐ-PT ngày 27/05/2020 của TAND tỉnh Đồng Nai(12.10.2020),/2ta599190t1cvn/chi-tiet-ban-an
https://congbobanan.toaan.gov.vn/2ta599239t1cvn/chi-tiet-ban-an,Bản án:số 05/2020/LĐ-PT ngày 17/04/2020 của TAND tỉnh Đồng Nai(12.10.2020),/2ta599239t1cvn/chi-tiet-ban-an
https://congbobanan.toaan.gov.vn/2ta598783t1cvn/chi-tiet-ban-an,"Bản án:số 03 ngày 13/08/2020 của  TAND TP. Thủ Dầu Một,  tỉnh Bình Dương(09.10.2020)",/2ta598783t1cvn/chi-tiet-ban-an
https://congbobanan.toaan.gov.vn/2ta598701t1cvn/chi-tiet-ban-an,"Bản án:số 05/2020/LĐ-ST ngày 27/08/2020 của  TAND TP. Biên Hòa,  tỉnh Đồng Nai(09.10.2020)",/2ta598701t1cvn/chi-tiet-ban-an
https://congbobanan.toaan.gov.vn/2ta597142t1cvn/chi-tiet-ban-an,Bản án:số 12/2020/LĐ-PT ngày 28/09/2020 của TAND tỉnh Bình Dương(07.10.2020),/2ta597142t1cvn/chi-tiet-ban-an
https://congbobanan.toaan.gov.vn/2ta594958t1cvn/chi-tiet-ban-an,Bản án:số 17/2020/LĐPT ngày 24/06/2020 của TAND tỉnh Đồng Nai(05.10.2020),/2ta594958t1cvn/chi-tiet-ban-an
https://congbobanan.toaan.gov.vn/2ta594725t1cvn/chi-tiet-ban-an,Bản án:số 216/2020/LĐ-PT ngày 07/04/2020 của TAND TP. Hồ Chí Minh(05.10.2020),/2ta594725t1cvn/chi-tiet-ban-an
https://congbobanan.toaan.gov.vn/2ta594713t1cvn/chi-tiet-ban-an,Bản án:số 432/2020/DS-PT ngày 28/05/2020 của TAND TP. Hồ Chí Minh(05.10.2020),/2ta594713t1cvn/chi-tiet-ban-an
https://congbobanan.toaan.gov.vn/2ta594699t1cvn/chi-tiet-ban-an,Bản án:số 375/2020/LĐ-PT ngày 22/05/2020 của TAND TP. Hồ Chí Minh(05.10.2020),/2ta594699t1cvn/chi-tiet-ban-an
https://congbobanan.toaan.gov.vn/2ta594697t1cvn/chi-tiet-ban-an,Bản án:số 432/2020/DS-PT ngày 28/05/2020 của TAND TP. Hồ Chí Minh(05.10.2020),/2ta594697t1cvn/chi-tiet-ban-an
https://congbobanan.toaan.gov.vn/2ta593397t1cvn/chi-tiet-ban-an,Bản án:số 702/2020/LĐ-PT ngày 27/07/2020 của TAND TP. Hồ Chí Minh(05.10.2020),/2ta593397t1cvn/chi-tiet-ban-an
https://congbobanan.toaan.gov.vn/2ta593422t1cvn/chi-tiet-ban-an,Bản án:số  560/2020/LĐ-PT ngày 22/06/2020 của TAND TP. Hồ Chí Minh(05.10.2020),/2ta593422t1cvn/chi-tiet-ban-an
https://congbobanan.toaan.gov.vn/2ta591196t1cvn/chi-tiet-ban-an,Bản án:số 06 ngày 11/09/2020 của TAND tỉnh Cà Mau(02.10.2020),/2ta591196t1cvn/chi-tiet-ban-an
https://congbobanan.toaan.gov.vn/2ta587975t1cvn/chi-tiet-ban-an,Bản án:số 08/2020/LĐPT ngày 15/09/2020 của TAND tỉnh Bà Rịa_Vũng Tàu(01.10.2020),/2ta587975t1cvn/chi-tiet-ban-an
https://congbobanan.toaan.gov.vn/2ta586492t1cvn/chi-tiet-ban-an,"Bản án:số 20 ngày 28/07/2020 của  TAND huyện Đức Hòa,  tỉnh Long An(01.10.2020)",/2ta586492t1cvn/chi-tiet-ban-an
https://congbobanan.toaan.gov.vn/2ta586838t1cvn/chi-tiet-ban-an,"Bản án:số 04 ngày 07/08/2020 của  TAND TX. Bến Cát,  tỉnh Bình Dương(01.10.2020)",/2ta586838t1cvn/chi-tiet-ban-an
https://congbobanan.toaan.gov.vn/2ta584196t1cvn/chi-tiet-ban-an,"Bản án:số 15/2020/LĐ-ST ngày 14/07/2020 của  Thành phố Thủ Đức,  TP. Hồ Chí Minh(30.09.2020)",/2ta584196t1cvn/chi-tiet-ban-an
https://congbobanan.toaan.gov.vn/2ta580588t1cvn/chi-tiet-ban-an,"Bản án:số 03 ngày 31/07/2020 của  TAND TP. Biên Hòa,  tỉnh Đồng Nai(30.09.2020)",/2ta580588t1cvn/chi-tiet-ban-an
https://congbobanan.toaan.gov.vn/2ta580454t1cvn/chi-tiet-ban-an,"Bản án:số 02/2020/LĐ-ST ngày 12/08/2020 của  Thành phố Thủ Đức,  TP. Hồ Chí Minh(30.09.2020)",/2ta580454t1cvn/chi-tiet-ban-an
https://congbobanan.toaan.gov.vn/2ta580357t1cvn/chi-tiet-ban-an,Bản án:số 13/2020/LĐ-PT ngày 12/06/2020 của TAND TP. Hà Nội(30.09.2020),/2ta580357t1cvn/chi-tiet-ban-an
https://congbobanan.toaan.gov.vn/2ta578950t1cvn/chi-tiet-ban-an,"Bản án:số 01 ngày 13/03/2020 của  TAND huyện Hiệp Hòa,  tỉnh Bắc Giang(30.09.2020)",/2ta578950t1cvn/chi-tiet-ban-an
https://congbobanan.toaan.gov.vn/2ta578350t1cvn/chi-tiet-ban-an,"Bản án:số 14 ngày 10/09/2020 của  TAND Q. Tân Phú,  TP. Hồ Chí Minh(30.09.2020)",/2ta578350t1cvn/chi-tiet-ban-an
https://congbobanan.toaan.gov.vn/2ta576749t1cvn/chi-tiet-ban-an,Bản án:số 839/2020/LĐ-PT ngày 03/09/2020 của TAND TP. Hồ Chí Minh(30.09.2020),/2ta576749t1cvn/chi-tiet-ban-an
https://congbobanan.toaan.gov.vn/2ta575559t1cvn/chi-tiet-ban-an,Bản án:số 01 ngày 20/07/2020 của TAND tỉnh Thái Nguyên(30.09.2020),/2ta575559t1cvn/chi-tiet-ban-an
https://congbobanan.toaan.gov.vn/2ta573334t1cvn/chi-tiet-ban-an,"Bản án:số 06 ngày 12/08/2020 của  TAND Q. Gò Vấp,  TP. Hồ Chí Minh(30.09.2020)",/2ta573334t1cvn/chi-tiet-ban-an
https://congbobanan.toaan.gov.vn/2ta572871t1cvn/chi-tiet-ban-an,"Bản án:số 01 ngày 12/03/2020 của  TAND TP. Biên Hòa,  tỉnh Đồng Nai(30.09.2020)",/2ta572871t1cvn/chi-tiet-ban-an
https://congbobanan.toaan.gov.vn/2ta571677t1cvn/chi-tiet-ban-an,"Bản án:số 04 ngày 07/09/2020 của  TAND Quận 8,  TP. Hồ Chí Minh(29.09.2020)",/2ta571677t1cvn/chi-tiet-ban-an
https://congbobanan.toaan.gov.vn/2ta571104t1cvn/chi-tiet-ban-an,Bản án:số 10 ngày 31/08/2020 của TAND tỉnh Bình Dương(29.09.2020),/2ta571104t1cvn/chi-tiet-ban-an
https://congbobanan.toaan.gov.vn/2ta571092t1cvn/chi-tiet-ban-an,Bản án:số 11 ngày 03/09/2020 của TAND tỉnh Bình Dương(29.09.2020),/2ta571092t1cvn/chi-tiet-ban-an
https://congbobanan.toaan.gov.vn/2ta569683t1cvn/chi-tiet-ban-an,"Bản án:số 04/2020/LĐ-ST ngày 20/08/2020 của  Thành phố Thủ Đức,  TP. Hồ Chí Minh(29.09.2020)",/2ta569683t1cvn/chi-tiet-ban-an
https://congbobanan.toaan.gov.vn/2ta569280t1cvn/chi-tiet-ban-an,Bản án:số 477/2020/LĐ-PT  ngày 08/06/2020 của TAND TP. Hồ Chí Minh(29.09.2020),/2ta569280t1cvn/chi-tiet-ban-an
https://congbobanan.toaan.gov.vn/2ta569306t1cvn/chi-tiet-ban-an,Bản án:số 407/2020/LĐ-PT  ngày 26/05/2020 của TAND TP. Hồ Chí Minh(29.09.2020),/2ta569306t1cvn/chi-tiet-ban-an
https://congbobanan.toaan.gov.vn/2ta569235t1cvn/chi-tiet-ban-an,"Bản án:số 01 ngày 13/07/2020 của  TAND TP. Mỹ Tho,  tỉnh Tiền Giang(29.09.2020)",/2ta569235t1cvn/chi-tiet-ban-an
https://congbobanan.toaan.gov.vn/2ta568428t1cvn/chi-tiet-ban-an,"Bản án:số 02 ngày 31/08/2020 của  TAND TP. Tuy Hòa,  tỉnh Phú Yên(29.09.2020)",/2ta568428t1cvn/chi-tiet-ban-an
https://congbobanan.toaan.gov.vn/2ta567363t1cvn/chi-tiet-ban-an,Bản án:số 330/2020/LĐ-PT ngày 18/05/2020 của TAND TP. Hồ Chí Minh(29.09.2020),/2ta567363t1cvn/chi-tiet-ban-an
https://congbobanan.toaan.gov.vn/2ta567375t1cvn/chi-tiet-ban-an,Bản án:số 383/2020/LĐ-PT ngày 22/05/2020 của TAND TP. Hồ Chí Minh(29.09.2020),/2ta567375t1cvn/chi-tiet-ban-an
https://congbobanan.toaan.gov.vn/2ta567497t1cvn/chi-tiet-ban-an,Bản án:số 112/2020/LĐ-PT ngày 02/03/2020 của TAND TP. Hồ Chí Minh(29.09.2020),/2ta567497t1cvn/chi-tiet-ban-an
https://congbobanan.toaan.gov.vn/2ta567225t1cvn/chi-tiet-ban-an,Bản án:số 702/2020/LĐ-PT ngày 27/07/2020 của TAND TP. Hồ Chí Minh(29.09.2020),/2ta567225t1cvn/chi-tiet-ban-an
https://congbobanan.toaan.gov.vn/2ta567280t1cvn/chi-tiet-ban-an,Bản án:số 560/2020/LĐ-PT ngày 22/06/2020 của TAND TP. Hồ Chí Minh(29.09.2020),/2ta567280t1cvn/chi-tiet-ban-an
https://congbobanan.toaan.gov.vn/2ta565987t1cvn/chi-tiet-ban-an,Bản án:số 03/2020/LĐ-PT ngày 12/03/2020 của TAND tỉnh Tây Ninh(28.09.2020),/2ta565987t1cvn/chi-tiet-ban-an
https://congbobanan.toaan.gov.vn/2ta565443t1cvn/chi-tiet-ban-an,Bản án:số 581/2020/LĐ-PT ngày 24/06/2020 của TAND TP. Hồ Chí Minh(28.09.2020),/2ta565443t1cvn/chi-tiet-ban-an
https://congbobanan.toaan.gov.vn/2ta565466t1cvn/chi-tiet-ban-an,Bản án:số 439/2020/LĐ-PT ngày 29/05/2020 của TAND TP. Hồ Chí Minh(28.09.2020),/2ta565466t1cvn/chi-tiet-ban-an
https://congbobanan.toaan.gov.vn/2ta565224t1cvn/chi-tiet-ban-an,Bản án:số 852/2020/LĐ-PT ngày 07/09/2020 của TAND TP. Hồ Chí Minh(28.09.2020),/2ta565224t1cvn/chi-tiet-ban-an
https://congbobanan.toaan.gov.vn/2ta564454t1cvn/chi-tiet-ban-an,"Bản án:số 01 ngày 22/05/2020 của  TAND huyện Bạch Thông,  tỉnh Bắc Kạn(28.09.2020)",/2ta564454t1cvn/chi-tiet-ban-an
https://congbobanan.toaan.gov.vn/2ta562355t1cvn/chi-tiet-ban-an,"Bản án:số 04/2020/LĐST ngày 21/08/2020 của  TAND TP. Biên Hòa,  tỉnh Đồng Nai(27.09.2020)",/2ta562355t1cvn/chi-tiet-ban-an
https://congbobanan.toaan.gov.vn/2ta561687t1cvn/chi-tiet-ban-an,Bản án:số 05/2020/LĐ-PT ngày 29/05/2020 của TAND tỉnh Tây Ninh(26.09.2020),/2ta561687t1cvn/chi-tiet-ban-an
https://congbobanan.toaan.gov.vn/2ta560843t1cvn/chi-tiet-ban-an,"Bản án:số 19 ngày 03/07/2020 của  TAND huyện Đức Hòa,  tỉnh Long An(25.09.2020)",/2ta560843t1cvn/chi-tiet-ban-an
https://congbobanan.toaan.gov.vn/2ta560840t1cvn/chi-tiet-ban-an,"Bản án:số 10 ngày 03/07/2020 của  TAND huyện Đức Hòa,  tỉnh Long An(25.09.2020)",/2ta560840t1cvn/chi-tiet-ban-an
https://congbobanan.toaan.gov.vn/2ta560850t1cvn/chi-tiet-ban-an,"Bản án:số 18 ngày 03/07/2020 của  TAND huyện Đức Hòa,  tỉnh Long An(25.09.2020)",/2ta560850t1cvn/chi-tiet-ban-an
https://congbobanan.toaan.gov.vn/2ta560325t1cvn/chi-tiet-ban-an,"Bản án:số 17 ngày 03/07/2020 của  TAND huyện Đức Hòa,  tỉnh Long An(25.09.2020)",/2ta560325t1cvn/chi-tiet-ban-an
https://congbobanan.toaan.gov.vn/2ta560295t1cvn/chi-tiet-ban-an,"Bản án:số 12 ngày 03/07/2020 của  TAND huyện Đức Hòa,  tỉnh Long An(25.09.2020)",/2ta560295t1cvn/chi-tiet-ban-an
https://congbobanan.toaan.gov.vn/2ta560245t1cvn/chi-tiet-ban-an,"Bản án:số 14 ngày 03/07/2020 của  TAND huyện Đức Hòa,  tỉnh Long An(25.09.2020)",/2ta560245t1cvn/chi-tiet-ban-an
https://congbobanan.toaan.gov.vn/2ta560146t1cvn/chi-tiet-ban-an,"Bản án:số 13 ngày 03/07/2020 của  TAND huyện Đức Hòa,  tỉnh Long An(25.09.2020)",/2ta560146t1cvn/chi-tiet-ban-an
https://congbobanan.toaan.gov.vn/2ta560121t1cvn/chi-tiet-ban-an,"Bản án:số 08 ngày 03/07/2020 của  TAND huyện Đức Hòa,  tỉnh Long An(25.09.2020)",/2ta560121t1cvn/chi-tiet-ban-an
https://congbobanan.toaan.gov.vn/2ta560113t1cvn/chi-tiet-ban-an,"Bản án:số 15 ngày 03/07/2020 của  TAND huyện Đức Hòa,  tỉnh Long An(25.09.2020)",/2ta560113t1cvn/chi-tiet-ban-an
https://congbobanan.toaan.gov.vn/2ta560106t1cvn/chi-tiet-ban-an,"Bản án:số 09 ngày 03/07/2020 của  TAND huyện Đức Hòa,  tỉnh Long An(25.09.2020)",/2ta560106t1cvn/chi-tiet-ban-an
https://congbobanan.toaan.gov.vn/2ta559872t1cvn/chi-tiet-ban-an,"Bản án:số 16 ngày 03/07/2020 của  TAND huyện Đức Hòa,  tỉnh Long An(25.09.2020)",/2ta559872t1cvn/chi-tiet-ban-an
https://congbobanan.toaan.gov.vn/2ta559307t1cvn/chi-tiet-ban-an,"Bản án:số 01 ngày 04/06/2020 của  TAND huyện Châu Thành,  tỉnh Hậu Giang(25.09.2020)",/2ta559307t1cvn/chi-tiet-ban-an
https://congbobanan.toaan.gov.vn/2ta558905t1cvn/chi-tiet-ban-an,"Bản án:số 03 ngày 20/08/2020 của  TAND TP. Buôn Ma Thuột,  tỉnh Đắk Lắk(25.09.2020)",/2ta558905t1cvn/chi-tiet-ban-an
https://congbobanan.toaan.gov.vn/2ta558209t1cvn/chi-tiet-ban-an,Bản án:số 659/2020/LĐ-PT ngày 14/07/2020 của TAND TP. Hồ Chí Minh(24.09.2020),/2ta558209t1cvn/chi-tiet-ban-an
https://congbobanan.toaan.gov.vn/2ta558223t1cvn/chi-tiet-ban-an,Bản án:số 438/2020/LĐ-PT ngày 29/05/2020 của TAND TP. Hồ Chí Minh(24.09.2020),/2ta558223t1cvn/chi-tiet-ban-an
https://congbobanan.toaan.gov.vn/2ta558239t1cvn/chi-tiet-ban-an,Bản án:số 478/2020/LĐ-PT ngày 05/06/2020 của TAND TP. Hồ Chí Minh(24.09.2020),/2ta558239t1cvn/chi-tiet-ban-an
https://congbobanan.toaan.gov.vn/2ta558253t1cvn/chi-tiet-ban-an,Bản án:số 416/2020/LĐ-PT ngày 26/05/2020 của TAND TP. Hồ Chí Minh(24.09.2020),/2ta558253t1cvn/chi-tiet-ban-an
https://congbobanan.toaan.gov.vn/2ta558267t1cvn/chi-tiet-ban-an,Bản án:số 415/2020/LĐ-PT ngày 25/05/2020 của TAND TP. Hồ Chí Minh(24.09.2020),/2ta558267t1cvn/chi-tiet-ban-an
https://congbobanan.toaan.gov.vn/2ta558268t1cvn/chi-tiet-ban-an,Bản án:số 23/2020/LĐ-PT ngày 06/01/2020 của TAND TP. Hồ Chí Minh(24.09.2020),/2ta558268t1cvn/chi-tiet-ban-an
https://congbobanan.toaan.gov.vn/2ta558047t1cvn/chi-tiet-ban-an,Bản án:số 812/2020/LĐ-PT ngày 27/08/2020 của TAND TP. Hồ Chí Minh(24.09.2020),/2ta558047t1cvn/chi-tiet-ban-an
https://congbobanan.toaan.gov.vn/2ta558059t1cvn/chi-tiet-ban-an,Bản án:số 640/2020/LĐ-PT ngày 09/07/2020 của TAND TP. Hồ Chí Minh(24.09.2020),/2ta558059t1cvn/chi-tiet-ban-an
https://congbobanan.toaan.gov.vn/2ta558071t1cvn/chi-tiet-ban-an,Bản án:số 694/2020/LĐ-PT ngày 23/07/2020 của TAND TP. Hồ Chí Minh(24.09.2020),/2ta558071t1cvn/chi-tiet-ban-an
https://congbobanan.toaan.gov.vn/2ta558091t1cvn/chi-tiet-ban-an,Bản án:số 573/2020/LĐ-PT ngày 24/06/2020 của TAND TP. Hồ Chí Minh(24.09.2020),/2ta558091t1cvn/chi-tiet-ban-an
https://congbobanan.toaan.gov.vn/2ta557456t1cvn/chi-tiet-ban-an,Bản án:số 722/2020/LĐ - PT ngày 29/07/2020 của TAND TP. Hồ Chí Minh(24.09.2020),/2ta557456t1cvn/chi-tiet-ban-an
https://congbobanan.toaan.gov.vn/2ta557259t1cvn/chi-tiet-ban-an,Bản án:số 01 ngày 24/08/2020 của TAND tỉnh Nam Định(24.09.2020),/2ta557259t1cvn/chi-tiet-ban-an
https://congbobanan.toaan.gov.vn/2ta556917t1cvn/chi-tiet-ban-an,Bản án:số 828/2020/LĐ-PT ngày 31/08/2020 của TAND TP. Hồ Chí Minh(24.09.2020),/2ta556917t1cvn/chi-tiet-ban-an
https://congbobanan.toaan.gov.vn/2ta556443t1cvn/chi-tiet-ban-an,Bản án:số 01 ngày 21/02/2020 của TAND tỉnh Tây Ninh(23.09.2020),/2ta556443t1cvn/chi-tiet-ban-an
https://congbobanan.toaan.gov.vn/2ta556413t1cvn/chi-tiet-ban-an,Bản án:số 04 ngày 12/05/2020 của TAND tỉnh Tây Ninh(23.09.2020),/2ta556413t1cvn/chi-tiet-ban-an
https://congbobanan.toaan.gov.vn/2ta556429t1cvn/chi-tiet-ban-an,Bản án:số 01/2020/LĐ-PT ngày 09/06/2020 của TAND tỉnh Phú Yên(23.09.2020),/2ta556429t1cvn/chi-tiet-ban-an
https://congbobanan.toaan.gov.vn/2ta556344t1cvn/chi-tiet-ban-an,Bản án:số 09 ngày 20/08/2020 của TAND tỉnh Bình Dương(23.09.2020),/2ta556344t1cvn/chi-tiet-ban-an
https://congbobanan.toaan.gov.vn/2ta555853t1cvn/chi-tiet-ban-an,"Bản án:số 01/2020/LĐ-ST	 ngày 09/06/2020 của  TAND TP. Cao Lãnh,  tỉnh Đồng Tháp(23.09.2020)",/2ta555853t1cvn/chi-tiet-ban-an
https://congbobanan.toaan.gov.vn/2ta554294t1cvn/chi-tiet-ban-an,Bản án:số 456/2020/LĐ - PT ngày 03/06/2020 của TAND TP. Hồ Chí Minh(22.09.2020),/2ta554294t1cvn/chi-tiet-ban-an
https://congbobanan.toaan.gov.vn/2ta553318t1cvn/chi-tiet-ban-an,"Bản án:số 01 ngày 03/09/2020 của  TAND huyện Mỏ Cày Nam,  tỉnh Bến Tre(22.09.2020)",/2ta553318t1cvn/chi-tiet-ban-an
https://congbobanan.toaan.gov.vn/2ta551054t1cvn/chi-tiet-ban-an,Bản án:số 02/2020/LĐ-PT ngày 26/05/2020 của TAND TP. Hải Phòng(19.09.2020),/2ta551054t1cvn/chi-tiet-ban-an
https://congbobanan.toaan.gov.vn/2ta551052t1cvn/chi-tiet-ban-an,Bản án:số 01/2020/LĐ-PT ngày 29/04/2020 của TAND TP. Hải Phòng(19.09.2020),/2ta551052t1cvn/chi-tiet-ban-an
https://congbobanan.toaan.gov.vn/2ta551037t1cvn/chi-tiet-ban-an,Bản án:số 06/2020/LĐ-PT ngày 25/06/2020 của TAND TP. Hải Phòng(19.09.2020),/2ta551037t1cvn/chi-tiet-ban-an
https://congbobanan.toaan.gov.vn/2ta550389t1cvn/chi-tiet-ban-an,Bản án:số 63/2020/LĐ-PT ngày 14/02/2020 của TAND TP. Hồ Chí Minh(18.09.2020),/2ta550389t1cvn/chi-tiet-ban-an
https://congbobanan.toaan.gov.vn/2ta550397t1cvn/chi-tiet-ban-an,Bản án:số 602/2020/LĐ-PT ngày 29/06/2020 của TAND TP. Hồ Chí Minh(18.09.2020),/2ta550397t1cvn/chi-tiet-ban-an
https://congbobanan.toaan.gov.vn/2ta550438t1cvn/chi-tiet-ban-an,Bản án:số 237/2020/LĐ-PT ngày 05/05/2020 của TAND TP. Hồ Chí Minh(18.09.2020),/2ta550438t1cvn/chi-tiet-ban-an
https://congbobanan.toaan.gov.vn/2ta546170t1cvn/chi-tiet-ban-an,Bản án:số  742/2020/ LĐ - PT ngày 03/08/2020 của TAND TP. Hồ Chí Minh(14.09.2020),/2ta546170t1cvn/chi-tiet-ban-an
https://congbobanan.toaan.gov.vn/2ta546171t1cvn/chi-tiet-ban-an,Bản án:số 723/2020/ LĐ - PT ngày 29/07/2020 của TAND TP. Hồ Chí Minh(14.09.2020),/2ta546171t1cvn/chi-tiet-ban-an
https://congbobanan.toaan.gov.vn/2ta546221t1cvn/chi-tiet-ban-an,Bản án:số 263/2020/ LĐ - PT ngày 08/05/2020 của TAND TP. Hồ Chí Minh(14.09.2020),/2ta546221t1cvn/chi-tiet-ban-an
https://congbobanan.toaan.gov.vn/2ta545775t1cvn/chi-tiet-ban-an,"Bản án:số 01/LĐST ngày 12/08/2020 của  TAND TP. Bắc Kạn,  tỉnh Bắc Kạn(14.09.2020)",/2ta545775t1cvn/chi-tiet-ban-an
https://congbobanan.toaan.gov.vn/2ta543055t1cvn/chi-tiet-ban-an,Bản án:số 04 ngày 21/08/2020 của TAND tỉnh Cà Mau(09.09.2020),/2ta543055t1cvn/chi-tiet-ban-an
https://congbobanan.toaan.gov.vn/2ta542375t1cvn/chi-tiet-ban-an,Bản án:số 01/2020/LĐ-PT ngày 26/08/2020 của TAND tỉnh Quảng Bình(08.09.2020),/2ta542375t1cvn/chi-tiet-ban-an
https://congbobanan.toaan.gov.vn/2ta536719t1cvn/chi-tiet-ban-an,Bản án:số 738/2020/LĐ-PT ngày 31/07/2020 của TAND TP. Hồ Chí Minh(31.08.2020),/2ta536719t1cvn/chi-tiet-ban-an
https://congbobanan.toaan.gov.vn/2ta536650t1cvn/chi-tiet-ban-an,"Bản án:số 07 ngày 07/07/2020 của  TAND Q. Đống Đa,  TP. Hà Nội(31.08.2020)",/2ta536650t1cvn/chi-tiet-ban-an
https://congbobanan.toaan.gov.vn/2ta536648t1cvn/chi-tiet-ban-an,"Bản án:số 06 ngày 07/07/2020 của  TAND Q. Đống Đa,  TP. Hà Nội(31.08.2020)",/2ta536648t1cvn/chi-tiet-ban-an
https://congbobanan.toaan.gov.vn/2ta536179t1cvn/chi-tiet-ban-an,Bản án:số 03/2020/LĐ-PT ngày 30/07/2020 của TAND tỉnh Long An(31.08.2020),/2ta536179t1cvn/chi-tiet-ban-an
https://congbobanan.toaan.gov.vn/2ta530814t1cvn/chi-tiet-ban-an,Bản án:số 19/2020/LĐ-PT ngày 30/07/2020 của TAND tỉnh Đồng Nai(21.08.2020),/2ta530814t1cvn/chi-tiet-ban-an
https://congbobanan.toaan.gov.vn/2ta529419t1cvn/chi-tiet-ban-an,"Bản án:số 01/2020/LĐ-ST ngày 16/06/2020 của  TAND huyện Nhơn Trạch,  tỉnh Đồng Nai(19.08.2020)",/2ta529419t1cvn/chi-tiet-ban-an
https://congbobanan.toaan.gov.vn/2ta528704t1cvn/chi-tiet-ban-an,Bản án:số Số 08/2020/LĐPT ngày 30/07/2020 của TAND tỉnh Đắk Lắk(18.08.2020),/2ta528704t1cvn/chi-tiet-ban-an
https://congbobanan.toaan.gov.vn/2ta522828t1cvn/chi-tiet-ban-an,Bản án:số 03 ngày 22/06/2020 của TAND cấp cao tại TP Hồ Chí Minh(07.08.2020),/2ta522828t1cvn/chi-tiet-ban-an
https://congbobanan.toaan.gov.vn/2ta517725t1cvn/chi-tiet-ban-an,Bản án:số 04/2020/LĐ-PT ngày 22/06/2020 của TAND tỉnh Lâm Đồng(30.07.2020),/2ta517725t1cvn/chi-tiet-ban-an
https://congbobanan.toaan.gov.vn/2ta516853t1cvn/chi-tiet-ban-an,Bản án:số 07 ngày 29/06/2020 của TAND tỉnh Bình Dương(28.07.2020),/2ta516853t1cvn/chi-tiet-ban-an
https://congbobanan.toaan.gov.vn/2ta516085t1cvn/chi-tiet-ban-an,Bản án:số 02 ngày 06/05/2020 của TAND tỉnh Đồng Tháp(27.07.2020),/2ta516085t1cvn/chi-tiet-ban-an
https://congbobanan.toaan.gov.vn/2ta513096t1cvn/chi-tiet-ban-an,Bản án:số 05 ngày 22/06/2020 của TAND TP. Hải Phòng(21.07.2020),/2ta513096t1cvn/chi-tiet-ban-an
https://congbobanan.toaan.gov.vn/2ta512982t1cvn/chi-tiet-ban-an,Bản án:số 01/2020 ngày 13/03/2020 của TAND tỉnh Đồng Tháp(21.07.2020),/2ta512982t1cvn/chi-tiet-ban-an
https://congbobanan.toaan.gov.vn/2ta510694t1cvn/chi-tiet-ban-an,Bản án:số 03 ngày 09/06/2020 của TAND TP. Hải Phòng(15.07.2020),/2ta510694t1cvn/chi-tiet-ban-an
https://congbobanan.toaan.gov.vn/2ta510652t1cvn/chi-tiet-ban-an,"Bản án:số 02/2020/LĐ - ST ngày 26/05/2020 của  TAND TX. Phú Mỹ,  tỉnh Bà Rịa_Vũng Tàu(15.07.2020)",/2ta510652t1cvn/chi-tiet-ban-an
https://congbobanan.toaan.gov.vn/2ta510650t1cvn/chi-tiet-ban-an,"Bản án:số 03/2020/LĐ - ST ngày 26/05/2020 của  TAND TX. Phú Mỹ,  tỉnh Bà Rịa_Vũng Tàu(15.07.2020)",/2ta510650t1cvn/chi-tiet-ban-an
https://congbobanan.toaan.gov.vn/2ta510666t1cvn/chi-tiet-ban-an,"Bản án:số 04/2020/LĐ - ST ngày 26/05/2020 của  TAND TX. Phú Mỹ,  tỉnh Bà Rịa_Vũng Tàu(15.07.2020)",/2ta510666t1cvn/chi-tiet-ban-an
https://congbobanan.toaan.gov.vn/2ta510494t1cvn/chi-tiet-ban-an,"Bản án:số 01/2020/LĐ - ST ngày 26/05/2020 của  TAND TX. Phú Mỹ,  tỉnh Bà Rịa_Vũng Tàu(15.07.2020)",/2ta510494t1cvn/chi-tiet-ban-an
https://congbobanan.toaan.gov.vn/2ta510517t1cvn/chi-tiet-ban-an,"Bản án:số 05/2020/LĐ - ST ngày 29/05/2020 của  TAND TX. Phú Mỹ,  tỉnh Bà Rịa_Vũng Tàu(15.07.2020)",/2ta510517t1cvn/chi-tiet-ban-an
https://congbobanan.toaan.gov.vn/2ta510248t1cvn/chi-tiet-ban-an,Bản án:số 04 ngày 14/07/2020 của TAND TP. Hải Phòng(14.07.2020),/2ta510248t1cvn/chi-tiet-ban-an
https://congbobanan.toaan.gov.vn/2ta509819t1cvn/chi-tiet-ban-an,Bản án:số 01/2020/LĐ-PT ngày 30/06/2020 của TAND tỉnh Bình Định(14.07.2020),/2ta509819t1cvn/chi-tiet-ban-an
https://congbobanan.toaan.gov.vn/2ta508935t1cvn/chi-tiet-ban-an,Bản án:số 05 ngày 12/05/2020 của TAND tỉnh Tiền Giang(12.07.2020),/2ta508935t1cvn/chi-tiet-ban-an
https://congbobanan.toaan.gov.vn/2ta508918t1cvn/chi-tiet-ban-an,Bản án:số 04 ngày 05/05/2020 của TAND tỉnh Tiền Giang(12.07.2020),/2ta508918t1cvn/chi-tiet-ban-an
https://congbobanan.toaan.gov.vn/2ta507569t1cvn/chi-tiet-ban-an,Bản án:số 02/2020/DS- PT ngày 04/06/2020 của TAND tỉnh Bắc Giang(09.07.2020),/2ta507569t1cvn/chi-tiet-ban-an
https://congbobanan.toaan.gov.vn/2ta506461t1cvn/chi-tiet-ban-an,Bản án:số 01/2020/LĐ-PT ngày 01/07/2020 của TAND cấp cao tại Đà Nẵng(08.07.2020),/2ta506461t1cvn/chi-tiet-ban-an
https://congbobanan.toaan.gov.vn/2ta503235t1cvn/chi-tiet-ban-an,Bản án:số 7 ngày 26/06/2020 của TAND tỉnh Đắk Lắk(01.07.2020),/2ta503235t1cvn/chi-tiet-ban-an
https://congbobanan.toaan.gov.vn/2ta502872t1cvn/chi-tiet-ban-an,Bản án:số 06/2020/LĐ-PT ngày 03/06/2020 của TAND tỉnh Đắk Lắk(01.07.2020),/2ta502872t1cvn/chi-tiet-ban-an
https://congbobanan.toaan.gov.vn/2ta502234t1cvn/chi-tiet-ban-an,Bản án:số 03 ngày 20/06/2020 của TAND tỉnh Đắk Lắk(30.06.2020),/2ta502234t1cvn/chi-tiet-ban-an
https://congbobanan.toaan.gov.vn/2ta498042t1cvn/chi-tiet-ban-an,Bản án:số 11 ngày 22/05/2020 của TAND tỉnh Đồng Nai(23.06.2020),/2ta498042t1cvn/chi-tiet-ban-an
https://congbobanan.toaan.gov.vn/2ta496814t1cvn/chi-tiet-ban-an,Bản án:số 06 ngày 09/06/2020 của TAND tỉnh Bình Dương(19.06.2020),/2ta496814t1cvn/chi-tiet-ban-an
https://congbobanan.toaan.gov.vn/2ta494576t1cvn/chi-tiet-ban-an,"Bản án:số 05 ngày 07/05/2020 của  TAND huyện Đức Hòa,  tỉnh Long An(14.06.2020)",/2ta494576t1cvn/chi-tiet-ban-an
https://congbobanan.toaan.gov.vn/2ta494514t1cvn/chi-tiet-ban-an,"Bản án:số 06 ngày 07/05/2020 của  TAND huyện Đức Hòa,  tỉnh Long An(14.06.2020)",/2ta494514t1cvn/chi-tiet-ban-an
https://congbobanan.toaan.gov.vn/2ta494448t1cvn/chi-tiet-ban-an,"Bản án:số 01 ngày 13/03/2020 của  TAND huyện Đức Hòa,  tỉnh Long An(14.06.2020)",/2ta494448t1cvn/chi-tiet-ban-an
https://congbobanan.toaan.gov.vn/2ta494447t1cvn/chi-tiet-ban-an,"Bản án:số 02 ngày 13/03/2020 của  TAND huyện Đức Hòa,  tỉnh Long An(14.06.2020)",/2ta494447t1cvn/chi-tiet-ban-an
https://congbobanan.toaan.gov.vn/2ta494381t1cvn/chi-tiet-ban-an,"Bản án:số 03 ngày 13/03/2020 của  TAND huyện Đức Hòa,  tỉnh Long An(13.06.2020)",/2ta494381t1cvn/chi-tiet-ban-an
https://congbobanan.toaan.gov.vn/2ta494126t1cvn/chi-tiet-ban-an,Bản án:số 10/LĐ ngày 15/05/2020 của TAND tỉnh Đồng Nai(12.06.2020),/2ta494126t1cvn/chi-tiet-ban-an
https://congbobanan.toaan.gov.vn/2ta493766t1cvn/chi-tiet-ban-an,Bản án:số 01/2020/LĐPT ngày 21/05/2020 của TAND tỉnh Đắk Lắk(11.06.2020),/2ta493766t1cvn/chi-tiet-ban-an
https://congbobanan.toaan.gov.vn/2ta493650t1cvn/chi-tiet-ban-an,"Bản án:số 01 ngày 07/05/2020 của  Thành phố Thủ Đức,  TP. Hồ Chí Minh(10.06.2020)",/2ta493650t1cvn/chi-tiet-ban-an
https://congbobanan.toaan.gov.vn/2ta493507t1cvn/chi-tiet-ban-an,Bản án:số 01/2020 ngày 15/05/2020 của TAND tỉnh Ninh Bình(10.06.2020),/2ta493507t1cvn/chi-tiet-ban-an
https://congbobanan.toaan.gov.vn/2ta488774t1cvn/chi-tiet-ban-an,"Bản án:số 04 NGÀY 24/4/2020 ngày 24/04/2020 của  TAND TP. Biên Hòa,  tỉnh Đồng Nai(30.05.2020)",/2ta488774t1cvn/chi-tiet-ban-an
https://congbobanan.toaan.gov.vn/2ta487444t1cvn/chi-tiet-ban-an,Bản án:số 08/2020/LĐ-PT ngày 12/05/2020 của TAND tỉnh Đồng Nai(27.05.2020),/2ta487444t1cvn/chi-tiet-ban-an
https://congbobanan.toaan.gov.vn/2ta487441t1cvn/chi-tiet-ban-an,Bản án:số 07/2020/LĐ-PT ngày 12/05/2020 của TAND tỉnh Đồng Nai(27.05.2020),/2ta487441t1cvn/chi-tiet-ban-an
https://congbobanan.toaan.gov.vn/2ta486977t1cvn/chi-tiet-ban-an,Bản án:số 02/2020/LĐ-PT ngày 29/04/2020 của TAND TP Đà Nẵng(26.05.2020),/2ta486977t1cvn/chi-tiet-ban-an
https://congbobanan.toaan.gov.vn/2ta486363t1cvn/chi-tiet-ban-an,Bản án:số 02/2020/LĐ-PT ngày 08/05/2020 của TAND cấp cao tại TP Hồ Chí Minh(24.05.2020),/2ta486363t1cvn/chi-tiet-ban-an
https://congbobanan.toaan.gov.vn/2ta484980t1cvn/chi-tiet-ban-an,Bản án:số 06 ngày 23/04/2020 của TAND tỉnh Đồng Nai(19.05.2020),/2ta484980t1cvn/chi-tiet-ban-an
https://congbobanan.toaan.gov.vn/2ta484069t1cvn/chi-tiet-ban-an,Bản án:số 01 ngày 28/04/2020 của TAND tỉnh Bến Tre(14.05.2020),/2ta484069t1cvn/chi-tiet-ban-an
https://congbobanan.toaan.gov.vn/2ta483192t1cvn/chi-tiet-ban-an,Bản án:số 04 ngày 04/05/2020 của TAND tỉnh Đắk Lắk(12.05.2020),/2ta483192t1cvn/chi-tiet-ban-an
https://congbobanan.toaan.gov.vn/2ta482253t1cvn/chi-tiet-ban-an,Bản án:số 03 ngày 20/04/2020 của TAND tỉnh Lâm Đồng(07.05.2020),/2ta482253t1cvn/chi-tiet-ban-an
https://congbobanan.toaan.gov.vn/2ta481186t1cvn/chi-tiet-ban-an,Bản án:số 01 ngày 05/03/2020 của TAND tỉnh Đồng Nai(04.05.2020),/2ta481186t1cvn/chi-tiet-ban-an
https://congbobanan.toaan.gov.vn/2ta480199t1cvn/chi-tiet-ban-an,Bản án:số 02/2020/LĐPT ngày 11/03/2020 của TAND tỉnh Cà Mau(28.04.2020),/2ta480199t1cvn/chi-tiet-ban-an
https://congbobanan.toaan.gov.vn/2ta480067t1cvn/chi-tiet-ban-an,Bản án:số 01 ngày 19/03/2020 của TAND tỉnh Khánh Hòa(27.04.2020),/2ta480067t1cvn/chi-tiet-ban-an
https://congbobanan.toaan.gov.vn/2ta472854t1cvn/chi-tiet-ban-an,"Bản án:số 2 ngày 13/01/2020 của  TAND Quận 6,  TP. Hồ Chí Minh(05.04.2020)",/2ta472854t1cvn/chi-tiet-ban-an
https://congbobanan.toaan.gov.vn/2ta465013t1cvn/chi-tiet-ban-an,Bản án:số 04 ngày 26/02/2020 của TAND tỉnh Bình Dương(23.03.2020),/2ta465013t1cvn/chi-tiet-ban-an
https://congbobanan.toaan.gov.vn/2ta463816t1cvn/chi-tiet-ban-an,Bản án:số 01/2020/LĐ-PT ngày 20/01/2020 của TAND tỉnh Bắc Kạn(19.03.2020),/2ta463816t1cvn/chi-tiet-ban-an
https://congbobanan.toaan.gov.vn/2ta463203t1cvn/chi-tiet-ban-an,Bản án:số 02/2020/LĐ-PT ngày 04/03/2020 của TAND tỉnh Đắk Lắk(18.03.2020),/2ta463203t1cvn/chi-tiet-ban-an
https://congbobanan.toaan.gov.vn/2ta462417t1cvn/chi-tiet-ban-an,Bản án:số 03 ngày 18/02/2020 của TAND tỉnh Bình Dương(17.03.2020),/2ta462417t1cvn/chi-tiet-ban-an
https://congbobanan.toaan.gov.vn/2ta459554t1cvn/chi-tiet-ban-an,Bản án:số 01 ngày 12/02/2020 của TAND tỉnh Cà Mau(11.03.2020),/2ta459554t1cvn/chi-tiet-ban-an
https://congbobanan.toaan.gov.vn/2ta455439t1cvn/chi-tiet-ban-an,Bản án:số 01 ngày 20/02/2020 của TAND tỉnh Lâm Đồng(02.03.2020),/2ta455439t1cvn/chi-tiet-ban-an
https://congbobanan.toaan.gov.vn/2ta455361t1cvn/chi-tiet-ban-an,Bản án:số 01/2020/LĐ-PT ngày 13/01/2020 của TAND tỉnh Tiền Giang(02.03.2020),/2ta455361t1cvn/chi-tiet-ban-an
https://congbobanan.toaan.gov.vn/2ta453821t1cvn/chi-tiet-ban-an,Bản án:số 02/2020/LĐ-PT ngày 18/02/2020 của TAND tỉnh Bình Dương(27.02.2020),/2ta453821t1cvn/chi-tiet-ban-an
https://congbobanan.toaan.gov.vn/2ta451860t1cvn/chi-tiet-ban-an,Bản án:số 03 ngày 14/01/2020 của TAND tỉnh Tiền Giang(21.02.2020),/2ta451860t1cvn/chi-tiet-ban-an
https://congbobanan.toaan.gov.vn/2ta448813t1cvn/chi-tiet-ban-an,Bản án:số 02 ngày 13/01/2020 của TAND tỉnh Tiền Giang(12.02.2020),/2ta448813t1cvn/chi-tiet-ban-an
https://congbobanan.toaan.gov.vn/2ta447384t1cvn/chi-tiet-ban-an,Bản án:số 01/2020/LĐPT ngày 13/01/2020 của TAND tỉnh Đắk Lắk(07.02.2020),/2ta447384t1cvn/chi-tiet-ban-an
https://congbobanan.toaan.gov.vn/2ta445389t1cvn/chi-tiet-ban-an,"Bản án:số 109/2019/LĐ - ST ngày 22/01/2020 của  TAND Q. Liên Chiểu,  TP Đà Nẵng(03.02.2020)",/2ta445389t1cvn/chi-tiet-ban-an
https://congbobanan.toaan.gov.vn/2ta443007t1cvn/chi-tiet-ban-an,Bản án:số 01/2019/LĐ-PT ngày 14/01/2020 của TAND tỉnh Bình Dương(20.01.2020),/2ta443007t1cvn/chi-tiet-ban-an
